Ημερομηνία;Ενέργεια;Πιστοποιημένη
01/10/2023 00:15;0;Όχι
01/10/2023 00:30;0;Όχι
01/10/2023 00:45;0;Όχι
01/10/2023 01:00;0;Όχι
01/10/2023 01:15;0;Όχι
01/10/2023 01:30;0;Όχι
01/10/2023 01:45;0;Όχι
01/10/2023 02:00;0;Όχι
01/10/2023 02:15;0;Όχι
01/10/2023 02:30;0;Όχι
01/10/2023 02:45;0;Όχι
01/10/2023 03:00;0;Όχι
01/10/2023 03:15;0;Όχι
01/10/2023 03:30;0;Όχι
01/10/2023 03:45;0;Όχι
01/10/2023 04:00;0;Όχι
01/10/2023 04:15;0;Όχι
01/10/2023 04:30;0;Όχι
01/10/2023 04:45;0;Όχι
01/10/2023 05:00;0;Όχι
01/10/2023 05:15;0;Όχι
01/10/2023 05:30;0;Όχι
01/10/2023 05:45;0;Όχι
01/10/2023 06:00;0;Όχι
01/10/2023 06:15;0;Όχι
01/10/2023 06:30;0;Όχι
01/10/2023 06:45;0;Όχι
01/10/2023 07:00;0;Όχι
01/10/2023 07:15;0;Όχι
01/10/2023 07:30;0;Όχι
01/10/2023 07:45;0,004;Όχι
01/10/2023 08:00;0,028;Όχι
01/10/2023 08:15;0,085;Όχι
01/10/2023 08:30;0,156;Όχι
01/10/2023 08:45;0,237;Όχι
01/10/2023 09:00;0,328;Όχι
01/10/2023 09:15;0,426;Όχι
01/10/2023 09:30;0,521;Όχι
01/10/2023 09:45;0,615;Όχι
01/10/2023 10:00;0,708;Όχι
01/10/2023 10:15;0,714;Όχι
01/10/2023 10:30;0,876;Όχι
01/10/2023 10:45;0,949;Όχι
01/10/2023 11:00;1,012;Όχι
01/10/2023 11:15;1,073;Όχι
01/10/2023 11:30;1,126;Όχι
01/10/2023 11:45;1,175;Όχι
01/10/2023 12:00;1,216;Όχι
01/10/2023 12:15;1,247;Όχι
01/10/2023 12:30;1,262;Όχι
01/10/2023 12:45;1,28;Όχι
01/10/2023 13:00;1,289;Όχι
01/10/2023 13:15;1,29;Όχι
01/10/2023 13:30;1,292;Όχι
01/10/2023 13:45;1,285;Όχι
01/10/2023 14:00;1,265;Όχι
01/10/2023 14:15;1,255;Όχι
01/10/2023 14:30;1,234;Όχι
01/10/2023 14:45;1,203;Όχι
01/10/2023 15:00;1,167;Όχι
01/10/2023 15:15;1,135;Όχι
01/10/2023 15:30;1,08;Όχι
01/10/2023 15:45;1,026;Όχι
01/10/2023 16:00;0,962;Όχι
01/10/2023 16:15;0,896;Όχι
01/10/2023 16:30;0,834;Όχι
01/10/2023 16:45;0,76;Όχι
01/10/2023 17:00;0,681;Όχι
01/10/2023 17:15;0,584;Όχι
01/10/2023 17:30;0,474;Όχι
01/10/2023 17:45;0,381;Όχι
01/10/2023 18:00;0,287;Όχι
01/10/2023 18:15;0,198;Όχι
01/10/2023 18:30;0,126;Όχι
01/10/2023 18:45;0,069;Όχι
01/10/2023 19:00;0,022;Όχι
01/10/2023 19:15;0;Όχι
01/10/2023 19:30;0;Όχι
01/10/2023 19:45;0;Όχι
01/10/2023 20:00;0;Όχι
01/10/2023 20:15;0;Όχι
01/10/2023 20:30;0;Όχι
01/10/2023 20:45;0;Όχι
01/10/2023 21:00;0;Όχι
01/10/2023 21:15;0;Όχι
01/10/2023 21:30;0;Όχι
01/10/2023 21:45;0;Όχι
01/10/2023 22:00;0;Όχι
01/10/2023 22:15;0;Όχι
01/10/2023 22:30;0;Όχι
01/10/2023 22:45;0;Όχι
01/10/2023 23:00;0;Όχι
01/10/2023 23:15;0;Όχι
01/10/2023 23:30;0;Όχι
01/10/2023 23:45;0;Όχι
02/10/2023 00:00;0;Όχι
02/10/2023 00:15;0;Όχι
02/10/2023 00:30;0;Όχι
02/10/2023 00:45;0;Όχι
02/10/2023 01:00;0;Όχι
02/10/2023 01:15;0;Όχι
02/10/2023 01:30;0;Όχι
02/10/2023 01:45;0;Όχι
02/10/2023 02:00;0;Όχι
02/10/2023 02:15;0;Όχι
02/10/2023 02:30;0;Όχι
02/10/2023 02:45;0;Όχι
02/10/2023 03:00;0;Όχι
02/10/2023 03:15;0;Όχι
02/10/2023 03:30;0;Όχι
02/10/2023 03:45;0;Όχι
02/10/2023 04:00;0;Όχι
02/10/2023 04:15;0;Όχι
02/10/2023 04:30;0;Όχι
02/10/2023 04:45;0;Όχι
02/10/2023 05:00;0;Όχι
02/10/2023 05:15;0;Όχι
02/10/2023 05:30;0;Όχι
02/10/2023 05:45;0;Όχι
02/10/2023 06:00;0;Όχι
02/10/2023 06:15;0;Όχι
02/10/2023 06:30;0;Όχι
02/10/2023 06:45;0;Όχι
02/10/2023 07:00;0;Όχι
02/10/2023 07:15;0;Όχι
02/10/2023 07:30;0;Όχι
02/10/2023 07:45;0,002;Όχι
02/10/2023 08:00;0,024;Όχι
02/10/2023 08:15;0,073;Όχι
02/10/2023 08:30;0,139;Όχι
02/10/2023 08:45;0,224;Όχι
02/10/2023 09:00;0,315;Όχι
02/10/2023 09:15;0,401;Όχι
02/10/2023 09:30;0,494;Όχι
02/10/2023 09:45;0,581;Όχι
02/10/2023 10:00;0,685;Όχι
02/10/2023 10:15;0,717;Όχι
02/10/2023 10:30;0,871;Όχι
02/10/2023 10:45;0,941;Όχι
02/10/2023 11:00;1,062;Όχι
02/10/2023 11:15;0,985;Όχι
02/10/2023 11:30;1,138;Όχι
02/10/2023 11:45;1,287;Όχι
02/10/2023 12:00;1,297;Όχι
02/10/2023 12:15;1,286;Όχι
02/10/2023 12:30;1,301;Όχι
02/10/2023 12:45;1,314;Όχι
02/10/2023 13:00;1,328;Όχι
02/10/2023 13:15;1,348;Όχι
02/10/2023 13:30;1,356;Όχι
02/10/2023 13:45;1,36;Όχι
02/10/2023 14:00;1,346;Όχι
02/10/2023 14:15;1,32;Όχι
02/10/2023 14:30;1,295;Όχι
02/10/2023 14:45;1,262;Όχι
02/10/2023 15:00;1,221;Όχι
02/10/2023 15:15;1,176;Όχι
02/10/2023 15:30;1,126;Όχι
02/10/2023 15:45;1,074;Όχι
02/10/2023 16:00;1,012;Όχι
02/10/2023 16:15;0,839;Όχι
02/10/2023 16:30;0,866;Όχι
02/10/2023 16:45;0,781;Όχι
02/10/2023 17:00;0,689;Όχι
02/10/2023 17:15;0,593;Όχι
02/10/2023 17:30;0,496;Όχι
02/10/2023 17:45;0,396;Όχι
02/10/2023 18:00;0,3;Όχι
02/10/2023 18:15;0,208;Όχι
02/10/2023 18:30;0,128;Όχι
02/10/2023 18:45;0,064;Όχι
02/10/2023 19:00;0,015;Όχι
02/10/2023 19:15;0;Όχι
02/10/2023 19:30;0;Όχι
02/10/2023 19:45;0;Όχι
02/10/2023 20:00;0;Όχι
02/10/2023 20:15;0;Όχι
02/10/2023 20:30;0;Όχι
02/10/2023 20:45;0;Όχι
02/10/2023 21:00;0;Όχι
02/10/2023 21:15;0;Όχι
02/10/2023 21:30;0;Όχι
02/10/2023 21:45;0;Όχι
02/10/2023 22:00;0;Όχι
02/10/2023 22:15;0;Όχι
02/10/2023 22:30;0;Όχι
02/10/2023 22:45;0;Όχι
02/10/2023 23:00;0;Όχι
02/10/2023 23:15;0;Όχι
02/10/2023 23:30;0;Όχι
02/10/2023 23:45;0;Όχι
03/10/2023 00:00;0;Όχι
03/10/2023 00:15;0;Όχι
03/10/2023 00:30;0;Όχι
03/10/2023 00:45;0;Όχι
03/10/2023 01:00;0;Όχι
03/10/2023 01:15;0;Όχι
03/10/2023 01:30;0;Όχι
03/10/2023 01:45;0;Όχι
03/10/2023 02:00;0;Όχι
03/10/2023 02:15;0;Όχι
03/10/2023 02:30;0;Όχι
03/10/2023 02:45;0;Όχι
03/10/2023 03:00;0;Όχι
03/10/2023 03:15;0;Όχι
03/10/2023 03:30;0;Όχι
03/10/2023 03:45;0;Όχι
03/10/2023 04:00;0;Όχι
03/10/2023 04:15;0;Όχι
03/10/2023 04:30;0;Όχι
03/10/2023 04:45;0;Όχι
03/10/2023 05:00;0;Όχι
03/10/2023 05:15;0;Όχι
03/10/2023 05:30;0;Όχι
03/10/2023 05:45;0;Όχι
03/10/2023 06:00;0;Όχι
03/10/2023 06:15;0;Όχι
03/10/2023 06:30;0;Όχι
03/10/2023 06:45;0;Όχι
03/10/2023 07:00;0;Όχι
03/10/2023 07:15;0;Όχι
03/10/2023 07:30;0;Όχι
03/10/2023 07:45;0;Όχι
03/10/2023 08:00;0,008;Όχι
03/10/2023 08:15;0,026;Όχι
03/10/2023 08:30;0,062;Όχι
03/10/2023 08:45;0,081;Όχι
03/10/2023 09:00;0,092;Όχι
03/10/2023 09:15;0,154;Όχι
03/10/2023 09:30;0,254;Όχι
03/10/2023 09:45;0,276;Όχι
03/10/2023 10:00;0,243;Όχι
03/10/2023 10:15;0,08;Όχι
03/10/2023 10:30;0;Όχι
03/10/2023 10:45;0;Όχι
03/10/2023 11:00;0,518;Όχι
03/10/2023 11:15;0,662;Όχι
03/10/2023 11:30;0,906;Όχι
03/10/2023 11:45;0,49;Όχι
03/10/2023 12:00;0,463;Όχι
03/10/2023 12:15;0,554;Όχι
03/10/2023 12:30;0,775;Όχι
03/10/2023 12:45;1,238;Όχι
03/10/2023 13:00;1,375;Όχι
03/10/2023 13:15;1,337;Όχι
03/10/2023 13:30;1,338;Όχι
03/10/2023 13:45;1,239;Όχι
03/10/2023 14:00;1,278;Όχι
03/10/2023 14:15;1,231;Όχι
03/10/2023 14:30;1,217;Όχι
03/10/2023 14:45;1,194;Όχι
03/10/2023 15:00;1,162;Όχι
03/10/2023 15:15;1,12;Όχι
03/10/2023 15:30;1,059;Όχι
03/10/2023 15:45;0,998;Όχι
03/10/2023 16:00;0,942;Όχι
03/10/2023 16:15;0,875;Όχι
03/10/2023 16:30;0,802;Όχι
03/10/2023 16:45;0,717;Όχι
03/10/2023 17:00;0,64;Όχι
03/10/2023 17:15;0,557;Όχι
03/10/2023 17:30;0,466;Όχι
03/10/2023 17:45;0,368;Όχι
03/10/2023 18:00;0,272;Όχι
03/10/2023 18:15;0,186;Όχι
03/10/2023 18:30;0,112;Όχι
03/10/2023 18:45;0,054;Όχι
03/10/2023 19:00;0,007;Όχι
03/10/2023 19:15;0;Όχι
03/10/2023 19:30;0;Όχι
03/10/2023 19:45;0;Όχι
03/10/2023 20:00;0;Όχι
03/10/2023 20:15;0;Όχι
03/10/2023 20:30;0;Όχι
03/10/2023 20:45;0;Όχι
03/10/2023 21:00;0;Όχι
03/10/2023 21:15;0;Όχι
03/10/2023 21:30;0;Όχι
03/10/2023 21:45;0;Όχι
03/10/2023 22:00;0;Όχι
03/10/2023 22:15;0;Όχι
03/10/2023 22:30;0;Όχι
03/10/2023 22:45;0;Όχι
03/10/2023 23:00;0;Όχι
03/10/2023 23:15;0;Όχι
03/10/2023 23:30;0;Όχι
03/10/2023 23:45;0;Όχι
04/10/2023 00:00;0;Όχι
04/10/2023 00:15;0;Όχι
04/10/2023 00:30;0;Όχι
04/10/2023 00:45;0;Όχι
04/10/2023 01:00;0;Όχι
04/10/2023 01:15;0;Όχι
04/10/2023 01:30;0;Όχι
04/10/2023 01:45;0;Όχι
04/10/2023 02:00;0;Όχι
04/10/2023 02:15;0;Όχι
04/10/2023 02:30;0;Όχι
04/10/2023 02:45;0;Όχι
04/10/2023 03:00;0;Όχι
04/10/2023 03:15;0;Όχι
04/10/2023 03:30;0;Όχι
04/10/2023 03:45;0;Όχι
04/10/2023 04:00;0;Όχι
04/10/2023 04:15;0;Όχι
04/10/2023 04:30;0;Όχι
04/10/2023 04:45;0;Όχι
04/10/2023 05:00;0;Όχι
04/10/2023 05:15;0;Όχι
04/10/2023 05:30;0;Όχι
04/10/2023 05:45;0;Όχι
04/10/2023 06:00;0;Όχι
04/10/2023 06:15;0;Όχι
04/10/2023 06:30;0;Όχι
04/10/2023 06:45;0;Όχι
04/10/2023 07:00;0;Όχι
04/10/2023 07:15;0;Όχι
04/10/2023 07:30;0;Όχι
04/10/2023 07:45;0,007;Όχι
04/10/2023 08:00;0,037;Όχι
04/10/2023 08:15;0,09;Όχι
04/10/2023 08:30;0,161;Όχι
04/10/2023 08:45;0,242;Όχι
04/10/2023 09:00;0,325;Όχι
04/10/2023 09:15;0,411;Όχι
04/10/2023 09:30;0,505;Όχι
04/10/2023 09:45;0,596;Όχι
04/10/2023 10:00;0,687;Όχι
04/10/2023 10:15;0,778;Όχι
04/10/2023 10:30;0,856;Όχι
04/10/2023 10:45;0,931;Όχι
04/10/2023 11:00;0,999;Όχι
04/10/2023 11:15;1,056;Όχι
04/10/2023 11:30;1,103;Όχι
04/10/2023 11:45;1,138;Όχι
04/10/2023 12:00;1,173;Όχι
04/10/2023 12:15;1,206;Όχι
04/10/2023 12:30;1,226;Όχι
04/10/2023 12:45;1,242;Όχι
04/10/2023 13:00;1,262;Όχι
04/10/2023 13:15;1,15;Όχι
04/10/2023 13:30;1,298;Όχι
04/10/2023 13:45;1,276;Όχι
04/10/2023 14:00;1,254;Όχι
04/10/2023 14:15;1,243;Όχι
04/10/2023 14:30;1,225;Όχι
04/10/2023 14:45;1,192;Όχι
04/10/2023 15:00;1,147;Όχι
04/10/2023 15:15;1,09;Όχι
04/10/2023 15:30;1,054;Όχι
04/10/2023 15:45;0,989;Όχι
04/10/2023 16:00;0,937;Όχι
04/10/2023 16:15;0,867;Όχι
04/10/2023 16:30;0,796;Όχι
04/10/2023 16:45;0,721;Όχι
04/10/2023 17:00;0,637;Όχι
04/10/2023 17:15;0,552;Όχι
04/10/2023 17:30;0,457;Όχι
04/10/2023 17:45;0,361;Όχι
04/10/2023 18:00;0,266;Όχι
04/10/2023 18:15;0,18;Όχι
04/10/2023 18:30;0,104;Όχι
04/10/2023 18:45;0,048;Όχι
04/10/2023 19:00;0,005;Όχι
04/10/2023 19:15;0;Όχι
04/10/2023 19:30;0;Όχι
04/10/2023 19:45;0;Όχι
04/10/2023 20:00;0;Όχι
04/10/2023 20:15;0;Όχι
04/10/2023 20:30;0;Όχι
04/10/2023 20:45;0;Όχι
04/10/2023 21:00;0;Όχι
04/10/2023 21:15;0;Όχι
04/10/2023 21:30;0;Όχι
04/10/2023 21:45;0;Όχι
04/10/2023 22:00;0;Όχι
04/10/2023 22:15;0;Όχι
04/10/2023 22:30;0;Όχι
04/10/2023 22:45;0;Όχι
04/10/2023 23:00;0;Όχι
04/10/2023 23:15;0;Όχι
04/10/2023 23:30;0;Όχι
04/10/2023 23:45;0;Όχι
05/10/2023 00:00;0;Όχι
05/10/2023 00:15;0;Όχι
05/10/2023 00:30;0;Όχι
05/10/2023 00:45;0;Όχι
05/10/2023 01:00;0;Όχι
05/10/2023 01:15;0;Όχι
05/10/2023 01:30;0;Όχι
05/10/2023 01:45;0;Όχι
05/10/2023 02:00;0;Όχι
05/10/2023 02:15;0;Όχι
05/10/2023 02:30;0;Όχι
05/10/2023 02:45;0;Όχι
05/10/2023 03:00;0;Όχι
05/10/2023 03:15;0;Όχι
05/10/2023 03:30;0;Όχι
05/10/2023 03:45;0;Όχι
05/10/2023 04:00;0;Όχι
05/10/2023 04:15;0;Όχι
05/10/2023 04:30;0;Όχι
05/10/2023 04:45;0;Όχι
05/10/2023 05:00;0;Όχι
05/10/2023 05:15;0;Όχι
05/10/2023 05:30;0;Όχι
05/10/2023 05:45;0;Όχι
05/10/2023 06:00;0;Όχι
05/10/2023 06:15;0;Όχι
05/10/2023 06:30;0;Όχι
05/10/2023 06:45;0;Όχι
05/10/2023 07:00;0;Όχι
05/10/2023 07:15;0;Όχι
05/10/2023 07:30;0;Όχι
05/10/2023 07:45;0,007;Όχι
05/10/2023 08:00;0,036;Όχι
05/10/2023 08:15;0,095;Όχι
05/10/2023 08:30;0,157;Όχι
05/10/2023 08:45;0,145;Όχι
05/10/2023 09:00;0,178;Όχι
05/10/2023 09:15;0,451;Όχι
05/10/2023 09:30;0,605;Όχι
05/10/2023 09:45;0,481;Όχι
05/10/2023 10:00;0,488;Όχι
05/10/2023 10:15;0,561;Όχι
05/10/2023 10:30;0,54;Όχι
05/10/2023 10:45;0,789;Όχι
05/10/2023 11:00;0,934;Όχι
05/10/2023 11:15;1,055;Όχι
05/10/2023 11:30;1,112;Όχι
05/10/2023 11:45;1,158;Όχι
05/10/2023 12:00;1,179;Όχι
05/10/2023 12:15;1,185;Όχι
05/10/2023 12:30;1,206;Όχι
05/10/2023 12:45;1,221;Όχι
05/10/2023 13:00;1,185;Όχι
05/10/2023 13:15;1,236;Όχι
05/10/2023 13:30;1,243;Όχι
05/10/2023 13:45;1,308;Όχι
05/10/2023 14:00;1,094;Όχι
05/10/2023 14:15;1,092;Όχι
05/10/2023 14:30;1,176;Όχι
05/10/2023 14:45;1,176;Όχι
05/10/2023 15:00;1,137;Όχι
05/10/2023 15:15;1,112;Όχι
05/10/2023 15:30;1,056;Όχι
05/10/2023 15:45;1,002;Όχι
05/10/2023 16:00;0,942;Όχι
05/10/2023 16:15;0,865;Όχι
05/10/2023 16:30;0,815;Όχι
05/10/2023 16:45;0,717;Όχι
05/10/2023 17:00;0,627;Όχι
05/10/2023 17:15;0,513;Όχι
05/10/2023 17:30;0,419;Όχι
05/10/2023 17:45;0,358;Όχι
05/10/2023 18:00;0,246;Όχι
05/10/2023 18:15;0,121;Όχι
05/10/2023 18:30;0,05;Όχι
05/10/2023 18:45;0,028;Όχι
05/10/2023 19:00;0,01;Όχι
05/10/2023 19:15;0;Όχι
05/10/2023 19:30;0;Όχι
05/10/2023 19:45;0;Όχι
05/10/2023 20:00;0;Όχι
05/10/2023 20:15;0;Όχι
05/10/2023 20:30;0;Όχι
05/10/2023 20:45;0;Όχι
05/10/2023 21:00;0;Όχι
05/10/2023 21:15;0;Όχι
05/10/2023 21:30;0;Όχι
05/10/2023 21:45;0;Όχι
05/10/2023 22:00;0;Όχι
05/10/2023 22:15;0;Όχι
05/10/2023 22:30;0;Όχι
05/10/2023 22:45;0;Όχι
05/10/2023 23:00;0;Όχι
05/10/2023 23:15;0;Όχι
05/10/2023 23:30;0;Όχι
05/10/2023 23:45;0;Όχι
06/10/2023 00:00;0;Όχι
06/10/2023 00:15;0;Όχι
06/10/2023 00:30;0;Όχι
06/10/2023 00:45;0;Όχι
06/10/2023 01:00;0;Όχι
06/10/2023 01:15;0;Όχι
06/10/2023 01:30;0;Όχι
06/10/2023 01:45;0;Όχι
06/10/2023 02:00;0;Όχι
06/10/2023 02:15;0;Όχι
06/10/2023 02:30;0;Όχι
06/10/2023 02:45;0;Όχι
06/10/2023 03:00;0;Όχι
06/10/2023 03:15;0;Όχι
06/10/2023 03:30;0;Όχι
06/10/2023 03:45;0;Όχι
06/10/2023 04:00;0;Όχι
06/10/2023 04:15;0;Όχι
06/10/2023 04:30;0;Όχι
06/10/2023 04:45;0;Όχι
06/10/2023 05:00;0;Όχι
06/10/2023 05:15;0;Όχι
06/10/2023 05:30;0;Όχι
06/10/2023 05:45;0;Όχι
06/10/2023 06:00;0;Όχι
06/10/2023 06:15;0;Όχι
06/10/2023 06:30;0;Όχι
06/10/2023 06:45;0;Όχι
06/10/2023 07:00;0;Όχι
06/10/2023 07:15;0;Όχι
06/10/2023 07:30;0;Όχι
06/10/2023 07:45;0,004;Όχι
06/10/2023 08:00;0,031;Όχι
06/10/2023 08:15;0,077;Όχι
06/10/2023 08:30;0,124;Όχι
06/10/2023 08:45;0,211;Όχι
06/10/2023 09:00;0,291;Όχι
06/10/2023 09:15;0,39;Όχι
06/10/2023 09:30;0,465;Όχι
06/10/2023 09:45;0,463;Όχι
06/10/2023 10:00;0,522;Όχι
06/10/2023 10:15;0,67;Όχι
06/10/2023 10:30;0,776;Όχι
06/10/2023 10:45;0,562;Όχι
06/10/2023 11:00;0,57;Όχι
06/10/2023 11:15;0,854;Όχι
06/10/2023 11:30;0,696;Όχι
06/10/2023 11:45;0,555;Όχι
06/10/2023 12:00;0,822;Όχι
06/10/2023 12:15;0,746;Όχι
06/10/2023 12:30;0,834;Όχι
06/10/2023 12:45;0,978;Όχι
06/10/2023 13:00;1,056;Όχι
06/10/2023 13:15;0,825;Όχι
06/10/2023 13:30;0,541;Όχι
06/10/2023 13:45;0,393;Όχι
06/10/2023 14:00;0,332;Όχι
06/10/2023 14:15;0,199;Όχι
06/10/2023 14:30;0,165;Όχι
06/10/2023 14:45;0,154;Όχι
06/10/2023 15:00;0,147;Όχι
06/10/2023 15:15;0,175;Όχι
06/10/2023 15:30;0,214;Όχι
06/10/2023 15:45;0,287;Όχι
06/10/2023 16:00;0,305;Όχι
06/10/2023 16:15;0,258;Όχι
06/10/2023 16:30;0,25;Όχι
06/10/2023 16:45;0,228;Όχι
06/10/2023 17:00;0,18;Όχι
06/10/2023 17:15;0,165;Όχι
06/10/2023 17:30;0,133;Όχι
06/10/2023 17:45;0,11;Όχι
06/10/2023 18:00;0,073;Όχι
06/10/2023 18:15;0,052;Όχι
06/10/2023 18:30;0,052;Όχι
06/10/2023 18:45;0,037;Όχι
06/10/2023 19:00;0;Όχι
06/10/2023 19:15;0;Όχι
06/10/2023 19:30;0;Όχι
06/10/2023 19:45;0;Όχι
06/10/2023 20:00;0;Όχι
06/10/2023 20:15;0;Όχι
06/10/2023 20:30;0;Όχι
06/10/2023 20:45;0;Όχι
06/10/2023 21:00;0;Όχι
06/10/2023 21:15;0;Όχι
06/10/2023 21:30;0;Όχι
06/10/2023 21:45;0;Όχι
06/10/2023 22:00;0;Όχι
06/10/2023 22:15;0;Όχι
06/10/2023 22:30;0;Όχι
06/10/2023 22:45;0;Όχι
06/10/2023 23:00;0;Όχι
06/10/2023 23:15;0;Όχι
06/10/2023 23:30;0;Όχι
06/10/2023 23:45;0;Όχι
07/10/2023 00:00;0;Όχι
07/10/2023 00:15;0;Όχι
07/10/2023 00:30;0;Όχι
07/10/2023 00:45;0;Όχι
07/10/2023 01:00;0;Όχι
07/10/2023 01:15;0;Όχι
07/10/2023 01:30;0;Όχι
07/10/2023 01:45;0;Όχι
07/10/2023 02:00;0;Όχι
07/10/2023 02:15;0;Όχι
07/10/2023 02:30;0;Όχι
07/10/2023 02:45;0;Όχι
07/10/2023 03:00;0;Όχι
07/10/2023 03:15;0;Όχι
07/10/2023 03:30;0;Όχι
07/10/2023 03:45;0;Όχι
07/10/2023 04:00;0;Όχι
07/10/2023 04:15;0;Όχι
07/10/2023 04:30;0;Όχι
07/10/2023 04:45;0;Όχι
07/10/2023 05:00;0;Όχι
07/10/2023 05:15;0;Όχι
07/10/2023 05:30;0;Όχι
07/10/2023 05:45;0;Όχι
07/10/2023 06:00;0;Όχι
07/10/2023 06:15;0;Όχι
07/10/2023 06:30;0;Όχι
07/10/2023 06:45;0;Όχι
07/10/2023 07:00;0;Όχι
07/10/2023 07:15;0;Όχι
07/10/2023 07:30;0;Όχι
07/10/2023 07:45;0;Όχι
07/10/2023 08:00;0,013;Όχι
07/10/2023 08:15;0,034;Όχι
07/10/2023 08:30;0,062;Όχι
07/10/2023 08:45;0,096;Όχι
07/10/2023 09:00;0,121;Όχι
07/10/2023 09:15;0,327;Όχι
07/10/2023 09:30;0,443;Όχι
07/10/2023 09:45;0,558;Όχι
07/10/2023 10:00;0,64;Όχι
07/10/2023 10:15;0,725;Όχι
07/10/2023 10:30;0,807;Όχι
07/10/2023 10:45;0,881;Όχι
07/10/2023 11:00;0,945;Όχι
07/10/2023 11:15;1,002;Όχι
07/10/2023 11:30;1,042;Όχι
07/10/2023 11:45;1,081;Όχι
07/10/2023 12:00;1,12;Όχι
07/10/2023 12:15;1,154;Όχι
07/10/2023 12:30;1,174;Όχι
07/10/2023 12:45;1,198;Όχι
07/10/2023 13:00;1,216;Όχι
07/10/2023 13:15;1,226;Όχι
07/10/2023 13:30;1,23;Όχι
07/10/2023 13:45;1,236;Όχι
07/10/2023 14:00;1,23;Όχι
07/10/2023 14:15;1,226;Όχι
07/10/2023 14:30;1,179;Όχι
07/10/2023 14:45;1,153;Όχι
07/10/2023 15:00;1,122;Όχι
07/10/2023 15:15;1,083;Όχι
07/10/2023 15:30;1,032;Όχι
07/10/2023 15:45;0,989;Όχι
07/10/2023 16:00;0,93;Όχι
07/10/2023 16:15;0,852;Όχι
07/10/2023 16:30;0,785;Όχι
07/10/2023 16:45;0,709;Όχι
07/10/2023 17:00;0,625;Όχι
07/10/2023 17:15;0,538;Όχι
07/10/2023 17:30;0,444;Όχι
07/10/2023 17:45;0,349;Όχι
07/10/2023 18:00;0,253;Όχι
07/10/2023 18:15;0,163;Όχι
07/10/2023 18:30;0,092;Όχι
07/10/2023 18:45;0,037;Όχι
07/10/2023 19:00;0,006;Όχι
07/10/2023 19:15;0;Όχι
07/10/2023 19:30;0;Όχι
07/10/2023 19:45;0;Όχι
07/10/2023 20:00;0;Όχι
07/10/2023 20:15;0;Όχι
07/10/2023 20:30;0;Όχι
07/10/2023 20:45;0;Όχι
07/10/2023 21:00;0;Όχι
07/10/2023 21:15;0;Όχι
07/10/2023 21:30;0;Όχι
07/10/2023 21:45;0;Όχι
07/10/2023 22:00;0;Όχι
07/10/2023 22:15;0;Όχι
07/10/2023 22:30;0;Όχι
07/10/2023 22:45;0;Όχι
07/10/2023 23:00;0;Όχι
07/10/2023 23:15;0;Όχι
07/10/2023 23:30;0;Όχι
07/10/2023 23:45;0;Όχι
08/10/2023 00:00;0;Όχι
08/10/2023 00:15;0;Όχι
08/10/2023 00:30;0;Όχι
08/10/2023 00:45;0;Όχι
08/10/2023 01:00;0;Όχι
08/10/2023 01:15;0;Όχι
08/10/2023 01:30;0;Όχι
08/10/2023 01:45;0;Όχι
08/10/2023 02:00;0;Όχι
08/10/2023 02:15;0;Όχι
08/10/2023 02:30;0;Όχι
08/10/2023 02:45;0;Όχι
08/10/2023 03:00;0;Όχι
08/10/2023 03:15;0;Όχι
08/10/2023 03:30;0;Όχι
08/10/2023 03:45;0;Όχι
08/10/2023 04:00;0;Όχι
08/10/2023 04:15;0;Όχι
08/10/2023 04:30;0;Όχι
08/10/2023 04:45;0;Όχι
08/10/2023 05:00;0;Όχι
08/10/2023 05:15;0;Όχι
08/10/2023 05:30;0;Όχι
08/10/2023 05:45;0;Όχι
08/10/2023 06:00;0;Όχι
08/10/2023 06:15;0;Όχι
08/10/2023 06:30;0;Όχι
08/10/2023 06:45;0;Όχι
08/10/2023 07:00;0;Όχι
08/10/2023 07:15;0;Όχι
08/10/2023 07:30;0;Όχι
08/10/2023 07:45;0,006;Όχι
08/10/2023 08:00;0,043;Όχι
08/10/2023 08:15;0,103;Όχι
08/10/2023 08:30;0,195;Όχι
08/10/2023 08:45;0,283;Όχι
08/10/2023 09:00;0,362;Όχι
08/10/2023 09:15;0,452;Όχι
08/10/2023 09:30;0,548;Όχι
08/10/2023 09:45;0,578;Όχι
08/10/2023 10:00;0,738;Όχι
08/10/2023 10:15;0,808;Όχι
08/10/2023 10:30;0,884;Όχι
08/10/2023 10:45;0,951;Όχι
08/10/2023 11:00;1,007;Όχι
08/10/2023 11:15;1,059;Όχι
08/10/2023 11:30;1,112;Όχι
08/10/2023 11:45;1,157;Όχι
08/10/2023 12:00;1,176;Όχι
08/10/2023 12:15;1,221;Όχι
08/10/2023 12:30;1,255;Όχι
08/10/2023 12:45;1,268;Όχι
08/10/2023 13:00;1,273;Όχι
08/10/2023 13:15;1,271;Όχι
08/10/2023 13:30;1,311;Όχι
08/10/2023 13:45;1,314;Όχι
08/10/2023 14:00;1,299;Όχι
08/10/2023 14:15;1,281;Όχι
08/10/2023 14:30;1,247;Όχι
08/10/2023 14:45;1,211;Όχι
08/10/2023 15:00;1,169;Όχι
08/10/2023 15:15;1,118;Όχι
08/10/2023 15:30;1,061;Όχι
08/10/2023 15:45;1,005;Όχι
08/10/2023 16:00;0,944;Όχι
08/10/2023 16:15;0,879;Όχι
08/10/2023 16:30;0,8;Όχι
08/10/2023 16:45;0,716;Όχι
08/10/2023 17:00;0,628;Όχι
08/10/2023 17:15;0,536;Όχι
08/10/2023 17:30;0,435;Όχι
08/10/2023 17:45;0,34;Όχι
08/10/2023 18:00;0,246;Όχι
08/10/2023 18:15;0,154;Όχι
08/10/2023 18:30;0,084;Όχι
08/10/2023 18:45;0,035;Όχι
08/10/2023 19:00;0;Όχι
08/10/2023 19:15;0;Όχι
08/10/2023 19:30;0;Όχι
08/10/2023 19:45;0;Όχι
08/10/2023 20:00;0;Όχι
08/10/2023 20:15;0;Όχι
08/10/2023 20:30;0;Όχι
08/10/2023 20:45;0;Όχι
08/10/2023 21:00;0;Όχι
08/10/2023 21:15;0;Όχι
08/10/2023 21:30;0;Όχι
08/10/2023 21:45;0;Όχι
08/10/2023 22:00;0;Όχι
08/10/2023 22:15;0;Όχι
08/10/2023 22:30;0;Όχι
08/10/2023 22:45;0;Όχι
08/10/2023 23:00;0;Όχι
08/10/2023 23:15;0;Όχι
08/10/2023 23:30;0;Όχι
08/10/2023 23:45;0;Όχι
09/10/2023 00:00;0;Όχι
09/10/2023 00:15;0;Όχι
09/10/2023 00:30;0;Όχι
09/10/2023 00:45;0;Όχι
09/10/2023 01:00;0;Όχι
09/10/2023 01:15;0;Όχι
09/10/2023 01:30;0;Όχι
09/10/2023 01:45;0;Όχι
09/10/2023 02:00;0;Όχι
09/10/2023 02:15;0;Όχι
09/10/2023 02:30;0;Όχι
09/10/2023 02:45;0;Όχι
09/10/2023 03:00;0;Όχι
09/10/2023 03:15;0;Όχι
09/10/2023 03:30;0;Όχι
09/10/2023 03:45;0;Όχι
09/10/2023 04:00;0;Όχι
09/10/2023 04:15;0;Όχι
09/10/2023 04:30;0;Όχι
09/10/2023 04:45;0;Όχι
09/10/2023 05:00;0;Όχι
09/10/2023 05:15;0;Όχι
09/10/2023 05:30;0;Όχι
09/10/2023 05:45;0;Όχι
09/10/2023 06:00;0;Όχι
09/10/2023 06:15;0;Όχι
09/10/2023 06:30;0;Όχι
09/10/2023 06:45;0;Όχι
09/10/2023 07:00;0;Όχι
09/10/2023 07:15;0;Όχι
09/10/2023 07:30;0;Όχι
09/10/2023 07:45;0;Όχι
09/10/2023 08:00;0,017;Όχι
09/10/2023 08:15;0,075;Όχι
09/10/2023 08:30;0,145;Όχι
09/10/2023 08:45;0,229;Όχι
09/10/2023 09:00;0,328;Όχι
09/10/2023 09:15;0,426;Όχι
09/10/2023 09:30;0,531;Όχι
09/10/2023 09:45;0,638;Όχι
09/10/2023 10:00;0,756;Όχι
09/10/2023 10:15;0,608;Όχι
09/10/2023 10:30;0,743;Όχι
09/10/2023 10:45;1,037;Όχι
09/10/2023 11:00;0,6;Όχι
09/10/2023 11:15;0,75;Όχι
09/10/2023 11:30;0,907;Όχι
09/10/2023 11:45;0,922;Όχι
09/10/2023 12:00;0,998;Όχι
09/10/2023 12:15;1,14;Όχι
09/10/2023 12:30;1,047;Όχι
09/10/2023 12:45;0,874;Όχι
09/10/2023 13:00;1,08;Όχι
09/10/2023 13:15;1,378;Όχι
09/10/2023 13:30;1,288;Όχι
09/10/2023 13:45;1,337;Όχι
09/10/2023 14:00;1,317;Όχι
09/10/2023 14:15;1,292;Όχι
09/10/2023 14:30;1,256;Όχι
09/10/2023 14:45;1,218;Όχι
09/10/2023 15:00;1,177;Όχι
09/10/2023 15:15;1,12;Όχι
09/10/2023 15:30;1,068;Όχι
09/10/2023 15:45;1,01;Όχι
09/10/2023 16:00;0,941;Όχι
09/10/2023 16:15;0,87;Όχι
09/10/2023 16:30;0,791;Όχι
09/10/2023 16:45;0,715;Όχι
09/10/2023 17:00;0,626;Όχι
09/10/2023 17:15;0,535;Όχι
09/10/2023 17:30;0,443;Όχι
09/10/2023 17:45;0,343;Όχι
09/10/2023 18:00;0,25;Όχι
09/10/2023 18:15;0,155;Όχι
09/10/2023 18:30;0,081;Όχι
09/10/2023 18:45;0,029;Όχι
09/10/2023 19:00;0,003;Όχι
09/10/2023 19:15;0;Όχι
09/10/2023 19:30;0;Όχι
09/10/2023 19:45;0;Όχι
09/10/2023 20:00;0;Όχι
09/10/2023 20:15;0;Όχι
09/10/2023 20:30;0;Όχι
09/10/2023 20:45;0;Όχι
09/10/2023 21:00;0;Όχι
09/10/2023 21:15;0;Όχι
09/10/2023 21:30;0;Όχι
09/10/2023 21:45;0;Όχι
09/10/2023 22:00;0;Όχι
09/10/2023 22:15;0;Όχι
09/10/2023 22:30;0;Όχι
09/10/2023 22:45;0;Όχι
09/10/2023 23:00;0;Όχι
09/10/2023 23:15;0;Όχι
09/10/2023 23:30;0;Όχι
09/10/2023 23:45;0;Όχι
10/10/2023 00:00;0;Όχι
10/10/2023 00:15;0;Όχι
10/10/2023 00:30;0;Όχι
10/10/2023 00:45;0;Όχι
10/10/2023 01:00;0;Όχι
10/10/2023 01:15;0;Όχι
10/10/2023 01:30;0;Όχι
10/10/2023 01:45;0;Όχι
10/10/2023 02:00;0;Όχι
10/10/2023 02:15;0;Όχι
10/10/2023 02:30;0;Όχι
10/10/2023 02:45;0;Όχι
10/10/2023 03:00;0;Όχι
10/10/2023 03:15;0;Όχι
10/10/2023 03:30;0;Όχι
10/10/2023 03:45;0;Όχι
10/10/2023 04:00;0;Όχι
10/10/2023 04:15;0;Όχι
10/10/2023 04:30;0;Όχι
10/10/2023 04:45;0;Όχι
10/10/2023 05:00;0;Όχι
10/10/2023 05:15;0;Όχι
10/10/2023 05:30;0;Όχι
10/10/2023 05:45;0;Όχι
10/10/2023 06:00;0;Όχι
10/10/2023 06:15;0;Όχι
10/10/2023 06:30;0;Όχι
10/10/2023 06:45;0;Όχι
10/10/2023 07:00;0;Όχι
10/10/2023 07:15;0;Όχι
10/10/2023 07:30;0;Όχι
10/10/2023 07:45;0,001;Όχι
10/10/2023 08:00;0,022;Όχι
10/10/2023 08:15;0,073;Όχι
10/10/2023 08:30;0,115;Όχι
10/10/2023 08:45;0,186;Όχι
10/10/2023 09:00;0,286;Όχι
10/10/2023 09:15;0,362;Όχι
10/10/2023 09:30;0,451;Όχι
10/10/2023 09:45;0,55;Όχι
10/10/2023 10:00;0,637;Όχι
10/10/2023 10:15;0,723;Όχι
10/10/2023 10:30;0,792;Όχι
10/10/2023 10:45;0,878;Όχι
10/10/2023 11:00;0,929;Όχι
10/10/2023 11:15;0,986;Όχι
10/10/2023 11:30;1,007;Όχι
10/10/2023 11:45;1,108;Όχι
10/10/2023 12:00;0,856;Όχι
10/10/2023 12:15;0,434;Όχι
10/10/2023 12:30;0,66;Όχι
10/10/2023 12:45;0,43;Όχι
10/10/2023 13:00;0,601;Όχι
10/10/2023 13:15;1,107;Όχι
10/10/2023 13:30;0,511;Όχι
10/10/2023 13:45;0,27;Όχι
10/10/2023 14:00;1,057;Όχι
10/10/2023 14:15;1,049;Όχι
10/10/2023 14:30;1,032;Όχι
10/10/2023 14:45;1,22;Όχι
10/10/2023 15:00;1,113;Όχι
10/10/2023 15:15;1,007;Όχι
10/10/2023 15:30;0,814;Όχι
10/10/2023 15:45;0,522;Όχι
10/10/2023 16:00;0,897;Όχι
10/10/2023 16:15;0,875;Όχι
10/10/2023 16:30;0,796;Όχι
10/10/2023 16:45;0,705;Όχι
10/10/2023 17:00;0,604;Όχι
10/10/2023 17:15;0,212;Όχι
10/10/2023 17:30;0,29;Όχι
10/10/2023 17:45;0,299;Όχι
10/10/2023 18:00;0,153;Όχι
10/10/2023 18:15;0,137;Όχι
10/10/2023 18:30;0,069;Όχι
10/10/2023 18:45;0,018;Όχι
10/10/2023 19:00;0,002;Όχι
10/10/2023 19:15;0;Όχι
10/10/2023 19:30;0;Όχι
10/10/2023 19:45;0;Όχι
10/10/2023 20:00;0;Όχι
10/10/2023 20:15;0;Όχι
10/10/2023 20:30;0;Όχι
10/10/2023 20:45;0;Όχι
10/10/2023 21:00;0;Όχι
10/10/2023 21:15;0;Όχι
10/10/2023 21:30;0;Όχι
10/10/2023 21:45;0;Όχι
10/10/2023 22:00;0;Όχι
10/10/2023 22:15;0;Όχι
10/10/2023 22:30;0;Όχι
10/10/2023 22:45;0;Όχι
10/10/2023 23:00;0;Όχι
10/10/2023 23:15;0;Όχι
10/10/2023 23:30;0;Όχι
10/10/2023 23:45;0;Όχι
11/10/2023 00:00;0;Όχι
11/10/2023 00:15;0;Όχι
11/10/2023 00:30;0;Όχι
11/10/2023 00:45;0;Όχι
11/10/2023 01:00;0;Όχι
11/10/2023 01:15;0;Όχι
11/10/2023 01:30;0;Όχι
11/10/2023 01:45;0;Όχι
11/10/2023 02:00;0;Όχι
11/10/2023 02:15;0;Όχι
11/10/2023 02:30;0;Όχι
11/10/2023 02:45;0;Όχι
11/10/2023 03:00;0;Όχι
11/10/2023 03:15;0;Όχι
11/10/2023 03:30;0;Όχι
11/10/2023 03:45;0;Όχι
11/10/2023 04:00;0;Όχι
11/10/2023 04:15;0;Όχι
11/10/2023 04:30;0;Όχι
11/10/2023 04:45;0;Όχι
11/10/2023 05:00;0;Όχι
11/10/2023 05:15;0;Όχι
11/10/2023 05:30;0;Όχι
11/10/2023 05:45;0;Όχι
11/10/2023 06:00;0;Όχι
11/10/2023 06:15;0;Όχι
11/10/2023 06:30;0;Όχι
11/10/2023 06:45;0;Όχι
11/10/2023 07:00;0;Όχι
11/10/2023 07:15;0;Όχι
11/10/2023 07:30;0;Όχι
11/10/2023 07:45;0;Όχι
11/10/2023 08:00;0,001;Όχι
11/10/2023 08:15;0,012;Όχι
11/10/2023 08:30;0,047;Όχι
11/10/2023 08:45;0,094;Όχι
11/10/2023 09:00;0,173;Όχι
11/10/2023 09:15;0,177;Όχι
11/10/2023 09:30;0,16;Όχι
11/10/2023 09:45;0,169;Όχι
11/10/2023 10:00;0,306;Όχι
11/10/2023 10:15;0,657;Όχι
11/10/2023 10:30;0,836;Όχι
11/10/2023 10:45;0,788;Όχι
11/10/2023 11:00;0,932;Όχι
11/10/2023 11:15;0,766;Όχι
11/10/2023 11:30;1,041;Όχι
11/10/2023 11:45;0,993;Όχι
11/10/2023 12:00;0,808;Όχι
11/10/2023 12:15;0,484;Όχι
11/10/2023 12:30;1,042;Όχι
11/10/2023 12:45;1,064;Όχι
11/10/2023 13:00;1,276;Όχι
11/10/2023 13:15;1,289;Όχι
11/10/2023 13:30;0,528;Όχι
11/10/2023 13:45;0,311;Όχι
11/10/2023 14:00;0,422;Όχι
11/10/2023 14:15;0,608;Όχι
11/10/2023 14:30;0,874;Όχι
11/10/2023 14:45;1,14;Όχι
11/10/2023 15:00;1,115;Όχι
11/10/2023 15:15;1,107;Όχι
11/10/2023 15:30;1,028;Όχι
11/10/2023 15:45;0,84;Όχι
11/10/2023 16:00;0,907;Όχι
11/10/2023 16:15;0,905;Όχι
11/10/2023 16:30;0,6;Όχι
11/10/2023 16:45;0,676;Όχι
11/10/2023 17:00;0,584;Όχι
11/10/2023 17:15;0,487;Όχι
11/10/2023 17:30;0,392;Όχι
11/10/2023 17:45;0,307;Όχι
11/10/2023 18:00;0,23;Όχι
11/10/2023 18:15;0,162;Όχι
11/10/2023 18:30;0,068;Όχι
11/10/2023 18:45;0,019;Όχι
11/10/2023 19:00;0,001;Όχι
11/10/2023 19:15;0;Όχι
11/10/2023 19:30;0;Όχι
11/10/2023 19:45;0;Όχι
11/10/2023 20:00;0;Όχι
11/10/2023 20:15;0;Όχι
11/10/2023 20:30;0;Όχι
11/10/2023 20:45;0;Όχι
11/10/2023 21:00;0;Όχι
11/10/2023 21:15;0;Όχι
11/10/2023 21:30;0;Όχι
11/10/2023 21:45;0;Όχι
11/10/2023 22:00;0;Όχι
11/10/2023 22:15;0;Όχι
11/10/2023 22:30;0;Όχι
11/10/2023 22:45;0;Όχι
11/10/2023 23:00;0;Όχι
11/10/2023 23:15;0;Όχι
11/10/2023 23:30;0;Όχι
11/10/2023 23:45;0;Όχι
12/10/2023 00:00;0;Όχι
12/10/2023 00:15;0;Όχι
12/10/2023 00:30;0;Όχι
12/10/2023 00:45;0;Όχι
12/10/2023 01:00;0;Όχι
12/10/2023 01:15;0;Όχι
12/10/2023 01:30;0;Όχι
12/10/2023 01:45;0;Όχι
12/10/2023 02:00;0;Όχι
12/10/2023 02:15;0;Όχι
12/10/2023 02:30;0;Όχι
12/10/2023 02:45;0;Όχι
12/10/2023 03:00;0;Όχι
12/10/2023 03:15;0;Όχι
12/10/2023 03:30;0;Όχι
12/10/2023 03:45;0;Όχι
12/10/2023 04:00;0;Όχι
12/10/2023 04:15;0;Όχι
12/10/2023 04:30;0;Όχι
12/10/2023 04:45;0;Όχι
12/10/2023 05:00;0;Όχι
12/10/2023 05:15;0;Όχι
12/10/2023 05:30;0;Όχι
12/10/2023 05:45;0;Όχι
12/10/2023 06:00;0;Όχι
12/10/2023 06:15;0;Όχι
12/10/2023 06:30;0;Όχι
12/10/2023 06:45;0;Όχι
12/10/2023 07:00;0;Όχι
12/10/2023 07:15;0;Όχι
12/10/2023 07:30;0;Όχι
12/10/2023 07:45;0,001;Όχι
12/10/2023 08:00;0,021;Όχι
12/10/2023 08:15;0,07;Όχι
12/10/2023 08:30;0,138;Όχι
12/10/2023 08:45;0,219;Όχι
12/10/2023 09:00;0,302;Όχι
12/10/2023 09:15;0,383;Όχι
12/10/2023 09:30;0,474;Όχι
12/10/2023 09:45;0,568;Όχι
12/10/2023 10:00;0,66;Όχι
12/10/2023 10:15;0,742;Όχι
12/10/2023 10:30;0,821;Όχι
12/10/2023 10:45;0,891;Όχι
12/10/2023 11:00;0,954;Όχι
12/10/2023 11:15;1,009;Όχι
12/10/2023 11:30;1,073;Όχι
12/10/2023 11:45;1,127;Όχι
12/10/2023 12:00;1,172;Όχι
12/10/2023 12:15;1,107;Όχι
12/10/2023 12:30;1,248;Όχι
12/10/2023 12:45;1,284;Όχι
12/10/2023 13:00;1,261;Όχι
12/10/2023 13:15;1,022;Όχι
12/10/2023 13:30;1,276;Όχι
12/10/2023 13:45;1,265;Όχι
12/10/2023 14:00;0,86;Όχι
12/10/2023 14:15;1,203;Όχι
12/10/2023 14:30;1,208;Όχι
12/10/2023 14:45;1,17;Όχι
12/10/2023 15:00;1,131;Όχι
12/10/2023 15:15;1,092;Όχι
12/10/2023 15:30;1,043;Όχι
12/10/2023 15:45;0,989;Όχι
12/10/2023 16:00;0,923;Όχι
12/10/2023 16:15;0,854;Όχι
12/10/2023 16:30;0,784;Όχι
12/10/2023 16:45;0,7;Όχι
12/10/2023 17:00;0,608;Όχι
12/10/2023 17:15;0,517;Όχι
12/10/2023 17:30;0,424;Όχι
12/10/2023 17:45;0,324;Όχι
12/10/2023 18:00;0,235;Όχι
12/10/2023 18:15;0,149;Όχι
12/10/2023 18:30;0,075;Όχι
12/10/2023 18:45;0,023;Όχι
12/10/2023 19:00;0,001;Όχι
12/10/2023 19:15;0;Όχι
12/10/2023 19:30;0;Όχι
12/10/2023 19:45;0;Όχι
12/10/2023 20:00;0;Όχι
12/10/2023 20:15;0;Όχι
12/10/2023 20:30;0;Όχι
12/10/2023 20:45;0;Όχι
12/10/2023 21:00;0;Όχι
12/10/2023 21:15;0;Όχι
12/10/2023 21:30;0;Όχι
12/10/2023 21:45;0;Όχι
12/10/2023 22:00;0;Όχι
12/10/2023 22:15;0;Όχι
12/10/2023 22:30;0;Όχι
12/10/2023 22:45;0;Όχι
12/10/2023 23:00;0;Όχι
12/10/2023 23:15;0;Όχι
12/10/2023 23:30;0;Όχι
12/10/2023 23:45;0;Όχι
13/10/2023 00:00;0;Όχι
13/10/2023 00:15;0;Όχι
13/10/2023 00:30;0;Όχι
13/10/2023 00:45;0;Όχι
13/10/2023 01:00;0;Όχι
13/10/2023 01:15;0;Όχι
13/10/2023 01:30;0;Όχι
13/10/2023 01:45;0;Όχι
13/10/2023 02:00;0;Όχι
13/10/2023 02:15;0;Όχι
13/10/2023 02:30;0;Όχι
13/10/2023 02:45;0;Όχι
13/10/2023 03:00;0;Όχι
13/10/2023 03:15;0;Όχι
13/10/2023 03:30;0;Όχι
13/10/2023 03:45;0;Όχι
13/10/2023 04:00;0;Όχι
13/10/2023 04:15;0;Όχι
13/10/2023 04:30;0;Όχι
13/10/2023 04:45;0;Όχι
13/10/2023 05:00;0;Όχι
13/10/2023 05:15;0;Όχι
13/10/2023 05:30;0;Όχι
13/10/2023 05:45;0;Όχι
13/10/2023 06:00;0;Όχι
13/10/2023 06:15;0;Όχι
13/10/2023 06:30;0;Όχι
13/10/2023 06:45;0;Όχι
13/10/2023 07:00;0;Όχι
13/10/2023 07:15;0;Όχι
13/10/2023 07:30;0;Όχι
13/10/2023 07:45;0,001;Όχι
13/10/2023 08:00;0,018;Όχι
13/10/2023 08:15;0,067;Όχι
13/10/2023 08:30;0,142;Όχι
13/10/2023 08:45;0,23;Όχι
13/10/2023 09:00;0,315;Όχι
13/10/2023 09:15;0,386;Όχι
13/10/2023 09:30;0,478;Όχι
13/10/2023 09:45;0,574;Όχι
13/10/2023 10:00;0,659;Όχι
13/10/2023 10:15;0,739;Όχι
13/10/2023 10:30;0,814;Όχι
13/10/2023 10:45;0,885;Όχι
13/10/2023 11:00;0,942;Όχι
13/10/2023 11:15;0,999;Όχι
13/10/2023 11:30;1,051;Όχι
13/10/2023 11:45;1,094;Όχι
13/10/2023 12:00;1,132;Όχι
13/10/2023 12:15;1,158;Όχι
13/10/2023 12:30;1,177;Όχι
13/10/2023 12:45;1,192;Όχι
13/10/2023 13:00;1,209;Όχι
13/10/2023 13:15;1,219;Όχι
13/10/2023 13:30;1,223;Όχι
13/10/2023 13:45;1,206;Όχι
13/10/2023 14:00;1,183;Όχι
13/10/2023 14:15;1,164;Όχι
13/10/2023 14:30;1,151;Όχι
13/10/2023 14:45;1,113;Όχι
13/10/2023 15:00;0,982;Όχι
13/10/2023 15:15;1,049;Όχι
13/10/2023 15:30;1,022;Όχι
13/10/2023 15:45;0,902;Όχι
13/10/2023 16:00;0,844;Όχι
13/10/2023 16:15;0,75;Όχι
13/10/2023 16:30;0,573;Όχι
13/10/2023 16:45;0,531;Όχι
13/10/2023 17:00;0,594;Όχι
13/10/2023 17:15;0,516;Όχι
13/10/2023 17:30;0,382;Όχι
13/10/2023 17:45;0,305;Όχι
13/10/2023 18:00;0,2;Όχι
13/10/2023 18:15;0,095;Όχι
13/10/2023 18:30;0,064;Όχι
13/10/2023 18:45;0,012;Όχι
13/10/2023 19:00;0,001;Όχι
13/10/2023 19:15;0;Όχι
13/10/2023 19:30;0;Όχι
13/10/2023 19:45;0;Όχι
13/10/2023 20:00;0;Όχι
13/10/2023 20:15;0;Όχι
13/10/2023 20:30;0;Όχι
13/10/2023 20:45;0;Όχι
13/10/2023 21:00;0;Όχι
13/10/2023 21:15;0;Όχι
13/10/2023 21:30;0;Όχι
13/10/2023 21:45;0;Όχι
13/10/2023 22:00;0;Όχι
13/10/2023 22:15;0;Όχι
13/10/2023 22:30;0;Όχι
13/10/2023 22:45;0;Όχι
13/10/2023 23:00;0;Όχι
13/10/2023 23:15;0;Όχι
13/10/2023 23:30;0;Όχι
13/10/2023 23:45;0;Όχι
14/10/2023 00:00;0;Όχι
14/10/2023 00:15;0;Όχι
14/10/2023 00:30;0;Όχι
14/10/2023 00:45;0;Όχι
14/10/2023 01:00;0;Όχι
14/10/2023 01:15;0;Όχι
14/10/2023 01:30;0;Όχι
14/10/2023 01:45;0;Όχι
14/10/2023 02:00;0;Όχι
14/10/2023 02:15;0;Όχι
14/10/2023 02:30;0;Όχι
14/10/2023 02:45;0;Όχι
14/10/2023 03:00;0;Όχι
14/10/2023 03:15;0;Όχι
14/10/2023 03:30;0;Όχι
14/10/2023 03:45;0;Όχι
14/10/2023 04:00;0;Όχι
14/10/2023 04:15;0;Όχι
14/10/2023 04:30;0;Όχι
14/10/2023 04:45;0;Όχι
14/10/2023 05:00;0;Όχι
14/10/2023 05:15;0;Όχι
14/10/2023 05:30;0;Όχι
14/10/2023 05:45;0;Όχι
14/10/2023 06:00;0;Όχι
14/10/2023 06:15;0;Όχι
14/10/2023 06:30;0;Όχι
14/10/2023 06:45;0;Όχι
14/10/2023 07:00;0;Όχι
14/10/2023 07:15;0;Όχι
14/10/2023 07:30;0;Όχι
14/10/2023 07:45;0;Όχι
14/10/2023 08:00;0,005;Όχι
14/10/2023 08:15;0,049;Όχι
14/10/2023 08:30;0,088;Όχι
14/10/2023 08:45;0,212;Όχι
14/10/2023 09:00;0,311;Όχι
14/10/2023 09:15;0,382;Όχι
14/10/2023 09:30;0,465;Όχι
14/10/2023 09:45;0,553;Όχι
14/10/2023 10:00;0,637;Όχι
14/10/2023 10:15;0,717;Όχι
14/10/2023 10:30;0,794;Όχι
14/10/2023 10:45;0,863;Όχι
14/10/2023 11:00;0,92;Όχι
14/10/2023 11:15;0,977;Όχι
14/10/2023 11:30;1,024;Όχι
14/10/2023 11:45;1,066;Όχι
14/10/2023 12:00;1,102;Όχι
14/10/2023 12:15;1,127;Όχι
14/10/2023 12:30;1,155;Όχι
14/10/2023 12:45;1,176;Όχι
14/10/2023 13:00;1,2;Όχι
14/10/2023 13:15;1,212;Όχι
14/10/2023 13:30;1,214;Όχι
14/10/2023 13:45;1,21;Όχι
14/10/2023 14:00;1,197;Όχι
14/10/2023 14:15;1,194;Όχι
14/10/2023 14:30;1,177;Όχι
14/10/2023 14:45;1,151;Όχι
14/10/2023 15:00;1,112;Όχι
14/10/2023 15:15;1,072;Όχι
14/10/2023 15:30;1,021;Όχι
14/10/2023 15:45;0,962;Όχι
14/10/2023 16:00;0,896;Όχι
14/10/2023 16:15;0,826;Όχι
14/10/2023 16:30;0,752;Όχι
14/10/2023 16:45;0,664;Όχι
14/10/2023 17:00;0,576;Όχι
14/10/2023 17:15;0,483;Όχι
14/10/2023 17:30;0,391;Όχι
14/10/2023 17:45;0,291;Όχι
14/10/2023 18:00;0,196;Όχι
14/10/2023 18:15;0,117;Όχι
14/10/2023 18:30;0,055;Όχι
14/10/2023 18:45;0,012;Όχι
14/10/2023 19:00;0;Όχι
14/10/2023 19:15;0;Όχι
14/10/2023 19:30;0;Όχι
14/10/2023 19:45;0;Όχι
14/10/2023 20:00;0;Όχι
14/10/2023 20:15;0;Όχι
14/10/2023 20:30;0;Όχι
14/10/2023 20:45;0;Όχι
14/10/2023 21:00;0;Όχι
14/10/2023 21:15;0;Όχι
14/10/2023 21:30;0;Όχι
14/10/2023 21:45;0;Όχι
14/10/2023 22:00;0;Όχι
14/10/2023 22:15;0;Όχι
14/10/2023 22:30;0;Όχι
14/10/2023 22:45;0;Όχι
14/10/2023 23:00;0;Όχι
14/10/2023 23:15;0;Όχι
14/10/2023 23:30;0;Όχι
14/10/2023 23:45;0;Όχι
15/10/2023 00:00;0;Όχι
15/10/2023 00:15;0;Όχι
15/10/2023 00:30;0;Όχι
15/10/2023 00:45;0;Όχι
15/10/2023 01:00;0;Όχι
15/10/2023 01:15;0;Όχι
15/10/2023 01:30;0;Όχι
15/10/2023 01:45;0;Όχι
15/10/2023 02:00;0;Όχι
15/10/2023 02:15;0;Όχι
15/10/2023 02:30;0;Όχι
15/10/2023 02:45;0;Όχι
15/10/2023 03:00;0;Όχι
15/10/2023 03:15;0;Όχι
15/10/2023 03:30;0;Όχι
15/10/2023 03:45;0;Όχι
15/10/2023 04:00;0;Όχι
15/10/2023 04:15;0;Όχι
15/10/2023 04:30;0;Όχι
15/10/2023 04:45;0;Όχι
15/10/2023 05:00;0;Όχι
15/10/2023 05:15;0;Όχι
15/10/2023 05:30;0;Όχι
15/10/2023 05:45;0;Όχι
15/10/2023 06:00;0;Όχι
15/10/2023 06:15;0;Όχι
15/10/2023 06:30;0;Όχι
15/10/2023 06:45;0;Όχι
15/10/2023 07:00;0;Όχι
15/10/2023 07:15;0;Όχι
15/10/2023 07:30;0;Όχι
15/10/2023 07:45;0;Όχι
15/10/2023 08:00;0,015;Όχι
15/10/2023 08:15;0,058;Όχι
15/10/2023 08:30;0,12;Όχι
15/10/2023 08:45;0,198;Όχι
15/10/2023 09:00;0,278;Όχι
15/10/2023 09:15;0,343;Όχι
15/10/2023 09:30;0,434;Όχι
15/10/2023 09:45;0,526;Όχι
15/10/2023 10:00;0,597;Όχι
15/10/2023 10:15;0,675;Όχι
15/10/2023 10:30;0,742;Όχι
15/10/2023 10:45;0,811;Όχι
15/10/2023 11:00;0,882;Όχι
15/10/2023 11:15;0,936;Όχι
15/10/2023 11:30;0,986;Όχι
15/10/2023 11:45;1,028;Όχι
15/10/2023 12:00;1,064;Όχι
15/10/2023 12:15;1,096;Όχι
15/10/2023 12:30;1,133;Όχι
15/10/2023 12:45;1,154;Όχι
15/10/2023 13:00;1,16;Όχι
15/10/2023 13:15;1,184;Όχι
15/10/2023 13:30;1,17;Όχι
15/10/2023 13:45;1,167;Όχι
15/10/2023 14:00;1,165;Όχι
15/10/2023 14:15;1,136;Όχι
15/10/2023 14:30;1,097;Όχι
15/10/2023 14:45;1,065;Όχι
15/10/2023 15:00;1,033;Όχι
15/10/2023 15:15;1,002;Όχι
15/10/2023 15:30;0,962;Όχι
15/10/2023 15:45;0,896;Όχι
15/10/2023 16:00;0,829;Όχι
15/10/2023 16:15;0,766;Όχι
15/10/2023 16:30;0,698;Όχι
15/10/2023 16:45;0,615;Όχι
15/10/2023 17:00;0,53;Όχι
15/10/2023 17:15;0,437;Όχι
15/10/2023 17:30;0,35;Όχι
15/10/2023 17:45;0,25;Όχι
15/10/2023 18:00;0,169;Όχι
15/10/2023 18:15;0,099;Όχι
15/10/2023 18:30;0,046;Όχι
15/10/2023 18:45;0,009;Όχι
15/10/2023 19:00;0;Όχι
15/10/2023 19:15;0;Όχι
15/10/2023 19:30;0;Όχι
15/10/2023 19:45;0;Όχι
15/10/2023 20:00;0;Όχι
15/10/2023 20:15;0;Όχι
15/10/2023 20:30;0;Όχι
15/10/2023 20:45;0;Όχι
15/10/2023 21:00;0;Όχι
15/10/2023 21:15;0;Όχι
15/10/2023 21:30;0;Όχι
15/10/2023 21:45;0;Όχι
15/10/2023 22:00;0;Όχι
15/10/2023 22:15;0;Όχι
15/10/2023 22:30;0;Όχι
15/10/2023 22:45;0;Όχι
15/10/2023 23:00;0;Όχι
15/10/2023 23:15;0;Όχι
15/10/2023 23:30;0;Όχι
15/10/2023 23:45;0;Όχι
16/10/2023 00:00;0;Όχι
16/10/2023 00:15;0;Όχι
16/10/2023 00:30;0;Όχι
16/10/2023 00:45;0;Όχι
16/10/2023 01:00;0;Όχι
16/10/2023 01:15;0;Όχι
16/10/2023 01:30;0;Όχι
16/10/2023 01:45;0;Όχι
16/10/2023 02:00;0;Όχι
16/10/2023 02:15;0;Όχι
16/10/2023 02:30;0;Όχι
16/10/2023 02:45;0;Όχι
16/10/2023 03:00;0;Όχι
16/10/2023 03:15;0;Όχι
16/10/2023 03:30;0;Όχι
16/10/2023 03:45;0;Όχι
16/10/2023 04:00;0;Όχι
16/10/2023 04:15;0;Όχι
16/10/2023 04:30;0;Όχι
16/10/2023 04:45;0;Όχι
16/10/2023 05:00;0;Όχι
16/10/2023 05:15;0;Όχι
16/10/2023 05:30;0;Όχι
16/10/2023 05:45;0;Όχι
16/10/2023 06:00;0;Όχι
16/10/2023 06:15;0;Όχι
16/10/2023 06:30;0;Όχι
16/10/2023 06:45;0;Όχι
16/10/2023 07:00;0;Όχι
16/10/2023 07:15;0;Όχι
16/10/2023 07:30;0;Όχι
16/10/2023 07:45;0;Όχι
16/10/2023 08:00;0;Όχι
16/10/2023 08:15;0;Όχι
16/10/2023 08:30;0;Όχι
16/10/2023 08:45;0,002;Όχι
16/10/2023 09:00;0,017;Όχι
16/10/2023 09:15;0,028;Όχι
16/10/2023 09:30;0,061;Όχι
16/10/2023 09:45;0,112;Όχι
16/10/2023 10:00;0,158;Όχι
16/10/2023 10:15;0,551;Όχι
16/10/2023 10:30;0,478;Όχι
16/10/2023 10:45;0,279;Όχι
16/10/2023 11:00;0,472;Όχι
16/10/2023 11:15;0,376;Όχι
16/10/2023 11:30;0,42;Όχι
16/10/2023 11:45;0,664;Όχι
16/10/2023 12:00;1,183;Όχι
16/10/2023 12:15;1,445;Όχι
16/10/2023 12:30;1,461;Όχι
16/10/2023 12:45;1,411;Όχι
16/10/2023 13:00;1,463;Όχι
16/10/2023 13:15;0,874;Όχι
16/10/2023 13:30;1,223;Όχι
16/10/2023 13:45;0,438;Όχι
16/10/2023 14:00;0,579;Όχι
16/10/2023 14:15;0,757;Όχι
16/10/2023 14:30;0,805;Όχι
16/10/2023 14:45;0,599;Όχι
16/10/2023 15:00;0,707;Όχι
16/10/2023 15:15;0,733;Όχι
16/10/2023 15:30;0,913;Όχι
16/10/2023 15:45;0,7;Όχι
16/10/2023 16:00;0,77;Όχι
16/10/2023 16:15;0,851;Όχι
16/10/2023 16:30;0,766;Όχι
16/10/2023 16:45;0,676;Όχι
16/10/2023 17:00;0,599;Όχι
16/10/2023 17:15;0,518;Όχι
16/10/2023 17:30;0,424;Όχι
16/10/2023 17:45;0,166;Όχι
16/10/2023 18:00;0,069;Όχι
16/10/2023 18:15;0,031;Όχι
16/10/2023 18:30;0,025;Όχι
16/10/2023 18:45;0,005;Όχι
16/10/2023 19:00;0;Όχι
16/10/2023 19:15;0;Όχι
16/10/2023 19:30;0;Όχι
16/10/2023 19:45;0;Όχι
16/10/2023 20:00;0;Όχι
16/10/2023 20:15;0;Όχι
16/10/2023 20:30;0;Όχι
16/10/2023 20:45;0;Όχι
16/10/2023 21:00;0;Όχι
16/10/2023 21:15;0;Όχι
16/10/2023 21:30;0;Όχι
16/10/2023 21:45;0;Όχι
16/10/2023 22:00;0;Όχι
16/10/2023 22:15;0;Όχι
16/10/2023 22:30;0;Όχι
16/10/2023 22:45;0;Όχι
16/10/2023 23:00;0;Όχι
16/10/2023 23:15;0;Όχι
16/10/2023 23:30;0;Όχι
16/10/2023 23:45;0;Όχι
17/10/2023 00:00;0;Όχι
17/10/2023 00:15;0;Όχι
17/10/2023 00:30;0;Όχι
17/10/2023 00:45;0;Όχι
17/10/2023 01:00;0;Όχι
17/10/2023 01:15;0;Όχι
17/10/2023 01:30;0;Όχι
17/10/2023 01:45;0;Όχι
17/10/2023 02:00;0;Όχι
17/10/2023 02:15;0;Όχι
17/10/2023 02:30;0;Όχι
17/10/2023 02:45;0;Όχι
17/10/2023 03:00;0;Όχι
17/10/2023 03:15;0;Όχι
17/10/2023 03:30;0;Όχι
17/10/2023 03:45;0;Όχι
17/10/2023 04:00;0;Όχι
17/10/2023 04:15;0;Όχι
17/10/2023 04:30;0;Όχι
17/10/2023 04:45;0;Όχι
17/10/2023 05:00;0;Όχι
17/10/2023 05:15;0;Όχι
17/10/2023 05:30;0;Όχι
17/10/2023 05:45;0;Όχι
17/10/2023 06:00;0;Όχι
17/10/2023 06:15;0;Όχι
17/10/2023 06:30;0;Όχι
17/10/2023 06:45;0;Όχι
17/10/2023 07:00;0;Όχι
17/10/2023 07:15;0;Όχι
17/10/2023 07:30;0;Όχι
17/10/2023 07:45;0;Όχι
17/10/2023 08:00;0;Όχι
17/10/2023 08:15;0;Όχι
17/10/2023 08:30;0;Όχι
17/10/2023 08:45;0,002;Όχι
17/10/2023 09:00;0,011;Όχι
17/10/2023 09:15;0,022;Όχι
17/10/2023 09:30;0,025;Όχι
17/10/2023 09:45;0,056;Όχι
17/10/2023 10:00;0,076;Όχι
17/10/2023 10:15;0,042;Όχι
17/10/2023 10:30;0,06;Όχι
17/10/2023 10:45;0,035;Όχι
17/10/2023 11:00;0,038;Όχι
17/10/2023 11:15;0,044;Όχι
17/10/2023 11:30;0,069;Όχι
17/10/2023 11:45;0,097;Όχι
17/10/2023 12:00;0,094;Όχι
17/10/2023 12:15;0,143;Όχι
17/10/2023 12:30;0,133;Όχι
17/10/2023 12:45;0,111;Όχι
17/10/2023 13:00;0,109;Όχι
17/10/2023 13:15;0,146;Όχι
17/10/2023 13:30;0,142;Όχι
17/10/2023 13:45;0,167;Όχι
17/10/2023 14:00;0,116;Όχι
17/10/2023 14:15;0,107;Όχι
17/10/2023 14:30;0,09;Όχι
17/10/2023 14:45;0,102;Όχι
17/10/2023 15:00;0,077;Όχι
17/10/2023 15:15;0,086;Όχι
17/10/2023 15:30;0,054;Όχι
17/10/2023 15:45;0,058;Όχι
17/10/2023 16:00;0,061;Όχι
17/10/2023 16:15;0,068;Όχι
17/10/2023 16:30;0,064;Όχι
17/10/2023 16:45;0,063;Όχι
17/10/2023 17:00;0,04;Όχι
17/10/2023 17:15;0,033;Όχι
17/10/2023 17:30;0,014;Όχι
17/10/2023 17:45;0,007;Όχι
17/10/2023 18:00;0,004;Όχι
17/10/2023 18:15;0,002;Όχι
17/10/2023 18:30;0,001;Όχι
17/10/2023 18:45;0;Όχι
17/10/2023 19:00;0;Όχι
17/10/2023 19:15;0;Όχι
17/10/2023 19:30;0;Όχι
17/10/2023 19:45;0;Όχι
17/10/2023 20:00;0;Όχι
17/10/2023 20:15;0;Όχι
17/10/2023 20:30;0;Όχι
17/10/2023 20:45;0;Όχι
17/10/2023 21:00;0;Όχι
17/10/2023 21:15;0;Όχι
17/10/2023 21:30;0;Όχι
17/10/2023 21:45;0;Όχι
17/10/2023 22:00;0;Όχι
17/10/2023 22:15;0;Όχι
17/10/2023 22:30;0;Όχι
17/10/2023 22:45;0;Όχι
17/10/2023 23:00;0;Όχι
17/10/2023 23:15;0;Όχι
17/10/2023 23:30;0;Όχι
17/10/2023 23:45;0;Όχι
18/10/2023 00:00;0;Όχι
18/10/2023 00:15;0;Όχι
18/10/2023 00:30;0;Όχι
18/10/2023 00:45;0;Όχι
18/10/2023 01:00;0;Όχι
18/10/2023 01:15;0;Όχι
18/10/2023 01:30;0;Όχι
18/10/2023 01:45;0;Όχι
18/10/2023 02:00;0;Όχι
18/10/2023 02:15;0;Όχι
18/10/2023 02:30;0;Όχι
18/10/2023 02:45;0;Όχι
18/10/2023 03:00;0;Όχι
18/10/2023 03:15;0;Όχι
18/10/2023 03:30;0;Όχι
18/10/2023 03:45;0;Όχι
18/10/2023 04:00;0;Όχι
18/10/2023 04:15;0;Όχι
18/10/2023 04:30;0;Όχι
18/10/2023 04:45;0;Όχι
18/10/2023 05:00;0;Όχι
18/10/2023 05:15;0;Όχι
18/10/2023 05:30;0;Όχι
18/10/2023 05:45;0;Όχι
18/10/2023 06:00;0;Όχι
18/10/2023 06:15;0;Όχι
18/10/2023 06:30;0;Όχι
18/10/2023 06:45;0;Όχι
18/10/2023 07:00;0;Όχι
18/10/2023 07:15;0;Όχι
18/10/2023 07:30;0;Όχι
18/10/2023 07:45;0;Όχι
18/10/2023 08:00;0;Όχι
18/10/2023 08:15;0,002;Όχι
18/10/2023 08:30;0,009;Όχι
18/10/2023 08:45;0,017;Όχι
18/10/2023 09:00;0,049;Όχι
18/10/2023 09:15;0,075;Όχι
18/10/2023 09:30;0,116;Όχι
18/10/2023 09:45;0,115;Όχι
18/10/2023 10:00;0,135;Όχι
18/10/2023 10:15;0,186;Όχι
18/10/2023 10:30;0,241;Όχι
18/10/2023 10:45;0,288;Όχι
18/10/2023 11:00;0,289;Όχι
18/10/2023 11:15;0,254;Όχι
18/10/2023 11:30;0,182;Όχι
18/10/2023 11:45;0,162;Όχι
18/10/2023 12:00;0,153;Όχι
18/10/2023 12:15;0,223;Όχι
18/10/2023 12:30;0,269;Όχι
18/10/2023 12:45;0,25;Όχι
18/10/2023 13:00;0,357;Όχι
18/10/2023 13:15;0,445;Όχι
18/10/2023 13:30;0,447;Όχι
18/10/2023 13:45;0,433;Όχι
18/10/2023 14:00;0,41;Όχι
18/10/2023 14:15;0,394;Όχι
18/10/2023 14:30;0,571;Όχι
18/10/2023 14:45;0,688;Όχι
18/10/2023 15:00;0,5;Όχι
18/10/2023 15:15;0,329;Όχι
18/10/2023 15:30;0,258;Όχι
18/10/2023 15:45;0,282;Όχι
18/10/2023 16:00;0,454;Όχι
18/10/2023 16:15;0,304;Όχι
18/10/2023 16:30;0,134;Όχι
18/10/2023 16:45;0,133;Όχι
18/10/2023 17:00;0,16;Όχι
18/10/2023 17:15;0,169;Όχι
18/10/2023 17:30;0,172;Όχι
18/10/2023 17:45;0,218;Όχι
18/10/2023 18:00;0,205;Όχι
18/10/2023 18:15;0,1;Όχι
18/10/2023 18:30;0,033;Όχι
18/10/2023 18:45;0,003;Όχι
18/10/2023 19:00;0;Όχι
18/10/2023 19:15;0;Όχι
18/10/2023 19:30;0;Όχι
18/10/2023 19:45;0;Όχι
18/10/2023 20:00;0;Όχι
18/10/2023 20:15;0;Όχι
18/10/2023 20:30;0;Όχι
18/10/2023 20:45;0;Όχι
18/10/2023 21:00;0;Όχι
18/10/2023 21:15;0;Όχι
18/10/2023 21:30;0;Όχι
18/10/2023 21:45;0;Όχι
18/10/2023 22:00;0;Όχι
18/10/2023 22:15;0;Όχι
18/10/2023 22:30;0;Όχι
18/10/2023 22:45;0;Όχι
18/10/2023 23:00;0;Όχι
18/10/2023 23:15;0;Όχι
18/10/2023 23:30;0;Όχι
18/10/2023 23:45;0;Όχι
19/10/2023 00:00;0;Όχι
19/10/2023 00:15;0;Όχι
19/10/2023 00:30;0;Όχι
19/10/2023 00:45;0;Όχι
19/10/2023 01:00;0;Όχι
19/10/2023 01:15;0;Όχι
19/10/2023 01:30;0;Όχι
19/10/2023 01:45;0;Όχι
19/10/2023 02:00;0;Όχι
19/10/2023 02:15;0;Όχι
19/10/2023 02:30;0;Όχι
19/10/2023 02:45;0;Όχι
19/10/2023 03:00;0;Όχι
19/10/2023 03:15;0;Όχι
19/10/2023 03:30;0;Όχι
19/10/2023 03:45;0;Όχι
19/10/2023 04:00;0;Όχι
19/10/2023 04:15;0;Όχι
19/10/2023 04:30;0;Όχι
19/10/2023 04:45;0;Όχι
19/10/2023 05:00;0;Όχι
19/10/2023 05:15;0;Όχι
19/10/2023 05:30;0;Όχι
19/10/2023 05:45;0;Όχι
19/10/2023 06:00;0;Όχι
19/10/2023 06:15;0;Όχι
19/10/2023 06:30;0;Όχι
19/10/2023 06:45;0;Όχι
19/10/2023 07:00;0;Όχι
19/10/2023 07:15;0;Όχι
19/10/2023 07:30;0;Όχι
19/10/2023 07:45;0;Όχι
19/10/2023 08:00;0;Όχι
19/10/2023 08:15;0,001;Όχι
19/10/2023 08:30;0,003;Όχι
19/10/2023 08:45;0,014;Όχι
19/10/2023 09:00;0,029;Όχι
19/10/2023 09:15;0,047;Όχι
19/10/2023 09:30;0,067;Όχι
19/10/2023 09:45;0,094;Όχι
19/10/2023 10:00;0,108;Όχι
19/10/2023 10:15;0,088;Όχι
19/10/2023 10:30;0,106;Όχι
19/10/2023 10:45;0,072;Όχι
19/10/2023 11:00;0,137;Όχι
19/10/2023 11:15;0,212;Όχι
19/10/2023 11:30;0,253;Όχι
19/10/2023 11:45;0,375;Όχι
19/10/2023 12:00;0,91;Όχι
19/10/2023 12:15;0,444;Όχι
19/10/2023 12:30;0,472;Όχι
19/10/2023 12:45;0,67;Όχι
19/10/2023 13:00;0,668;Όχι
19/10/2023 13:15;0,974;Όχι
19/10/2023 13:30;1,361;Όχι
19/10/2023 13:45;0,946;Όχι
19/10/2023 14:00;0,858;Όχι
19/10/2023 14:15;0,543;Όχι
19/10/2023 14:30;0,331;Όχι
19/10/2023 14:45;0,547;Όχι
19/10/2023 15:00;0,944;Όχι
19/10/2023 15:15;1,056;Όχι
19/10/2023 15:30;1,102;Όχι
19/10/2023 15:45;0,602;Όχι
19/10/2023 16:00;0,834;Όχι
19/10/2023 16:15;0,201;Όχι
19/10/2023 16:30;0,181;Όχι
19/10/2023 16:45;0,461;Όχι
19/10/2023 17:00;0,546;Όχι
19/10/2023 17:15;0,443;Όχι
19/10/2023 17:30;0,35;Όχι
19/10/2023 17:45;0,255;Όχι
19/10/2023 18:00;0,152;Όχι
19/10/2023 18:15;0,047;Όχι
19/10/2023 18:30;0,019;Όχι
19/10/2023 18:45;0,003;Όχι
19/10/2023 19:00;0;Όχι
19/10/2023 19:15;0;Όχι
19/10/2023 19:30;0;Όχι
19/10/2023 19:45;0;Όχι
19/10/2023 20:00;0;Όχι
19/10/2023 20:15;0;Όχι
19/10/2023 20:30;0;Όχι
19/10/2023 20:45;0;Όχι
19/10/2023 21:00;0;Όχι
19/10/2023 21:15;0;Όχι
19/10/2023 21:30;0;Όχι
19/10/2023 21:45;0;Όχι
19/10/2023 22:00;0;Όχι
19/10/2023 22:15;0;Όχι
19/10/2023 22:30;0;Όχι
19/10/2023 22:45;0;Όχι
19/10/2023 23:00;0;Όχι
19/10/2023 23:15;0;Όχι
19/10/2023 23:30;0;Όχι
19/10/2023 23:45;0;Όχι
20/10/2023 00:00;0;Όχι
20/10/2023 00:15;0;Όχι
20/10/2023 00:30;0;Όχι
20/10/2023 00:45;0;Όχι
20/10/2023 01:00;0;Όχι
20/10/2023 01:15;0;Όχι
20/10/2023 01:30;0;Όχι
20/10/2023 01:45;0;Όχι
20/10/2023 02:00;0;Όχι
20/10/2023 02:15;0;Όχι
20/10/2023 02:30;0;Όχι
20/10/2023 02:45;0;Όχι
20/10/2023 03:00;0;Όχι
20/10/2023 03:15;0;Όχι
20/10/2023 03:30;0;Όχι
20/10/2023 03:45;0;Όχι
20/10/2023 04:00;0;Όχι
20/10/2023 04:15;0;Όχι
20/10/2023 04:30;0;Όχι
20/10/2023 04:45;0;Όχι
20/10/2023 05:00;0;Όχι
20/10/2023 05:15;0;Όχι
20/10/2023 05:30;0;Όχι
20/10/2023 05:45;0;Όχι
20/10/2023 06:00;0;Όχι
20/10/2023 06:15;0;Όχι
20/10/2023 06:30;0;Όχι
20/10/2023 06:45;0;Όχι
20/10/2023 07:00;0;Όχι
20/10/2023 07:15;0;Όχι
20/10/2023 07:30;0;Όχι
20/10/2023 07:45;0;Όχι
20/10/2023 08:00;0;Όχι
20/10/2023 08:15;0,012;Όχι
20/10/2023 08:30;0,039;Όχι
20/10/2023 08:45;0,078;Όχι
20/10/2023 09:00;0,121;Όχι
20/10/2023 09:15;0,173;Όχι
20/10/2023 09:30;0,232;Όχι
20/10/2023 09:45;0,37;Όχι
20/10/2023 10:00;0,286;Όχι
20/10/2023 10:15;0,387;Όχι
20/10/2023 10:30;0,516;Όχι
20/10/2023 10:45;0,689;Όχι
20/10/2023 11:00;0,632;Όχι
20/10/2023 11:15;0,981;Όχι
20/10/2023 11:30;1,028;Όχι
20/10/2023 11:45;1,073;Όχι
20/10/2023 12:00;0,614;Όχι
20/10/2023 12:15;1,226;Όχι
20/10/2023 12:30;0,494;Όχι
20/10/2023 12:45;1,253;Όχι
20/10/2023 13:00;1,238;Όχι
20/10/2023 13:15;1,22;Όχι
20/10/2023 13:30;1,206;Όχι
20/10/2023 13:45;1,205;Όχι
20/10/2023 14:00;1,191;Όχι
20/10/2023 14:15;1,181;Όχι
20/10/2023 14:30;1,11;Όχι
20/10/2023 14:45;1,062;Όχι
20/10/2023 15:00;1,061;Όχι
20/10/2023 15:15;1,029;Όχι
20/10/2023 15:30;0,974;Όχι
20/10/2023 15:45;0,924;Όχι
20/10/2023 16:00;0,856;Όχι
20/10/2023 16:15;0,781;Όχι
20/10/2023 16:30;0,707;Όχι
20/10/2023 16:45;0,622;Όχι
20/10/2023 17:00;0,519;Όχι
20/10/2023 17:15;0,413;Όχι
20/10/2023 17:30;0,312;Όχι
20/10/2023 17:45;0,226;Όχι
20/10/2023 18:00;0,144;Όχι
20/10/2023 18:15;0,073;Όχι
20/10/2023 18:30;0,024;Όχι
20/10/2023 18:45;0,002;Όχι
20/10/2023 19:00;0;Όχι
20/10/2023 19:15;0;Όχι
20/10/2023 19:30;0;Όχι
20/10/2023 19:45;0;Όχι
20/10/2023 20:00;0;Όχι
20/10/2023 20:15;0;Όχι
20/10/2023 20:30;0;Όχι
20/10/2023 20:45;0;Όχι
20/10/2023 21:00;0;Όχι
20/10/2023 21:15;0;Όχι
20/10/2023 21:30;0;Όχι
20/10/2023 21:45;0;Όχι
20/10/2023 22:00;0;Όχι
20/10/2023 22:15;0;Όχι
20/10/2023 22:30;0;Όχι
20/10/2023 22:45;0;Όχι
20/10/2023 23:00;0;Όχι
20/10/2023 23:15;0;Όχι
20/10/2023 23:30;0;Όχι
20/10/2023 23:45;0;Όχι
21/10/2023 00:00;0;Όχι
21/10/2023 00:15;0;Όχι
21/10/2023 00:30;0;Όχι
21/10/2023 00:45;0;Όχι
21/10/2023 01:00;0;Όχι
21/10/2023 01:15;0;Όχι
21/10/2023 01:30;0;Όχι
21/10/2023 01:45;0;Όχι
21/10/2023 02:00;0;Όχι
21/10/2023 02:15;0;Όχι
21/10/2023 02:30;0;Όχι
21/10/2023 02:45;0;Όχι
21/10/2023 03:00;0;Όχι
21/10/2023 03:15;0;Όχι
21/10/2023 03:30;0;Όχι
21/10/2023 03:45;0;Όχι
21/10/2023 04:00;0;Όχι
21/10/2023 04:15;0;Όχι
21/10/2023 04:30;0;Όχι
21/10/2023 04:45;0;Όχι
21/10/2023 05:00;0;Όχι
21/10/2023 05:15;0;Όχι
21/10/2023 05:30;0;Όχι
21/10/2023 05:45;0;Όχι
21/10/2023 06:00;0;Όχι
21/10/2023 06:15;0;Όχι
21/10/2023 06:30;0;Όχι
21/10/2023 06:45;0;Όχι
21/10/2023 07:00;0;Όχι
21/10/2023 07:15;0;Όχι
21/10/2023 07:30;0;Όχι
21/10/2023 07:45;0;Όχι
21/10/2023 08:00;0;Όχι
21/10/2023 08:15;0,011;Όχι
21/10/2023 08:30;0,026;Όχι
21/10/2023 08:45;0,035;Όχι
21/10/2023 09:00;0,052;Όχι
21/10/2023 09:15;0,076;Όχι
21/10/2023 09:30;0,13;Όχι
21/10/2023 09:45;0,221;Όχι
21/10/2023 10:00;0,475;Όχι
21/10/2023 10:15;0,706;Όχι
21/10/2023 10:30;0,674;Όχι
21/10/2023 10:45;0,628;Όχι
21/10/2023 11:00;0,673;Όχι
21/10/2023 11:15;0,922;Όχι
21/10/2023 11:30;1,025;Όχι
21/10/2023 11:45;0,892;Όχι
21/10/2023 12:00;0,702;Όχι
21/10/2023 12:15;1,16;Όχι
21/10/2023 12:30;1,125;Όχι
21/10/2023 12:45;1,081;Όχι
21/10/2023 13:00;1,113;Όχι
21/10/2023 13:15;1,093;Όχι
21/10/2023 13:30;1,199;Όχι
21/10/2023 13:45;1,173;Όχι
21/10/2023 14:00;1,169;Όχι
21/10/2023 14:15;1,135;Όχι
21/10/2023 14:30;1,086;Όχι
21/10/2023 14:45;1,041;Όχι
21/10/2023 15:00;0,961;Όχι
21/10/2023 15:15;0,732;Όχι
21/10/2023 15:30;0,964;Όχι
21/10/2023 15:45;0,909;Όχι
21/10/2023 16:00;0,82;Όχι
21/10/2023 16:15;0,755;Όχι
21/10/2023 16:30;0,665;Όχι
21/10/2023 16:45;0,576;Όχι
21/10/2023 17:00;0,465;Όχι
21/10/2023 17:15;0,294;Όχι
21/10/2023 17:30;0,102;Όχι
21/10/2023 17:45;0,05;Όχι
21/10/2023 18:00;0,04;Όχι
21/10/2023 18:15;0,021;Όχι
21/10/2023 18:30;0,007;Όχι
21/10/2023 18:45;0;Όχι
21/10/2023 19:00;0;Όχι
21/10/2023 19:15;0;Όχι
21/10/2023 19:30;0;Όχι
21/10/2023 19:45;0;Όχι
21/10/2023 20:00;0;Όχι
21/10/2023 20:15;0;Όχι
21/10/2023 20:30;0;Όχι
21/10/2023 20:45;0;Όχι
21/10/2023 21:00;0;Όχι
21/10/2023 21:15;0;Όχι
21/10/2023 21:30;0;Όχι
21/10/2023 21:45;0;Όχι
21/10/2023 22:00;0;Όχι
21/10/2023 22:15;0;Όχι
21/10/2023 22:30;0;Όχι
21/10/2023 22:45;0;Όχι
21/10/2023 23:00;0;Όχι
21/10/2023 23:15;0;Όχι
21/10/2023 23:30;0;Όχι
21/10/2023 23:45;0;Όχι
22/10/2023 00:00;0;Όχι
22/10/2023 00:15;0;Όχι
22/10/2023 00:30;0;Όχι
22/10/2023 00:45;0;Όχι
22/10/2023 01:00;0;Όχι
22/10/2023 01:15;0;Όχι
22/10/2023 01:30;0;Όχι
22/10/2023 01:45;0;Όχι
22/10/2023 02:00;0;Όχι
22/10/2023 02:15;0;Όχι
22/10/2023 02:30;0;Όχι
22/10/2023 02:45;0;Όχι
22/10/2023 03:00;0;Όχι
22/10/2023 03:15;0;Όχι
22/10/2023 03:30;0;Όχι
22/10/2023 03:45;0;Όχι
22/10/2023 04:00;0;Όχι
22/10/2023 04:15;0;Όχι
22/10/2023 04:30;0;Όχι
22/10/2023 04:45;0;Όχι
22/10/2023 05:00;0;Όχι
22/10/2023 05:15;0;Όχι
22/10/2023 05:30;0;Όχι
22/10/2023 05:45;0;Όχι
22/10/2023 06:00;0;Όχι
22/10/2023 06:15;0;Όχι
22/10/2023 06:30;0;Όχι
22/10/2023 06:45;0;Όχι
22/10/2023 07:00;0;Όχι
22/10/2023 07:15;0;Όχι
22/10/2023 07:30;0;Όχι
22/10/2023 07:45;0;Όχι
22/10/2023 08:00;0,003;Όχι
22/10/2023 08:15;0,022;Όχι
22/10/2023 08:30;0,039;Όχι
22/10/2023 08:45;0,051;Όχι
22/10/2023 09:00;0,095;Όχι
22/10/2023 09:15;0,13;Όχι
22/10/2023 09:30;0,148;Όχι
22/10/2023 09:45;0,159;Όχι
22/10/2023 10:00;0,135;Όχι
22/10/2023 10:15;0,177;Όχι
22/10/2023 10:30;0,252;Όχι
22/10/2023 10:45;0,306;Όχι
22/10/2023 11:00;0,381;Όχι
22/10/2023 11:15;0,247;Όχι
22/10/2023 11:30;0,26;Όχι
22/10/2023 11:45;0,295;Όχι
22/10/2023 12:00;0,324;Όχι
22/10/2023 12:15;0,342;Όχι
22/10/2023 12:30;0,302;Όχι
22/10/2023 12:45;0,334;Όχι
22/10/2023 13:00;0,735;Όχι
22/10/2023 13:15;0,682;Όχι
22/10/2023 13:30;1,116;Όχι
22/10/2023 13:45;1,018;Όχι
22/10/2023 14:00;0,967;Όχι
22/10/2023 14:15;0,918;Όχι
22/10/2023 14:30;0,738;Όχι
22/10/2023 14:45;0,84;Όχι
22/10/2023 15:00;0,725;Όχι
22/10/2023 15:15;0,916;Όχι
22/10/2023 15:30;0,848;Όχι
22/10/2023 15:45;0,799;Όχι
22/10/2023 16:00;0,699;Όχι
22/10/2023 16:15;0,631;Όχι
22/10/2023 16:30;0,561;Όχι
22/10/2023 16:45;0,457;Όχι
22/10/2023 17:00;0,358;Όχι
22/10/2023 17:15;0,312;Όχι
22/10/2023 17:30;0,222;Όχι
22/10/2023 17:45;0,154;Όχι
22/10/2023 18:00;0,095;Όχι
22/10/2023 18:15;0,048;Όχι
22/10/2023 18:30;0,016;Όχι
22/10/2023 18:45;0,001;Όχι
22/10/2023 19:00;0;Όχι
22/10/2023 19:15;0;Όχι
22/10/2023 19:30;0;Όχι
22/10/2023 19:45;0;Όχι
22/10/2023 20:00;0;Όχι
22/10/2023 20:15;0;Όχι
22/10/2023 20:30;0;Όχι
22/10/2023 20:45;0;Όχι
22/10/2023 21:00;0;Όχι
22/10/2023 21:15;0;Όχι
22/10/2023 21:30;0;Όχι
22/10/2023 21:45;0;Όχι
22/10/2023 22:00;0;Όχι
22/10/2023 22:15;0;Όχι
22/10/2023 22:30;0;Όχι
22/10/2023 22:45;0;Όχι
22/10/2023 23:00;0;Όχι
22/10/2023 23:15;0;Όχι
22/10/2023 23:30;0;Όχι
22/10/2023 23:45;0;Όχι
23/10/2023 00:00;0;Όχι
23/10/2023 00:15;0;Όχι
23/10/2023 00:30;0;Όχι
23/10/2023 00:45;0;Όχι
23/10/2023 01:00;0;Όχι
23/10/2023 01:15;0;Όχι
23/10/2023 01:30;0;Όχι
23/10/2023 01:45;0;Όχι
23/10/2023 02:00;0;Όχι
23/10/2023 02:15;0;Όχι
23/10/2023 02:30;0;Όχι
23/10/2023 02:45;0;Όχι
23/10/2023 03:00;0;Όχι
23/10/2023 03:15;0;Όχι
23/10/2023 03:30;0;Όχι
23/10/2023 03:45;0;Όχι
23/10/2023 04:00;0;Όχι
23/10/2023 04:15;0;Όχι
23/10/2023 04:30;0;Όχι
23/10/2023 04:45;0;Όχι
23/10/2023 05:00;0;Όχι
23/10/2023 05:15;0;Όχι
23/10/2023 05:30;0;Όχι
23/10/2023 05:45;0;Όχι
23/10/2023 06:00;0;Όχι
23/10/2023 06:15;0;Όχι
23/10/2023 06:30;0;Όχι
23/10/2023 06:45;0;Όχι
23/10/2023 07:00;0;Όχι
23/10/2023 07:15;0;Όχι
23/10/2023 07:30;0;Όχι
23/10/2023 07:45;0;Όχι
23/10/2023 08:00;0;Όχι
23/10/2023 08:15;0,012;Όχι
23/10/2023 08:30;0,018;Όχι
23/10/2023 08:45;0,02;Όχι
23/10/2023 09:00;0,056;Όχι
23/10/2023 09:15;0,059;Όχι
23/10/2023 09:30;0,046;Όχι
23/10/2023 09:45;0,133;Όχι
23/10/2023 10:00;0,155;Όχι
23/10/2023 10:15;0,144;Όχι
23/10/2023 10:30;0,191;Όχι
23/10/2023 10:45;0,18;Όχι
23/10/2023 11:00;0,232;Όχι
23/10/2023 11:15;0,218;Όχι
23/10/2023 11:30;0,232;Όχι
23/10/2023 11:45;0,282;Όχι
23/10/2023 12:00;0,296;Όχι
23/10/2023 12:15;0,36;Όχι
23/10/2023 12:30;0,362;Όχι
23/10/2023 12:45;0,368;Όχι
23/10/2023 13:00;0,516;Όχι
23/10/2023 13:15;0,853;Όχι
23/10/2023 13:30;1,012;Όχι
23/10/2023 13:45;0,772;Όχι
23/10/2023 14:00;0,921;Όχι
23/10/2023 14:15;1,117;Όχι
23/10/2023 14:30;1,076;Όχι
23/10/2023 14:45;1,036;Όχι
23/10/2023 15:00;0,994;Όχι
23/10/2023 15:15;0,952;Όχι
23/10/2023 15:30;0,896;Όχι
23/10/2023 15:45;0,845;Όχι
23/10/2023 16:00;0,781;Όχι
23/10/2023 16:15;0,702;Όχι
23/10/2023 16:30;0,634;Όχι
23/10/2023 16:45;0,553;Όχι
23/10/2023 17:00;0,465;Όχι
23/10/2023 17:15;0,383;Όχι
23/10/2023 17:30;0,289;Όχι
23/10/2023 17:45;0,197;Όχι
23/10/2023 18:00;0,117;Όχι
23/10/2023 18:15;0,055;Όχι
23/10/2023 18:30;0,011;Όχι
23/10/2023 18:45;0,001;Όχι
23/10/2023 19:00;0;Όχι
23/10/2023 19:15;0;Όχι
23/10/2023 19:30;0;Όχι
23/10/2023 19:45;0;Όχι
23/10/2023 20:00;0;Όχι
23/10/2023 20:15;0;Όχι
23/10/2023 20:30;0;Όχι
23/10/2023 20:45;0;Όχι
23/10/2023 21:00;0;Όχι
23/10/2023 21:15;0;Όχι
23/10/2023 21:30;0;Όχι
23/10/2023 21:45;0;Όχι
23/10/2023 22:00;0;Όχι
23/10/2023 22:15;0;Όχι
23/10/2023 22:30;0;Όχι
23/10/2023 22:45;0;Όχι
23/10/2023 23:00;0;Όχι
23/10/2023 23:15;0;Όχι
23/10/2023 23:30;0;Όχι
23/10/2023 23:45;0;Όχι
24/10/2023 00:00;0;Όχι
24/10/2023 00:15;0;Όχι
24/10/2023 00:30;0;Όχι
24/10/2023 00:45;0;Όχι
24/10/2023 01:00;0;Όχι
24/10/2023 01:15;0;Όχι
24/10/2023 01:30;0;Όχι
24/10/2023 01:45;0;Όχι
24/10/2023 02:00;0;Όχι
24/10/2023 02:15;0;Όχι
24/10/2023 02:30;0;Όχι
24/10/2023 02:45;0;Όχι
24/10/2023 03:00;0;Όχι
24/10/2023 03:15;0;Όχι
24/10/2023 03:30;0;Όχι
24/10/2023 03:45;0;Όχι
24/10/2023 04:00;0;Όχι
24/10/2023 04:15;0;Όχι
24/10/2023 04:30;0;Όχι
24/10/2023 04:45;0;Όχι
24/10/2023 05:00;0;Όχι
24/10/2023 05:15;0;Όχι
24/10/2023 05:30;0;Όχι
24/10/2023 05:45;0;Όχι
24/10/2023 06:00;0;Όχι
24/10/2023 06:15;0;Όχι
24/10/2023 06:30;0;Όχι
24/10/2023 06:45;0;Όχι
24/10/2023 07:00;0;Όχι
24/10/2023 07:15;0;Όχι
24/10/2023 07:30;0;Όχι
24/10/2023 07:45;0;Όχι
24/10/2023 08:00;0,003;Όχι
24/10/2023 08:15;0,027;Όχι
24/10/2023 08:30;0,085;Όχι
24/10/2023 08:45;0,153;Όχι
24/10/2023 09:00;0,218;Όχι
24/10/2023 09:15;0,284;Όχι
24/10/2023 09:30;0,333;Όχι
24/10/2023 09:45;0,418;Όχι
24/10/2023 10:00;0,53;Όχι
24/10/2023 10:15;0,663;Όχι
24/10/2023 10:30;0,665;Όχι
24/10/2023 10:45;0,755;Όχι
24/10/2023 11:00;0,794;Όχι
24/10/2023 11:15;0,794;Όχι
24/10/2023 11:30;0,817;Όχι
24/10/2023 11:45;0,929;Όχι
24/10/2023 12:00;0,926;Όχι
24/10/2023 12:15;0,881;Όχι
24/10/2023 12:30;1,059;Όχι
24/10/2023 12:45;1,041;Όχι
24/10/2023 13:00;0,96;Όχι
24/10/2023 13:15;0,945;Όχι
24/10/2023 13:30;0,947;Όχι
24/10/2023 13:45;0,939;Όχι
24/10/2023 14:00;1,023;Όχι
24/10/2023 14:15;1;Όχι
24/10/2023 14:30;0,993;Όχι
24/10/2023 14:45;0,772;Όχι
24/10/2023 15:00;0,753;Όχι
24/10/2023 15:15;0,733;Όχι
24/10/2023 15:30;0,622;Όχι
24/10/2023 15:45;0,227;Όχι
24/10/2023 16:00;0,087;Όχι
24/10/2023 16:15;0,364;Όχι
24/10/2023 16:30;0,392;Όχι
24/10/2023 16:45;0,377;Όχι
24/10/2023 17:00;0,259;Όχι
24/10/2023 17:15;0,237;Όχι
24/10/2023 17:30;0,2;Όχι
24/10/2023 17:45;0,152;Όχι
24/10/2023 18:00;0,081;Όχι
24/10/2023 18:15;0,045;Όχι
24/10/2023 18:30;0,007;Όχι
24/10/2023 18:45;0;Όχι
24/10/2023 19:00;0;Όχι
24/10/2023 19:15;0;Όχι
24/10/2023 19:30;0;Όχι
24/10/2023 19:45;0;Όχι
24/10/2023 20:00;0;Όχι
24/10/2023 20:15;0;Όχι
24/10/2023 20:30;0;Όχι
24/10/2023 20:45;0;Όχι
24/10/2023 21:00;0;Όχι
24/10/2023 21:15;0;Όχι
24/10/2023 21:30;0;Όχι
24/10/2023 21:45;0;Όχι
24/10/2023 22:00;0;Όχι
24/10/2023 22:15;0;Όχι
24/10/2023 22:30;0;Όχι
24/10/2023 22:45;0;Όχι
24/10/2023 23:00;0;Όχι
24/10/2023 23:15;0;Όχι
24/10/2023 23:30;0;Όχι
24/10/2023 23:45;0;Όχι
25/10/2023 00:00;0;Όχι
25/10/2023 00:15;0;Όχι
25/10/2023 00:30;0;Όχι
25/10/2023 00:45;0;Όχι
25/10/2023 01:00;0;Όχι
25/10/2023 01:15;0;Όχι
25/10/2023 01:30;0;Όχι
25/10/2023 01:45;0;Όχι
25/10/2023 02:00;0;Όχι
25/10/2023 02:15;0;Όχι
25/10/2023 02:30;0;Όχι
25/10/2023 02:45;0;Όχι
25/10/2023 03:00;0;Όχι
25/10/2023 03:15;0;Όχι
25/10/2023 03:30;0;Όχι
25/10/2023 03:45;0;Όχι
25/10/2023 04:00;0;Όχι
25/10/2023 04:15;0;Όχι
25/10/2023 04:30;0;Όχι
25/10/2023 04:45;0;Όχι
25/10/2023 05:00;0;Όχι
25/10/2023 05:15;0;Όχι
25/10/2023 05:30;0;Όχι
25/10/2023 05:45;0;Όχι
25/10/2023 06:00;0;Όχι
25/10/2023 06:15;0;Όχι
25/10/2023 06:30;0;Όχι
25/10/2023 06:45;0;Όχι
25/10/2023 07:00;0;Όχι
25/10/2023 07:15;0;Όχι
25/10/2023 07:30;0;Όχι
25/10/2023 07:45;0;Όχι
25/10/2023 08:00;0;Όχι
25/10/2023 08:15;0;Όχι
25/10/2023 08:30;0,005;Όχι
25/10/2023 08:45;0,043;Όχι
25/10/2023 09:00;0,081;Όχι
25/10/2023 09:15;0,07;Όχι
25/10/2023 09:30;0,056;Όχι
25/10/2023 09:45;0,075;Όχι
25/10/2023 10:00;0,108;Όχι
25/10/2023 10:15;0,115;Όχι
25/10/2023 10:30;0,195;Όχι
25/10/2023 10:45;0,229;Όχι
25/10/2023 11:00;0,307;Όχι
25/10/2023 11:15;0,22;Όχι
25/10/2023 11:30;0,34;Όχι
25/10/2023 11:45;0,321;Όχι
25/10/2023 12:00;0,269;Όχι
25/10/2023 12:15;0,278;Όχι
25/10/2023 12:30;0,586;Όχι
25/10/2023 12:45;0,477;Όχι
25/10/2023 13:00;0,596;Όχι
25/10/2023 13:15;0,58;Όχι
25/10/2023 13:30;0,595;Όχι
25/10/2023 13:45;0,391;Όχι
25/10/2023 14:00;0,467;Όχι
25/10/2023 14:15;0,513;Όχι
25/10/2023 14:30;0,49;Όχι
25/10/2023 14:45;0,383;Όχι
25/10/2023 15:00;0,388;Όχι
25/10/2023 15:15;0,378;Όχι
25/10/2023 15:30;0,329;Όχι
25/10/2023 15:45;0,263;Όχι
25/10/2023 16:00;0,242;Όχι
25/10/2023 16:15;0,257;Όχι
25/10/2023 16:30;0,223;Όχι
25/10/2023 16:45;0,162;Όχι
25/10/2023 17:00;0,187;Όχι
25/10/2023 17:15;0,127;Όχι
25/10/2023 17:30;0,184;Όχι
25/10/2023 17:45;0,267;Όχι
25/10/2023 18:00;0,098;Όχι
25/10/2023 18:15;0,02;Όχι
25/10/2023 18:30;0,006;Όχι
25/10/2023 18:45;0;Όχι
25/10/2023 19:00;0;Όχι
25/10/2023 19:15;0;Όχι
25/10/2023 19:30;0;Όχι
25/10/2023 19:45;0;Όχι
25/10/2023 20:00;0;Όχι
25/10/2023 20:15;0;Όχι
25/10/2023 20:30;0;Όχι
25/10/2023 20:45;0;Όχι
25/10/2023 21:00;0;Όχι
25/10/2023 21:15;0;Όχι
25/10/2023 21:30;0;Όχι
25/10/2023 21:45;0;Όχι
25/10/2023 22:00;0;Όχι
25/10/2023 22:15;0;Όχι
25/10/2023 22:30;0;Όχι
25/10/2023 22:45;0;Όχι
25/10/2023 23:00;0;Όχι
25/10/2023 23:15;0;Όχι
25/10/2023 23:30;0;Όχι
25/10/2023 23:45;0;Όχι
26/10/2023 00:00;0;Όχι
26/10/2023 00:15;0;Όχι
26/10/2023 00:30;0;Όχι
26/10/2023 00:45;0;Όχι
26/10/2023 01:00;0;Όχι
26/10/2023 01:15;0;Όχι
26/10/2023 01:30;0;Όχι
26/10/2023 01:45;0;Όχι
26/10/2023 02:00;0;Όχι
26/10/2023 02:15;0;Όχι
26/10/2023 02:30;0;Όχι
26/10/2023 02:45;0;Όχι
26/10/2023 03:00;0;Όχι
26/10/2023 03:15;0;Όχι
26/10/2023 03:30;0;Όχι
26/10/2023 03:45;0;Όχι
26/10/2023 04:00;0;Όχι
26/10/2023 04:15;0;Όχι
26/10/2023 04:30;0;Όχι
26/10/2023 04:45;0;Όχι
26/10/2023 05:00;0;Όχι
26/10/2023 05:15;0;Όχι
26/10/2023 05:30;0;Όχι
26/10/2023 05:45;0;Όχι
26/10/2023 06:00;0;Όχι
26/10/2023 06:15;0;Όχι
26/10/2023 06:30;0;Όχι
26/10/2023 06:45;0;Όχι
26/10/2023 07:00;0;Όχι
26/10/2023 07:15;0;Όχι
26/10/2023 07:30;0;Όχι
26/10/2023 07:45;0;Όχι
26/10/2023 08:00;0;Όχι
26/10/2023 08:15;0;Όχι
26/10/2023 08:30;0,004;Όχι
26/10/2023 08:45;0,028;Όχι
26/10/2023 09:00;0,023;Όχι
26/10/2023 09:15;0,014;Όχι
26/10/2023 09:30;0,009;Όχι
26/10/2023 09:45;0,01;Όχι
26/10/2023 10:00;0,009;Όχι
26/10/2023 10:15;0,011;Όχι
26/10/2023 10:30;0,072;Όχι
26/10/2023 10:45;0,145;Όχι
26/10/2023 11:00;0,198;Όχι
26/10/2023 11:15;0,187;Όχι
26/10/2023 11:30;0,157;Όχι
26/10/2023 11:45;0,163;Όχι
26/10/2023 12:00;0,162;Όχι
26/10/2023 12:15;0,176;Όχι
26/10/2023 12:30;0,18;Όχι
26/10/2023 12:45;0,398;Όχι
26/10/2023 13:00;0,906;Όχι
26/10/2023 13:15;1,198;Όχι
26/10/2023 13:30;1,171;Όχι
26/10/2023 13:45;1,184;Όχι
26/10/2023 14:00;1,146;Όχι
26/10/2023 14:15;1,163;Όχι
26/10/2023 14:30;1,156;Όχι
26/10/2023 14:45;1,156;Όχι
26/10/2023 15:00;1,074;Όχι
26/10/2023 15:15;1,034;Όχι
26/10/2023 15:30;0,556;Όχι
26/10/2023 15:45;0,777;Όχι
26/10/2023 16:00;0,878;Όχι
26/10/2023 16:15;0,801;Όχι
26/10/2023 16:30;0,702;Όχι
26/10/2023 16:45;0,609;Όχι
26/10/2023 17:00;0,511;Όχι
26/10/2023 17:15;0,41;Όχι
26/10/2023 17:30;0,31;Όχι
26/10/2023 17:45;0,061;Όχι
26/10/2023 18:00;0,083;Όχι
26/10/2023 18:15;0,025;Όχι
26/10/2023 18:30;0,002;Όχι
26/10/2023 18:45;0;Όχι
26/10/2023 19:00;0;Όχι
26/10/2023 19:15;0;Όχι
26/10/2023 19:30;0;Όχι
26/10/2023 19:45;0;Όχι
26/10/2023 20:00;0;Όχι
26/10/2023 20:15;0;Όχι
26/10/2023 20:30;0;Όχι
26/10/2023 20:45;0;Όχι
26/10/2023 21:00;0;Όχι
26/10/2023 21:15;0;Όχι
26/10/2023 21:30;0;Όχι
26/10/2023 21:45;0;Όχι
26/10/2023 22:00;0;Όχι
26/10/2023 22:15;0;Όχι
26/10/2023 22:30;0;Όχι
26/10/2023 22:45;0;Όχι
26/10/2023 23:00;0;Όχι
26/10/2023 23:15;0;Όχι
26/10/2023 23:30;0;Όχι
26/10/2023 23:45;0;Όχι
27/10/2023 00:00;0;Όχι
27/10/2023 00:15;0;Όχι
27/10/2023 00:30;0;Όχι
27/10/2023 00:45;0;Όχι
27/10/2023 01:00;0;Όχι
27/10/2023 01:15;0;Όχι
27/10/2023 01:30;0;Όχι
27/10/2023 01:45;0;Όχι
27/10/2023 02:00;0;Όχι
27/10/2023 02:15;0;Όχι
27/10/2023 02:30;0;Όχι
27/10/2023 02:45;0;Όχι
27/10/2023 03:00;0;Όχι
27/10/2023 03:15;0;Όχι
27/10/2023 03:30;0;Όχι
27/10/2023 03:45;0;Όχι
27/10/2023 04:00;0;Όχι
27/10/2023 04:15;0;Όχι
27/10/2023 04:30;0;Όχι
27/10/2023 04:45;0;Όχι
27/10/2023 05:00;0;Όχι
27/10/2023 05:15;0;Όχι
27/10/2023 05:30;0;Όχι
27/10/2023 05:45;0;Όχι
27/10/2023 06:00;0;Όχι
27/10/2023 06:15;0;Όχι
27/10/2023 06:30;0;Όχι
27/10/2023 06:45;0;Όχι
27/10/2023 07:00;0;Όχι
27/10/2023 07:15;0;Όχι
27/10/2023 07:30;0;Όχι
27/10/2023 07:45;0;Όχι
27/10/2023 08:00;0;Όχι
27/10/2023 08:15;0,02;Όχι
27/10/2023 08:30;0,049;Όχι
27/10/2023 08:45;0,161;Όχι
27/10/2023 09:00;0,105;Όχι
27/10/2023 09:15;0,229;Όχι
27/10/2023 09:30;0,26;Όχι
27/10/2023 09:45;0,529;Όχι
27/10/2023 10:00;0,698;Όχι
27/10/2023 10:15;0,598;Όχι
27/10/2023 10:30;0,52;Όχι
27/10/2023 10:45;0,699;Όχι
27/10/2023 11:00;0,641;Όχι
27/10/2023 11:15;0,955;Όχι
27/10/2023 11:30;1,081;Όχι
27/10/2023 11:45;0,799;Όχι
27/10/2023 12:00;0,946;Όχι
27/10/2023 12:15;1,024;Όχι
27/10/2023 12:30;1,022;Όχι
27/10/2023 12:45;0,842;Όχι
27/10/2023 13:00;0,916;Όχι
27/10/2023 13:15;0,743;Όχι
27/10/2023 13:30;0,761;Όχι
27/10/2023 13:45;0,791;Όχι
27/10/2023 14:00;0,663;Όχι
27/10/2023 14:15;0,586;Όχι
27/10/2023 14:30;0,706;Όχι
27/10/2023 14:45;0,609;Όχι
27/10/2023 15:00;0,713;Όχι
27/10/2023 15:15;0,604;Όχι
27/10/2023 15:30;0,455;Όχι
27/10/2023 15:45;0,306;Όχι
27/10/2023 16:00;0,248;Όχι
27/10/2023 16:15;0,216;Όχι
27/10/2023 16:30;0,144;Όχι
27/10/2023 16:45;0,117;Όχι
27/10/2023 17:00;0,103;Όχι
27/10/2023 17:15;0,125;Όχι
27/10/2023 17:30;0,157;Όχι
27/10/2023 17:45;0,088;Όχι
27/10/2023 18:00;0,042;Όχι
27/10/2023 18:15;0,014;Όχι
27/10/2023 18:30;0,001;Όχι
27/10/2023 18:45;0;Όχι
27/10/2023 19:00;0;Όχι
27/10/2023 19:15;0;Όχι
27/10/2023 19:30;0;Όχι
27/10/2023 19:45;0;Όχι
27/10/2023 20:00;0;Όχι
27/10/2023 20:15;0;Όχι
27/10/2023 20:30;0;Όχι
27/10/2023 20:45;0;Όχι
27/10/2023 21:00;0;Όχι
27/10/2023 21:15;0;Όχι
27/10/2023 21:30;0;Όχι
27/10/2023 21:45;0;Όχι
27/10/2023 22:00;0;Όχι
27/10/2023 22:15;0;Όχι
27/10/2023 22:30;0;Όχι
27/10/2023 22:45;0;Όχι
27/10/2023 23:00;0;Όχι
27/10/2023 23:15;0;Όχι
27/10/2023 23:30;0;Όχι
27/10/2023 23:45;0;Όχι
28/10/2023 00:00;0;Όχι
28/10/2023 00:15;0;Όχι
28/10/2023 00:30;0;Όχι
28/10/2023 00:45;0;Όχι
28/10/2023 01:00;0;Όχι
28/10/2023 01:15;0;Όχι
28/10/2023 01:30;0;Όχι
28/10/2023 01:45;0;Όχι
28/10/2023 02:00;0;Όχι
28/10/2023 02:15;0;Όχι
28/10/2023 02:30;0;Όχι
28/10/2023 02:45;0;Όχι
28/10/2023 03:00;0;Όχι
28/10/2023 03:15;0;Όχι
28/10/2023 03:30;0;Όχι
28/10/2023 03:45;0;Όχι
28/10/2023 04:00;0;Όχι
28/10/2023 04:15;0;Όχι
28/10/2023 04:30;0;Όχι
28/10/2023 04:45;0;Όχι
28/10/2023 05:00;0;Όχι
28/10/2023 05:15;0;Όχι
28/10/2023 05:30;0;Όχι
28/10/2023 05:45;0;Όχι
28/10/2023 06:00;0;Όχι
28/10/2023 06:15;0;Όχι
28/10/2023 06:30;0;Όχι
28/10/2023 06:45;0;Όχι
28/10/2023 07:00;0;Όχι
28/10/2023 07:15;0;Όχι
28/10/2023 07:30;0;Όχι
28/10/2023 07:45;0;Όχι
28/10/2023 08:00;0;Όχι
28/10/2023 08:15;0,023;Όχι
28/10/2023 08:30;0,113;Όχι
28/10/2023 08:45;0,195;Όχι
28/10/2023 09:00;0,293;Όχι
28/10/2023 09:15;0,351;Όχι
28/10/2023 09:30;0,424;Όχι
28/10/2023 09:45;0,445;Όχι
28/10/2023 10:00;0,312;Όχι
28/10/2023 10:15;0,688;Όχι
28/10/2023 10:30;0,662;Όχι
28/10/2023 10:45;0,858;Όχι
28/10/2023 11:00;0,85;Όχι
28/10/2023 11:15;0,969;Όχι
28/10/2023 11:30;0,967;Όχι
28/10/2023 11:45;1,047;Όχι
28/10/2023 12:00;1,022;Όχι
28/10/2023 12:15;0,885;Όχι
28/10/2023 12:30;1,092;Όχι
28/10/2023 12:45;1,201;Όχι
28/10/2023 13:00;1,232;Όχι
28/10/2023 13:15;1,19;Όχι
28/10/2023 13:30;1,187;Όχι
28/10/2023 13:45;1,172;Όχι
28/10/2023 14:00;1,143;Όχι
28/10/2023 14:15;1,146;Όχι
28/10/2023 14:30;1,169;Όχι
28/10/2023 14:45;1,101;Όχι
28/10/2023 15:00;1,06;Όχι
28/10/2023 15:15;1,004;Όχι
28/10/2023 15:30;0,956;Όχι
28/10/2023 15:45;0,909;Όχι
28/10/2023 16:00;0,827;Όχι
28/10/2023 16:15;0,706;Όχι
28/10/2023 16:30;0,373;Όχι
28/10/2023 16:45;0,163;Όχι
28/10/2023 17:00;0,135;Όχι
28/10/2023 17:15;0,115;Όχι
28/10/2023 17:30;0,088;Όχι
28/10/2023 17:45;0,048;Όχι
28/10/2023 18:00;0,02;Όχι
28/10/2023 18:15;0,006;Όχι
28/10/2023 18:30;0,001;Όχι
28/10/2023 18:45;0;Όχι
28/10/2023 19:00;0;Όχι
28/10/2023 19:15;0;Όχι
28/10/2023 19:30;0;Όχι
28/10/2023 19:45;0;Όχι
28/10/2023 20:00;0;Όχι
28/10/2023 20:15;0;Όχι
28/10/2023 20:30;0;Όχι
28/10/2023 20:45;0;Όχι
28/10/2023 21:00;0;Όχι
28/10/2023 21:15;0;Όχι
28/10/2023 21:30;0;Όχι
28/10/2023 21:45;0;Όχι
28/10/2023 22:00;0;Όχι
28/10/2023 22:15;0;Όχι
28/10/2023 22:30;0;Όχι
28/10/2023 22:45;0;Όχι
28/10/2023 23:00;0;Όχι
28/10/2023 23:15;0;Όχι
28/10/2023 23:30;0;Όχι
28/10/2023 23:45;0;Όχι
29/10/2023 00:00;0;Όχι
29/10/2023 00:15;0;Όχι
29/10/2023 00:30;0;Όχι
29/10/2023 00:45;0;Όχι
29/10/2023 01:00;0;Όχι
29/10/2023 01:15;0;Όχι
29/10/2023 01:30;0;Όχι
29/10/2023 01:45;0;Όχι
29/10/2023 02:00;0;Όχι
29/10/2023 02:15;0;Όχι
29/10/2023 02:30;0;Όχι
29/10/2023 02:45;0;Όχι
29/10/2023 03:00;0;Όχι
29/10/2023 03:15;0;Όχι
29/10/2023 03:30;0;Όχι
29/10/2023 03:45;0;Όχι
29/10/2023 04:00;0;Όχι
29/10/2023 04:15;0;Όχι
29/10/2023 04:30;0;Όχι
29/10/2023 04:45;0;Όχι
29/10/2023 05:00;0;Όχι
29/10/2023 05:15;0;Όχι
29/10/2023 05:30;0;Όχι
29/10/2023 05:45;0;Όχι
29/10/2023 06:00;0;Όχι
29/10/2023 06:15;0;Όχι
29/10/2023 06:30;0;Όχι
29/10/2023 06:45;0;Όχι
29/10/2023 07:00;0;Όχι
29/10/2023 07:15;0;Όχι
29/10/2023 07:30;0;Όχι
29/10/2023 07:45;0;Όχι
29/10/2023 08:00;0;Όχι
29/10/2023 08:15;0,016;Όχι
29/10/2023 08:30;0,08;Όχι
29/10/2023 08:45;0,139;Όχι
29/10/2023 09:00;0,266;Όχι
29/10/2023 09:15;0,346;Όχι
29/10/2023 09:30;0,435;Όχι
29/10/2023 09:45;0,537;Όχι
29/10/2023 10:00;0,624;Όχι
29/10/2023 10:15;0,713;Όχι
29/10/2023 10:30;0,798;Όχι
29/10/2023 10:45;0,866;Όχι
29/10/2023 11:00;0,927;Όχι
29/10/2023 11:15;0,981;Όχι
29/10/2023 11:30;1,035;Όχι
29/10/2023 11:45;1,084;Όχι
29/10/2023 12:00;1,126;Όχι
29/10/2023 12:15;1,034;Όχι
29/10/2023 12:30;1,185;Όχι
29/10/2023 12:45;1,206;Όχι
29/10/2023 13:00;1,203;Όχι
29/10/2023 13:15;1,209;Όχι
29/10/2023 13:30;1,208;Όχι
29/10/2023 13:45;1,203;Όχι
29/10/2023 14:00;1,183;Όχι
29/10/2023 14:15;1,161;Όχι
29/10/2023 14:30;1,137;Όχι
29/10/2023 14:45;1,1;Όχι
29/10/2023 15:00;1,059;Όχι
29/10/2023 15:15;1,007;Όχι
29/10/2023 15:30;0,955;Όχι
29/10/2023 15:45;0,903;Όχι
29/10/2023 16:00;0,841;Όχι
29/10/2023 16:15;0,772;Όχι
29/10/2023 16:30;0,692;Όχι
29/10/2023 16:45;0,606;Όχι
29/10/2023 17:00;0,512;Όχι
29/10/2023 17:15;0,417;Όχι
29/10/2023 17:30;0,319;Όχι
29/10/2023 17:45;0,218;Όχι
29/10/2023 18:00;0,128;Όχι
29/10/2023 18:15;0,052;Όχι
29/10/2023 18:30;0,002;Όχι
29/10/2023 18:45;0;Όχι
29/10/2023 19:00;0;Όχι
29/10/2023 19:15;0;Όχι
29/10/2023 19:30;0;Όχι
29/10/2023 19:45;0;Όχι
29/10/2023 20:00;0;Όχι
29/10/2023 20:15;0;Όχι
29/10/2023 20:30;0;Όχι
29/10/2023 20:45;0;Όχι
29/10/2023 21:00;0;Όχι
29/10/2023 21:15;0;Όχι
29/10/2023 21:30;0;Όχι
29/10/2023 21:45;0;Όχι
29/10/2023 22:00;0;Όχι
29/10/2023 22:15;0;Όχι
29/10/2023 22:30;0;Όχι
29/10/2023 22:45;0;Όχι
29/10/2023 23:00;0;Όχι
29/10/2023 23:15;0;Όχι
29/10/2023 23:30;0;Όχι
29/10/2023 23:45;0;Όχι
30/10/2023 00:00;0;Όχι
30/10/2023 00:15;0;Όχι
30/10/2023 00:30;0;Όχι
30/10/2023 00:45;0;Όχι
30/10/2023 01:00;0;Όχι
30/10/2023 01:15;0;Όχι
30/10/2023 01:30;0;Όχι
30/10/2023 01:45;0;Όχι
30/10/2023 02:00;0;Όχι
30/10/2023 02:15;0;Όχι
30/10/2023 02:30;0;Όχι
30/10/2023 02:45;0;Όχι
30/10/2023 03:00;0;Όχι
30/10/2023 03:15;0;Όχι
30/10/2023 03:30;0;Όχι
30/10/2023 03:45;0;Όχι
30/10/2023 04:00;0;Όχι
30/10/2023 04:15;0;Όχι
30/10/2023 04:30;0;Όχι
30/10/2023 04:45;0;Όχι
30/10/2023 05:00;0;Όχι
30/10/2023 05:15;0;Όχι
30/10/2023 05:30;0;Όχι
30/10/2023 05:45;0;Όχι
30/10/2023 06:00;0;Όχι
30/10/2023 06:15;0;Όχι
30/10/2023 06:30;0;Όχι
30/10/2023 06:45;0;Όχι
30/10/2023 07:00;0;Όχι
30/10/2023 07:15;0,017;Όχι
30/10/2023 07:30;0,079;Όχι
30/10/2023 07:45;0,164;Όχι
30/10/2023 08:00;0,26;Όχι
30/10/2023 08:15;0,354;Όχι
30/10/2023 08:30;0,434;Όχι
30/10/2023 08:45;0,53;Όχι
30/10/2023 09:00;0,615;Όχι
30/10/2023 09:15;0,697;Όχι
30/10/2023 09:30;0,773;Όχι
30/10/2023 09:45;0,843;Όχι
30/10/2023 10:00;0,908;Όχι
30/10/2023 10:15;0,963;Όχι
30/10/2023 10:30;1,011;Όχι
30/10/2023 10:45;1,057;Όχι
30/10/2023 11:00;1,096;Όχι
30/10/2023 11:15;1,127;Όχι
30/10/2023 11:30;1,149;Όχι
30/10/2023 11:45;1,166;Όχι
30/10/2023 12:00;1,174;Όχι
30/10/2023 12:15;1,172;Όχι
30/10/2023 12:30;1,168;Όχι
30/10/2023 12:45;1,161;Όχι
30/10/2023 13:00;1,153;Όχι
30/10/2023 13:15;1,127;Όχι
30/10/2023 13:30;1,114;Όχι
30/10/2023 13:45;1,076;Όχι
30/10/2023 14:00;1,043;Όχι
30/10/2023 14:15;1,009;Όχι
30/10/2023 14:30;0,951;Όχι
30/10/2023 14:45;0,897;Όχι
30/10/2023 15:00;0,824;Όχι
30/10/2023 15:15;0,76;Όχι
30/10/2023 15:30;0,682;Όχι
30/10/2023 15:45;0,591;Όχι
30/10/2023 16:00;0,499;Όχι
30/10/2023 16:15;0,405;Όχι
30/10/2023 16:30;0,311;Όχι
30/10/2023 16:45;0,212;Όχι
30/10/2023 17:00;0,124;Όχι
30/10/2023 17:15;0,05;Όχι
30/10/2023 17:30;0,005;Όχι
30/10/2023 17:45;0;Όχι
30/10/2023 18:00;0;Όχι
30/10/2023 18:15;0;Όχι
30/10/2023 18:30;0;Όχι
30/10/2023 18:45;0;Όχι
30/10/2023 19:00;0;Όχι
30/10/2023 19:15;0;Όχι
30/10/2023 19:30;0;Όχι
30/10/2023 19:45;0;Όχι
30/10/2023 20:00;0;Όχι
30/10/2023 20:15;0;Όχι
30/10/2023 20:30;0;Όχι
30/10/2023 20:45;0;Όχι
30/10/2023 21:00;0;Όχι
30/10/2023 21:15;0;Όχι
30/10/2023 21:30;0;Όχι
30/10/2023 21:45;0;Όχι
30/10/2023 22:00;0;Όχι
30/10/2023 22:15;0;Όχι
30/10/2023 22:30;0;Όχι
30/10/2023 22:45;0;Όχι
30/10/2023 23:00;0;Όχι
30/10/2023 23:15;0;Όχι
30/10/2023 23:30;0;Όχι
30/10/2023 23:45;0;Όχι
31/10/2023 00:00;0;Όχι
31/10/2023 00:15;0;Όχι
31/10/2023 00:30;0;Όχι
31/10/2023 00:45;0;Όχι
31/10/2023 01:00;0;Όχι
31/10/2023 01:15;0;Όχι
31/10/2023 01:30;0;Όχι
31/10/2023 01:45;0;Όχι
31/10/2023 02:00;0;Όχι
31/10/2023 02:15;0;Όχι
31/10/2023 02:30;0;Όχι
31/10/2023 02:45;0;Όχι
31/10/2023 03:00;0;Όχι
31/10/2023 03:15;0;Όχι
31/10/2023 03:30;0;Όχι
31/10/2023 03:45;0;Όχι
31/10/2023 04:00;0;Όχι
31/10/2023 04:15;0;Όχι
31/10/2023 04:30;0;Όχι
31/10/2023 04:45;0;Όχι
31/10/2023 05:00;0;Όχι
31/10/2023 05:15;0;Όχι
31/10/2023 05:30;0;Όχι
31/10/2023 05:45;0;Όχι
31/10/2023 06:00;0;Όχι
31/10/2023 06:15;0;Όχι
31/10/2023 06:30;0;Όχι
31/10/2023 06:45;0;Όχι
31/10/2023 07:00;0;Όχι
31/10/2023 07:15;0,013;Όχι
31/10/2023 07:30;0,074;Όχι
31/10/2023 07:45;0,157;Όχι
31/10/2023 08:00;0,248;Όχι
31/10/2023 08:15;0,31;Όχι
31/10/2023 08:30;0,426;Όχι
31/10/2023 08:45;0,522;Όχι
31/10/2023 09:00;0,614;Όχι
31/10/2023 09:15;0,693;Όχι
31/10/2023 09:30;0,764;Όχι
31/10/2023 09:45;0,84;Όχι
31/10/2023 10:00;0,905;Όχι
31/10/2023 10:15;0,962;Όχι
31/10/2023 10:30;1,017;Όχι
31/10/2023 10:45;1,052;Όχι
31/10/2023 11:00;1,092;Όχι
31/10/2023 11:15;1,136;Όχι
31/10/2023 11:30;0,946;Όχι
31/10/2023 11:45;1,138;Όχι
31/10/2023 12:00;1,165;Όχι
31/10/2023 12:15;1,072;Όχι
31/10/2023 12:30;0,883;Όχι
31/10/2023 12:45;0,548;Όχι
31/10/2023 13:00;0,584;Όχι
31/10/2023 13:15;0,603;Όχι
31/10/2023 13:30;0,874;Όχι
31/10/2023 13:45;1,162;Όχι
31/10/2023 14:00;0,55;Όχι
31/10/2023 14:15;0,462;Όχι
31/10/2023 14:30;0,832;Όχι
31/10/2023 14:45;0,903;Όχι
31/10/2023 15:00;0,838;Όχι
31/10/2023 15:15;0,397;Όχι
31/10/2023 15:30;0,317;Όχι
31/10/2023 15:45;0,281;Όχι
31/10/2023 16:00;0,199;Όχι
31/10/2023 16:15;0,13;Όχι
31/10/2023 16:30;0,097;Όχι
31/10/2023 16:45;0,059;Όχι
31/10/2023 17:00;0,038;Όχι
31/10/2023 17:15;0,011;Όχι
31/10/2023 17:30;0;Όχι
31/10/2023 17:45;0;Όχι
31/10/2023 18:00;0;Όχι
31/10/2023 18:15;0;Όχι
31/10/2023 18:30;0;Όχι
31/10/2023 18:45;0;Όχι
31/10/2023 19:00;0;Όχι
31/10/2023 19:15;0;Όχι
31/10/2023 19:30;0;Όχι
31/10/2023 19:45;0;Όχι
31/10/2023 20:00;0;Όχι
31/10/2023 20:15;0;Όχι
31/10/2023 20:30;0;Όχι
31/10/2023 20:45;0;Όχι
31/10/2023 21:00;0;Όχι
31/10/2023 21:15;0;Όχι
31/10/2023 21:30;0;Όχι
31/10/2023 21:45;0;Όχι
31/10/2023 22:00;0;Όχι
31/10/2023 22:15;0;Όχι
31/10/2023 22:30;0;Όχι
31/10/2023 22:45;0;Όχι
31/10/2023 23:00;0;Όχι
31/10/2023 23:15;0;Όχι
31/10/2023 23:30;0;Όχι
31/10/2023 23:45;0;Όχι
01/11/2023 00:00;0;Όχι
01/11/2023 00:15;0;Όχι
01/11/2023 00:30;0;Όχι
01/11/2023 00:45;0;Όχι
01/11/2023 01:00;0;Όχι
01/11/2023 01:15;0;Όχι
01/11/2023 01:30;0;Όχι
01/11/2023 01:45;0;Όχι
01/11/2023 02:00;0;Όχι
01/11/2023 02:15;0;Όχι
01/11/2023 02:30;0;Όχι
01/11/2023 02:45;0;Όχι
01/11/2023 03:00;0;Όχι
01/11/2023 03:15;0;Όχι
01/11/2023 03:30;0;Όχι
01/11/2023 03:45;0;Όχι
01/11/2023 04:00;0;Όχι
01/11/2023 04:15;0;Όχι
01/11/2023 04:30;0;Όχι
01/11/2023 04:45;0;Όχι
01/11/2023 05:00;0;Όχι
01/11/2023 05:15;0;Όχι
01/11/2023 05:30;0;Όχι
01/11/2023 05:45;0;Όχι
01/11/2023 06:00;0;Όχι
01/11/2023 06:15;0;Όχι
01/11/2023 06:30;0;Όχι
01/11/2023 06:45;0;Όχι
01/11/2023 07:00;0;Όχι
01/11/2023 07:15;0;Όχι
01/11/2023 07:30;0,011;Όχι
01/11/2023 07:45;0,035;Όχι
01/11/2023 08:00;0,091;Όχι
01/11/2023 08:15;0,183;Όχι
01/11/2023 08:30;0,315;Όχι
01/11/2023 08:45;0,483;Όχι
01/11/2023 09:00;0,52;Όχι
01/11/2023 09:15;0,631;Όχι
01/11/2023 09:30;0,785;Όχι
01/11/2023 09:45;0,854;Όχι
01/11/2023 10:00;0,899;Όχι
01/11/2023 10:15;0,566;Όχι
01/11/2023 10:30;0,84;Όχι
01/11/2023 10:45;0,891;Όχι
01/11/2023 11:00;0,845;Όχι
01/11/2023 11:15;1,008;Όχι
01/11/2023 11:30;1,084;Όχι
01/11/2023 11:45;1,159;Όχι
01/11/2023 12:00;1,144;Όχι
01/11/2023 12:15;1,135;Όχι
01/11/2023 12:30;1,134;Όχι
01/11/2023 12:45;1,125;Όχι
01/11/2023 13:00;1,121;Όχι
01/11/2023 13:15;1,054;Όχι
01/11/2023 13:30;1,072;Όχι
01/11/2023 13:45;1,054;Όχι
01/11/2023 14:00;0,995;Όχι
01/11/2023 14:15;0,964;Όχι
01/11/2023 14:30;0,918;Όχι
01/11/2023 14:45;0,884;Όχι
01/11/2023 15:00;0,842;Όχι
01/11/2023 15:15;0,68;Όχι
01/11/2023 15:30;0,632;Όχι
01/11/2023 15:45;0,468;Όχι
01/11/2023 16:00;0,407;Όχι
01/11/2023 16:15;0,355;Όχι
01/11/2023 16:30;0,198;Όχι
01/11/2023 16:45;0,194;Όχι
01/11/2023 17:00;0,103;Όχι
01/11/2023 17:15;0,02;Όχι
01/11/2023 17:30;0,001;Όχι
01/11/2023 17:45;0;Όχι
01/11/2023 18:00;0;Όχι
01/11/2023 18:15;0;Όχι
01/11/2023 18:30;0;Όχι
01/11/2023 18:45;0;Όχι
01/11/2023 19:00;0;Όχι
01/11/2023 19:15;0;Όχι
01/11/2023 19:30;0;Όχι
01/11/2023 19:45;0;Όχι
01/11/2023 20:00;0;Όχι
01/11/2023 20:15;0;Όχι
01/11/2023 20:30;0;Όχι
01/11/2023 20:45;0;Όχι
01/11/2023 21:00;0;Όχι
01/11/2023 21:15;0;Όχι
01/11/2023 21:30;0;Όχι
01/11/2023 21:45;0;Όχι
01/11/2023 22:00;0;Όχι
01/11/2023 22:15;0;Όχι
01/11/2023 22:30;0;Όχι
01/11/2023 22:45;0;Όχι
01/11/2023 23:00;0;Όχι
01/11/2023 23:15;0;Όχι
01/11/2023 23:30;0;Όχι
01/11/2023 23:45;0;Όχι
02/11/2023 00:00;0;Όχι
02/11/2023 00:15;0;Όχι
02/11/2023 00:30;0;Όχι
02/11/2023 00:45;0;Όχι
02/11/2023 01:00;0;Όχι
02/11/2023 01:15;0;Όχι
02/11/2023 01:30;0;Όχι
02/11/2023 01:45;0;Όχι
02/11/2023 02:00;0;Όχι
02/11/2023 02:15;0;Όχι
02/11/2023 02:30;0;Όχι
02/11/2023 02:45;0;Όχι
02/11/2023 03:00;0;Όχι
02/11/2023 03:15;0;Όχι
02/11/2023 03:30;0;Όχι
02/11/2023 03:45;0;Όχι
02/11/2023 04:00;0;Όχι
02/11/2023 04:15;0;Όχι
02/11/2023 04:30;0;Όχι
02/11/2023 04:45;0;Όχι
02/11/2023 05:00;0;Όχι
02/11/2023 05:15;0;Όχι
02/11/2023 05:30;0;Όχι
02/11/2023 05:45;0;Όχι
02/11/2023 06:00;0;Όχι
02/11/2023 06:15;0;Όχι
02/11/2023 06:30;0;Όχι
02/11/2023 06:45;0;Όχι
02/11/2023 07:00;0;Όχι
02/11/2023 07:15;0,003;Όχι
02/11/2023 07:30;0,005;Όχι
02/11/2023 07:45;0,007;Όχι
02/11/2023 08:00;0,016;Όχι
02/11/2023 08:15;0,038;Όχι
02/11/2023 08:30;0,039;Όχι
02/11/2023 08:45;0,056;Όχι
02/11/2023 09:00;0,056;Όχι
02/11/2023 09:15;0,046;Όχι
02/11/2023 09:30;0,071;Όχι
02/11/2023 09:45;0,116;Όχι
02/11/2023 10:00;0,125;Όχι
02/11/2023 10:15;0,132;Όχι
02/11/2023 10:30;0,216;Όχι
02/11/2023 10:45;0,254;Όχι
02/11/2023 11:00;0,402;Όχι
02/11/2023 11:15;0,817;Όχι
02/11/2023 11:30;1,144;Όχι
02/11/2023 11:45;1,158;Όχι
02/11/2023 12:00;1,186;Όχι
02/11/2023 12:15;1,174;Όχι
02/11/2023 12:30;1,166;Όχι
02/11/2023 12:45;1,144;Όχι
02/11/2023 13:00;1,139;Όχι
02/11/2023 13:15;1,116;Όχι
02/11/2023 13:30;1,094;Όχι
02/11/2023 13:45;1,052;Όχι
02/11/2023 14:00;1,024;Όχι
02/11/2023 14:15;0,987;Όχι
02/11/2023 14:30;0,933;Όχι
02/11/2023 14:45;0,877;Όχι
02/11/2023 15:00;0,815;Όχι
02/11/2023 15:15;0,747;Όχι
02/11/2023 15:30;0,669;Όχι
02/11/2023 15:45;0,572;Όχι
02/11/2023 16:00;0,485;Όχι
02/11/2023 16:15;0,388;Όχι
02/11/2023 16:30;0,285;Όχι
02/11/2023 16:45;0,198;Όχι
02/11/2023 17:00;0,092;Όχι
02/11/2023 17:15;0,023;Όχι
02/11/2023 17:30;0,002;Όχι
02/11/2023 17:45;0;Όχι
02/11/2023 18:00;0;Όχι
02/11/2023 18:15;0;Όχι
02/11/2023 18:30;0;Όχι
02/11/2023 18:45;0;Όχι
02/11/2023 19:00;0;Όχι
02/11/2023 19:15;0;Όχι
02/11/2023 19:30;0;Όχι
02/11/2023 19:45;0;Όχι
02/11/2023 20:00;0;Όχι
02/11/2023 20:15;0;Όχι
02/11/2023 20:30;0;Όχι
02/11/2023 20:45;0;Όχι
02/11/2023 21:00;0;Όχι
02/11/2023 21:15;0;Όχι
02/11/2023 21:30;0;Όχι
02/11/2023 21:45;0;Όχι
02/11/2023 22:00;0;Όχι
02/11/2023 22:15;0;Όχι
02/11/2023 22:30;0;Όχι
02/11/2023 22:45;0;Όχι
02/11/2023 23:00;0;Όχι
02/11/2023 23:15;0;Όχι
02/11/2023 23:30;0;Όχι
02/11/2023 23:45;0;Όχι
03/11/2023 00:00;0;Όχι
03/11/2023 00:15;0;Όχι
03/11/2023 00:30;0;Όχι
03/11/2023 00:45;0;Όχι
03/11/2023 01:00;0;Όχι
03/11/2023 01:15;0;Όχι
03/11/2023 01:30;0;Όχι
03/11/2023 01:45;0;Όχι
03/11/2023 02:00;0;Όχι
03/11/2023 02:15;0;Όχι
03/11/2023 02:30;0;Όχι
03/11/2023 02:45;0;Όχι
03/11/2023 03:00;0;Όχι
03/11/2023 03:15;0;Όχι
03/11/2023 03:30;0;Όχι
03/11/2023 03:45;0;Όχι
03/11/2023 04:00;0;Όχι
03/11/2023 04:15;0;Όχι
03/11/2023 04:30;0;Όχι
03/11/2023 04:45;0;Όχι
03/11/2023 05:00;0;Όχι
03/11/2023 05:15;0;Όχι
03/11/2023 05:30;0;Όχι
03/11/2023 05:45;0;Όχι
03/11/2023 06:00;0;Όχι
03/11/2023 06:15;0;Όχι
03/11/2023 06:30;0;Όχι
03/11/2023 06:45;0;Όχι
03/11/2023 07:00;0;Όχι
03/11/2023 07:15;0,005;Όχι
03/11/2023 07:30;0,043;Όχι
03/11/2023 07:45;0,047;Όχι
03/11/2023 08:00;0,071;Όχι
03/11/2023 08:15;0,102;Όχι
03/11/2023 08:30;0,158;Όχι
03/11/2023 08:45;0,26;Όχι
03/11/2023 09:00;0,246;Όχι
03/11/2023 09:15;0,204;Όχι
03/11/2023 09:30;0,206;Όχι
03/11/2023 09:45;0,667;Όχι
03/11/2023 10:00;0,711;Όχι
03/11/2023 10:15;0,938;Όχι
03/11/2023 10:30;0,466;Όχι
03/11/2023 10:45;0,675;Όχι
03/11/2023 11:00;0,764;Όχι
03/11/2023 11:15;1,042;Όχι
03/11/2023 11:30;0,994;Όχι
03/11/2023 11:45;0,77;Όχι
03/11/2023 12:00;0,465;Όχι
03/11/2023 12:15;0,405;Όχι
03/11/2023 12:30;0,363;Όχι
03/11/2023 12:45;0,463;Όχι
03/11/2023 13:00;0,455;Όχι
03/11/2023 13:15;0,481;Όχι
03/11/2023 13:30;0,353;Όχι
03/11/2023 13:45;0,325;Όχι
03/11/2023 14:00;0,279;Όχι
03/11/2023 14:15;0,307;Όχι
03/11/2023 14:30;0,189;Όχι
03/11/2023 14:45;0,151;Όχι
03/11/2023 15:00;0,123;Όχι
03/11/2023 15:15;0,122;Όχι
03/11/2023 15:30;0,119;Όχι
03/11/2023 15:45;0,137;Όχι
03/11/2023 16:00;0,274;Όχι
03/11/2023 16:15;0,213;Όχι
03/11/2023 16:30;0,136;Όχι
03/11/2023 16:45;0,109;Όχι
03/11/2023 17:00;0,04;Όχι
03/11/2023 17:15;0,006;Όχι
03/11/2023 17:30;0;Όχι
03/11/2023 17:45;0;Όχι
03/11/2023 18:00;0;Όχι
03/11/2023 18:15;0;Όχι
03/11/2023 18:30;0;Όχι
03/11/2023 18:45;0;Όχι
03/11/2023 19:00;0;Όχι
03/11/2023 19:15;0;Όχι
03/11/2023 19:30;0;Όχι
03/11/2023 19:45;0;Όχι
03/11/2023 20:00;0;Όχι
03/11/2023 20:15;0;Όχι
03/11/2023 20:30;0;Όχι
03/11/2023 20:45;0;Όχι
03/11/2023 21:00;0;Όχι
03/11/2023 21:15;0;Όχι
03/11/2023 21:30;0;Όχι
03/11/2023 21:45;0;Όχι
03/11/2023 22:00;0;Όχι
03/11/2023 22:15;0;Όχι
03/11/2023 22:30;0;Όχι
03/11/2023 22:45;0;Όχι
03/11/2023 23:00;0;Όχι
03/11/2023 23:15;0;Όχι
03/11/2023 23:30;0;Όχι
03/11/2023 23:45;0;Όχι
04/11/2023 00:00;0;Όχι
04/11/2023 00:15;0;Όχι
04/11/2023 00:30;0;Όχι
04/11/2023 00:45;0;Όχι
04/11/2023 01:00;0;Όχι
04/11/2023 01:15;0;Όχι
04/11/2023 01:30;0;Όχι
04/11/2023 01:45;0;Όχι
04/11/2023 02:00;0;Όχι
04/11/2023 02:15;0;Όχι
04/11/2023 02:30;0;Όχι
04/11/2023 02:45;0;Όχι
04/11/2023 03:00;0;Όχι
04/11/2023 03:15;0;Όχι
04/11/2023 03:30;0;Όχι
04/11/2023 03:45;0;Όχι
04/11/2023 04:00;0;Όχι
04/11/2023 04:15;0;Όχι
04/11/2023 04:30;0;Όχι
04/11/2023 04:45;0;Όχι
04/11/2023 05:00;0;Όχι
04/11/2023 05:15;0;Όχι
04/11/2023 05:30;0;Όχι
04/11/2023 05:45;0;Όχι
04/11/2023 06:00;0;Όχι
04/11/2023 06:15;0;Όχι
04/11/2023 06:30;0;Όχι
04/11/2023 06:45;0;Όχι
04/11/2023 07:00;0;Όχι
04/11/2023 07:15;0;Όχι
04/11/2023 07:30;0;Όχι
04/11/2023 07:45;0;Όχι
04/11/2023 08:00;0;Όχι
04/11/2023 08:15;0;Όχι
04/11/2023 08:30;0;Όχι
04/11/2023 08:45;0;Όχι
04/11/2023 09:00;0;Όχι
04/11/2023 09:15;0;Όχι
04/11/2023 09:30;0;Όχι
04/11/2023 09:45;0;Όχι
04/11/2023 10:00;0,002;Όχι
04/11/2023 10:15;0,016;Όχι
04/11/2023 10:30;0,047;Όχι
04/11/2023 10:45;0,2;Όχι
04/11/2023 11:00;0,091;Όχι
04/11/2023 11:15;0,052;Όχι
04/11/2023 11:30;0,039;Όχι
04/11/2023 11:45;0,11;Όχι
04/11/2023 12:00;0,232;Όχι
04/11/2023 12:15;0,137;Όχι
04/11/2023 12:30;0,103;Όχι
04/11/2023 12:45;0,236;Όχι
04/11/2023 13:00;0,879;Όχι
04/11/2023 13:15;1,049;Όχι
04/11/2023 13:30;1,192;Όχι
04/11/2023 13:45;1,119;Όχι
04/11/2023 14:00;1,049;Όχι
04/11/2023 14:15;1,04;Όχι
04/11/2023 14:30;0,597;Όχι
04/11/2023 14:45;0,361;Όχι
04/11/2023 15:00;0,151;Όχι
04/11/2023 15:15;0,209;Όχι
04/11/2023 15:30;0,173;Όχι
04/11/2023 15:45;0,112;Όχι
04/11/2023 16:00;0,077;Όχι
04/11/2023 16:15;0,07;Όχι
04/11/2023 16:30;0,103;Όχι
04/11/2023 16:45;0,193;Όχι
04/11/2023 17:00;0,133;Όχι
04/11/2023 17:15;0,014;Όχι
04/11/2023 17:30;0;Όχι
04/11/2023 17:45;0;Όχι
04/11/2023 18:00;0;Όχι
04/11/2023 18:15;0;Όχι
04/11/2023 18:30;0;Όχι
04/11/2023 18:45;0;Όχι
04/11/2023 19:00;0;Όχι
04/11/2023 19:15;0;Όχι
04/11/2023 19:30;0;Όχι
04/11/2023 19:45;0;Όχι
04/11/2023 20:00;0;Όχι
04/11/2023 20:15;0;Όχι
04/11/2023 20:30;0;Όχι
04/11/2023 20:45;0;Όχι
04/11/2023 21:00;0;Όχι
04/11/2023 21:15;0;Όχι
04/11/2023 21:30;0;Όχι
04/11/2023 21:45;0;Όχι
04/11/2023 22:00;0;Όχι
04/11/2023 22:15;0;Όχι
04/11/2023 22:30;0;Όχι
04/11/2023 22:45;0;Όχι
04/11/2023 23:00;0;Όχι
04/11/2023 23:15;0;Όχι
04/11/2023 23:30;0;Όχι
04/11/2023 23:45;0;Όχι
05/11/2023 00:00;0;Όχι
05/11/2023 00:15;0;Όχι
05/11/2023 00:30;0;Όχι
05/11/2023 00:45;0;Όχι
05/11/2023 01:00;0;Όχι
05/11/2023 01:15;0;Όχι
05/11/2023 01:30;0;Όχι
05/11/2023 01:45;0;Όχι
05/11/2023 02:00;0;Όχι
05/11/2023 02:15;0;Όχι
05/11/2023 02:30;0;Όχι
05/11/2023 02:45;0;Όχι
05/11/2023 03:00;0;Όχι
05/11/2023 03:15;0;Όχι
05/11/2023 03:30;0;Όχι
05/11/2023 03:45;0;Όχι
05/11/2023 04:00;0;Όχι
05/11/2023 04:15;0;Όχι
05/11/2023 04:30;0;Όχι
05/11/2023 04:45;0;Όχι
05/11/2023 05:00;0;Όχι
05/11/2023 05:15;0;Όχι
05/11/2023 05:30;0;Όχι
05/11/2023 05:45;0;Όχι
05/11/2023 06:00;0;Όχι
05/11/2023 06:15;0;Όχι
05/11/2023 06:30;0;Όχι
05/11/2023 06:45;0;Όχι
05/11/2023 07:00;0;Όχι
05/11/2023 07:15;0,004;Όχι
05/11/2023 07:30;0,076;Όχι
05/11/2023 07:45;0,096;Όχι
05/11/2023 08:00;0,152;Όχι
05/11/2023 08:15;0,328;Όχι
05/11/2023 08:30;0,341;Όχι
05/11/2023 08:45;0,464;Όχι
05/11/2023 09:00;0,591;Όχι
05/11/2023 09:15;0,48;Όχι
05/11/2023 09:30;0,436;Όχι
05/11/2023 09:45;0,576;Όχι
05/11/2023 10:00;0,77;Όχι
05/11/2023 10:15;0,945;Όχι
05/11/2023 10:30;1,068;Όχι
05/11/2023 10:45;1,072;Όχι
05/11/2023 11:00;1,07;Όχι
05/11/2023 11:15;1,094;Όχι
05/11/2023 11:30;1,124;Όχι
05/11/2023 11:45;1,158;Όχι
05/11/2023 12:00;1,196;Όχι
05/11/2023 12:15;1,208;Όχι
05/11/2023 12:30;1,201;Όχι
05/11/2023 12:45;1,191;Όχι
05/11/2023 13:00;1,187;Όχι
05/11/2023 13:15;1,138;Όχι
05/11/2023 13:30;1,112;Όχι
05/11/2023 13:45;0,413;Όχι
05/11/2023 14:00;0,523;Όχι
05/11/2023 14:15;1,206;Όχι
05/11/2023 14:30;1,288;Όχι
05/11/2023 14:45;1,049;Όχι
05/11/2023 15:00;0,926;Όχι
05/11/2023 15:15;0,768;Όχι
05/11/2023 15:30;0,61;Όχι
05/11/2023 15:45;0,567;Όχι
05/11/2023 16:00;0,426;Όχι
05/11/2023 16:15;0,386;Όχι
05/11/2023 16:30;0,284;Όχι
05/11/2023 16:45;0,187;Όχι
05/11/2023 17:00;0,102;Όχι
05/11/2023 17:15;0,023;Όχι
05/11/2023 17:30;0,001;Όχι
05/11/2023 17:45;0;Όχι
05/11/2023 18:00;0;Όχι
05/11/2023 18:15;0;Όχι
05/11/2023 18:30;0;Όχι
05/11/2023 18:45;0;Όχι
05/11/2023 19:00;0;Όχι
05/11/2023 19:15;0;Όχι
05/11/2023 19:30;0;Όχι
05/11/2023 19:45;0;Όχι
05/11/2023 20:00;0;Όχι
05/11/2023 20:15;0;Όχι
05/11/2023 20:30;0;Όχι
05/11/2023 20:45;0;Όχι
05/11/2023 21:00;0;Όχι
05/11/2023 21:15;0;Όχι
05/11/2023 21:30;0;Όχι
05/11/2023 21:45;0;Όχι
05/11/2023 22:00;0;Όχι
05/11/2023 22:15;0;Όχι
05/11/2023 22:30;0;Όχι
05/11/2023 22:45;0;Όχι
05/11/2023 23:00;0;Όχι
05/11/2023 23:15;0;Όχι
05/11/2023 23:30;0;Όχι
05/11/2023 23:45;0;Όχι
06/11/2023 00:00;0;Όχι
06/11/2023 00:15;0;Όχι
06/11/2023 00:30;0;Όχι
06/11/2023 00:45;0;Όχι
06/11/2023 01:00;0;Όχι
06/11/2023 01:15;0;Όχι
06/11/2023 01:30;0;Όχι
06/11/2023 01:45;0;Όχι
06/11/2023 02:00;0;Όχι
06/11/2023 02:15;0;Όχι
06/11/2023 02:30;0;Όχι
06/11/2023 02:45;0;Όχι
06/11/2023 03:00;0;Όχι
06/11/2023 03:15;0;Όχι
06/11/2023 03:30;0;Όχι
06/11/2023 03:45;0;Όχι
06/11/2023 04:00;0;Όχι
06/11/2023 04:15;0;Όχι
06/11/2023 04:30;0;Όχι
06/11/2023 04:45;0;Όχι
06/11/2023 05:00;0;Όχι
06/11/2023 05:15;0;Όχι
06/11/2023 05:30;0;Όχι
06/11/2023 05:45;0;Όχι
06/11/2023 06:00;0;Όχι
06/11/2023 06:15;0;Όχι
06/11/2023 06:30;0;Όχι
06/11/2023 06:45;0;Όχι
06/11/2023 07:00;0;Όχι
06/11/2023 07:15;0;Όχι
06/11/2023 07:30;0,018;Όχι
06/11/2023 07:45;0,034;Όχι
06/11/2023 08:00;0,037;Όχι
06/11/2023 08:15;0,078;Όχι
06/11/2023 08:30;0,282;Όχι
06/11/2023 08:45;0,336;Όχι
06/11/2023 09:00;0,452;Όχι
06/11/2023 09:15;0,635;Όχι
06/11/2023 09:30;0,711;Όχι
06/11/2023 09:45;0,789;Όχι
06/11/2023 10:00;0,885;Όχι
06/11/2023 10:15;0,769;Όχι
06/11/2023 10:30;0,896;Όχι
06/11/2023 10:45;1,013;Όχι
06/11/2023 11:00;1,037;Όχι
06/11/2023 11:15;0,958;Όχι
06/11/2023 11:30;1,081;Όχι
06/11/2023 11:45;1,105;Όχι
06/11/2023 12:00;1,115;Όχι
06/11/2023 12:15;1,112;Όχι
06/11/2023 12:30;1,105;Όχι
06/11/2023 12:45;1,1;Όχι
06/11/2023 13:00;1,087;Όχι
06/11/2023 13:15;1,067;Όχι
06/11/2023 13:30;1,047;Όχι
06/11/2023 13:45;1,014;Όχι
06/11/2023 14:00;0,972;Όχι
06/11/2023 14:15;0,936;Όχι
06/11/2023 14:30;0,881;Όχι
06/11/2023 14:45;0,811;Όχι
06/11/2023 15:00;0,746;Όχι
06/11/2023 15:15;0,677;Όχι
06/11/2023 15:30;0,593;Όχι
06/11/2023 15:45;0,509;Όχι
06/11/2023 16:00;0,417;Όχι
06/11/2023 16:15;0,318;Όχι
06/11/2023 16:30;0,203;Όχι
06/11/2023 16:45;0,099;Όχι
06/11/2023 17:00;0,057;Όχι
06/11/2023 17:15;0,005;Όχι
06/11/2023 17:30;0;Όχι
06/11/2023 17:45;0;Όχι
06/11/2023 18:00;0;Όχι
06/11/2023 18:15;0;Όχι
06/11/2023 18:30;0;Όχι
06/11/2023 18:45;0;Όχι
06/11/2023 19:00;0;Όχι
06/11/2023 19:15;0;Όχι
06/11/2023 19:30;0;Όχι
06/11/2023 19:45;0;Όχι
06/11/2023 20:00;0;Όχι
06/11/2023 20:15;0;Όχι
06/11/2023 20:30;0;Όχι
06/11/2023 20:45;0;Όχι
06/11/2023 21:00;0;Όχι
06/11/2023 21:15;0;Όχι
06/11/2023 21:30;0;Όχι
06/11/2023 21:45;0;Όχι
06/11/2023 22:00;0;Όχι
06/11/2023 22:15;0;Όχι
06/11/2023 22:30;0;Όχι
06/11/2023 22:45;0;Όχι
06/11/2023 23:00;0;Όχι
06/11/2023 23:15;0;Όχι
06/11/2023 23:30;0;Όχι
06/11/2023 23:45;0;Όχι
07/11/2023 00:00;0;Όχι
07/11/2023 00:15;0;Όχι
07/11/2023 00:30;0;Όχι
07/11/2023 00:45;0;Όχι
07/11/2023 01:00;0;Όχι
07/11/2023 01:15;0;Όχι
07/11/2023 01:30;0;Όχι
07/11/2023 01:45;0;Όχι
07/11/2023 02:00;0;Όχι
07/11/2023 02:15;0;Όχι
07/11/2023 02:30;0;Όχι
07/11/2023 02:45;0;Όχι
07/11/2023 03:00;0;Όχι
07/11/2023 03:15;0;Όχι
07/11/2023 03:30;0;Όχι
07/11/2023 03:45;0;Όχι
07/11/2023 04:00;0;Όχι
07/11/2023 04:15;0;Όχι
07/11/2023 04:30;0;Όχι
07/11/2023 04:45;0;Όχι
07/11/2023 05:00;0;Όχι
07/11/2023 05:15;0;Όχι
07/11/2023 05:30;0;Όχι
07/11/2023 05:45;0;Όχι
07/11/2023 06:00;0;Όχι
07/11/2023 06:15;0;Όχι
07/11/2023 06:30;0;Όχι
07/11/2023 06:45;0;Όχι
07/11/2023 07:00;0;Όχι
07/11/2023 07:15;0,001;Όχι
07/11/2023 07:30;0,031;Όχι
07/11/2023 07:45;0,103;Όχι
07/11/2023 08:00;0,198;Όχι
07/11/2023 08:15;0,296;Όχι
07/11/2023 08:30;0,382;Όχι
07/11/2023 08:45;0,473;Όχι
07/11/2023 09:00;0,563;Όχι
07/11/2023 09:15;0,653;Όχι
07/11/2023 09:30;0,732;Όχι
07/11/2023 09:45;0,81;Όχι
07/11/2023 10:00;0,875;Όχι
07/11/2023 10:15;0,932;Όχι
07/11/2023 10:30;0,984;Όχι
07/11/2023 10:45;1,026;Όχι
07/11/2023 11:00;1,049;Όχι
07/11/2023 11:15;1,056;Όχι
07/11/2023 11:30;1,069;Όχι
07/11/2023 11:45;1,084;Όχι
07/11/2023 12:00;1,086;Όχι
07/11/2023 12:15;1,084;Όχι
07/11/2023 12:30;1,078;Όχι
07/11/2023 12:45;1,083;Όχι
07/11/2023 13:00;1,077;Όχι
07/11/2023 13:15;1,063;Όχι
07/11/2023 13:30;1,043;Όχι
07/11/2023 13:45;1,016;Όχι
07/11/2023 14:00;0,979;Όχι
07/11/2023 14:15;0,933;Όχι
07/11/2023 14:30;0,87;Όχι
07/11/2023 14:45;0,797;Όχι
07/11/2023 15:00;0,736;Όχι
07/11/2023 15:15;0,655;Όχι
07/11/2023 15:30;0,568;Όχι
07/11/2023 15:45;0,488;Όχι
07/11/2023 16:00;0,398;Όχι
07/11/2023 16:15;0,298;Όχι
07/11/2023 16:30;0,203;Όχι
07/11/2023 16:45;0,109;Όχι
07/11/2023 17:00;0,046;Όχι
07/11/2023 17:15;0,009;Όχι
07/11/2023 17:30;0;Όχι
07/11/2023 17:45;0;Όχι
07/11/2023 18:00;0;Όχι
07/11/2023 18:15;0;Όχι
07/11/2023 18:30;0;Όχι
07/11/2023 18:45;0;Όχι
07/11/2023 19:00;0;Όχι
07/11/2023 19:15;0;Όχι
07/11/2023 19:30;0;Όχι
07/11/2023 19:45;0;Όχι
07/11/2023 20:00;0;Όχι
07/11/2023 20:15;0;Όχι
07/11/2023 20:30;0;Όχι
07/11/2023 20:45;0;Όχι
07/11/2023 21:00;0;Όχι
07/11/2023 21:15;0;Όχι
07/11/2023 21:30;0;Όχι
07/11/2023 21:45;0;Όχι
07/11/2023 22:00;0;Όχι
07/11/2023 22:15;0;Όχι
07/11/2023 22:30;0;Όχι
07/11/2023 22:45;0;Όχι
07/11/2023 23:00;0;Όχι
07/11/2023 23:15;0;Όχι
07/11/2023 23:30;0;Όχι
07/11/2023 23:45;0;Όχι
08/11/2023 00:00;0;Όχι
08/11/2023 00:15;0;Όχι
08/11/2023 00:30;0;Όχι
08/11/2023 00:45;0;Όχι
08/11/2023 01:00;0;Όχι
08/11/2023 01:15;0;Όχι
08/11/2023 01:30;0;Όχι
08/11/2023 01:45;0;Όχι
08/11/2023 02:00;0;Όχι
08/11/2023 02:15;0;Όχι
08/11/2023 02:30;0;Όχι
08/11/2023 02:45;0;Όχι
08/11/2023 03:00;0;Όχι
08/11/2023 03:15;0;Όχι
08/11/2023 03:30;0;Όχι
08/11/2023 03:45;0;Όχι
08/11/2023 04:00;0;Όχι
08/11/2023 04:15;0;Όχι
08/11/2023 04:30;0;Όχι
08/11/2023 04:45;0;Όχι
08/11/2023 05:00;0;Όχι
08/11/2023 05:15;0;Όχι
08/11/2023 05:30;0;Όχι
08/11/2023 05:45;0;Όχι
08/11/2023 06:00;0;Όχι
08/11/2023 06:15;0;Όχι
08/11/2023 06:30;0;Όχι
08/11/2023 06:45;0;Όχι
08/11/2023 07:00;0;Όχι
08/11/2023 07:15;0;Όχι
08/11/2023 07:30;0,011;Όχι
08/11/2023 07:45;0,048;Όχι
08/11/2023 08:00;0,066;Όχι
08/11/2023 08:15;0,105;Όχι
08/11/2023 08:30;0,152;Όχι
08/11/2023 08:45;0,172;Όχι
08/11/2023 09:00;0,179;Όχι
08/11/2023 09:15;0,166;Όχι
08/11/2023 09:30;0,263;Όχι
08/11/2023 09:45;0,389;Όχι
08/11/2023 10:00;0,37;Όχι
08/11/2023 10:15;0,479;Όχι
08/11/2023 10:30;0,646;Όχι
08/11/2023 10:45;0,724;Όχι
08/11/2023 11:00;0,704;Όχι
08/11/2023 11:15;0,614;Όχι
08/11/2023 11:30;0,597;Όχι
08/11/2023 11:45;0,553;Όχι
08/11/2023 12:00;0,556;Όχι
08/11/2023 12:15;0,604;Όχι
08/11/2023 12:30;0,645;Όχι
08/11/2023 12:45;0,451;Όχι
08/11/2023 13:00;0,4;Όχι
08/11/2023 13:15;0,423;Όχι
08/11/2023 13:30;0,373;Όχι
08/11/2023 13:45;0,316;Όχι
08/11/2023 14:00;0,315;Όχι
08/11/2023 14:15;0,424;Όχι
08/11/2023 14:30;0,312;Όχι
08/11/2023 14:45;0,187;Όχι
08/11/2023 15:00;0,09;Όχι
08/11/2023 15:15;0,066;Όχι
08/11/2023 15:30;0,017;Όχι
08/11/2023 15:45;0,014;Όχι
08/11/2023 16:00;0,02;Όχι
08/11/2023 16:15;0,034;Όχι
08/11/2023 16:30;0,021;Όχι
08/11/2023 16:45;0,009;Όχι
08/11/2023 17:00;0;Όχι
08/11/2023 17:15;0;Όχι
08/11/2023 17:30;0;Όχι
08/11/2023 17:45;0;Όχι
08/11/2023 18:00;0;Όχι
08/11/2023 18:15;0;Όχι
08/11/2023 18:30;0;Όχι
08/11/2023 18:45;0;Όχι
08/11/2023 19:00;0;Όχι
08/11/2023 19:15;0;Όχι
08/11/2023 19:30;0;Όχι
08/11/2023 19:45;0;Όχι
08/11/2023 20:00;0;Όχι
08/11/2023 20:15;0;Όχι
08/11/2023 20:30;0;Όχι
08/11/2023 20:45;0;Όχι
08/11/2023 21:00;0;Όχι
08/11/2023 21:15;0;Όχι
08/11/2023 21:30;0;Όχι
08/11/2023 21:45;0;Όχι
08/11/2023 22:00;0;Όχι
08/11/2023 22:15;0;Όχι
08/11/2023 22:30;0;Όχι
08/11/2023 22:45;0;Όχι
08/11/2023 23:00;0;Όχι
08/11/2023 23:15;0;Όχι
08/11/2023 23:30;0;Όχι
08/11/2023 23:45;0;Όχι
09/11/2023 00:00;0;Όχι
09/11/2023 00:15;0;Όχι
09/11/2023 00:30;0;Όχι
09/11/2023 00:45;0;Όχι
09/11/2023 01:00;0;Όχι
09/11/2023 01:15;0;Όχι
09/11/2023 01:30;0;Όχι
09/11/2023 01:45;0;Όχι
09/11/2023 02:00;0;Όχι
09/11/2023 02:15;0;Όχι
09/11/2023 02:30;0;Όχι
09/11/2023 02:45;0;Όχι
09/11/2023 03:00;0;Όχι
09/11/2023 03:15;0;Όχι
09/11/2023 03:30;0;Όχι
09/11/2023 03:45;0;Όχι
09/11/2023 04:00;0;Όχι
09/11/2023 04:15;0;Όχι
09/11/2023 04:30;0;Όχι
09/11/2023 04:45;0;Όχι
09/11/2023 05:00;0;Όχι
09/11/2023 05:15;0;Όχι
09/11/2023 05:30;0;Όχι
09/11/2023 05:45;0;Όχι
09/11/2023 06:00;0;Όχι
09/11/2023 06:15;0;Όχι
09/11/2023 06:30;0;Όχι
09/11/2023 06:45;0;Όχι
09/11/2023 07:00;0;Όχι
09/11/2023 07:15;0;Όχι
09/11/2023 07:30;0,029;Όχι
09/11/2023 07:45;0,108;Όχι
09/11/2023 08:00;0,2;Όχι
09/11/2023 08:15;0,3;Όχι
09/11/2023 08:30;0,403;Όχι
09/11/2023 08:45;0,505;Όχι
09/11/2023 09:00;0,606;Όχι
09/11/2023 09:15;0,699;Όχι
09/11/2023 09:30;0,783;Όχι
09/11/2023 09:45;0,868;Όχι
09/11/2023 10:00;0,94;Όχι
09/11/2023 10:15;1,004;Όχι
09/11/2023 10:30;1,032;Όχι
09/11/2023 10:45;0,929;Όχι
09/11/2023 11:00;1,139;Όχι
09/11/2023 11:15;1,165;Όχι
09/11/2023 11:30;1,035;Όχι
09/11/2023 11:45;1,201;Όχι
09/11/2023 12:00;1,212;Όχι
09/11/2023 12:15;1,207;Όχι
09/11/2023 12:30;1,201;Όχι
09/11/2023 12:45;1,193;Όχι
09/11/2023 13:00;1,231;Όχι
09/11/2023 13:15;1,132;Όχι
09/11/2023 13:30;1,103;Όχι
09/11/2023 13:45;1,058;Όχι
09/11/2023 14:00;1,016;Όχι
09/11/2023 14:15;0,96;Όχι
09/11/2023 14:30;0,907;Όχι
09/11/2023 14:45;0,849;Όχι
09/11/2023 15:00;0,781;Όχι
09/11/2023 15:15;0,702;Όχι
09/11/2023 15:30;0,612;Όχι
09/11/2023 15:45;0,533;Όχι
09/11/2023 16:00;0,444;Όχι
09/11/2023 16:15;0,336;Όχι
09/11/2023 16:30;0,247;Όχι
09/11/2023 16:45;0,158;Όχι
09/11/2023 17:00;0,081;Όχι
09/11/2023 17:15;0,012;Όχι
09/11/2023 17:30;0;Όχι
09/11/2023 17:45;0;Όχι
09/11/2023 18:00;0;Όχι
09/11/2023 18:15;0;Όχι
09/11/2023 18:30;0;Όχι
09/11/2023 18:45;0;Όχι
09/11/2023 19:00;0;Όχι
09/11/2023 19:15;0;Όχι
09/11/2023 19:30;0;Όχι
09/11/2023 19:45;0;Όχι
09/11/2023 20:00;0;Όχι
09/11/2023 20:15;0;Όχι
09/11/2023 20:30;0;Όχι
09/11/2023 20:45;0;Όχι
09/11/2023 21:00;0;Όχι
09/11/2023 21:15;0;Όχι
09/11/2023 21:30;0;Όχι
09/11/2023 21:45;0;Όχι
09/11/2023 22:00;0;Όχι
09/11/2023 22:15;0;Όχι
09/11/2023 22:30;0;Όχι
09/11/2023 22:45;0;Όχι
09/11/2023 23:00;0;Όχι
09/11/2023 23:15;0;Όχι
09/11/2023 23:30;0;Όχι
09/11/2023 23:45;0;Όχι
10/11/2023 00:00;0;Όχι
10/11/2023 00:15;0;Όχι
10/11/2023 00:30;0;Όχι
10/11/2023 00:45;0;Όχι
10/11/2023 01:00;0;Όχι
10/11/2023 01:15;0;Όχι
10/11/2023 01:30;0;Όχι
10/11/2023 01:45;0;Όχι
10/11/2023 02:00;0;Όχι
10/11/2023 02:15;0;Όχι
10/11/2023 02:30;0;Όχι
10/11/2023 02:45;0;Όχι
10/11/2023 03:00;0;Όχι
10/11/2023 03:15;0;Όχι
10/11/2023 03:30;0;Όχι
10/11/2023 03:45;0;Όχι
10/11/2023 04:00;0;Όχι
10/11/2023 04:15;0;Όχι
10/11/2023 04:30;0;Όχι
10/11/2023 04:45;0;Όχι
10/11/2023 05:00;0;Όχι
10/11/2023 05:15;0;Όχι
10/11/2023 05:30;0;Όχι
10/11/2023 05:45;0;Όχι
10/11/2023 06:00;0;Όχι
10/11/2023 06:15;0;Όχι
10/11/2023 06:30;0;Όχι
10/11/2023 06:45;0;Όχι
10/11/2023 07:00;0;Όχι
10/11/2023 07:15;0;Όχι
10/11/2023 07:30;0,013;Όχι
10/11/2023 07:45;0,017;Όχι
10/11/2023 08:00;0,019;Όχι
10/11/2023 08:15;0,05;Όχι
10/11/2023 08:30;0,098;Όχι
10/11/2023 08:45;0,091;Όχι
10/11/2023 09:00;0,096;Όχι
10/11/2023 09:15;0,14;Όχι
10/11/2023 09:30;0,203;Όχι
10/11/2023 09:45;0,087;Όχι
10/11/2023 10:00;0,163;Όχι
10/11/2023 10:15;0,225;Όχι
10/11/2023 10:30;0,114;Όχι
10/11/2023 10:45;0,126;Όχι
10/11/2023 11:00;0,077;Όχι
10/11/2023 11:15;0,115;Όχι
10/11/2023 11:30;0,058;Όχι
10/11/2023 11:45;0,103;Όχι
10/11/2023 12:00;0,213;Όχι
10/11/2023 12:15;0,128;Όχι
10/11/2023 12:30;0,108;Όχι
10/11/2023 12:45;0,093;Όχι
10/11/2023 13:00;0,107;Όχι
10/11/2023 13:15;0,109;Όχι
10/11/2023 13:30;0,111;Όχι
10/11/2023 13:45;0,152;Όχι
10/11/2023 14:00;0,078;Όχι
10/11/2023 14:15;0,065;Όχι
10/11/2023 14:30;0,017;Όχι
10/11/2023 14:45;0,013;Όχι
10/11/2023 15:00;0,019;Όχι
10/11/2023 15:15;0,011;Όχι
10/11/2023 15:30;0,002;Όχι
10/11/2023 15:45;0,001;Όχι
10/11/2023 16:00;0,002;Όχι
10/11/2023 16:15;0;Όχι
10/11/2023 16:30;0,011;Όχι
10/11/2023 16:45;0,01;Όχι
10/11/2023 17:00;0;Όχι
10/11/2023 17:15;0;Όχι
10/11/2023 17:30;0;Όχι
10/11/2023 17:45;0;Όχι
10/11/2023 18:00;0;Όχι
10/11/2023 18:15;0;Όχι
10/11/2023 18:30;0;Όχι
10/11/2023 18:45;0;Όχι
10/11/2023 19:00;0;Όχι
10/11/2023 19:15;0;Όχι
10/11/2023 19:30;0;Όχι
10/11/2023 19:45;0;Όχι
10/11/2023 20:00;0;Όχι
10/11/2023 20:15;0;Όχι
10/11/2023 20:30;0;Όχι
10/11/2023 20:45;0;Όχι
10/11/2023 21:00;0;Όχι
10/11/2023 21:15;0;Όχι
10/11/2023 21:30;0;Όχι
10/11/2023 21:45;0;Όχι
10/11/2023 22:00;0;Όχι
10/11/2023 22:15;0;Όχι
10/11/2023 22:30;0;Όχι
10/11/2023 22:45;0;Όχι
10/11/2023 23:00;0;Όχι
10/11/2023 23:15;0;Όχι
10/11/2023 23:30;0;Όχι
10/11/2023 23:45;0;Όχι
11/11/2023 00:00;0;Όχι
11/11/2023 00:15;0;Όχι
11/11/2023 00:30;0;Όχι
11/11/2023 00:45;0;Όχι
11/11/2023 01:00;0;Όχι
11/11/2023 01:15;0;Όχι
11/11/2023 01:30;0;Όχι
11/11/2023 01:45;0;Όχι
11/11/2023 02:00;0;Όχι
11/11/2023 02:15;0;Όχι
11/11/2023 02:30;0;Όχι
11/11/2023 02:45;0;Όχι
11/11/2023 03:00;0;Όχι
11/11/2023 03:15;0;Όχι
11/11/2023 03:30;0;Όχι
11/11/2023 03:45;0;Όχι
11/11/2023 04:00;0;Όχι
11/11/2023 04:15;0;Όχι
11/11/2023 04:30;0;Όχι
11/11/2023 04:45;0;Όχι
11/11/2023 05:00;0;Όχι
11/11/2023 05:15;0;Όχι
11/11/2023 05:30;0;Όχι
11/11/2023 05:45;0;Όχι
11/11/2023 06:00;0;Όχι
11/11/2023 06:15;0;Όχι
11/11/2023 06:30;0;Όχι
11/11/2023 06:45;0;Όχι
11/11/2023 07:00;0;Όχι
11/11/2023 07:15;0;Όχι
11/11/2023 07:30;0;Όχι
11/11/2023 07:45;0;Όχι
11/11/2023 08:00;0;Όχι
11/11/2023 08:15;0;Όχι
11/11/2023 08:30;0,007;Όχι
11/11/2023 08:45;0,01;Όχι
11/11/2023 09:00;0,014;Όχι
11/11/2023 09:15;0,021;Όχι
11/11/2023 09:30;0,017;Όχι
11/11/2023 09:45;0,065;Όχι
11/11/2023 10:00;0,183;Όχι
11/11/2023 10:15;0,184;Όχι
11/11/2023 10:30;0,105;Όχι
11/11/2023 10:45;0,074;Όχι
11/11/2023 11:00;0,141;Όχι
11/11/2023 11:15;0,236;Όχι
11/11/2023 11:30;0,355;Όχι
11/11/2023 11:45;0,476;Όχι
11/11/2023 12:00;0,505;Όχι
11/11/2023 12:15;1,228;Όχι
11/11/2023 12:30;1,062;Όχι
11/11/2023 12:45;0,953;Όχι
11/11/2023 13:00;0,64;Όχι
11/11/2023 13:15;0,679;Όχι
11/11/2023 13:30;1,019;Όχι
11/11/2023 13:45;0,752;Όχι
11/11/2023 14:00;0,575;Όχι
11/11/2023 14:15;0,487;Όχι
11/11/2023 14:30;0,6;Όχι
11/11/2023 14:45;0,415;Όχι
11/11/2023 15:00;0,798;Όχι
11/11/2023 15:15;0,541;Όχι
11/11/2023 15:30;0,27;Όχι
11/11/2023 15:45;0,336;Όχι
11/11/2023 16:00;0,262;Όχι
11/11/2023 16:15;0,178;Όχι
11/11/2023 16:30;0,103;Όχι
11/11/2023 16:45;0,116;Όχι
11/11/2023 17:00;0,04;Όχι
11/11/2023 17:15;0,005;Όχι
11/11/2023 17:30;0;Όχι
11/11/2023 17:45;0;Όχι
11/11/2023 18:00;0;Όχι
11/11/2023 18:15;0;Όχι
11/11/2023 18:30;0;Όχι
11/11/2023 18:45;0;Όχι
11/11/2023 19:00;0;Όχι
11/11/2023 19:15;0;Όχι
11/11/2023 19:30;0;Όχι
11/11/2023 19:45;0;Όχι
11/11/2023 20:00;0;Όχι
11/11/2023 20:15;0;Όχι
11/11/2023 20:30;0;Όχι
11/11/2023 20:45;0;Όχι
11/11/2023 21:00;0;Όχι
11/11/2023 21:15;0;Όχι
11/11/2023 21:30;0;Όχι
11/11/2023 21:45;0;Όχι
11/11/2023 22:00;0;Όχι
11/11/2023 22:15;0;Όχι
11/11/2023 22:30;0;Όχι
11/11/2023 22:45;0;Όχι
11/11/2023 23:00;0;Όχι
11/11/2023 23:15;0;Όχι
11/11/2023 23:30;0;Όχι
11/11/2023 23:45;0;Όχι
12/11/2023 00:00;0;Όχι
12/11/2023 00:15;0;Όχι
12/11/2023 00:30;0;Όχι
12/11/2023 00:45;0;Όχι
12/11/2023 01:00;0;Όχι
12/11/2023 01:15;0;Όχι
12/11/2023 01:30;0;Όχι
12/11/2023 01:45;0;Όχι
12/11/2023 02:00;0;Όχι
12/11/2023 02:15;0;Όχι
12/11/2023 02:30;0;Όχι
12/11/2023 02:45;0;Όχι
12/11/2023 03:00;0;Όχι
12/11/2023 03:15;0;Όχι
12/11/2023 03:30;0;Όχι
12/11/2023 03:45;0;Όχι
12/11/2023 04:00;0;Όχι
12/11/2023 04:15;0;Όχι
12/11/2023 04:30;0;Όχι
12/11/2023 04:45;0;Όχι
12/11/2023 05:00;0;Όχι
12/11/2023 05:15;0;Όχι
12/11/2023 05:30;0;Όχι
12/11/2023 05:45;0;Όχι
12/11/2023 06:00;0;Όχι
12/11/2023 06:15;0;Όχι
12/11/2023 06:30;0;Όχι
12/11/2023 06:45;0;Όχι
12/11/2023 07:00;0;Όχι
12/11/2023 07:15;0;Όχι
12/11/2023 07:30;0,01;Όχι
12/11/2023 07:45;0,062;Όχι
12/11/2023 08:00;0,193;Όχι
12/11/2023 08:15;0,328;Όχι
12/11/2023 08:30;0,394;Όχι
12/11/2023 08:45;0,437;Όχι
12/11/2023 09:00;0,477;Όχι
12/11/2023 09:15;0,64;Όχι
12/11/2023 09:30;0,725;Όχι
12/11/2023 09:45;0,796;Όχι
12/11/2023 10:00;0,861;Όχι
12/11/2023 10:15;0,929;Όχι
12/11/2023 10:30;0,988;Όχι
12/11/2023 10:45;1,044;Όχι
12/11/2023 11:00;0,741;Όχι
12/11/2023 11:15;0,565;Όχι
12/11/2023 11:30;0,516;Όχι
12/11/2023 11:45;0,397;Όχι
12/11/2023 12:00;0,286;Όχι
12/11/2023 12:15;0,472;Όχι
12/11/2023 12:30;0,523;Όχι
12/11/2023 12:45;0,494;Όχι
12/11/2023 13:00;0,254;Όχι
12/11/2023 13:15;0,169;Όχι
12/11/2023 13:30;0,241;Όχι
12/11/2023 13:45;0,265;Όχι
12/11/2023 14:00;0,365;Όχι
12/11/2023 14:15;0,453;Όχι
12/11/2023 14:30;0,323;Όχι
12/11/2023 14:45;0,314;Όχι
12/11/2023 15:00;0,259;Όχι
12/11/2023 15:15;0,16;Όχι
12/11/2023 15:30;0,09;Όχι
12/11/2023 15:45;0,087;Όχι
12/11/2023 16:00;0,065;Όχι
12/11/2023 16:15;0,017;Όχι
12/11/2023 16:30;0,041;Όχι
12/11/2023 16:45;0,007;Όχι
12/11/2023 17:00;0;Όχι
12/11/2023 17:15;0;Όχι
12/11/2023 17:30;0;Όχι
12/11/2023 17:45;0;Όχι
12/11/2023 18:00;0;Όχι
12/11/2023 18:15;0;Όχι
12/11/2023 18:30;0;Όχι
12/11/2023 18:45;0;Όχι
12/11/2023 19:00;0;Όχι
12/11/2023 19:15;0;Όχι
12/11/2023 19:30;0;Όχι
12/11/2023 19:45;0;Όχι
12/11/2023 20:00;0;Όχι
12/11/2023 20:15;0;Όχι
12/11/2023 20:30;0;Όχι
12/11/2023 20:45;0;Όχι
12/11/2023 21:00;0;Όχι
12/11/2023 21:15;0;Όχι
12/11/2023 21:30;0;Όχι
12/11/2023 21:45;0;Όχι
12/11/2023 22:00;0;Όχι
12/11/2023 22:15;0;Όχι
12/11/2023 22:30;0;Όχι
12/11/2023 22:45;0;Όχι
12/11/2023 23:00;0;Όχι
12/11/2023 23:15;0;Όχι
12/11/2023 23:30;0;Όχι
12/11/2023 23:45;0;Όχι
13/11/2023 00:00;0;Όχι
13/11/2023 00:15;0;Όχι
13/11/2023 00:30;0;Όχι
13/11/2023 00:45;0;Όχι
13/11/2023 01:00;0;Όχι
13/11/2023 01:15;0;Όχι
13/11/2023 01:30;0;Όχι
13/11/2023 01:45;0;Όχι
13/11/2023 02:00;0;Όχι
13/11/2023 02:15;0;Όχι
13/11/2023 02:30;0;Όχι
13/11/2023 02:45;0;Όχι
13/11/2023 03:00;0;Όχι
13/11/2023 03:15;0;Όχι
13/11/2023 03:30;0;Όχι
13/11/2023 03:45;0;Όχι
13/11/2023 04:00;0;Όχι
13/11/2023 04:15;0;Όχι
13/11/2023 04:30;0;Όχι
13/11/2023 04:45;0;Όχι
13/11/2023 05:00;0;Όχι
13/11/2023 05:15;0;Όχι
13/11/2023 05:30;0;Όχι
13/11/2023 05:45;0;Όχι
13/11/2023 06:00;0;Όχι
13/11/2023 06:15;0;Όχι
13/11/2023 06:30;0;Όχι
13/11/2023 06:45;0;Όχι
13/11/2023 07:00;0;Όχι
13/11/2023 07:15;0;Όχι
13/11/2023 07:30;0;Όχι
13/11/2023 07:45;0,003;Όχι
13/11/2023 08:00;0,029;Όχι
13/11/2023 08:15;0,094;Όχι
13/11/2023 08:30;0,162;Όχι
13/11/2023 08:45;0,269;Όχι
13/11/2023 09:00;0,225;Όχι
13/11/2023 09:15;0,395;Όχι
13/11/2023 09:30;0,441;Όχι
13/11/2023 09:45;0,752;Όχι
13/11/2023 10:00;0,8;Όχι
13/11/2023 10:15;0,857;Όχι
13/11/2023 10:30;1,003;Όχι
13/11/2023 10:45;1,048;Όχι
13/11/2023 11:00;1,085;Όχι
13/11/2023 11:15;1,11;Όχι
13/11/2023 11:30;1,133;Όχι
13/11/2023 11:45;1,17;Όχι
13/11/2023 12:00;1,197;Όχι
13/11/2023 12:15;1,194;Όχι
13/11/2023 12:30;1,198;Όχι
13/11/2023 12:45;1,192;Όχι
13/11/2023 13:00;1,172;Όχι
13/11/2023 13:15;1,15;Όχι
13/11/2023 13:30;1,127;Όχι
13/11/2023 13:45;1,089;Όχι
13/11/2023 14:00;1,048;Όχι
13/11/2023 14:15;1;Όχι
13/11/2023 14:30;0,937;Όχι
13/11/2023 14:45;0,871;Όχι
13/11/2023 15:00;0,804;Όχι
13/11/2023 15:15;0,729;Όχι
13/11/2023 15:30;0,647;Όχι
13/11/2023 15:45;0,556;Όχι
13/11/2023 16:00;0,458;Όχι
13/11/2023 16:15;0,351;Όχι
13/11/2023 16:30;0,253;Όχι
13/11/2023 16:45;0,161;Όχι
13/11/2023 17:00;0,077;Όχι
13/11/2023 17:15;0,006;Όχι
13/11/2023 17:30;0;Όχι
13/11/2023 17:45;0;Όχι
13/11/2023 18:00;0;Όχι
13/11/2023 18:15;0;Όχι
13/11/2023 18:30;0;Όχι
13/11/2023 18:45;0;Όχι
13/11/2023 19:00;0;Όχι
13/11/2023 19:15;0;Όχι
13/11/2023 19:30;0;Όχι
13/11/2023 19:45;0;Όχι
13/11/2023 20:00;0;Όχι
13/11/2023 20:15;0;Όχι
13/11/2023 20:30;0;Όχι
13/11/2023 20:45;0;Όχι
13/11/2023 21:00;0;Όχι
13/11/2023 21:15;0;Όχι
13/11/2023 21:30;0;Όχι
13/11/2023 21:45;0;Όχι
13/11/2023 22:00;0;Όχι
13/11/2023 22:15;0;Όχι
13/11/2023 22:30;0;Όχι
13/11/2023 22:45;0;Όχι
13/11/2023 23:00;0;Όχι
13/11/2023 23:15;0;Όχι
13/11/2023 23:30;0;Όχι
13/11/2023 23:45;0;Όχι
14/11/2023 00:00;0;Όχι
14/11/2023 00:15;0;Όχι
14/11/2023 00:30;0;Όχι
14/11/2023 00:45;0;Όχι
14/11/2023 01:00;0;Όχι
14/11/2023 01:15;0;Όχι
14/11/2023 01:30;0;Όχι
14/11/2023 01:45;0;Όχι
14/11/2023 02:00;0;Όχι
14/11/2023 02:15;0;Όχι
14/11/2023 02:30;0;Όχι
14/11/2023 02:45;0;Όχι
14/11/2023 03:00;0;Όχι
14/11/2023 03:15;0;Όχι
14/11/2023 03:30;0;Όχι
14/11/2023 03:45;0;Όχι
14/11/2023 04:00;0;Όχι
14/11/2023 04:15;0;Όχι
14/11/2023 04:30;0;Όχι
14/11/2023 04:45;0;Όχι
14/11/2023 05:00;0;Όχι
14/11/2023 05:15;0;Όχι
14/11/2023 05:30;0;Όχι
14/11/2023 05:45;0;Όχι
14/11/2023 06:00;0;Όχι
14/11/2023 06:15;0;Όχι
14/11/2023 06:30;0;Όχι
14/11/2023 06:45;0;Όχι
14/11/2023 07:00;0;Όχι
14/11/2023 07:15;0;Όχι
14/11/2023 07:30;0,006;Όχι
14/11/2023 07:45;0,051;Όχι
14/11/2023 08:00;0,099;Όχι
14/11/2023 08:15;0,166;Όχι
14/11/2023 08:30;0,19;Όχι
14/11/2023 08:45;0,356;Όχι
14/11/2023 09:00;0,362;Όχι
14/11/2023 09:15;0,251;Όχι
14/11/2023 09:30;0,492;Όχι
14/11/2023 09:45;0,624;Όχι
14/11/2023 10:00;0,606;Όχι
14/11/2023 10:15;0,652;Όχι
14/11/2023 10:30;0,531;Όχι
14/11/2023 10:45;0,422;Όχι
14/11/2023 11:00;0,567;Όχι
14/11/2023 11:15;0,76;Όχι
14/11/2023 11:30;0,457;Όχι
14/11/2023 11:45;0,633;Όχι
14/11/2023 12:00;0,953;Όχι
14/11/2023 12:15;0,773;Όχι
14/11/2023 12:30;0,723;Όχι
14/11/2023 12:45;0,861;Όχι
14/11/2023 13:00;0,98;Όχι
14/11/2023 13:15;1,019;Όχι
14/11/2023 13:30;0,791;Όχι
14/11/2023 13:45;0,804;Όχι
14/11/2023 14:00;0,902;Όχι
14/11/2023 14:15;0,948;Όχι
14/11/2023 14:30;0,603;Όχι
14/11/2023 14:45;0,494;Όχι
14/11/2023 15:00;0,507;Όχι
14/11/2023 15:15;0,287;Όχι
14/11/2023 15:30;0,425;Όχι
14/11/2023 15:45;0,294;Όχι
14/11/2023 16:00;0,31;Όχι
14/11/2023 16:15;0,321;Όχι
14/11/2023 16:30;0,148;Όχι
14/11/2023 16:45;0,063;Όχι
14/11/2023 17:00;0,029;Όχι
14/11/2023 17:15;0,001;Όχι
14/11/2023 17:30;0;Όχι
14/11/2023 17:45;0;Όχι
14/11/2023 18:00;0;Όχι
14/11/2023 18:15;0;Όχι
14/11/2023 18:30;0;Όχι
14/11/2023 18:45;0;Όχι
14/11/2023 19:00;0;Όχι
14/11/2023 19:15;0;Όχι
14/11/2023 19:30;0;Όχι
14/11/2023 19:45;0;Όχι
14/11/2023 20:00;0;Όχι
14/11/2023 20:15;0;Όχι
14/11/2023 20:30;0;Όχι
14/11/2023 20:45;0;Όχι
14/11/2023 21:00;0;Όχι
14/11/2023 21:15;0;Όχι
14/11/2023 21:30;0;Όχι
14/11/2023 21:45;0;Όχι
14/11/2023 22:00;0;Όχι
14/11/2023 22:15;0;Όχι
14/11/2023 22:30;0;Όχι
14/11/2023 22:45;0;Όχι
14/11/2023 23:00;0;Όχι
14/11/2023 23:15;0;Όχι
14/11/2023 23:30;0;Όχι
14/11/2023 23:45;0;Όχι
15/11/2023 00:00;0;Όχι
15/11/2023 00:15;0;Όχι
15/11/2023 00:30;0;Όχι
15/11/2023 00:45;0;Όχι
15/11/2023 01:00;0;Όχι
15/11/2023 01:15;0;Όχι
15/11/2023 01:30;0;Όχι
15/11/2023 01:45;0;Όχι
15/11/2023 02:00;0;Όχι
15/11/2023 02:15;0;Όχι
15/11/2023 02:30;0;Όχι
15/11/2023 02:45;0;Όχι
15/11/2023 03:00;0;Όχι
15/11/2023 03:15;0;Όχι
15/11/2023 03:30;0;Όχι
15/11/2023 03:45;0;Όχι
15/11/2023 04:00;0;Όχι
15/11/2023 04:15;0;Όχι
15/11/2023 04:30;0;Όχι
15/11/2023 04:45;0;Όχι
15/11/2023 05:00;0;Όχι
15/11/2023 05:15;0;Όχι
15/11/2023 05:30;0;Όχι
15/11/2023 05:45;0;Όχι
15/11/2023 06:00;0;Όχι
15/11/2023 06:15;0;Όχι
15/11/2023 06:30;0;Όχι
15/11/2023 06:45;0;Όχι
15/11/2023 07:00;0;Όχι
15/11/2023 07:15;0;Όχι
15/11/2023 07:30;0,008;Όχι
15/11/2023 07:45;0,071;Όχι
15/11/2023 08:00;0,173;Όχι
15/11/2023 08:15;0,32;Όχι
15/11/2023 08:30;0,428;Όχι
15/11/2023 08:45;0,515;Όχι
15/11/2023 09:00;0,449;Όχι
15/11/2023 09:15;0,246;Όχι
15/11/2023 09:30;0,267;Όχι
15/11/2023 09:45;0,311;Όχι
15/11/2023 10:00;0,301;Όχι
15/11/2023 10:15;0,245;Όχι
15/11/2023 10:30;0,278;Όχι
15/11/2023 10:45;0,315;Όχι
15/11/2023 11:00;0,411;Όχι
15/11/2023 11:15;0,717;Όχι
15/11/2023 11:30;0,612;Όχι
15/11/2023 11:45;0,659;Όχι
15/11/2023 12:00;0,524;Όχι
15/11/2023 12:15;1,036;Όχι
15/11/2023 12:30;1,055;Όχι
15/11/2023 12:45;0,636;Όχι
15/11/2023 13:00;0,427;Όχι
15/11/2023 13:15;0,612;Όχι
15/11/2023 13:30;0,753;Όχι
15/11/2023 13:45;0,567;Όχι
15/11/2023 14:00;0,463;Όχι
15/11/2023 14:15;0,322;Όχι
15/11/2023 14:30;0,243;Όχι
15/11/2023 14:45;0,215;Όχι
15/11/2023 15:00;0,182;Όχι
15/11/2023 15:15;0,167;Όχι
15/11/2023 15:30;0,15;Όχι
15/11/2023 15:45;0,125;Όχι
15/11/2023 16:00;0,116;Όχι
15/11/2023 16:15;0,149;Όχι
15/11/2023 16:30;0,166;Όχι
15/11/2023 16:45;0,169;Όχι
15/11/2023 17:00;0,068;Όχι
15/11/2023 17:15;0,002;Όχι
15/11/2023 17:30;0;Όχι
15/11/2023 17:45;0;Όχι
15/11/2023 18:00;0;Όχι
15/11/2023 18:15;0;Όχι
15/11/2023 18:30;0;Όχι
15/11/2023 18:45;0;Όχι
15/11/2023 19:00;0;Όχι
15/11/2023 19:15;0;Όχι
15/11/2023 19:30;0;Όχι
15/11/2023 19:45;0;Όχι
15/11/2023 20:00;0;Όχι
15/11/2023 20:15;0;Όχι
15/11/2023 20:30;0;Όχι
15/11/2023 20:45;0;Όχι
15/11/2023 21:00;0;Όχι
15/11/2023 21:15;0;Όχι
15/11/2023 21:30;0;Όχι
15/11/2023 21:45;0;Όχι
15/11/2023 22:00;0;Όχι
15/11/2023 22:15;0;Όχι
15/11/2023 22:30;0;Όχι
15/11/2023 22:45;0;Όχι
15/11/2023 23:00;0;Όχι
15/11/2023 23:15;0;Όχι
15/11/2023 23:30;0;Όχι
15/11/2023 23:45;0;Όχι
16/11/2023 00:00;0;Όχι
16/11/2023 00:15;0;Όχι
16/11/2023 00:30;0;Όχι
16/11/2023 00:45;0;Όχι
16/11/2023 01:00;0;Όχι
16/11/2023 01:15;0;Όχι
16/11/2023 01:30;0;Όχι
16/11/2023 01:45;0;Όχι
16/11/2023 02:00;0;Όχι
16/11/2023 02:15;0;Όχι
16/11/2023 02:30;0;Όχι
16/11/2023 02:45;0;Όχι
16/11/2023 03:00;0;Όχι
16/11/2023 03:15;0;Όχι
16/11/2023 03:30;0;Όχι
16/11/2023 03:45;0;Όχι
16/11/2023 04:00;0;Όχι
16/11/2023 04:15;0;Όχι
16/11/2023 04:30;0;Όχι
16/11/2023 04:45;0;Όχι
16/11/2023 05:00;0;Όχι
16/11/2023 05:15;0;Όχι
16/11/2023 05:30;0;Όχι
16/11/2023 05:45;0;Όχι
16/11/2023 06:00;0;Όχι
16/11/2023 06:15;0;Όχι
16/11/2023 06:30;0;Όχι
16/11/2023 06:45;0;Όχι
16/11/2023 07:00;0;Όχι
16/11/2023 07:15;0;Όχι
16/11/2023 07:30;0,007;Όχι
16/11/2023 07:45;0,082;Όχι
16/11/2023 08:00;0,167;Όχι
16/11/2023 08:15;0,263;Όχι
16/11/2023 08:30;0,363;Όχι
16/11/2023 08:45;0,466;Όχι
16/11/2023 09:00;0,566;Όχι
16/11/2023 09:15;0,66;Όχι
16/11/2023 09:30;0,749;Όχι
16/11/2023 09:45;0,827;Όχι
16/11/2023 10:00;0,899;Όχι
16/11/2023 10:15;0,965;Όχι
16/11/2023 10:30;1,03;Όχι
16/11/2023 10:45;1,077;Όχι
16/11/2023 11:00;1,119;Όχι
16/11/2023 11:15;1,15;Όχι
16/11/2023 11:30;1,177;Όχι
16/11/2023 11:45;1,206;Όχι
16/11/2023 12:00;1,216;Όχι
16/11/2023 12:15;1,216;Όχι
16/11/2023 12:30;1,22;Όχι
16/11/2023 12:45;1,226;Όχι
16/11/2023 13:00;1,216;Όχι
16/11/2023 13:15;1,181;Όχι
16/11/2023 13:30;1,132;Όχι
16/11/2023 13:45;0,923;Όχι
16/11/2023 14:00;1,005;Όχι
16/11/2023 14:15;0,992;Όχι
16/11/2023 14:30;0,932;Όχι
16/11/2023 14:45;0,86;Όχι
16/11/2023 15:00;0,771;Όχι
16/11/2023 15:15;0,713;Όχι
16/11/2023 15:30;0,631;Όχι
16/11/2023 15:45;0,543;Όχι
16/11/2023 16:00;0,449;Όχι
16/11/2023 16:15;0,348;Όχι
16/11/2023 16:30;0,247;Όχι
16/11/2023 16:45;0,142;Όχι
16/11/2023 17:00;0,056;Όχι
16/11/2023 17:15;0,003;Όχι
16/11/2023 17:30;0;Όχι
16/11/2023 17:45;0;Όχι
16/11/2023 18:00;0;Όχι
16/11/2023 18:15;0;Όχι
16/11/2023 18:30;0;Όχι
16/11/2023 18:45;0;Όχι
16/11/2023 19:00;0;Όχι
16/11/2023 19:15;0;Όχι
16/11/2023 19:30;0;Όχι
16/11/2023 19:45;0;Όχι
16/11/2023 20:00;0;Όχι
16/11/2023 20:15;0;Όχι
16/11/2023 20:30;0;Όχι
16/11/2023 20:45;0;Όχι
16/11/2023 21:00;0;Όχι
16/11/2023 21:15;0;Όχι
16/11/2023 21:30;0;Όχι
16/11/2023 21:45;0;Όχι
16/11/2023 22:00;0;Όχι
16/11/2023 22:15;0;Όχι
16/11/2023 22:30;0;Όχι
16/11/2023 22:45;0;Όχι
16/11/2023 23:00;0;Όχι
16/11/2023 23:15;0;Όχι
16/11/2023 23:30;0;Όχι
16/11/2023 23:45;0;Όχι
17/11/2023 00:00;0;Όχι
17/11/2023 00:15;0;Όχι
17/11/2023 00:30;0;Όχι
17/11/2023 00:45;0;Όχι
17/11/2023 01:00;0;Όχι
17/11/2023 01:15;0;Όχι
17/11/2023 01:30;0;Όχι
17/11/2023 01:45;0;Όχι
17/11/2023 02:00;0;Όχι
17/11/2023 02:15;0;Όχι
17/11/2023 02:30;0;Όχι
17/11/2023 02:45;0;Όχι
17/11/2023 03:00;0;Όχι
17/11/2023 03:15;0;Όχι
17/11/2023 03:30;0;Όχι
17/11/2023 03:45;0;Όχι
17/11/2023 04:00;0;Όχι
17/11/2023 04:15;0;Όχι
17/11/2023 04:30;0;Όχι
17/11/2023 04:45;0;Όχι
17/11/2023 05:00;0;Όχι
17/11/2023 05:15;0;Όχι
17/11/2023 05:30;0;Όχι
17/11/2023 05:45;0;Όχι
17/11/2023 06:00;0;Όχι
17/11/2023 06:15;0;Όχι
17/11/2023 06:30;0;Όχι
17/11/2023 06:45;0;Όχι
17/11/2023 07:00;0;Όχι
17/11/2023 07:15;0;Όχι
17/11/2023 07:30;0;Όχι
17/11/2023 07:45;0,005;Όχι
17/11/2023 08:00;0,021;Όχι
17/11/2023 08:15;0,173;Όχι
17/11/2023 08:30;0,412;Όχι
17/11/2023 08:45;0,393;Όχι
17/11/2023 09:00;0,191;Όχι
17/11/2023 09:15;0,159;Όχι
17/11/2023 09:30;0,386;Όχι
17/11/2023 09:45;0,774;Όχι
17/11/2023 10:00;0,87;Όχι
17/11/2023 10:15;0,816;Όχι
17/11/2023 10:30;0,931;Όχι
17/11/2023 10:45;0,959;Όχι
17/11/2023 11:00;0,689;Όχι
17/11/2023 11:15;0,271;Όχι
17/11/2023 11:30;0,196;Όχι
17/11/2023 11:45;0,19;Όχι
17/11/2023 12:00;0,228;Όχι
17/11/2023 12:15;0,195;Όχι
17/11/2023 12:30;0,2;Όχι
17/11/2023 12:45;0,251;Όχι
17/11/2023 13:00;0,189;Όχι
17/11/2023 13:15;0,252;Όχι
17/11/2023 13:30;0,814;Όχι
17/11/2023 13:45;0,281;Όχι
17/11/2023 14:00;0,589;Όχι
17/11/2023 14:15;0,375;Όχι
17/11/2023 14:30;0,214;Όχι
17/11/2023 14:45;0,27;Όχι
17/11/2023 15:00;0,291;Όχι
17/11/2023 15:15;0,484;Όχι
17/11/2023 15:30;0,225;Όχι
17/11/2023 15:45;0,3;Όχι
17/11/2023 16:00;0,485;Όχι
17/11/2023 16:15;0,18;Όχι
17/11/2023 16:30;0,064;Όχι
17/11/2023 16:45;0,092;Όχι
17/11/2023 17:00;0,025;Όχι
17/11/2023 17:15;0;Όχι
17/11/2023 17:30;0;Όχι
17/11/2023 17:45;0;Όχι
17/11/2023 18:00;0;Όχι
17/11/2023 18:15;0;Όχι
17/11/2023 18:30;0;Όχι
17/11/2023 18:45;0;Όχι
17/11/2023 19:00;0;Όχι
17/11/2023 19:15;0;Όχι
17/11/2023 19:30;0;Όχι
17/11/2023 19:45;0;Όχι
17/11/2023 20:00;0;Όχι
17/11/2023 20:15;0;Όχι
17/11/2023 20:30;0;Όχι
17/11/2023 20:45;0;Όχι
17/11/2023 21:00;0;Όχι
17/11/2023 21:15;0;Όχι
17/11/2023 21:30;0;Όχι
17/11/2023 21:45;0;Όχι
17/11/2023 22:00;0;Όχι
17/11/2023 22:15;0;Όχι
17/11/2023 22:30;0;Όχι
17/11/2023 22:45;0;Όχι
17/11/2023 23:00;0;Όχι
17/11/2023 23:15;0;Όχι
17/11/2023 23:30;0;Όχι
17/11/2023 23:45;0;Όχι
18/11/2023 00:00;0;Όχι
18/11/2023 00:15;0;Όχι
18/11/2023 00:30;0;Όχι
18/11/2023 00:45;0;Όχι
18/11/2023 01:00;0;Όχι
18/11/2023 01:15;0;Όχι
18/11/2023 01:30;0;Όχι
18/11/2023 01:45;0;Όχι
18/11/2023 02:00;0;Όχι
18/11/2023 02:15;0;Όχι
18/11/2023 02:30;0;Όχι
18/11/2023 02:45;0;Όχι
18/11/2023 03:00;0;Όχι
18/11/2023 03:15;0;Όχι
18/11/2023 03:30;0;Όχι
18/11/2023 03:45;0;Όχι
18/11/2023 04:00;0;Όχι
18/11/2023 04:15;0;Όχι
18/11/2023 04:30;0;Όχι
18/11/2023 04:45;0;Όχι
18/11/2023 05:00;0;Όχι
18/11/2023 05:15;0;Όχι
18/11/2023 05:30;0;Όχι
18/11/2023 05:45;0;Όχι
18/11/2023 06:00;0;Όχι
18/11/2023 06:15;0;Όχι
18/11/2023 06:30;0;Όχι
18/11/2023 06:45;0;Όχι
18/11/2023 07:00;0;Όχι
18/11/2023 07:15;0;Όχι
18/11/2023 07:30;0;Όχι
18/11/2023 07:45;0;Όχι
18/11/2023 08:00;0,012;Όχι
18/11/2023 08:15;0,056;Όχι
18/11/2023 08:30;0,049;Όχι
18/11/2023 08:45;0,237;Όχι
18/11/2023 09:00;0;Όχι
18/11/2023 09:15;0;Όχι
18/11/2023 09:30;0;Όχι
18/11/2023 09:45;0;Όχι
18/11/2023 10:00;0;Όχι
18/11/2023 10:15;0;Όχι
18/11/2023 10:30;0;Όχι
18/11/2023 10:45;0;Όχι
18/11/2023 11:00;0;Όχι
18/11/2023 11:15;0;Όχι
18/11/2023 11:30;0;Όχι
18/11/2023 11:45;0;Όχι
18/11/2023 12:00;0;Όχι
18/11/2023 12:15;0;Όχι
18/11/2023 12:30;0;Όχι
18/11/2023 12:45;0;Όχι
18/11/2023 13:00;0;Όχι
18/11/2023 13:15;0;Όχι
18/11/2023 13:30;0;Όχι
18/11/2023 13:45;0;Όχι
18/11/2023 14:00;0;Όχι
18/11/2023 14:15;0;Όχι
18/11/2023 14:30;0;Όχι
18/11/2023 14:45;0;Όχι
18/11/2023 15:00;0;Όχι
18/11/2023 15:15;0;Όχι
18/11/2023 15:30;0;Όχι
18/11/2023 15:45;0,022;Όχι
18/11/2023 16:00;0,415;Όχι
18/11/2023 16:15;0,354;Όχι
18/11/2023 16:30;0,193;Όχι
18/11/2023 16:45;0,145;Όχι
18/11/2023 17:00;0,064;Όχι
18/11/2023 17:15;0;Όχι
18/11/2023 17:30;0;Όχι
18/11/2023 17:45;0;Όχι
18/11/2023 18:00;0;Όχι
18/11/2023 18:15;0;Όχι
18/11/2023 18:30;0;Όχι
18/11/2023 18:45;0;Όχι
18/11/2023 19:00;0;Όχι
18/11/2023 19:15;0;Όχι
18/11/2023 19:30;0;Όχι
18/11/2023 19:45;0;Όχι
18/11/2023 20:00;0;Όχι
18/11/2023 20:15;0;Όχι
18/11/2023 20:30;0;Όχι
18/11/2023 20:45;0;Όχι
18/11/2023 21:00;0;Όχι
18/11/2023 21:15;0;Όχι
18/11/2023 21:30;0;Όχι
18/11/2023 21:45;0;Όχι
18/11/2023 22:00;0;Όχι
18/11/2023 22:15;0;Όχι
18/11/2023 22:30;0;Όχι
18/11/2023 22:45;0;Όχι
18/11/2023 23:00;0;Όχι
18/11/2023 23:15;0;Όχι
18/11/2023 23:30;0;Όχι
18/11/2023 23:45;0;Όχι
19/11/2023 00:00;0;Όχι
19/11/2023 00:15;0;Όχι
19/11/2023 00:30;0;Όχι
19/11/2023 00:45;0;Όχι
19/11/2023 01:00;0;Όχι
19/11/2023 01:15;0;Όχι
19/11/2023 01:30;0;Όχι
19/11/2023 01:45;0;Όχι
19/11/2023 02:00;0;Όχι
19/11/2023 02:15;0;Όχι
19/11/2023 02:30;0;Όχι
19/11/2023 02:45;0;Όχι
19/11/2023 03:00;0;Όχι
19/11/2023 03:15;0;Όχι
19/11/2023 03:30;0;Όχι
19/11/2023 03:45;0;Όχι
19/11/2023 04:00;0;Όχι
19/11/2023 04:15;0;Όχι
19/11/2023 04:30;0;Όχι
19/11/2023 04:45;0;Όχι
19/11/2023 05:00;0;Όχι
19/11/2023 05:15;0;Όχι
19/11/2023 05:30;0;Όχι
19/11/2023 05:45;0;Όχι
19/11/2023 06:00;0;Όχι
19/11/2023 06:15;0;Όχι
19/11/2023 06:30;0;Όχι
19/11/2023 06:45;0;Όχι
19/11/2023 07:00;0;Όχι
19/11/2023 07:15;0;Όχι
19/11/2023 07:30;0,001;Όχι
19/11/2023 07:45;0,062;Όχι
19/11/2023 08:00;0,146;Όχι
19/11/2023 08:15;0,245;Όχι
19/11/2023 08:30;0,35;Όχι
19/11/2023 08:45;0,457;Όχι
19/11/2023 09:00;0,56;Όχι
19/11/2023 09:15;0,659;Όχι
19/11/2023 09:30;0,753;Όχι
19/11/2023 09:45;0,84;Όχι
19/11/2023 10:00;0,918;Όχι
19/11/2023 10:15;0,987;Όχι
19/11/2023 10:30;1,047;Όχι
19/11/2023 10:45;1,1;Όχι
19/11/2023 11:00;1,144;Όχι
19/11/2023 11:15;1,186;Όχι
19/11/2023 11:30;1,217;Όχι
19/11/2023 11:45;1,068;Όχι
19/11/2023 12:00;0;Όχι
19/11/2023 12:15;0;Όχι
19/11/2023 12:30;0;Όχι
19/11/2023 12:45;0;Όχι
19/11/2023 13:00;0;Όχι
19/11/2023 13:15;0;Όχι
19/11/2023 13:30;0,099;Όχι
19/11/2023 13:45;0,847;Όχι
19/11/2023 14:00;1,087;Όχι
19/11/2023 14:15;1,016;Όχι
19/11/2023 14:30;0,93;Όχι
19/11/2023 14:45;0,724;Όχι
19/11/2023 15:00;0,517;Όχι
19/11/2023 15:15;0,424;Όχι
19/11/2023 15:30;0,622;Όχι
19/11/2023 15:45;0,511;Όχι
19/11/2023 16:00;0,471;Όχι
19/11/2023 16:15;0,326;Όχι
19/11/2023 16:30;0,249;Όχι
19/11/2023 16:45;0,147;Όχι
19/11/2023 17:00;0,056;Όχι
19/11/2023 17:15;0;Όχι
19/11/2023 17:30;0;Όχι
19/11/2023 17:45;0;Όχι
19/11/2023 18:00;0;Όχι
19/11/2023 18:15;0;Όχι
19/11/2023 18:30;0;Όχι
19/11/2023 18:45;0;Όχι
19/11/2023 19:00;0;Όχι
19/11/2023 19:15;0;Όχι
19/11/2023 19:30;0;Όχι
19/11/2023 19:45;0;Όχι
19/11/2023 20:00;0;Όχι
19/11/2023 20:15;0;Όχι
19/11/2023 20:30;0;Όχι
19/11/2023 20:45;0;Όχι
19/11/2023 21:00;0;Όχι
19/11/2023 21:15;0;Όχι
19/11/2023 21:30;0;Όχι
19/11/2023 21:45;0;Όχι
19/11/2023 22:00;0;Όχι
19/11/2023 22:15;0;Όχι
19/11/2023 22:30;0;Όχι
19/11/2023 22:45;0;Όχι
19/11/2023 23:00;0;Όχι
19/11/2023 23:15;0;Όχι
19/11/2023 23:30;0;Όχι
19/11/2023 23:45;0;Όχι
20/11/2023 00:00;0;Όχι
20/11/2023 00:15;0;Όχι
20/11/2023 00:30;0;Όχι
20/11/2023 00:45;0;Όχι
20/11/2023 01:00;0;Όχι
20/11/2023 01:15;0;Όχι
20/11/2023 01:30;0;Όχι
20/11/2023 01:45;0;Όχι
20/11/2023 02:00;0;Όχι
20/11/2023 02:15;0;Όχι
20/11/2023 02:30;0;Όχι
20/11/2023 02:45;0;Όχι
20/11/2023 03:00;0;Όχι
20/11/2023 03:15;0;Όχι
20/11/2023 03:30;0;Όχι
20/11/2023 03:45;0;Όχι
20/11/2023 04:00;0;Όχι
20/11/2023 04:15;0;Όχι
20/11/2023 04:30;0;Όχι
20/11/2023 04:45;0;Όχι
20/11/2023 05:00;0;Όχι
20/11/2023 05:15;0;Όχι
20/11/2023 05:30;0;Όχι
20/11/2023 05:45;0;Όχι
20/11/2023 06:00;0;Όχι
20/11/2023 06:15;0;Όχι
20/11/2023 06:30;0;Όχι
20/11/2023 06:45;0;Όχι
20/11/2023 07:00;0;Όχι
20/11/2023 07:15;0;Όχι
20/11/2023 07:30;0,002;Όχι
20/11/2023 07:45;0,031;Όχι
20/11/2023 08:00;0,111;Όχι
20/11/2023 08:15;0,256;Όχι
20/11/2023 08:30;0,349;Όχι
20/11/2023 08:45;0,321;Όχι
20/11/2023 09:00;0,49;Όχι
20/11/2023 09:15;0,613;Όχι
20/11/2023 09:30;0,705;Όχι
20/11/2023 09:45;0,778;Όχι
20/11/2023 10:00;0,844;Όχι
20/11/2023 10:15;0,91;Όχι
20/11/2023 10:30;0,956;Όχι
20/11/2023 10:45;0,997;Όχι
20/11/2023 11:00;1,036;Όχι
20/11/2023 11:15;1,066;Όχι
20/11/2023 11:30;1,092;Όχι
20/11/2023 11:45;1,11;Όχι
20/11/2023 12:00;1,12;Όχι
20/11/2023 12:15;1,119;Όχι
20/11/2023 12:30;1,121;Όχι
20/11/2023 12:45;1,115;Όχι
20/11/2023 13:00;1,098;Όχι
20/11/2023 13:15;1,075;Όχι
20/11/2023 13:30;1,052;Όχι
20/11/2023 13:45;1,031;Όχι
20/11/2023 14:00;0,985;Όχι
20/11/2023 14:15;0,21;Όχι
20/11/2023 14:30;0;Όχι
20/11/2023 14:45;0,27;Όχι
20/11/2023 15:00;0,748;Όχι
20/11/2023 15:15;0,677;Όχι
20/11/2023 15:30;0,598;Όχι
20/11/2023 15:45;0,509;Όχι
20/11/2023 16:00;0,417;Όχι
20/11/2023 16:15;0,322;Όχι
20/11/2023 16:30;0,225;Όχι
20/11/2023 16:45;0,132;Όχι
20/11/2023 17:00;0,047;Όχι
20/11/2023 17:15;0;Όχι
20/11/2023 17:30;0;Όχι
20/11/2023 17:45;0;Όχι
20/11/2023 18:00;0;Όχι
20/11/2023 18:15;0;Όχι
20/11/2023 18:30;0;Όχι
20/11/2023 18:45;0;Όχι
20/11/2023 19:00;0;Όχι
20/11/2023 19:15;0;Όχι
20/11/2023 19:30;0;Όχι
20/11/2023 19:45;0;Όχι
20/11/2023 20:00;0;Όχι
20/11/2023 20:15;0;Όχι
20/11/2023 20:30;0;Όχι
20/11/2023 20:45;0;Όχι
20/11/2023 21:00;0;Όχι
20/11/2023 21:15;0;Όχι
20/11/2023 21:30;0;Όχι
20/11/2023 21:45;0;Όχι
20/11/2023 22:00;0;Όχι
20/11/2023 22:15;0;Όχι
20/11/2023 22:30;0;Όχι
20/11/2023 22:45;0;Όχι
20/11/2023 23:00;0;Όχι
20/11/2023 23:15;0;Όχι
20/11/2023 23:30;0;Όχι
20/11/2023 23:45;0;Όχι
21/11/2023 00:00;0;Όχι
21/11/2023 00:15;0;Όχι
21/11/2023 00:30;0;Όχι
21/11/2023 00:45;0;Όχι
21/11/2023 01:00;0;Όχι
21/11/2023 01:15;0;Όχι
21/11/2023 01:30;0;Όχι
21/11/2023 01:45;0;Όχι
21/11/2023 02:00;0;Όχι
21/11/2023 02:15;0;Όχι
21/11/2023 02:30;0;Όχι
21/11/2023 02:45;0;Όχι
21/11/2023 03:00;0;Όχι
21/11/2023 03:15;0;Όχι
21/11/2023 03:30;0;Όχι
21/11/2023 03:45;0;Όχι
21/11/2023 04:00;0;Όχι
21/11/2023 04:15;0;Όχι
21/11/2023 04:30;0;Όχι
21/11/2023 04:45;0;Όχι
21/11/2023 05:00;0;Όχι
21/11/2023 05:15;0;Όχι
21/11/2023 05:30;0;Όχι
21/11/2023 05:45;0;Όχι
21/11/2023 06:00;0;Όχι
21/11/2023 06:15;0;Όχι
21/11/2023 06:30;0;Όχι
21/11/2023 06:45;0;Όχι
21/11/2023 07:00;0;Όχι
21/11/2023 07:15;0;Όχι
21/11/2023 07:30;0,001;Όχι
21/11/2023 07:45;0,035;Όχι
21/11/2023 08:00;0,102;Όχι
21/11/2023 08:15;0,189;Όχι
21/11/2023 08:30;0,171;Όχι
21/11/2023 08:45;0,401;Όχι
21/11/2023 09:00;0,439;Όχι
21/11/2023 09:15;0,508;Όχι
21/11/2023 09:30;0,565;Όχι
21/11/2023 09:45;0,684;Όχι
21/11/2023 10:00;0,76;Όχι
21/11/2023 10:15;0,766;Όχι
21/11/2023 10:30;0,593;Όχι
21/11/2023 10:45;0,683;Όχι
21/11/2023 11:00;1,074;Όχι
21/11/2023 11:15;1,061;Όχι
21/11/2023 11:30;1,058;Όχι
21/11/2023 11:45;1,055;Όχι
21/11/2023 12:00;1,081;Όχι
21/11/2023 12:15;1,08;Όχι
21/11/2023 12:30;1,01;Όχι
21/11/2023 12:45;0,897;Όχι
21/11/2023 13:00;0,941;Όχι
21/11/2023 13:15;0,9;Όχι
21/11/2023 13:30;0,613;Όχι
21/11/2023 13:45;0,491;Όχι
21/11/2023 14:00;0,378;Όχι
21/11/2023 14:15;0,339;Όχι
21/11/2023 14:30;0,424;Όχι
21/11/2023 14:45;0,214;Όχι
21/11/2023 15:00;0,164;Όχι
21/11/2023 15:15;0,123;Όχι
21/11/2023 15:30;0,123;Όχι
21/11/2023 15:45;0,11;Όχι
21/11/2023 16:00;0,078;Όχι
21/11/2023 16:15;0,066;Όχι
21/11/2023 16:30;0,05;Όχι
21/11/2023 16:45;0,025;Όχι
21/11/2023 17:00;0,002;Όχι
21/11/2023 17:15;0,001;Όχι
21/11/2023 17:30;0;Όχι
21/11/2023 17:45;0;Όχι
21/11/2023 18:00;0;Όχι
21/11/2023 18:15;0;Όχι
21/11/2023 18:30;0;Όχι
21/11/2023 18:45;0;Όχι
21/11/2023 19:00;0;Όχι
21/11/2023 19:15;0;Όχι
21/11/2023 19:30;0;Όχι
21/11/2023 19:45;0;Όχι
21/11/2023 20:00;0;Όχι
21/11/2023 20:15;0;Όχι
21/11/2023 20:30;0;Όχι
21/11/2023 20:45;0;Όχι
21/11/2023 21:00;0;Όχι
21/11/2023 21:15;0;Όχι
21/11/2023 21:30;0;Όχι
21/11/2023 21:45;0;Όχι
21/11/2023 22:00;0;Όχι
21/11/2023 22:15;0;Όχι
21/11/2023 22:30;0;Όχι
21/11/2023 22:45;0;Όχι
21/11/2023 23:00;0;Όχι
21/11/2023 23:15;0;Όχι
21/11/2023 23:30;0;Όχι
21/11/2023 23:45;0;Όχι
22/11/2023 00:00;0;Όχι
22/11/2023 00:15;0;Όχι
22/11/2023 00:30;0;Όχι
22/11/2023 00:45;0;Όχι
22/11/2023 01:00;0;Όχι
22/11/2023 01:15;0;Όχι
22/11/2023 01:30;0;Όχι
22/11/2023 01:45;0;Όχι
22/11/2023 02:00;0;Όχι
22/11/2023 02:15;0;Όχι
22/11/2023 02:30;0;Όχι
22/11/2023 02:45;0;Όχι
22/11/2023 03:00;0;Όχι
22/11/2023 03:15;0;Όχι
22/11/2023 03:30;0;Όχι
22/11/2023 03:45;0;Όχι
22/11/2023 04:00;0;Όχι
22/11/2023 04:15;0;Όχι
22/11/2023 04:30;0;Όχι
22/11/2023 04:45;0;Όχι
22/11/2023 05:00;0;Όχι
22/11/2023 05:15;0;Όχι
22/11/2023 05:30;0;Όχι
22/11/2023 05:45;0;Όχι
22/11/2023 06:00;0;Όχι
22/11/2023 06:15;0;Όχι
22/11/2023 06:30;0;Όχι
22/11/2023 06:45;0;Όχι
22/11/2023 07:00;0;Όχι
22/11/2023 07:15;0;Όχι
22/11/2023 07:30;0;Όχι
22/11/2023 07:45;0;Όχι
22/11/2023 08:00;0;Όχι
22/11/2023 08:15;0,003;Όχι
22/11/2023 08:30;0,011;Όχι
22/11/2023 08:45;0,011;Όχι
22/11/2023 09:00;0,021;Όχι
22/11/2023 09:15;0,059;Όχι
22/11/2023 09:30;0,053;Όχι
22/11/2023 09:45;0,057;Όχι
22/11/2023 10:00;0,071;Όχι
22/11/2023 10:15;0,088;Όχι
22/11/2023 10:30;0,14;Όχι
22/11/2023 10:45;0,141;Όχι
22/11/2023 11:00;0,092;Όχι
22/11/2023 11:15;0,136;Όχι
22/11/2023 11:30;0,142;Όχι
22/11/2023 11:45;0,125;Όχι
22/11/2023 12:00;0,212;Όχι
22/11/2023 12:15;0,151;Όχι
22/11/2023 12:30;0,133;Όχι
22/11/2023 12:45;0,147;Όχι
22/11/2023 13:00;0,139;Όχι
22/11/2023 13:15;0,111;Όχι
22/11/2023 13:30;0,15;Όχι
22/11/2023 13:45;0,215;Όχι
22/11/2023 14:00;0,313;Όχι
22/11/2023 14:15;0,264;Όχι
22/11/2023 14:30;0,113;Όχι
22/11/2023 14:45;0,095;Όχι
22/11/2023 15:00;0,103;Όχι
22/11/2023 15:15;0,075;Όχι
22/11/2023 15:30;0,066;Όχι
22/11/2023 15:45;0,084;Όχι
22/11/2023 16:00;0,047;Όχι
22/11/2023 16:15;0,039;Όχι
22/11/2023 16:30;0,012;Όχι
22/11/2023 16:45;0,004;Όχι
22/11/2023 17:00;0,001;Όχι
22/11/2023 17:15;0;Όχι
22/11/2023 17:30;0;Όχι
22/11/2023 17:45;0;Όχι
22/11/2023 18:00;0;Όχι
22/11/2023 18:15;0;Όχι
22/11/2023 18:30;0;Όχι
22/11/2023 18:45;0;Όχι
22/11/2023 19:00;0;Όχι
22/11/2023 19:15;0;Όχι
22/11/2023 19:30;0;Όχι
22/11/2023 19:45;0;Όχι
22/11/2023 20:00;0;Όχι
22/11/2023 20:15;0;Όχι
22/11/2023 20:30;0;Όχι
22/11/2023 20:45;0;Όχι
22/11/2023 21:00;0;Όχι
22/11/2023 21:15;0;Όχι
22/11/2023 21:30;0;Όχι
22/11/2023 21:45;0;Όχι
22/11/2023 22:00;0;Όχι
22/11/2023 22:15;0;Όχι
22/11/2023 22:30;0;Όχι
22/11/2023 22:45;0;Όχι
22/11/2023 23:00;0;Όχι
22/11/2023 23:15;0;Όχι
22/11/2023 23:30;0;Όχι
22/11/2023 23:45;0;Όχι
23/11/2023 00:00;0;Όχι
23/11/2023 00:15;0;Όχι
23/11/2023 00:30;0;Όχι
23/11/2023 00:45;0;Όχι
23/11/2023 01:00;0;Όχι
23/11/2023 01:15;0;Όχι
23/11/2023 01:30;0;Όχι
23/11/2023 01:45;0;Όχι
23/11/2023 02:00;0;Όχι
23/11/2023 02:15;0;Όχι
23/11/2023 02:30;0;Όχι
23/11/2023 02:45;0;Όχι
23/11/2023 03:00;0;Όχι
23/11/2023 03:15;0;Όχι
23/11/2023 03:30;0;Όχι
23/11/2023 03:45;0;Όχι
23/11/2023 04:00;0;Όχι
23/11/2023 04:15;0;Όχι
23/11/2023 04:30;0;Όχι
23/11/2023 04:45;0;Όχι
23/11/2023 05:00;0;Όχι
23/11/2023 05:15;0;Όχι
23/11/2023 05:30;0;Όχι
23/11/2023 05:45;0;Όχι
23/11/2023 06:00;0;Όχι
23/11/2023 06:15;0;Όχι
23/11/2023 06:30;0;Όχι
23/11/2023 06:45;0;Όχι
23/11/2023 07:00;0;Όχι
23/11/2023 07:15;0;Όχι
23/11/2023 07:30;0;Όχι
23/11/2023 07:45;0;Όχι
23/11/2023 08:00;0;Όχι
23/11/2023 08:15;0;Όχι
23/11/2023 08:30;0;Όχι
23/11/2023 08:45;0,02;Όχι
23/11/2023 09:00;0,035;Όχι
23/11/2023 09:15;0,069;Όχι
23/11/2023 09:30;0,092;Όχι
23/11/2023 09:45;0,071;Όχι
23/11/2023 10:00;0,05;Όχι
23/11/2023 10:15;0,1;Όχι
23/11/2023 10:30;0,104;Όχι
23/11/2023 10:45;0,081;Όχι
23/11/2023 11:00;0,039;Όχι
23/11/2023 11:15;0,031;Όχι
23/11/2023 11:30;0,075;Όχι
23/11/2023 11:45;0,094;Όχι
23/11/2023 12:00;0,139;Όχι
23/11/2023 12:15;0,15;Όχι
23/11/2023 12:30;0,081;Όχι
23/11/2023 12:45;0,055;Όχι
23/11/2023 13:00;0,146;Όχι
23/11/2023 13:15;0,054;Όχι
23/11/2023 13:30;0,066;Όχι
23/11/2023 13:45;0,108;Όχι
23/11/2023 14:00;0,142;Όχι
23/11/2023 14:15;0,142;Όχι
23/11/2023 14:30;0,059;Όχι
23/11/2023 14:45;0,081;Όχι
23/11/2023 15:00;0,059;Όχι
23/11/2023 15:15;0,047;Όχι
23/11/2023 15:30;0,043;Όχι
23/11/2023 15:45;0,04;Όχι
23/11/2023 16:00;0,054;Όχι
23/11/2023 16:15;0,028;Όχι
23/11/2023 16:30;0,006;Όχι
23/11/2023 16:45;0,001;Όχι
23/11/2023 17:00;0;Όχι
23/11/2023 17:15;0;Όχι
23/11/2023 17:30;0;Όχι
23/11/2023 17:45;0;Όχι
23/11/2023 18:00;0;Όχι
23/11/2023 18:15;0;Όχι
23/11/2023 18:30;0;Όχι
23/11/2023 18:45;0;Όχι
23/11/2023 19:00;0;Όχι
23/11/2023 19:15;0;Όχι
23/11/2023 19:30;0;Όχι
23/11/2023 19:45;0;Όχι
23/11/2023 20:00;0;Όχι
23/11/2023 20:15;0;Όχι
23/11/2023 20:30;0;Όχι
23/11/2023 20:45;0;Όχι
23/11/2023 21:00;0;Όχι
23/11/2023 21:15;0;Όχι
23/11/2023 21:30;0;Όχι
23/11/2023 21:45;0;Όχι
23/11/2023 22:00;0;Όχι
23/11/2023 22:15;0;Όχι
23/11/2023 22:30;0;Όχι
23/11/2023 22:45;0;Όχι
23/11/2023 23:00;0;Όχι
23/11/2023 23:15;0;Όχι
23/11/2023 23:30;0;Όχι
23/11/2023 23:45;0;Όχι
24/11/2023 00:00;0;Όχι
24/11/2023 00:15;0;Όχι
24/11/2023 00:30;0;Όχι
24/11/2023 00:45;0;Όχι
24/11/2023 01:00;0;Όχι
24/11/2023 01:15;0;Όχι
24/11/2023 01:30;0;Όχι
24/11/2023 01:45;0;Όχι
24/11/2023 02:00;0;Όχι
24/11/2023 02:15;0;Όχι
24/11/2023 02:30;0;Όχι
24/11/2023 02:45;0;Όχι
24/11/2023 03:00;0;Όχι
24/11/2023 03:15;0;Όχι
24/11/2023 03:30;0;Όχι
24/11/2023 03:45;0;Όχι
24/11/2023 04:00;0;Όχι
24/11/2023 04:15;0;Όχι
24/11/2023 04:30;0;Όχι
24/11/2023 04:45;0;Όχι
24/11/2023 05:00;0;Όχι
24/11/2023 05:15;0;Όχι
24/11/2023 05:30;0;Όχι
24/11/2023 05:45;0;Όχι
24/11/2023 06:00;0;Όχι
24/11/2023 06:15;0;Όχι
24/11/2023 06:30;0;Όχι
24/11/2023 06:45;0;Όχι
24/11/2023 07:00;0;Όχι
24/11/2023 07:15;0;Όχι
24/11/2023 07:30;0;Όχι
24/11/2023 07:45;0,006;Όχι
24/11/2023 08:00;0,045;Όχι
24/11/2023 08:15;0,045;Όχι
24/11/2023 08:30;0,062;Όχι
24/11/2023 08:45;0,079;Όχι
24/11/2023 09:00;0,099;Όχι
24/11/2023 09:15;0,094;Όχι
24/11/2023 09:30;0,115;Όχι
24/11/2023 09:45;0,169;Όχι
24/11/2023 10:00;0,16;Όχι
24/11/2023 10:15;0,176;Όχι
24/11/2023 10:30;0,22;Όχι
24/11/2023 10:45;0,193;Όχι
24/11/2023 11:00;0,209;Όχι
24/11/2023 11:15;0,237;Όχι
24/11/2023 11:30;0,224;Όχι
24/11/2023 11:45;0,452;Όχι
24/11/2023 12:00;0,465;Όχι
24/11/2023 12:15;0,529;Όχι
24/11/2023 12:30;1,046;Όχι
24/11/2023 12:45;1,072;Όχι
24/11/2023 13:00;0,854;Όχι
24/11/2023 13:15;0,791;Όχι
24/11/2023 13:30;0,75;Όχι
24/11/2023 13:45;0,885;Όχι
24/11/2023 14:00;0,842;Όχι
24/11/2023 14:15;0,442;Όχι
24/11/2023 14:30;0,203;Όχι
24/11/2023 14:45;0,323;Όχι
24/11/2023 15:00;0,61;Όχι
24/11/2023 15:15;0,689;Όχι
24/11/2023 15:30;0,536;Όχι
24/11/2023 15:45;0,422;Όχι
24/11/2023 16:00;0,251;Όχι
24/11/2023 16:15;0,091;Όχι
24/11/2023 16:30;0,034;Όχι
24/11/2023 16:45;0,03;Όχι
24/11/2023 17:00;0,005;Όχι
24/11/2023 17:15;0;Όχι
24/11/2023 17:30;0;Όχι
24/11/2023 17:45;0;Όχι
24/11/2023 18:00;0;Όχι
24/11/2023 18:15;0;Όχι
24/11/2023 18:30;0;Όχι
24/11/2023 18:45;0;Όχι
24/11/2023 19:00;0;Όχι
24/11/2023 19:15;0;Όχι
24/11/2023 19:30;0;Όχι
24/11/2023 19:45;0;Όχι
24/11/2023 20:00;0;Όχι
24/11/2023 20:15;0;Όχι
24/11/2023 20:30;0;Όχι
24/11/2023 20:45;0;Όχι
24/11/2023 21:00;0;Όχι
24/11/2023 21:15;0;Όχι
24/11/2023 21:30;0;Όχι
24/11/2023 21:45;0;Όχι
24/11/2023 22:00;0;Όχι
24/11/2023 22:15;0;Όχι
24/11/2023 22:30;0;Όχι
24/11/2023 22:45;0;Όχι
24/11/2023 23:00;0;Όχι
24/11/2023 23:15;0;Όχι
24/11/2023 23:30;0;Όχι
24/11/2023 23:45;0;Όχι
25/11/2023 00:00;0;Όχι
25/11/2023 00:15;0;Όχι
25/11/2023 00:30;0;Όχι
25/11/2023 00:45;0;Όχι
25/11/2023 01:00;0;Όχι
25/11/2023 01:15;0;Όχι
25/11/2023 01:30;0;Όχι
25/11/2023 01:45;0;Όχι
25/11/2023 02:00;0;Όχι
25/11/2023 02:15;0;Όχι
25/11/2023 02:30;0;Όχι
25/11/2023 02:45;0;Όχι
25/11/2023 03:00;0;Όχι
25/11/2023 03:15;0;Όχι
25/11/2023 03:30;0;Όχι
25/11/2023 03:45;0;Όχι
25/11/2023 04:00;0;Όχι
25/11/2023 04:15;0;Όχι
25/11/2023 04:30;0;Όχι
25/11/2023 04:45;0;Όχι
25/11/2023 05:00;0;Όχι
25/11/2023 05:15;0;Όχι
25/11/2023 05:30;0;Όχι
25/11/2023 05:45;0;Όχι
25/11/2023 06:00;0;Όχι
25/11/2023 06:15;0;Όχι
25/11/2023 06:30;0;Όχι
25/11/2023 06:45;0;Όχι
25/11/2023 07:00;0;Όχι
25/11/2023 07:15;0;Όχι
25/11/2023 07:30;0;Όχι
25/11/2023 07:45;0;Όχι
25/11/2023 08:00;0;Όχι
25/11/2023 08:15;0,008;Όχι
25/11/2023 08:30;0,03;Όχι
25/11/2023 08:45;0,036;Όχι
25/11/2023 09:00;0,024;Όχι
25/11/2023 09:15;0,041;Όχι
25/11/2023 09:30;0,042;Όχι
25/11/2023 09:45;0,032;Όχι
25/11/2023 10:00;0,028;Όχι
25/11/2023 10:15;0,036;Όχι
25/11/2023 10:30;0,054;Όχι
25/11/2023 10:45;0,098;Όχι
25/11/2023 11:00;0,126;Όχι
25/11/2023 11:15;0,161;Όχι
25/11/2023 11:30;0,18;Όχι
25/11/2023 11:45;0,165;Όχι
25/11/2023 12:00;0,128;Όχι
25/11/2023 12:15;0,094;Όχι
25/11/2023 12:30;0,123;Όχι
25/11/2023 12:45;0,218;Όχι
25/11/2023 13:00;0,136;Όχι
25/11/2023 13:15;0,044;Όχι
25/11/2023 13:30;0,086;Όχι
25/11/2023 13:45;0,087;Όχι
25/11/2023 14:00;0,079;Όχι
25/11/2023 14:15;0,111;Όχι
25/11/2023 14:30;0,078;Όχι
25/11/2023 14:45;0,078;Όχι
25/11/2023 15:00;0,054;Όχι
25/11/2023 15:15;0,039;Όχι
25/11/2023 15:30;0,022;Όχι
25/11/2023 15:45;0,017;Όχι
25/11/2023 16:00;0,02;Όχι
25/11/2023 16:15;0,021;Όχι
25/11/2023 16:30;0,009;Όχι
25/11/2023 16:45;0,001;Όχι
25/11/2023 17:00;0;Όχι
25/11/2023 17:15;0;Όχι
25/11/2023 17:30;0;Όχι
25/11/2023 17:45;0;Όχι
25/11/2023 18:00;0;Όχι
25/11/2023 18:15;0;Όχι
25/11/2023 18:30;0;Όχι
25/11/2023 18:45;0;Όχι
25/11/2023 19:00;0;Όχι
25/11/2023 19:15;0;Όχι
25/11/2023 19:30;0;Όχι
25/11/2023 19:45;0;Όχι
25/11/2023 20:00;0;Όχι
25/11/2023 20:15;0;Όχι
25/11/2023 20:30;0;Όχι
25/11/2023 20:45;0;Όχι
25/11/2023 21:00;0;Όχι
25/11/2023 21:15;0;Όχι
25/11/2023 21:30;0;Όχι
25/11/2023 21:45;0;Όχι
25/11/2023 22:00;0;Όχι
25/11/2023 22:15;0;Όχι
25/11/2023 22:30;0;Όχι
25/11/2023 22:45;0;Όχι
25/11/2023 23:00;0;Όχι
25/11/2023 23:15;0;Όχι
25/11/2023 23:30;0;Όχι
25/11/2023 23:45;0;Όχι
26/11/2023 00:00;0;Όχι
26/11/2023 00:15;0;Όχι
26/11/2023 00:30;0;Όχι
26/11/2023 00:45;0;Όχι
26/11/2023 01:00;0;Όχι
26/11/2023 01:15;0;Όχι
26/11/2023 01:30;0;Όχι
26/11/2023 01:45;0;Όχι
26/11/2023 02:00;0;Όχι
26/11/2023 02:15;0;Όχι
26/11/2023 02:30;0;Όχι
26/11/2023 02:45;0;Όχι
26/11/2023 03:00;0;Όχι
26/11/2023 03:15;0;Όχι
26/11/2023 03:30;0;Όχι
26/11/2023 03:45;0;Όχι
26/11/2023 04:00;0;Όχι
26/11/2023 04:15;0;Όχι
26/11/2023 04:30;0;Όχι
26/11/2023 04:45;0;Όχι
26/11/2023 05:00;0;Όχι
26/11/2023 05:15;0;Όχι
26/11/2023 05:30;0;Όχι
26/11/2023 05:45;0;Όχι
26/11/2023 06:00;0;Όχι
26/11/2023 06:15;0;Όχι
26/11/2023 06:30;0;Όχι
26/11/2023 06:45;0;Όχι
26/11/2023 07:00;0;Όχι
26/11/2023 07:15;0;Όχι
26/11/2023 07:30;0;Όχι
26/11/2023 07:45;0;Όχι
26/11/2023 08:00;0,016;Όχι
26/11/2023 08:15;0,021;Όχι
26/11/2023 08:30;0,023;Όχι
26/11/2023 08:45;0,027;Όχι
26/11/2023 09:00;0,035;Όχι
26/11/2023 09:15;0,045;Όχι
26/11/2023 09:30;0,057;Όχι
26/11/2023 09:45;0,071;Όχι
26/11/2023 10:00;0,092;Όχι
26/11/2023 10:15;0,119;Όχι
26/11/2023 10:30;0,152;Όχι
26/11/2023 10:45;0,197;Όχι
26/11/2023 11:00;0,248;Όχι
26/11/2023 11:15;0,28;Όχι
26/11/2023 11:30;0,543;Όχι
26/11/2023 11:45;1,218;Όχι
26/11/2023 12:00;1,277;Όχι
26/11/2023 12:15;1,259;Όχι
26/11/2023 12:30;1,284;Όχι
26/11/2023 12:45;1,252;Όχι
26/11/2023 13:00;1,122;Όχι
26/11/2023 13:15;1,213;Όχι
26/11/2023 13:30;1,181;Όχι
26/11/2023 13:45;1,154;Όχι
26/11/2023 14:00;0,966;Όχι
26/11/2023 14:15;1,042;Όχι
26/11/2023 14:30;0,963;Όχι
26/11/2023 14:45;0,891;Όχι
26/11/2023 15:00;0,818;Όχι
26/11/2023 15:15;0,737;Όχι
26/11/2023 15:30;0,647;Όχι
26/11/2023 15:45;0,55;Όχι
26/11/2023 16:00;0,442;Όχι
26/11/2023 16:15;0,333;Όχι
26/11/2023 16:30;0,224;Όχι
26/11/2023 16:45;0,124;Όχι
26/11/2023 17:00;0,037;Όχι
26/11/2023 17:15;0,001;Όχι
26/11/2023 17:30;0;Όχι
26/11/2023 17:45;0;Όχι
26/11/2023 18:00;0;Όχι
26/11/2023 18:15;0;Όχι
26/11/2023 18:30;0;Όχι
26/11/2023 18:45;0;Όχι
26/11/2023 19:00;0;Όχι
26/11/2023 19:15;0;Όχι
26/11/2023 19:30;0;Όχι
26/11/2023 19:45;0;Όχι
26/11/2023 20:00;0;Όχι
26/11/2023 20:15;0;Όχι
26/11/2023 20:30;0;Όχι
26/11/2023 20:45;0;Όχι
26/11/2023 21:00;0;Όχι
26/11/2023 21:15;0;Όχι
26/11/2023 21:30;0;Όχι
26/11/2023 21:45;0;Όχι
26/11/2023 22:00;0;Όχι
26/11/2023 22:15;0;Όχι
26/11/2023 22:30;0;Όχι
26/11/2023 22:45;0;Όχι
26/11/2023 23:00;0;Όχι
26/11/2023 23:15;0;Όχι
26/11/2023 23:30;0;Όχι
26/11/2023 23:45;0;Όχι
27/11/2023 00:00;0;Όχι
27/11/2023 00:15;0;Όχι
27/11/2023 00:30;0;Όχι
27/11/2023 00:45;0;Όχι
27/11/2023 01:00;0;Όχι
27/11/2023 01:15;0;Όχι
27/11/2023 01:30;0;Όχι
27/11/2023 01:45;0;Όχι
27/11/2023 02:00;0;Όχι
27/11/2023 02:15;0;Όχι
27/11/2023 02:30;0;Όχι
27/11/2023 02:45;0;Όχι
27/11/2023 03:00;0;Όχι
27/11/2023 03:15;0;Όχι
27/11/2023 03:30;0;Όχι
27/11/2023 03:45;0;Όχι
27/11/2023 04:00;0;Όχι
27/11/2023 04:15;0;Όχι
27/11/2023 04:30;0;Όχι
27/11/2023 04:45;0;Όχι
27/11/2023 05:00;0;Όχι
27/11/2023 05:15;0;Όχι
27/11/2023 05:30;0;Όχι
27/11/2023 05:45;0;Όχι
27/11/2023 06:00;0;Όχι
27/11/2023 06:15;0;Όχι
27/11/2023 06:30;0;Όχι
27/11/2023 06:45;0;Όχι
27/11/2023 07:00;0;Όχι
27/11/2023 07:15;0;Όχι
27/11/2023 07:30;0;Όχι
27/11/2023 07:45;0,025;Όχι
27/11/2023 08:00;0,109;Όχι
27/11/2023 08:15;0,204;Όχι
27/11/2023 08:30;0,307;Όχι
27/11/2023 08:45;0,407;Όχι
27/11/2023 09:00;0,514;Όχι
27/11/2023 09:15;0,614;Όχι
27/11/2023 09:30;0,706;Όχι
27/11/2023 09:45;0,796;Όχι
27/11/2023 10:00;0,873;Όχι
27/11/2023 10:15;0,939;Όχι
27/11/2023 10:30;0,995;Όχι
27/11/2023 10:45;1,052;Όχι
27/11/2023 11:00;1,1;Όχι
27/11/2023 11:15;1,133;Όχι
27/11/2023 11:30;1,167;Όχι
27/11/2023 11:45;1,182;Όχι
27/11/2023 12:00;1,183;Όχι
27/11/2023 12:15;1,184;Όχι
27/11/2023 12:30;1,177;Όχι
27/11/2023 12:45;1,163;Όχι
27/11/2023 13:00;1,15;Όχι
27/11/2023 13:15;1,125;Όχι
27/11/2023 13:30;1,093;Όχι
27/11/2023 13:45;1,059;Όχι
27/11/2023 14:00;1,017;Όχι
27/11/2023 14:15;0,968;Όχι
27/11/2023 14:30;0,912;Όχι
27/11/2023 14:45;0,856;Όχι
27/11/2023 15:00;0,792;Όχι
27/11/2023 15:15;0,711;Όχι
27/11/2023 15:30;0,623;Όχι
27/11/2023 15:45;0,516;Όχι
27/11/2023 16:00;0,422;Όχι
27/11/2023 16:15;0,329;Όχι
27/11/2023 16:30;0,227;Όχι
27/11/2023 16:45;0,103;Όχι
27/11/2023 17:00;0,009;Όχι
27/11/2023 17:15;0;Όχι
27/11/2023 17:30;0;Όχι
27/11/2023 17:45;0;Όχι
27/11/2023 18:00;0;Όχι
27/11/2023 18:15;0;Όχι
27/11/2023 18:30;0;Όχι
27/11/2023 18:45;0;Όχι
27/11/2023 19:00;0;Όχι
27/11/2023 19:15;0;Όχι
27/11/2023 19:30;0;Όχι
27/11/2023 19:45;0;Όχι
27/11/2023 20:00;0;Όχι
27/11/2023 20:15;0;Όχι
27/11/2023 20:30;0;Όχι
27/11/2023 20:45;0;Όχι
27/11/2023 21:00;0;Όχι
27/11/2023 21:15;0;Όχι
27/11/2023 21:30;0;Όχι
27/11/2023 21:45;0;Όχι
27/11/2023 22:00;0;Όχι
27/11/2023 22:15;0;Όχι
27/11/2023 22:30;0;Όχι
27/11/2023 22:45;0;Όχι
27/11/2023 23:00;0;Όχι
27/11/2023 23:15;0;Όχι
27/11/2023 23:30;0;Όχι
27/11/2023 23:45;0;Όχι
28/11/2023 00:00;0;Όχι
28/11/2023 00:15;0;Όχι
28/11/2023 00:30;0;Όχι
28/11/2023 00:45;0;Όχι
28/11/2023 01:00;0;Όχι
28/11/2023 01:15;0;Όχι
28/11/2023 01:30;0;Όχι
28/11/2023 01:45;0;Όχι
28/11/2023 02:00;0;Όχι
28/11/2023 02:15;0;Όχι
28/11/2023 02:30;0;Όχι
28/11/2023 02:45;0;Όχι
28/11/2023 03:00;0;Όχι
28/11/2023 03:15;0;Όχι
28/11/2023 03:30;0;Όχι
28/11/2023 03:45;0;Όχι
28/11/2023 04:00;0;Όχι
28/11/2023 04:15;0;Όχι
28/11/2023 04:30;0;Όχι
28/11/2023 04:45;0;Όχι
28/11/2023 05:00;0;Όχι
28/11/2023 05:15;0;Όχι
28/11/2023 05:30;0;Όχι
28/11/2023 05:45;0;Όχι
28/11/2023 06:00;0;Όχι
28/11/2023 06:15;0;Όχι
28/11/2023 06:30;0;Όχι
28/11/2023 06:45;0;Όχι
28/11/2023 07:00;0;Όχι
28/11/2023 07:15;0;Όχι
28/11/2023 07:30;0;Όχι
28/11/2023 07:45;0;Όχι
28/11/2023 08:00;0;Όχι
28/11/2023 08:15;0,003;Όχι
28/11/2023 08:30;0,015;Όχι
28/11/2023 08:45;0,013;Όχι
28/11/2023 09:00;0,026;Όχι
28/11/2023 09:15;0,056;Όχι
28/11/2023 09:30;0,078;Όχι
28/11/2023 09:45;0,051;Όχι
28/11/2023 10:00;0,071;Όχι
28/11/2023 10:15;0,09;Όχι
28/11/2023 10:30;0,12;Όχι
28/11/2023 10:45;0,141;Όχι
28/11/2023 11:00;0,1;Όχι
28/11/2023 11:15;0,09;Όχι
28/11/2023 11:30;0,162;Όχι
28/11/2023 11:45;0,149;Όχι
28/11/2023 12:00;0,141;Όχι
28/11/2023 12:15;0,151;Όχι
28/11/2023 12:30;0,151;Όχι
28/11/2023 12:45;0,159;Όχι
28/11/2023 13:00;0,106;Όχι
28/11/2023 13:15;0,171;Όχι
28/11/2023 13:30;0,139;Όχι
28/11/2023 13:45;0,203;Όχι
28/11/2023 14:00;0,221;Όχι
28/11/2023 14:15;0,204;Όχι
28/11/2023 14:30;0,178;Όχι
28/11/2023 14:45;0,123;Όχι
28/11/2023 15:00;0,351;Όχι
28/11/2023 15:15;0,183;Όχι
28/11/2023 15:30;0,189;Όχι
28/11/2023 15:45;0,131;Όχι
28/11/2023 16:00;0,05;Όχι
28/11/2023 16:15;0,033;Όχι
28/11/2023 16:30;0,028;Όχι
28/11/2023 16:45;0,017;Όχι
28/11/2023 17:00;0,004;Όχι
28/11/2023 17:15;0;Όχι
28/11/2023 17:30;0;Όχι
28/11/2023 17:45;0;Όχι
28/11/2023 18:00;0;Όχι
28/11/2023 18:15;0;Όχι
28/11/2023 18:30;0;Όχι
28/11/2023 18:45;0;Όχι
28/11/2023 19:00;0;Όχι
28/11/2023 19:15;0;Όχι
28/11/2023 19:30;0;Όχι
28/11/2023 19:45;0;Όχι
28/11/2023 20:00;0;Όχι
28/11/2023 20:15;0;Όχι
28/11/2023 20:30;0;Όχι
28/11/2023 20:45;0;Όχι
28/11/2023 21:00;0;Όχι
28/11/2023 21:15;0;Όχι
28/11/2023 21:30;0;Όχι
28/11/2023 21:45;0;Όχι
28/11/2023 22:00;0;Όχι
28/11/2023 22:15;0;Όχι
28/11/2023 22:30;0;Όχι
28/11/2023 22:45;0;Όχι
28/11/2023 23:00;0;Όχι
28/11/2023 23:15;0;Όχι
28/11/2023 23:30;0;Όχι
28/11/2023 23:45;0;Όχι
29/11/2023 00:00;0;Όχι
29/11/2023 00:15;0;Όχι
29/11/2023 00:30;0;Όχι
29/11/2023 00:45;0;Όχι
29/11/2023 01:00;0;Όχι
29/11/2023 01:15;0;Όχι
29/11/2023 01:30;0;Όχι
29/11/2023 01:45;0;Όχι
29/11/2023 02:00;0;Όχι
29/11/2023 02:15;0;Όχι
29/11/2023 02:30;0;Όχι
29/11/2023 02:45;0;Όχι
29/11/2023 03:00;0;Όχι
29/11/2023 03:15;0;Όχι
29/11/2023 03:30;0;Όχι
29/11/2023 03:45;0;Όχι
29/11/2023 04:00;0;Όχι
29/11/2023 04:15;0;Όχι
29/11/2023 04:30;0;Όχι
29/11/2023 04:45;0;Όχι
29/11/2023 05:00;0;Όχι
29/11/2023 05:15;0;Όχι
29/11/2023 05:30;0;Όχι
29/11/2023 05:45;0;Όχι
29/11/2023 06:00;0;Όχι
29/11/2023 06:15;0;Όχι
29/11/2023 06:30;0;Όχι
29/11/2023 06:45;0;Όχι
29/11/2023 07:00;0;Όχι
29/11/2023 07:15;0;Όχι
29/11/2023 07:30;0;Όχι
29/11/2023 07:45;0;Όχι
29/11/2023 08:00;0,009;Όχι
29/11/2023 08:15;0,023;Όχι
29/11/2023 08:30;0,035;Όχι
29/11/2023 08:45;0,076;Όχι
29/11/2023 09:00;0,066;Όχι
29/11/2023 09:15;0,108;Όχι
29/11/2023 09:30;0,271;Όχι
29/11/2023 09:45;0,438;Όχι
29/11/2023 10:00;0,788;Όχι
29/11/2023 10:15;0,481;Όχι
29/11/2023 10:30;0,269;Όχι
29/11/2023 10:45;0,566;Όχι
29/11/2023 11:00;0,661;Όχι
29/11/2023 11:15;0,955;Όχι
29/11/2023 11:30;0,943;Όχι
29/11/2023 11:45;0,627;Όχι
29/11/2023 12:00;0,562;Όχι
29/11/2023 12:15;0,461;Όχι
29/11/2023 12:30;0,506;Όχι
29/11/2023 12:45;1,088;Όχι
29/11/2023 13:00;0,986;Όχι
29/11/2023 13:15;0,902;Όχι
29/11/2023 13:30;0,741;Όχι
29/11/2023 13:45;0,835;Όχι
29/11/2023 14:00;0,284;Όχι
29/11/2023 14:15;0,208;Όχι
29/11/2023 14:30;0,162;Όχι
29/11/2023 14:45;0,127;Όχι
29/11/2023 15:00;0,131;Όχι
29/11/2023 15:15;0,139;Όχι
29/11/2023 15:30;0,121;Όχι
29/11/2023 15:45;0,071;Όχι
29/11/2023 16:00;0,038;Όχι
29/11/2023 16:15;0,028;Όχι
29/11/2023 16:30;0,022;Όχι
29/11/2023 16:45;0,003;Όχι
29/11/2023 17:00;0;Όχι
29/11/2023 17:15;0;Όχι
29/11/2023 17:30;0;Όχι
29/11/2023 17:45;0;Όχι
29/11/2023 18:00;0;Όχι
29/11/2023 18:15;0;Όχι
29/11/2023 18:30;0;Όχι
29/11/2023 18:45;0;Όχι
29/11/2023 19:00;0;Όχι
29/11/2023 19:15;0;Όχι
29/11/2023 19:30;0;Όχι
29/11/2023 19:45;0;Όχι
29/11/2023 20:00;0;Όχι
29/11/2023 20:15;0;Όχι
29/11/2023 20:30;0;Όχι
29/11/2023 20:45;0;Όχι
29/11/2023 21:00;0;Όχι
29/11/2023 21:15;0;Όχι
29/11/2023 21:30;0;Όχι
29/11/2023 21:45;0;Όχι
29/11/2023 22:00;0;Όχι
29/11/2023 22:15;0;Όχι
29/11/2023 22:30;0;Όχι
29/11/2023 22:45;0;Όχι
29/11/2023 23:00;0;Όχι
29/11/2023 23:15;0;Όχι
29/11/2023 23:30;0;Όχι
29/11/2023 23:45;0;Όχι
30/11/2023 00:00;0;Όχι
30/11/2023 00:15;0;Όχι
30/11/2023 00:30;0;Όχι
30/11/2023 00:45;0;Όχι
30/11/2023 01:00;0;Όχι
30/11/2023 01:15;0;Όχι
30/11/2023 01:30;0;Όχι
30/11/2023 01:45;0;Όχι
30/11/2023 02:00;0;Όχι
30/11/2023 02:15;0;Όχι
30/11/2023 02:30;0;Όχι
30/11/2023 02:45;0;Όχι
30/11/2023 03:00;0;Όχι
30/11/2023 03:15;0;Όχι
30/11/2023 03:30;0;Όχι
30/11/2023 03:45;0;Όχι
30/11/2023 04:00;0;Όχι
30/11/2023 04:15;0;Όχι
30/11/2023 04:30;0;Όχι
30/11/2023 04:45;0;Όχι
30/11/2023 05:00;0;Όχι
30/11/2023 05:15;0;Όχι
30/11/2023 05:30;0;Όχι
30/11/2023 05:45;0;Όχι
30/11/2023 06:00;0;Όχι
30/11/2023 06:15;0;Όχι
30/11/2023 06:30;0;Όχι
30/11/2023 06:45;0;Όχι
30/11/2023 07:00;0;Όχι
30/11/2023 07:15;0;Όχι
30/11/2023 07:30;0;Όχι
30/11/2023 07:45;0,015;Όχι
30/11/2023 08:00;0,098;Όχι
30/11/2023 08:15;0,214;Όχι
30/11/2023 08:30;0,35;Όχι
30/11/2023 08:45;0,385;Όχι
30/11/2023 09:00;0,264;Όχι
30/11/2023 09:15;0,369;Όχι
30/11/2023 09:30;0,457;Όχι
30/11/2023 09:45;0,645;Όχι
30/11/2023 10:00;0,618;Όχι
30/11/2023 10:15;0,8;Όχι
30/11/2023 10:30;0,896;Όχι
30/11/2023 10:45;0,967;Όχι
30/11/2023 11:00;1,041;Όχι
30/11/2023 11:15;0,658;Όχι
30/11/2023 11:30;1,091;Όχι
30/11/2023 11:45;1,067;Όχι
30/11/2023 12:00;1,08;Όχι
30/11/2023 12:15;1,091;Όχι
30/11/2023 12:30;1,093;Όχι
30/11/2023 12:45;1,091;Όχι
30/11/2023 13:00;1,073;Όχι
30/11/2023 13:15;1,047;Όχι
30/11/2023 13:30;1,023;Όχι
30/11/2023 13:45;0,989;Όχι
30/11/2023 14:00;0,956;Όχι
30/11/2023 14:15;0,826;Όχι
30/11/2023 14:30;0,413;Όχι
30/11/2023 14:45;0,441;Όχι
30/11/2023 15:00;0,357;Όχι
30/11/2023 15:15;0,304;Όχι
30/11/2023 15:30;0,208;Όχι
30/11/2023 15:45;0,126;Όχι
30/11/2023 16:00;0,088;Όχι
30/11/2023 16:15;0,058;Όχι
30/11/2023 16:30;0,041;Όχι
30/11/2023 16:45;0,013;Όχι
30/11/2023 17:00;0,001;Όχι
30/11/2023 17:15;0;Όχι
30/11/2023 17:30;0;Όχι
30/11/2023 17:45;0;Όχι
30/11/2023 18:00;0;Όχι
30/11/2023 18:15;0;Όχι
30/11/2023 18:30;0;Όχι
30/11/2023 18:45;0;Όχι
30/11/2023 19:00;0;Όχι
30/11/2023 19:15;0;Όχι
30/11/2023 19:30;0;Όχι
30/11/2023 19:45;0;Όχι
30/11/2023 20:00;0;Όχι
30/11/2023 20:15;0;Όχι
30/11/2023 20:30;0;Όχι
30/11/2023 20:45;0;Όχι
30/11/2023 21:00;0;Όχι
30/11/2023 21:15;0;Όχι
30/11/2023 21:30;0;Όχι
30/11/2023 21:45;0;Όχι
30/11/2023 22:00;0;Όχι
30/11/2023 22:15;0;Όχι
30/11/2023 22:30;0;Όχι
30/11/2023 22:45;0;Όχι
30/11/2023 23:00;0;Όχι
30/11/2023 23:15;0;Όχι
30/11/2023 23:30;0;Όχι
30/11/2023 23:45;0;Όχι
01/12/2023 00:00;0;Όχι
01/12/2023 00:15;0;Όχι
01/12/2023 00:30;0;Όχι
01/12/2023 00:45;0;Όχι
01/12/2023 01:00;0;Όχι
01/12/2023 01:15;0;Όχι
01/12/2023 01:30;0;Όχι
01/12/2023 01:45;0;Όχι
01/12/2023 02:00;0;Όχι
01/12/2023 02:15;0;Όχι
01/12/2023 02:30;0;Όχι
01/12/2023 02:45;0;Όχι
01/12/2023 03:00;0;Όχι
01/12/2023 03:15;0;Όχι
01/12/2023 03:30;0;Όχι
01/12/2023 03:45;0;Όχι
01/12/2023 04:00;0;Όχι
01/12/2023 04:15;0;Όχι
01/12/2023 04:30;0;Όχι
01/12/2023 04:45;0;Όχι
01/12/2023 05:00;0;Όχι
01/12/2023 05:15;0;Όχι
01/12/2023 05:30;0;Όχι
01/12/2023 05:45;0;Όχι
01/12/2023 06:00;0;Όχι
01/12/2023 06:15;0;Όχι
01/12/2023 06:30;0;Όχι
01/12/2023 06:45;0;Όχι
01/12/2023 07:00;0;Όχι
01/12/2023 07:15;0;Όχι
01/12/2023 07:30;0;Όχι
01/12/2023 07:45;0;Όχι
01/12/2023 08:00;0,003;Όχι
01/12/2023 08:15;0,013;Όχι
01/12/2023 08:30;0,034;Όχι
01/12/2023 08:45;0,046;Όχι
01/12/2023 09:00;0,063;Όχι
01/12/2023 09:15;0,1;Όχι
01/12/2023 09:30;0,153;Όχι
01/12/2023 09:45;0,205;Όχι
01/12/2023 10:00;0,257;Όχι
01/12/2023 10:15;0,411;Όχι
01/12/2023 10:30;0,703;Όχι
01/12/2023 10:45;0,484;Όχι
01/12/2023 11:00;0,25;Όχι
01/12/2023 11:15;0,542;Όχι
01/12/2023 11:30;0,892;Όχι
01/12/2023 11:45;1,037;Όχι
01/12/2023 12:00;0,926;Όχι
01/12/2023 12:15;1,088;Όχι
01/12/2023 12:30;0,914;Όχι
01/12/2023 12:45;0,479;Όχι
01/12/2023 13:00;0,718;Όχι
01/12/2023 13:15;0,816;Όχι
01/12/2023 13:30;1,006;Όχι
01/12/2023 13:45;0,987;Όχι
01/12/2023 14:00;0,747;Όχι
01/12/2023 14:15;0,381;Όχι
01/12/2023 14:30;0,582;Όχι
01/12/2023 14:45;0,315;Όχι
01/12/2023 15:00;0,329;Όχι
01/12/2023 15:15;0,196;Όχι
01/12/2023 15:30;0,168;Όχι
01/12/2023 15:45;0,222;Όχι
01/12/2023 16:00;0,138;Όχι
01/12/2023 16:15;0,065;Όχι
01/12/2023 16:30;0,022;Όχι
01/12/2023 16:45;0,003;Όχι
01/12/2023 17:00;0;Όχι
01/12/2023 17:15;0;Όχι
01/12/2023 17:30;0;Όχι
01/12/2023 17:45;0;Όχι
01/12/2023 18:00;0;Όχι
01/12/2023 18:15;0;Όχι
01/12/2023 18:30;0;Όχι
01/12/2023 18:45;0;Όχι
01/12/2023 19:00;0;Όχι
01/12/2023 19:15;0;Όχι
01/12/2023 19:30;0;Όχι
01/12/2023 19:45;0;Όχι
01/12/2023 20:00;0;Όχι
01/12/2023 20:15;0;Όχι
01/12/2023 20:30;0;Όχι
01/12/2023 20:45;0;Όχι
01/12/2023 21:00;0;Όχι
01/12/2023 21:15;0;Όχι
01/12/2023 21:30;0;Όχι
01/12/2023 21:45;0;Όχι
01/12/2023 22:00;0;Όχι
01/12/2023 22:15;0;Όχι
01/12/2023 22:30;0;Όχι
01/12/2023 22:45;0;Όχι
01/12/2023 23:00;0;Όχι
01/12/2023 23:15;0;Όχι
01/12/2023 23:30;0;Όχι
01/12/2023 23:45;0;Όχι
02/12/2023 00:00;0;Όχι
02/12/2023 00:15;0;Όχι
02/12/2023 00:30;0;Όχι
02/12/2023 00:45;0;Όχι
02/12/2023 01:00;0;Όχι
02/12/2023 01:15;0;Όχι
02/12/2023 01:30;0;Όχι
02/12/2023 01:45;0;Όχι
02/12/2023 02:00;0;Όχι
02/12/2023 02:15;0;Όχι
02/12/2023 02:30;0;Όχι
02/12/2023 02:45;0;Όχι
02/12/2023 03:00;0;Όχι
02/12/2023 03:15;0;Όχι
02/12/2023 03:30;0;Όχι
02/12/2023 03:45;0;Όχι
02/12/2023 04:00;0;Όχι
02/12/2023 04:15;0;Όχι
02/12/2023 04:30;0;Όχι
02/12/2023 04:45;0;Όχι
02/12/2023 05:00;0;Όχι
02/12/2023 05:15;0;Όχι
02/12/2023 05:30;0;Όχι
02/12/2023 05:45;0;Όχι
02/12/2023 06:00;0;Όχι
02/12/2023 06:15;0;Όχι
02/12/2023 06:30;0;Όχι
02/12/2023 06:45;0;Όχι
02/12/2023 07:00;0;Όχι
02/12/2023 07:15;0;Όχι
02/12/2023 07:30;0;Όχι
02/12/2023 07:45;0,002;Όχι
02/12/2023 08:00;0,016;Όχι
02/12/2023 08:15;0,009;Όχι
02/12/2023 08:30;0,024;Όχι
02/12/2023 08:45;0,188;Όχι
02/12/2023 09:00;0,285;Όχι
02/12/2023 09:15;0,397;Όχι
02/12/2023 09:30;0,332;Όχι
02/12/2023 09:45;0,114;Όχι
02/12/2023 10:00;0,09;Όχι
02/12/2023 10:15;0,069;Όχι
02/12/2023 10:30;0,077;Όχι
02/12/2023 10:45;0,132;Όχι
02/12/2023 11:00;0,131;Όχι
02/12/2023 11:15;0,158;Όχι
02/12/2023 11:30;0,166;Όχι
02/12/2023 11:45;0,208;Όχι
02/12/2023 12:00;0,16;Όχι
02/12/2023 12:15;0,199;Όχι
02/12/2023 12:30;0,185;Όχι
02/12/2023 12:45;0,137;Όχι
02/12/2023 13:00;0,124;Όχι
02/12/2023 13:15;0,075;Όχι
02/12/2023 13:30;0,053;Όχι
02/12/2023 13:45;0,059;Όχι
02/12/2023 14:00;0,068;Όχι
02/12/2023 14:15;0,11;Όχι
02/12/2023 14:30;0,188;Όχι
02/12/2023 14:45;0,182;Όχι
02/12/2023 15:00;0,166;Όχι
02/12/2023 15:15;0,121;Όχι
02/12/2023 15:30;0,104;Όχι
02/12/2023 15:45;0,066;Όχι
02/12/2023 16:00;0,047;Όχι
02/12/2023 16:15;0,042;Όχι
02/12/2023 16:30;0,028;Όχι
02/12/2023 16:45;0,051;Όχι
02/12/2023 17:00;0,002;Όχι
02/12/2023 17:15;0;Όχι
02/12/2023 17:30;0;Όχι
02/12/2023 17:45;0;Όχι
02/12/2023 18:00;0;Όχι
02/12/2023 18:15;0;Όχι
02/12/2023 18:30;0;Όχι
02/12/2023 18:45;0;Όχι
02/12/2023 19:00;0;Όχι
02/12/2023 19:15;0;Όχι
02/12/2023 19:30;0;Όχι
02/12/2023 19:45;0;Όχι
02/12/2023 20:00;0;Όχι
02/12/2023 20:15;0;Όχι
02/12/2023 20:30;0;Όχι
02/12/2023 20:45;0;Όχι
02/12/2023 21:00;0;Όχι
02/12/2023 21:15;0;Όχι
02/12/2023 21:30;0;Όχι
02/12/2023 21:45;0;Όχι
02/12/2023 22:00;0;Όχι
02/12/2023 22:15;0;Όχι
02/12/2023 22:30;0;Όχι
02/12/2023 22:45;0;Όχι
02/12/2023 23:00;0;Όχι
02/12/2023 23:15;0;Όχι
02/12/2023 23:30;0;Όχι
02/12/2023 23:45;0;Όχι
03/12/2023 00:00;0;Όχι
03/12/2023 00:15;0;Όχι
03/12/2023 00:30;0;Όχι
03/12/2023 00:45;0;Όχι
03/12/2023 01:00;0;Όχι
03/12/2023 01:15;0;Όχι
03/12/2023 01:30;0;Όχι
03/12/2023 01:45;0;Όχι
03/12/2023 02:00;0;Όχι
03/12/2023 02:15;0;Όχι
03/12/2023 02:30;0;Όχι
03/12/2023 02:45;0;Όχι
03/12/2023 03:00;0;Όχι
03/12/2023 03:15;0;Όχι
03/12/2023 03:30;0;Όχι
03/12/2023 03:45;0;Όχι
03/12/2023 04:00;0;Όχι
03/12/2023 04:15;0;Όχι
03/12/2023 04:30;0;Όχι
03/12/2023 04:45;0;Όχι
03/12/2023 05:00;0;Όχι
03/12/2023 05:15;0;Όχι
03/12/2023 05:30;0;Όχι
03/12/2023 05:45;0;Όχι
03/12/2023 06:00;0;Όχι
03/12/2023 06:15;0;Όχι
03/12/2023 06:30;0;Όχι
03/12/2023 06:45;0;Όχι
03/12/2023 07:00;0;Όχι
03/12/2023 07:15;0;Όχι
03/12/2023 07:30;0;Όχι
03/12/2023 07:45;0;Όχι
03/12/2023 08:00;0,005;Όχι
03/12/2023 08:15;0,019;Όχι
03/12/2023 08:30;0,042;Όχι
03/12/2023 08:45;0,078;Όχι
03/12/2023 09:00;0,113;Όχι
03/12/2023 09:15;0,139;Όχι
03/12/2023 09:30;0,155;Όχι
03/12/2023 09:45;0,158;Όχι
03/12/2023 10:00;0,232;Όχι
03/12/2023 10:15;0,234;Όχι
03/12/2023 10:30;0,252;Όχι
03/12/2023 10:45;0,267;Όχι
03/12/2023 11:00;0,334;Όχι
03/12/2023 11:15;0,562;Όχι
03/12/2023 11:30;0,311;Όχι
03/12/2023 11:45;0,293;Όχι
03/12/2023 12:00;0,359;Όχι
03/12/2023 12:15;0,204;Όχι
03/12/2023 12:30;0,177;Όχι
03/12/2023 12:45;0,507;Όχι
03/12/2023 13:00;0,558;Όχι
03/12/2023 13:15;0,617;Όχι
03/12/2023 13:30;0,28;Όχι
03/12/2023 13:45;0,177;Όχι
03/12/2023 14:00;0,188;Όχι
03/12/2023 14:15;0,079;Όχι
03/12/2023 14:30;0,13;Όχι
03/12/2023 14:45;0,123;Όχι
03/12/2023 15:00;0,066;Όχι
03/12/2023 15:15;0,077;Όχι
03/12/2023 15:30;0,064;Όχι
03/12/2023 15:45;0,015;Όχι
03/12/2023 16:00;0,014;Όχι
03/12/2023 16:15;0,024;Όχι
03/12/2023 16:30;0,008;Όχι
03/12/2023 16:45;0,018;Όχι
03/12/2023 17:00;0,009;Όχι
03/12/2023 17:15;0;Όχι
03/12/2023 17:30;0;Όχι
03/12/2023 17:45;0;Όχι
03/12/2023 18:00;0;Όχι
03/12/2023 18:15;0;Όχι
03/12/2023 18:30;0;Όχι
03/12/2023 18:45;0;Όχι
03/12/2023 19:00;0;Όχι
03/12/2023 19:15;0;Όχι
03/12/2023 19:30;0;Όχι
03/12/2023 19:45;0;Όχι
03/12/2023 20:00;0;Όχι
03/12/2023 20:15;0;Όχι
03/12/2023 20:30;0;Όχι
03/12/2023 20:45;0;Όχι
03/12/2023 21:00;0;Όχι
03/12/2023 21:15;0;Όχι
03/12/2023 21:30;0;Όχι
03/12/2023 21:45;0;Όχι
03/12/2023 22:00;0;Όχι
03/12/2023 22:15;0;Όχι
03/12/2023 22:30;0;Όχι
03/12/2023 22:45;0;Όχι
03/12/2023 23:00;0;Όχι
03/12/2023 23:15;0;Όχι
03/12/2023 23:30;0;Όχι
03/12/2023 23:45;0;Όχι
04/12/2023 00:00;0;Όχι
04/12/2023 00:15;0;Όχι
04/12/2023 00:30;0;Όχι
04/12/2023 00:45;0;Όχι
04/12/2023 01:00;0;Όχι
04/12/2023 01:15;0;Όχι
04/12/2023 01:30;0;Όχι
04/12/2023 01:45;0;Όχι
04/12/2023 02:00;0;Όχι
04/12/2023 02:15;0;Όχι
04/12/2023 02:30;0;Όχι
04/12/2023 02:45;0;Όχι
04/12/2023 03:00;0;Όχι
04/12/2023 03:15;0;Όχι
04/12/2023 03:30;0;Όχι
04/12/2023 03:45;0;Όχι
04/12/2023 04:00;0;Όχι
04/12/2023 04:15;0;Όχι
04/12/2023 04:30;0;Όχι
04/12/2023 04:45;0;Όχι
04/12/2023 05:00;0;Όχι
04/12/2023 05:15;0;Όχι
04/12/2023 05:30;0;Όχι
04/12/2023 05:45;0;Όχι
04/12/2023 06:00;0;Όχι
04/12/2023 06:15;0;Όχι
04/12/2023 06:30;0;Όχι
04/12/2023 06:45;0;Όχι
04/12/2023 07:00;0;Όχι
04/12/2023 07:15;0;Όχι
04/12/2023 07:30;0;Όχι
04/12/2023 07:45;0;Όχι
04/12/2023 08:00;0;Όχι
04/12/2023 08:15;0,009;Όχι
04/12/2023 08:30;0,025;Όχι
04/12/2023 08:45;0,047;Όχι
04/12/2023 09:00;0,07;Όχι
04/12/2023 09:15;0,299;Όχι
04/12/2023 09:30;0,412;Όχι
04/12/2023 09:45;0,363;Όχι
04/12/2023 10:00;0,262;Όχι
04/12/2023 10:15;0,558;Όχι
04/12/2023 10:30;0,547;Όχι
04/12/2023 10:45;0,314;Όχι
04/12/2023 11:00;0,363;Όχι
04/12/2023 11:15;0,317;Όχι
04/12/2023 11:30;0,248;Όχι
04/12/2023 11:45;0,319;Όχι
04/12/2023 12:00;0,314;Όχι
04/12/2023 12:15;0,261;Όχι
04/12/2023 12:30;0,259;Όχι
04/12/2023 12:45;0,38;Όχι
04/12/2023 13:00;0,254;Όχι
04/12/2023 13:15;0,234;Όχι
04/12/2023 13:30;0,22;Όχι
04/12/2023 13:45;0,175;Όχι
04/12/2023 14:00;0,141;Όχι
04/12/2023 14:15;0,127;Όχι
04/12/2023 14:30;0,092;Όχι
04/12/2023 14:45;0,087;Όχι
04/12/2023 15:00;0,084;Όχι
04/12/2023 15:15;0,055;Όχι
04/12/2023 15:30;0,042;Όχι
04/12/2023 15:45;0,041;Όχι
04/12/2023 16:00;0,024;Όχι
04/12/2023 16:15;0,015;Όχι
04/12/2023 16:30;0,007;Όχι
04/12/2023 16:45;0,002;Όχι
04/12/2023 17:00;0;Όχι
04/12/2023 17:15;0;Όχι
04/12/2023 17:30;0;Όχι
04/12/2023 17:45;0;Όχι
04/12/2023 18:00;0;Όχι
04/12/2023 18:15;0;Όχι
04/12/2023 18:30;0;Όχι
04/12/2023 18:45;0;Όχι
04/12/2023 19:00;0;Όχι
04/12/2023 19:15;0;Όχι
04/12/2023 19:30;0;Όχι
04/12/2023 19:45;0;Όχι
04/12/2023 20:00;0;Όχι
04/12/2023 20:15;0;Όχι
04/12/2023 20:30;0;Όχι
04/12/2023 20:45;0;Όχι
04/12/2023 21:00;0;Όχι
04/12/2023 21:15;0;Όχι
04/12/2023 21:30;0;Όχι
04/12/2023 21:45;0;Όχι
04/12/2023 22:00;0;Όχι
04/12/2023 22:15;0;Όχι
04/12/2023 22:30;0;Όχι
04/12/2023 22:45;0;Όχι
04/12/2023 23:00;0;Όχι
04/12/2023 23:15;0;Όχι
04/12/2023 23:30;0;Όχι
04/12/2023 23:45;0;Όχι
05/12/2023 00:00;0;Όχι
05/12/2023 00:15;0;Όχι
05/12/2023 00:30;0;Όχι
05/12/2023 00:45;0;Όχι
05/12/2023 01:00;0;Όχι
05/12/2023 01:15;0;Όχι
05/12/2023 01:30;0;Όχι
05/12/2023 01:45;0;Όχι
05/12/2023 02:00;0;Όχι
05/12/2023 02:15;0;Όχι
05/12/2023 02:30;0;Όχι
05/12/2023 02:45;0;Όχι
05/12/2023 03:00;0;Όχι
05/12/2023 03:15;0;Όχι
05/12/2023 03:30;0;Όχι
05/12/2023 03:45;0;Όχι
05/12/2023 04:00;0;Όχι
05/12/2023 04:15;0;Όχι
05/12/2023 04:30;0;Όχι
05/12/2023 04:45;0;Όχι
05/12/2023 05:00;0;Όχι
05/12/2023 05:15;0;Όχι
05/12/2023 05:30;0;Όχι
05/12/2023 05:45;0;Όχι
05/12/2023 06:00;0;Όχι
05/12/2023 06:15;0;Όχι
05/12/2023 06:30;0;Όχι
05/12/2023 06:45;0;Όχι
05/12/2023 07:00;0;Όχι
05/12/2023 07:15;0;Όχι
05/12/2023 07:30;0;Όχι
05/12/2023 07:45;0;Όχι
05/12/2023 08:00;0,013;Όχι
05/12/2023 08:15;0,028;Όχι
05/12/2023 08:30;0,022;Όχι
05/12/2023 08:45;0,015;Όχι
05/12/2023 09:00;0,042;Όχι
05/12/2023 09:15;0,069;Όχι
05/12/2023 09:30;0,054;Όχι
05/12/2023 09:45;0,068;Όχι
05/12/2023 10:00;0,138;Όχι
05/12/2023 10:15;0,132;Όχι
05/12/2023 10:30;0,136;Όχι
05/12/2023 10:45;0,173;Όχι
05/12/2023 11:00;0,179;Όχι
05/12/2023 11:15;0,133;Όχι
05/12/2023 11:30;0,16;Όχι
05/12/2023 11:45;0,122;Όχι
05/12/2023 12:00;0,226;Όχι
05/12/2023 12:15;0,19;Όχι
05/12/2023 12:30;0,218;Όχι
05/12/2023 12:45;0,154;Όχι
05/12/2023 13:00;0,324;Όχι
05/12/2023 13:15;0,227;Όχι
05/12/2023 13:30;0,14;Όχι
05/12/2023 13:45;0,107;Όχι
05/12/2023 14:00;0,126;Όχι
05/12/2023 14:15;0,148;Όχι
05/12/2023 14:30;0,087;Όχι
05/12/2023 14:45;0,096;Όχι
05/12/2023 15:00;0,074;Όχι
05/12/2023 15:15;0,077;Όχι
05/12/2023 15:30;0,062;Όχι
05/12/2023 15:45;0,035;Όχι
05/12/2023 16:00;0,025;Όχι
05/12/2023 16:15;0,021;Όχι
05/12/2023 16:30;0,004;Όχι
05/12/2023 16:45;0;Όχι
05/12/2023 17:00;0;Όχι
05/12/2023 17:15;0;Όχι
05/12/2023 17:30;0;Όχι
05/12/2023 17:45;0;Όχι
05/12/2023 18:00;0;Όχι
05/12/2023 18:15;0;Όχι
05/12/2023 18:30;0;Όχι
05/12/2023 18:45;0;Όχι
05/12/2023 19:00;0;Όχι
05/12/2023 19:15;0;Όχι
05/12/2023 19:30;0;Όχι
05/12/2023 19:45;0;Όχι
05/12/2023 20:00;0;Όχι
05/12/2023 20:15;0;Όχι
05/12/2023 20:30;0;Όχι
05/12/2023 20:45;0;Όχι
05/12/2023 21:00;0;Όχι
05/12/2023 21:15;0;Όχι
05/12/2023 21:30;0;Όχι
05/12/2023 21:45;0;Όχι
05/12/2023 22:00;0;Όχι
05/12/2023 22:15;0;Όχι
05/12/2023 22:30;0;Όχι
05/12/2023 22:45;0;Όχι
05/12/2023 23:00;0;Όχι
05/12/2023 23:15;0;Όχι
05/12/2023 23:30;0;Όχι
05/12/2023 23:45;0;Όχι
06/12/2023 00:00;0;Όχι
06/12/2023 00:15;0;Όχι
06/12/2023 00:30;0;Όχι
06/12/2023 00:45;0;Όχι
06/12/2023 01:00;0;Όχι
06/12/2023 01:15;0;Όχι
06/12/2023 01:30;0;Όχι
06/12/2023 01:45;0;Όχι
06/12/2023 02:00;0;Όχι
06/12/2023 02:15;0;Όχι
06/12/2023 02:30;0;Όχι
06/12/2023 02:45;0;Όχι
06/12/2023 03:00;0;Όχι
06/12/2023 03:15;0;Όχι
06/12/2023 03:30;0;Όχι
06/12/2023 03:45;0;Όχι
06/12/2023 04:00;0;Όχι
06/12/2023 04:15;0;Όχι
06/12/2023 04:30;0;Όχι
06/12/2023 04:45;0;Όχι
06/12/2023 05:00;0;Όχι
06/12/2023 05:15;0;Όχι
06/12/2023 05:30;0;Όχι
06/12/2023 05:45;0;Όχι
06/12/2023 06:00;0;Όχι
06/12/2023 06:15;0;Όχι
06/12/2023 06:30;0;Όχι
06/12/2023 06:45;0;Όχι
06/12/2023 07:00;0;Όχι
06/12/2023 07:15;0;Όχι
06/12/2023 07:30;0;Όχι
06/12/2023 07:45;0;Όχι
06/12/2023 08:00;0;Όχι
06/12/2023 08:15;0,005;Όχι
06/12/2023 08:30;0,009;Όχι
06/12/2023 08:45;0,022;Όχι
06/12/2023 09:00;0,018;Όχι
06/12/2023 09:15;0,015;Όχι
06/12/2023 09:30;0,043;Όχι
06/12/2023 09:45;0,057;Όχι
06/12/2023 10:00;0,086;Όχι
06/12/2023 10:15;0,13;Όχι
06/12/2023 10:30;0,152;Όχι
06/12/2023 10:45;0,235;Όχι
06/12/2023 11:00;0,243;Όχι
06/12/2023 11:15;0,201;Όχι
06/12/2023 11:30;0,227;Όχι
06/12/2023 11:45;0,2;Όχι
06/12/2023 12:00;0,142;Όχι
06/12/2023 12:15;0,172;Όχι
06/12/2023 12:30;0,146;Όχι
06/12/2023 12:45;0,145;Όχι
06/12/2023 13:00;0,207;Όχι
06/12/2023 13:15;0,142;Όχι
06/12/2023 13:30;0,186;Όχι
06/12/2023 13:45;0,291;Όχι
06/12/2023 14:00;0,234;Όχι
06/12/2023 14:15;0,284;Όχι
06/12/2023 14:30;0,255;Όχι
06/12/2023 14:45;0,162;Όχι
06/12/2023 15:00;0,164;Όχι
06/12/2023 15:15;0,157;Όχι
06/12/2023 15:30;0,154;Όχι
06/12/2023 15:45;0,066;Όχι
06/12/2023 16:00;0,065;Όχι
06/12/2023 16:15;0,032;Όχι
06/12/2023 16:30;0,021;Όχι
06/12/2023 16:45;0,001;Όχι
06/12/2023 17:00;0;Όχι
06/12/2023 17:15;0;Όχι
06/12/2023 17:30;0;Όχι
06/12/2023 17:45;0;Όχι
06/12/2023 18:00;0;Όχι
06/12/2023 18:15;0;Όχι
06/12/2023 18:30;0;Όχι
06/12/2023 18:45;0;Όχι
06/12/2023 19:00;0;Όχι
06/12/2023 19:15;0;Όχι
06/12/2023 19:30;0;Όχι
06/12/2023 19:45;0;Όχι
06/12/2023 20:00;0;Όχι
06/12/2023 20:15;0;Όχι
06/12/2023 20:30;0;Όχι
06/12/2023 20:45;0;Όχι
06/12/2023 21:00;0;Όχι
06/12/2023 21:15;0;Όχι
06/12/2023 21:30;0;Όχι
06/12/2023 21:45;0;Όχι
06/12/2023 22:00;0;Όχι
06/12/2023 22:15;0;Όχι
06/12/2023 22:30;0;Όχι
06/12/2023 22:45;0;Όχι
06/12/2023 23:00;0;Όχι
06/12/2023 23:15;0;Όχι
06/12/2023 23:30;0;Όχι
06/12/2023 23:45;0;Όχι
07/12/2023 00:00;0;Όχι
07/12/2023 00:15;0;Όχι
07/12/2023 00:30;0;Όχι
07/12/2023 00:45;0;Όχι
07/12/2023 01:00;0;Όχι
07/12/2023 01:15;0;Όχι
07/12/2023 01:30;0;Όχι
07/12/2023 01:45;0;Όχι
07/12/2023 02:00;0;Όχι
07/12/2023 02:15;0;Όχι
07/12/2023 02:30;0;Όχι
07/12/2023 02:45;0;Όχι
07/12/2023 03:00;0;Όχι
07/12/2023 03:15;0;Όχι
07/12/2023 03:30;0;Όχι
07/12/2023 03:45;0;Όχι
07/12/2023 04:00;0;Όχι
07/12/2023 04:15;0;Όχι
07/12/2023 04:30;0;Όχι
07/12/2023 04:45;0;Όχι
07/12/2023 05:00;0;Όχι
07/12/2023 05:15;0;Όχι
07/12/2023 05:30;0;Όχι
07/12/2023 05:45;0;Όχι
07/12/2023 06:00;0;Όχι
07/12/2023 06:15;0;Όχι
07/12/2023 06:30;0;Όχι
07/12/2023 06:45;0;Όχι
07/12/2023 07:00;0;Όχι
07/12/2023 07:15;0;Όχι
07/12/2023 07:30;0;Όχι
07/12/2023 07:45;0;Όχι
07/12/2023 08:00;0;Όχι
07/12/2023 08:15;0,015;Όχι
07/12/2023 08:30;0,046;Όχι
07/12/2023 08:45;0,08;Όχι
07/12/2023 09:00;0,113;Όχι
07/12/2023 09:15;0,132;Όχι
07/12/2023 09:30;0,165;Όχι
07/12/2023 09:45;0,197;Όχι
07/12/2023 10:00;0,224;Όχι
07/12/2023 10:15;0,272;Όχι
07/12/2023 10:30;0,293;Όχι
07/12/2023 10:45;0,314;Όχι
07/12/2023 11:00;0,305;Όχι
07/12/2023 11:15;0,428;Όχι
07/12/2023 11:30;0,463;Όχι
07/12/2023 11:45;0,602;Όχι
07/12/2023 12:00;0,646;Όχι
07/12/2023 12:15;0,589;Όχι
07/12/2023 12:30;0,803;Όχι
07/12/2023 12:45;0,892;Όχι
07/12/2023 13:00;0,469;Όχι
07/12/2023 13:15;0,569;Όχι
07/12/2023 13:30;0,576;Όχι
07/12/2023 13:45;0,513;Όχι
07/12/2023 14:00;0,677;Όχι
07/12/2023 14:15;0,666;Όχι
07/12/2023 14:30;0,986;Όχι
07/12/2023 14:45;0,823;Όχι
07/12/2023 15:00;0,686;Όχι
07/12/2023 15:15;0,716;Όχι
07/12/2023 15:30;0,133;Όχι
07/12/2023 15:45;0,412;Όχι
07/12/2023 16:00;0,154;Όχι
07/12/2023 16:15;0,086;Όχι
07/12/2023 16:30;0,06;Όχι
07/12/2023 16:45;0,033;Όχι
07/12/2023 17:00;0,006;Όχι
07/12/2023 17:15;0;Όχι
07/12/2023 17:30;0;Όχι
07/12/2023 17:45;0;Όχι
07/12/2023 18:00;0;Όχι
07/12/2023 18:15;0;Όχι
07/12/2023 18:30;0;Όχι
07/12/2023 18:45;0;Όχι
07/12/2023 19:00;0;Όχι
07/12/2023 19:15;0;Όχι
07/12/2023 19:30;0;Όχι
07/12/2023 19:45;0;Όχι
07/12/2023 20:00;0;Όχι
07/12/2023 20:15;0;Όχι
07/12/2023 20:30;0;Όχι
07/12/2023 20:45;0;Όχι
07/12/2023 21:00;0;Όχι
07/12/2023 21:15;0;Όχι
07/12/2023 21:30;0;Όχι
07/12/2023 21:45;0;Όχι
07/12/2023 22:00;0;Όχι
07/12/2023 22:15;0;Όχι
07/12/2023 22:30;0;Όχι
07/12/2023 22:45;0;Όχι
07/12/2023 23:00;0;Όχι
07/12/2023 23:15;0;Όχι
07/12/2023 23:30;0;Όχι
07/12/2023 23:45;0;Όχι
08/12/2023 00:00;0;Όχι
08/12/2023 00:15;0;Όχι
08/12/2023 00:30;0;Όχι
08/12/2023 00:45;0;Όχι
08/12/2023 01:00;0;Όχι
08/12/2023 01:15;0;Όχι
08/12/2023 01:30;0;Όχι
08/12/2023 01:45;0;Όχι
08/12/2023 02:00;0;Όχι
08/12/2023 02:15;0;Όχι
08/12/2023 02:30;0;Όχι
08/12/2023 02:45;0;Όχι
08/12/2023 03:00;0;Όχι
08/12/2023 03:15;0;Όχι
08/12/2023 03:30;0;Όχι
08/12/2023 03:45;0;Όχι
08/12/2023 04:00;0;Όχι
08/12/2023 04:15;0;Όχι
08/12/2023 04:30;0;Όχι
08/12/2023 04:45;0;Όχι
08/12/2023 05:00;0;Όχι
08/12/2023 05:15;0;Όχι
08/12/2023 05:30;0;Όχι
08/12/2023 05:45;0;Όχι
08/12/2023 06:00;0;Όχι
08/12/2023 06:15;0;Όχι
08/12/2023 06:30;0;Όχι
08/12/2023 06:45;0;Όχι
08/12/2023 07:00;0;Όχι
08/12/2023 07:15;0;Όχι
08/12/2023 07:30;0;Όχι
08/12/2023 07:45;0;Όχι
08/12/2023 08:00;0;Όχι
08/12/2023 08:15;0;Όχι
08/12/2023 08:30;0;Όχι
08/12/2023 08:45;0,001;Όχι
08/12/2023 09:00;0,018;Όχι
08/12/2023 09:15;0,048;Όχι
08/12/2023 09:30;0,071;Όχι
08/12/2023 09:45;0,106;Όχι
08/12/2023 10:00;0,143;Όχι
08/12/2023 10:15;0,185;Όχι
08/12/2023 10:30;0,257;Όχι
08/12/2023 10:45;0,334;Όχι
08/12/2023 11:00;0,373;Όχι
08/12/2023 11:15;0,489;Όχι
08/12/2023 11:30;0,588;Όχι
08/12/2023 11:45;1,073;Όχι
08/12/2023 12:00;0,901;Όχι
08/12/2023 12:15;0,893;Όχι
08/12/2023 12:30;1,006;Όχι
08/12/2023 12:45;0,952;Όχι
08/12/2023 13:00;1,191;Όχι
08/12/2023 13:15;1,158;Όχι
08/12/2023 13:30;1,023;Όχι
08/12/2023 13:45;1,23;Όχι
08/12/2023 14:00;1,054;Όχι
08/12/2023 14:15;0,941;Όχι
08/12/2023 14:30;0,933;Όχι
08/12/2023 14:45;1,05;Όχι
08/12/2023 15:00;0,358;Όχι
08/12/2023 15:15;0,201;Όχι
08/12/2023 15:30;0,2;Όχι
08/12/2023 15:45;0,539;Όχι
08/12/2023 16:00;0,432;Όχι
08/12/2023 16:15;0,297;Όχι
08/12/2023 16:30;0,19;Όχι
08/12/2023 16:45;0,081;Όχι
08/12/2023 17:00;0,005;Όχι
08/12/2023 17:15;0;Όχι
08/12/2023 17:30;0;Όχι
08/12/2023 17:45;0;Όχι
08/12/2023 18:00;0;Όχι
08/12/2023 18:15;0;Όχι
08/12/2023 18:30;0;Όχι
08/12/2023 18:45;0;Όχι
08/12/2023 19:00;0;Όχι
08/12/2023 19:15;0;Όχι
08/12/2023 19:30;0;Όχι
08/12/2023 19:45;0;Όχι
08/12/2023 20:00;0;Όχι
08/12/2023 20:15;0;Όχι
08/12/2023 20:30;0;Όχι
08/12/2023 20:45;0;Όχι
08/12/2023 21:00;0;Όχι
08/12/2023 21:15;0;Όχι
08/12/2023 21:30;0;Όχι
08/12/2023 21:45;0;Όχι
08/12/2023 22:00;0;Όχι
08/12/2023 22:15;0;Όχι
08/12/2023 22:30;0;Όχι
08/12/2023 22:45;0;Όχι
08/12/2023 23:00;0;Όχι
08/12/2023 23:15;0;Όχι
08/12/2023 23:30;0;Όχι
08/12/2023 23:45;0;Όχι
09/12/2023 00:00;0;Όχι
09/12/2023 00:15;0;Όχι
09/12/2023 00:30;0;Όχι
09/12/2023 00:45;0;Όχι
09/12/2023 01:00;0;Όχι
09/12/2023 01:15;0;Όχι
09/12/2023 01:30;0;Όχι
09/12/2023 01:45;0;Όχι
09/12/2023 02:00;0;Όχι
09/12/2023 02:15;0;Όχι
09/12/2023 02:30;0;Όχι
09/12/2023 02:45;0;Όχι
09/12/2023 03:00;0;Όχι
09/12/2023 03:15;0;Όχι
09/12/2023 03:30;0;Όχι
09/12/2023 03:45;0;Όχι
09/12/2023 04:00;0;Όχι
09/12/2023 04:15;0;Όχι
09/12/2023 04:30;0;Όχι
09/12/2023 04:45;0;Όχι
09/12/2023 05:00;0;Όχι
09/12/2023 05:15;0;Όχι
09/12/2023 05:30;0;Όχι
09/12/2023 05:45;0;Όχι
09/12/2023 06:00;0;Όχι
09/12/2023 06:15;0;Όχι
09/12/2023 06:30;0;Όχι
09/12/2023 06:45;0;Όχι
09/12/2023 07:00;0;Όχι
09/12/2023 07:15;0;Όχι
09/12/2023 07:30;0;Όχι
09/12/2023 07:45;0;Όχι
09/12/2023 08:00;0,034;Όχι
09/12/2023 08:15;0,109;Όχι
09/12/2023 08:30;0,215;Όχι
09/12/2023 08:45;0,312;Όχι
09/12/2023 09:00;0,409;Όχι
09/12/2023 09:15;0,493;Όχι
09/12/2023 09:30;0,578;Όχι
09/12/2023 09:45;0,664;Όχι
09/12/2023 10:00;0,738;Όχι
09/12/2023 10:15;0,811;Όχι
09/12/2023 10:30;0,875;Όχι
09/12/2023 10:45;0,93;Όχι
09/12/2023 11:00;0,98;Όχι
09/12/2023 11:15;1,026;Όχι
09/12/2023 11:30;1,063;Όχι
09/12/2023 11:45;1,091;Όχι
09/12/2023 12:00;1,107;Όχι
09/12/2023 12:15;1,109;Όχι
09/12/2023 12:30;1,1;Όχι
09/12/2023 12:45;1,084;Όχι
09/12/2023 13:00;1,073;Όχι
09/12/2023 13:15;1,055;Όχι
09/12/2023 13:30;1,032;Όχι
09/12/2023 13:45;1,001;Όχι
09/12/2023 14:00;0,963;Όχι
09/12/2023 14:15;0,91;Όχι
09/12/2023 14:30;0,851;Όχι
09/12/2023 14:45;0,792;Όχι
09/12/2023 15:00;0,722;Όχι
09/12/2023 15:15;0,652;Όχι
09/12/2023 15:30;0,569;Όχι
09/12/2023 15:45;0,482;Όχι
09/12/2023 16:00;0,386;Όχι
09/12/2023 16:15;0,283;Όχι
09/12/2023 16:30;0,188;Όχι
09/12/2023 16:45;0,077;Όχι
09/12/2023 17:00;0,008;Όχι
09/12/2023 17:15;0;Όχι
09/12/2023 17:30;0;Όχι
09/12/2023 17:45;0;Όχι
09/12/2023 18:00;0;Όχι
09/12/2023 18:15;0;Όχι
09/12/2023 18:30;0;Όχι
09/12/2023 18:45;0;Όχι
09/12/2023 19:00;0;Όχι
09/12/2023 19:15;0;Όχι
09/12/2023 19:30;0;Όχι
09/12/2023 19:45;0;Όχι
09/12/2023 20:00;0;Όχι
09/12/2023 20:15;0;Όχι
09/12/2023 20:30;0;Όχι
09/12/2023 20:45;0;Όχι
09/12/2023 21:00;0;Όχι
09/12/2023 21:15;0;Όχι
09/12/2023 21:30;0;Όχι
09/12/2023 21:45;0;Όχι
09/12/2023 22:00;0;Όχι
09/12/2023 22:15;0;Όχι
09/12/2023 22:30;0;Όχι
09/12/2023 22:45;0;Όχι
09/12/2023 23:00;0;Όχι
09/12/2023 23:15;0;Όχι
09/12/2023 23:30;0;Όχι
09/12/2023 23:45;0;Όχι
10/12/2023 00:00;0;Όχι
10/12/2023 00:15;0;Όχι
10/12/2023 00:30;0;Όχι
10/12/2023 00:45;0;Όχι
10/12/2023 01:00;0;Όχι
10/12/2023 01:15;0;Όχι
10/12/2023 01:30;0;Όχι
10/12/2023 01:45;0;Όχι
10/12/2023 02:00;0;Όχι
10/12/2023 02:15;0;Όχι
10/12/2023 02:30;0;Όχι
10/12/2023 02:45;0;Όχι
10/12/2023 03:00;0;Όχι
10/12/2023 03:15;0;Όχι
10/12/2023 03:30;0;Όχι
10/12/2023 03:45;0;Όχι
10/12/2023 04:00;0;Όχι
10/12/2023 04:15;0;Όχι
10/12/2023 04:30;0;Όχι
10/12/2023 04:45;0;Όχι
10/12/2023 05:00;0;Όχι
10/12/2023 05:15;0;Όχι
10/12/2023 05:30;0;Όχι
10/12/2023 05:45;0;Όχι
10/12/2023 06:00;0;Όχι
10/12/2023 06:15;0;Όχι
10/12/2023 06:30;0;Όχι
10/12/2023 06:45;0;Όχι
10/12/2023 07:00;0;Όχι
10/12/2023 07:15;0;Όχι
10/12/2023 07:30;0;Όχι
10/12/2023 07:45;0;Όχι
10/12/2023 08:00;0,014;Όχι
10/12/2023 08:15;0,09;Όχι
10/12/2023 08:30;0,163;Όχι
10/12/2023 08:45;0,285;Όχι
10/12/2023 09:00;0,379;Όχι
10/12/2023 09:15;0,424;Όχι
10/12/2023 09:30;0,543;Όχι
10/12/2023 09:45;0,625;Όχι
10/12/2023 10:00;0,709;Όχι
10/12/2023 10:15;0,802;Όχι
10/12/2023 10:30;0,771;Όχι
10/12/2023 10:45;0,911;Όχι
10/12/2023 11:00;0,393;Όχι
10/12/2023 11:15;1,019;Όχι
10/12/2023 11:30;1,016;Όχι
10/12/2023 11:45;1,036;Όχι
10/12/2023 12:00;1,047;Όχι
10/12/2023 12:15;1,06;Όχι
10/12/2023 12:30;1,067;Όχι
10/12/2023 12:45;1,058;Όχι
10/12/2023 13:00;1,05;Όχι
10/12/2023 13:15;1,025;Όχι
10/12/2023 13:30;0,987;Όχι
10/12/2023 13:45;0,972;Όχι
10/12/2023 14:00;0,923;Όχι
10/12/2023 14:15;0,882;Όχι
10/12/2023 14:30;0,759;Όχι
10/12/2023 14:45;0,796;Όχι
10/12/2023 15:00;0,377;Όχι
10/12/2023 15:15;0,278;Όχι
10/12/2023 15:30;0,12;Όχι
10/12/2023 15:45;0,118;Όχι
10/12/2023 16:00;0,082;Όχι
10/12/2023 16:15;0,027;Όχι
10/12/2023 16:30;0,021;Όχι
10/12/2023 16:45;0,01;Όχι
10/12/2023 17:00;0,001;Όχι
10/12/2023 17:15;0;Όχι
10/12/2023 17:30;0;Όχι
10/12/2023 17:45;0;Όχι
10/12/2023 18:00;0;Όχι
10/12/2023 18:15;0;Όχι
10/12/2023 18:30;0;Όχι
10/12/2023 18:45;0;Όχι
10/12/2023 19:00;0;Όχι
10/12/2023 19:15;0;Όχι
10/12/2023 19:30;0;Όχι
10/12/2023 19:45;0;Όχι
10/12/2023 20:00;0;Όχι
10/12/2023 20:15;0;Όχι
10/12/2023 20:30;0;Όχι
10/12/2023 20:45;0;Όχι
10/12/2023 21:00;0;Όχι
10/12/2023 21:15;0;Όχι
10/12/2023 21:30;0;Όχι
10/12/2023 21:45;0;Όχι
10/12/2023 22:00;0;Όχι
10/12/2023 22:15;0;Όχι
10/12/2023 22:30;0;Όχι
10/12/2023 22:45;0;Όχι
10/12/2023 23:00;0;Όχι
10/12/2023 23:15;0;Όχι
10/12/2023 23:30;0;Όχι
10/12/2023 23:45;0;Όχι
11/12/2023 00:00;0;Όχι
11/12/2023 00:15;0;Όχι
11/12/2023 00:30;0;Όχι
11/12/2023 00:45;0;Όχι
11/12/2023 01:00;0;Όχι
11/12/2023 01:15;0;Όχι
11/12/2023 01:30;0;Όχι
11/12/2023 01:45;0;Όχι
11/12/2023 02:00;0;Όχι
11/12/2023 02:15;0;Όχι
11/12/2023 02:30;0;Όχι
11/12/2023 02:45;0;Όχι
11/12/2023 03:00;0;Όχι
11/12/2023 03:15;0;Όχι
11/12/2023 03:30;0;Όχι
11/12/2023 03:45;0;Όχι
11/12/2023 04:00;0;Όχι
11/12/2023 04:15;0;Όχι
11/12/2023 04:30;0;Όχι
11/12/2023 04:45;0;Όχι
11/12/2023 05:00;0;Όχι
11/12/2023 05:15;0;Όχι
11/12/2023 05:30;0;Όχι
11/12/2023 05:45;0;Όχι
11/12/2023 06:00;0;Όχι
11/12/2023 06:15;0;Όχι
11/12/2023 06:30;0;Όχι
11/12/2023 06:45;0;Όχι
11/12/2023 07:00;0;Όχι
11/12/2023 07:15;0;Όχι
11/12/2023 07:30;0;Όχι
11/12/2023 07:45;0;Όχι
11/12/2023 08:00;0,012;Όχι
11/12/2023 08:15;0,081;Όχι
11/12/2023 08:30;0,194;Όχι
11/12/2023 08:45;0,29;Όχι
11/12/2023 09:00;0,386;Όχι
11/12/2023 09:15;0,477;Όχι
11/12/2023 09:30;0,568;Όχι
11/12/2023 09:45;0,651;Όχι
11/12/2023 10:00;0,72;Όχι
11/12/2023 10:15;0,783;Όχι
11/12/2023 10:30;0,849;Όχι
11/12/2023 10:45;0,9;Όχι
11/12/2023 11:00;0,96;Όχι
11/12/2023 11:15;1,008;Όχι
11/12/2023 11:30;1,046;Όχι
11/12/2023 11:45;1,072;Όχι
11/12/2023 12:00;1,085;Όχι
11/12/2023 12:15;1,091;Όχι
11/12/2023 12:30;1,089;Όχι
11/12/2023 12:45;1,085;Όχι
11/12/2023 13:00;1,069;Όχι
11/12/2023 13:15;1,048;Όχι
11/12/2023 13:30;1,026;Όχι
11/12/2023 13:45;0,994;Όχι
11/12/2023 14:00;0,951;Όχι
11/12/2023 14:15;0,902;Όχι
11/12/2023 14:30;0,847;Όχι
11/12/2023 14:45;0,788;Όχι
11/12/2023 15:00;0,371;Όχι
11/12/2023 15:15;0,65;Όχι
11/12/2023 15:30;0,51;Όχι
11/12/2023 15:45;0,135;Όχι
11/12/2023 16:00;0,112;Όχι
11/12/2023 16:15;0,218;Όχι
11/12/2023 16:30;0,092;Όχι
11/12/2023 16:45;0,084;Όχι
11/12/2023 17:00;0,002;Όχι
11/12/2023 17:15;0;Όχι
11/12/2023 17:30;0;Όχι
11/12/2023 17:45;0;Όχι
11/12/2023 18:00;0;Όχι
11/12/2023 18:15;0;Όχι
11/12/2023 18:30;0;Όχι
11/12/2023 18:45;0;Όχι
11/12/2023 19:00;0;Όχι
11/12/2023 19:15;0;Όχι
11/12/2023 19:30;0;Όχι
11/12/2023 19:45;0;Όχι
11/12/2023 20:00;0;Όχι
11/12/2023 20:15;0;Όχι
11/12/2023 20:30;0;Όχι
11/12/2023 20:45;0;Όχι
11/12/2023 21:00;0;Όχι
11/12/2023 21:15;0;Όχι
11/12/2023 21:30;0;Όχι
11/12/2023 21:45;0;Όχι
11/12/2023 22:00;0;Όχι
11/12/2023 22:15;0;Όχι
11/12/2023 22:30;0;Όχι
11/12/2023 22:45;0;Όχι
11/12/2023 23:00;0;Όχι
11/12/2023 23:15;0;Όχι
11/12/2023 23:30;0;Όχι
11/12/2023 23:45;0;Όχι
12/12/2023 00:00;0;Όχι
12/12/2023 00:15;0;Όχι
12/12/2023 00:30;0;Όχι
12/12/2023 00:45;0;Όχι
12/12/2023 01:00;0;Όχι
12/12/2023 01:15;0;Όχι
12/12/2023 01:30;0;Όχι
12/12/2023 01:45;0;Όχι
12/12/2023 02:00;0;Όχι
12/12/2023 02:15;0;Όχι
12/12/2023 02:30;0;Όχι
12/12/2023 02:45;0;Όχι
12/12/2023 03:00;0;Όχι
12/12/2023 03:15;0;Όχι
12/12/2023 03:30;0;Όχι
12/12/2023 03:45;0;Όχι
12/12/2023 04:00;0;Όχι
12/12/2023 04:15;0;Όχι
12/12/2023 04:30;0;Όχι
12/12/2023 04:45;0;Όχι
12/12/2023 05:00;0;Όχι
12/12/2023 05:15;0;Όχι
12/12/2023 05:30;0;Όχι
12/12/2023 05:45;0;Όχι
12/12/2023 06:00;0;Όχι
12/12/2023 06:15;0;Όχι
12/12/2023 06:30;0;Όχι
12/12/2023 06:45;0;Όχι
12/12/2023 07:00;0;Όχι
12/12/2023 07:15;0;Όχι
12/12/2023 07:30;0;Όχι
12/12/2023 07:45;0;Όχι
12/12/2023 08:00;0,005;Όχι
12/12/2023 08:15;0,031;Όχι
12/12/2023 08:30;0,056;Όχι
12/12/2023 08:45;0,239;Όχι
12/12/2023 09:00;0,23;Όχι
12/12/2023 09:15;0,315;Όχι
12/12/2023 09:30;0,471;Όχι
12/12/2023 09:45;0,649;Όχι
12/12/2023 10:00;0,714;Όχι
12/12/2023 10:15;0,776;Όχι
12/12/2023 10:30;0,835;Όχι
12/12/2023 10:45;0,888;Όχι
12/12/2023 11:00;0,928;Όχι
12/12/2023 11:15;0,872;Όχι
12/12/2023 11:30;0,91;Όχι
12/12/2023 11:45;1,05;Όχι
12/12/2023 12:00;1,05;Όχι
12/12/2023 12:15;1,061;Όχι
12/12/2023 12:30;1,061;Όχι
12/12/2023 12:45;0,962;Όχι
12/12/2023 13:00;1,043;Όχι
12/12/2023 13:15;0,99;Όχι
12/12/2023 13:30;1,009;Όχι
12/12/2023 13:45;0,974;Όχι
12/12/2023 14:00;0,851;Όχι
12/12/2023 14:15;0,756;Όχι
12/12/2023 14:30;0,811;Όχι
12/12/2023 14:45;0,768;Όχι
12/12/2023 15:00;0,702;Όχι
12/12/2023 15:15;0,577;Όχι
12/12/2023 15:30;0,534;Όχι
12/12/2023 15:45;0,445;Όχι
12/12/2023 16:00;0,308;Όχι
12/12/2023 16:15;0,113;Όχι
12/12/2023 16:30;0,053;Όχι
12/12/2023 16:45;0,064;Όχι
12/12/2023 17:00;0,019;Όχι
12/12/2023 17:15;0;Όχι
12/12/2023 17:30;0;Όχι
12/12/2023 17:45;0;Όχι
12/12/2023 18:00;0;Όχι
12/12/2023 18:15;0;Όχι
12/12/2023 18:30;0;Όχι
12/12/2023 18:45;0;Όχι
12/12/2023 19:00;0;Όχι
12/12/2023 19:15;0;Όχι
12/12/2023 19:30;0;Όχι
12/12/2023 19:45;0;Όχι
12/12/2023 20:00;0;Όχι
12/12/2023 20:15;0;Όχι
12/12/2023 20:30;0;Όχι
12/12/2023 20:45;0;Όχι
12/12/2023 21:00;0;Όχι
12/12/2023 21:15;0;Όχι
12/12/2023 21:30;0;Όχι
12/12/2023 21:45;0;Όχι
12/12/2023 22:00;0;Όχι
12/12/2023 22:15;0;Όχι
12/12/2023 22:30;0;Όχι
12/12/2023 22:45;0;Όχι
12/12/2023 23:00;0;Όχι
12/12/2023 23:15;0;Όχι
12/12/2023 23:30;0;Όχι
12/12/2023 23:45;0;Όχι
13/12/2023 00:00;0;Όχι
13/12/2023 00:15;0;Όχι
13/12/2023 00:30;0;Όχι
13/12/2023 00:45;0;Όχι
13/12/2023 01:00;0;Όχι
13/12/2023 01:15;0;Όχι
13/12/2023 01:30;0;Όχι
13/12/2023 01:45;0;Όχι
13/12/2023 02:00;0;Όχι
13/12/2023 02:15;0;Όχι
13/12/2023 02:30;0;Όχι
13/12/2023 02:45;0;Όχι
13/12/2023 03:00;0;Όχι
13/12/2023 03:15;0;Όχι
13/12/2023 03:30;0;Όχι
13/12/2023 03:45;0;Όχι
13/12/2023 04:00;0;Όχι
13/12/2023 04:15;0;Όχι
13/12/2023 04:30;0;Όχι
13/12/2023 04:45;0;Όχι
13/12/2023 05:00;0;Όχι
13/12/2023 05:15;0;Όχι
13/12/2023 05:30;0;Όχι
13/12/2023 05:45;0;Όχι
13/12/2023 06:00;0;Όχι
13/12/2023 06:15;0;Όχι
13/12/2023 06:30;0;Όχι
13/12/2023 06:45;0;Όχι
13/12/2023 07:00;0;Όχι
13/12/2023 07:15;0;Όχι
13/12/2023 07:30;0;Όχι
13/12/2023 07:45;0;Όχι
13/12/2023 08:00;0,005;Όχι
13/12/2023 08:15;0,021;Όχι
13/12/2023 08:30;0,111;Όχι
13/12/2023 08:45;0,129;Όχι
13/12/2023 09:00;0,115;Όχι
13/12/2023 09:15;0,078;Όχι
13/12/2023 09:30;0,091;Όχι
13/12/2023 09:45;0,184;Όχι
13/12/2023 10:00;0,187;Όχι
13/12/2023 10:15;0,124;Όχι
13/12/2023 10:30;0,083;Όχι
13/12/2023 10:45;0,114;Όχι
13/12/2023 11:00;0,122;Όχι
13/12/2023 11:15;0,089;Όχι
13/12/2023 11:30;0,122;Όχι
13/12/2023 11:45;0,103;Όχι
13/12/2023 12:00;0,112;Όχι
13/12/2023 12:15;0,097;Όχι
13/12/2023 12:30;0,125;Όχι
13/12/2023 12:45;0,134;Όχι
13/12/2023 13:00;0,097;Όχι
13/12/2023 13:15;0,099;Όχι
13/12/2023 13:30;0,143;Όχι
13/12/2023 13:45;0,14;Όχι
13/12/2023 14:00;0,13;Όχι
13/12/2023 14:15;0,1;Όχι
13/12/2023 14:30;0,099;Όχι
13/12/2023 14:45;0,073;Όχι
13/12/2023 15:00;0,07;Όχι
13/12/2023 15:15;0,08;Όχι
13/12/2023 15:30;0,073;Όχι
13/12/2023 15:45;0,048;Όχι
13/12/2023 16:00;0,037;Όχι
13/12/2023 16:15;0,021;Όχι
13/12/2023 16:30;0,004;Όχι
13/12/2023 16:45;0;Όχι
13/12/2023 17:00;0;Όχι
13/12/2023 17:15;0;Όχι
13/12/2023 17:30;0;Όχι
13/12/2023 17:45;0;Όχι
13/12/2023 18:00;0;Όχι
13/12/2023 18:15;0;Όχι
13/12/2023 18:30;0;Όχι
13/12/2023 18:45;0;Όχι
13/12/2023 19:00;0;Όχι
13/12/2023 19:15;0;Όχι
13/12/2023 19:30;0;Όχι
13/12/2023 19:45;0;Όχι
13/12/2023 20:00;0;Όχι
13/12/2023 20:15;0;Όχι
13/12/2023 20:30;0;Όχι
13/12/2023 20:45;0;Όχι
13/12/2023 21:00;0;Όχι
13/12/2023 21:15;0;Όχι
13/12/2023 21:30;0;Όχι
13/12/2023 21:45;0;Όχι
13/12/2023 22:00;0;Όχι
13/12/2023 22:15;0;Όχι
13/12/2023 22:30;0;Όχι
13/12/2023 22:45;0;Όχι
13/12/2023 23:00;0;Όχι
13/12/2023 23:15;0;Όχι
13/12/2023 23:30;0;Όχι
13/12/2023 23:45;0;Όχι
14/12/2023 00:00;0;Όχι
14/12/2023 00:15;0;Όχι
14/12/2023 00:30;0;Όχι
14/12/2023 00:45;0;Όχι
14/12/2023 01:00;0;Όχι
14/12/2023 01:15;0;Όχι
14/12/2023 01:30;0;Όχι
14/12/2023 01:45;0;Όχι
14/12/2023 02:00;0;Όχι
14/12/2023 02:15;0;Όχι
14/12/2023 02:30;0;Όχι
14/12/2023 02:45;0;Όχι
14/12/2023 03:00;0;Όχι
14/12/2023 03:15;0;Όχι
14/12/2023 03:30;0;Όχι
14/12/2023 03:45;0;Όχι
14/12/2023 04:00;0;Όχι
14/12/2023 04:15;0;Όχι
14/12/2023 04:30;0;Όχι
14/12/2023 04:45;0;Όχι
14/12/2023 05:00;0;Όχι
14/12/2023 05:15;0;Όχι
14/12/2023 05:30;0;Όχι
14/12/2023 05:45;0;Όχι
14/12/2023 06:00;0;Όχι
14/12/2023 06:15;0;Όχι
14/12/2023 06:30;0;Όχι
14/12/2023 06:45;0;Όχι
14/12/2023 07:00;0;Όχι
14/12/2023 07:15;0;Όχι
14/12/2023 07:30;0;Όχι
14/12/2023 07:45;0;Όχι
14/12/2023 08:00;0;Όχι
14/12/2023 08:15;0,006;Όχι
14/12/2023 08:30;0,02;Όχι
14/12/2023 08:45;0,041;Όχι
14/12/2023 09:00;0,066;Όχι
14/12/2023 09:15;0,109;Όχι
14/12/2023 09:30;0,125;Όχι
14/12/2023 09:45;0,128;Όχι
14/12/2023 10:00;0,201;Όχι
14/12/2023 10:15;0,233;Όχι
14/12/2023 10:30;0,221;Όχι
14/12/2023 10:45;0,199;Όχι
14/12/2023 11:00;0,215;Όχι
14/12/2023 11:15;0,187;Όχι
14/12/2023 11:30;0,259;Όχι
14/12/2023 11:45;0,379;Όχι
14/12/2023 12:00;0,702;Όχι
14/12/2023 12:15;0,773;Όχι
14/12/2023 12:30;0,976;Όχι
14/12/2023 12:45;0,763;Όχι
14/12/2023 13:00;0,764;Όχι
14/12/2023 13:15;0,575;Όχι
14/12/2023 13:30;0,375;Όχι
14/12/2023 13:45;0,409;Όχι
14/12/2023 14:00;0,341;Όχι
14/12/2023 14:15;0,486;Όχι
14/12/2023 14:30;0,403;Όχι
14/12/2023 14:45;0,238;Όχι
14/12/2023 15:00;0,366;Όχι
14/12/2023 15:15;0,322;Όχι
14/12/2023 15:30;0,293;Όχι
14/12/2023 15:45;0,254;Όχι
14/12/2023 16:00;0,223;Όχι
14/12/2023 16:15;0,177;Όχι
14/12/2023 16:30;0,096;Όχι
14/12/2023 16:45;0,037;Όχι
14/12/2023 17:00;0;Όχι
14/12/2023 17:15;0;Όχι
14/12/2023 17:30;0;Όχι
14/12/2023 17:45;0;Όχι
14/12/2023 18:00;0;Όχι
14/12/2023 18:15;0;Όχι
14/12/2023 18:30;0;Όχι
14/12/2023 18:45;0;Όχι
14/12/2023 19:00;0;Όχι
14/12/2023 19:15;0;Όχι
14/12/2023 19:30;0;Όχι
14/12/2023 19:45;0;Όχι
14/12/2023 20:00;0;Όχι
14/12/2023 20:15;0;Όχι
14/12/2023 20:30;0;Όχι
14/12/2023 20:45;0;Όχι
14/12/2023 21:00;0;Όχι
14/12/2023 21:15;0;Όχι
14/12/2023 21:30;0;Όχι
14/12/2023 21:45;0;Όχι
14/12/2023 22:00;0;Όχι
14/12/2023 22:15;0;Όχι
14/12/2023 22:30;0;Όχι
14/12/2023 22:45;0;Όχι
14/12/2023 23:00;0;Όχι
14/12/2023 23:15;0;Όχι
14/12/2023 23:30;0;Όχι
14/12/2023 23:45;0;Όχι
15/12/2023 00:00;0;Όχι
15/12/2023 00:15;0;Όχι
15/12/2023 00:30;0;Όχι
15/12/2023 00:45;0;Όχι
15/12/2023 01:00;0;Όχι
15/12/2023 01:15;0;Όχι
15/12/2023 01:30;0;Όχι
15/12/2023 01:45;0;Όχι
15/12/2023 02:00;0;Όχι
15/12/2023 02:15;0;Όχι
15/12/2023 02:30;0;Όχι
15/12/2023 02:45;0;Όχι
15/12/2023 03:00;0;Όχι
15/12/2023 03:15;0;Όχι
15/12/2023 03:30;0;Όχι
15/12/2023 03:45;0;Όχι
15/12/2023 04:00;0;Όχι
15/12/2023 04:15;0;Όχι
15/12/2023 04:30;0;Όχι
15/12/2023 04:45;0;Όχι
15/12/2023 05:00;0;Όχι
15/12/2023 05:15;0;Όχι
15/12/2023 05:30;0;Όχι
15/12/2023 05:45;0;Όχι
15/12/2023 06:00;0;Όχι
15/12/2023 06:15;0;Όχι
15/12/2023 06:30;0;Όχι
15/12/2023 06:45;0;Όχι
15/12/2023 07:00;0;Όχι
15/12/2023 07:15;0;Όχι
15/12/2023 07:30;0;Όχι
15/12/2023 07:45;0;Όχι
15/12/2023 08:00;0;Όχι
15/12/2023 08:15;0;Όχι
15/12/2023 08:30;0,002;Όχι
15/12/2023 08:45;0,011;Όχι
15/12/2023 09:00;0,018;Όχι
15/12/2023 09:15;0,039;Όχι
15/12/2023 09:30;0,121;Όχι
15/12/2023 09:45;0,313;Όχι
15/12/2023 10:00;0,282;Όχι
15/12/2023 10:15;0,273;Όχι
15/12/2023 10:30;0,222;Όχι
15/12/2023 10:45;0,298;Όχι
15/12/2023 11:00;0,331;Όχι
15/12/2023 11:15;0,177;Όχι
15/12/2023 11:30;0,15;Όχι
15/12/2023 11:45;0,117;Όχι
15/12/2023 12:00;0,144;Όχι
15/12/2023 12:15;0,169;Όχι
15/12/2023 12:30;0,211;Όχι
15/12/2023 12:45;0,241;Όχι
15/12/2023 13:00;0,176;Όχι
15/12/2023 13:15;0,204;Όχι
15/12/2023 13:30;0,142;Όχι
15/12/2023 13:45;0,081;Όχι
15/12/2023 14:00;0,044;Όχι
15/12/2023 14:15;0,039;Όχι
15/12/2023 14:30;0,022;Όχι
15/12/2023 14:45;0,019;Όχι
15/12/2023 15:00;0,026;Όχι
15/12/2023 15:15;0,016;Όχι
15/12/2023 15:30;0,009;Όχι
15/12/2023 15:45;0,003;Όχι
15/12/2023 16:00;0;Όχι
15/12/2023 16:15;0;Όχι
15/12/2023 16:30;0;Όχι
15/12/2023 16:45;0;Όχι
15/12/2023 17:00;0;Όχι
15/12/2023 17:15;0;Όχι
15/12/2023 17:30;0;Όχι
15/12/2023 17:45;0;Όχι
15/12/2023 18:00;0;Όχι
15/12/2023 18:15;0;Όχι
15/12/2023 18:30;0;Όχι
15/12/2023 18:45;0;Όχι
15/12/2023 19:00;0;Όχι
15/12/2023 19:15;0;Όχι
15/12/2023 19:30;0;Όχι
15/12/2023 19:45;0;Όχι
15/12/2023 20:00;0;Όχι
15/12/2023 20:15;0;Όχι
15/12/2023 20:30;0;Όχι
15/12/2023 20:45;0;Όχι
15/12/2023 21:00;0;Όχι
15/12/2023 21:15;0;Όχι
15/12/2023 21:30;0;Όχι
15/12/2023 21:45;0;Όχι
15/12/2023 22:00;0;Όχι
15/12/2023 22:15;0;Όχι
15/12/2023 22:30;0;Όχι
15/12/2023 22:45;0;Όχι
15/12/2023 23:00;0;Όχι
15/12/2023 23:15;0;Όχι
15/12/2023 23:30;0;Όχι
15/12/2023 23:45;0;Όχι
16/12/2023 00:00;0;Όχι
16/12/2023 00:15;0;Όχι
16/12/2023 00:30;0;Όχι
16/12/2023 00:45;0;Όχι
16/12/2023 01:00;0;Όχι
16/12/2023 01:15;0;Όχι
16/12/2023 01:30;0;Όχι
16/12/2023 01:45;0;Όχι
16/12/2023 02:00;0;Όχι
16/12/2023 02:15;0;Όχι
16/12/2023 02:30;0;Όχι
16/12/2023 02:45;0;Όχι
16/12/2023 03:00;0;Όχι
16/12/2023 03:15;0;Όχι
16/12/2023 03:30;0;Όχι
16/12/2023 03:45;0;Όχι
16/12/2023 04:00;0;Όχι
16/12/2023 04:15;0;Όχι
16/12/2023 04:30;0;Όχι
16/12/2023 04:45;0;Όχι
16/12/2023 05:00;0;Όχι
16/12/2023 05:15;0;Όχι
16/12/2023 05:30;0;Όχι
16/12/2023 05:45;0;Όχι
16/12/2023 06:00;0;Όχι
16/12/2023 06:15;0;Όχι
16/12/2023 06:30;0;Όχι
16/12/2023 06:45;0;Όχι
16/12/2023 07:00;0;Όχι
16/12/2023 07:15;0;Όχι
16/12/2023 07:30;0;Όχι
16/12/2023 07:45;0;Όχι
16/12/2023 08:00;0;Όχι
16/12/2023 08:15;0;Όχι
16/12/2023 08:30;0;Όχι
16/12/2023 08:45;0,01;Όχι
16/12/2023 09:00;0,03;Όχι
16/12/2023 09:15;0,031;Όχι
16/12/2023 09:30;0,047;Όχι
16/12/2023 09:45;0,084;Όχι
16/12/2023 10:00;0,083;Όχι
16/12/2023 10:15;0,062;Όχι
16/12/2023 10:30;0,115;Όχι
16/12/2023 10:45;0,128;Όχι
16/12/2023 11:00;0,119;Όχι
16/12/2023 11:15;0,123;Όχι
16/12/2023 11:30;0,123;Όχι
16/12/2023 11:45;0,107;Όχι
16/12/2023 12:00;0,151;Όχι
16/12/2023 12:15;0,193;Όχι
16/12/2023 12:30;0,152;Όχι
16/12/2023 12:45;0,207;Όχι
16/12/2023 13:00;0,21;Όχι
16/12/2023 13:15;0,174;Όχι
16/12/2023 13:30;0,114;Όχι
16/12/2023 13:45;0,104;Όχι
16/12/2023 14:00;0,11;Όχι
16/12/2023 14:15;0,118;Όχι
16/12/2023 14:30;0,105;Όχι
16/12/2023 14:45;0,112;Όχι
16/12/2023 15:00;0,154;Όχι
16/12/2023 15:15;0,137;Όχι
16/12/2023 15:30;0,107;Όχι
16/12/2023 15:45;0,097;Όχι
16/12/2023 16:00;0,068;Όχι
16/12/2023 16:15;0,041;Όχι
16/12/2023 16:30;0,032;Όχι
16/12/2023 16:45;0,01;Όχι
16/12/2023 17:00;0;Όχι
16/12/2023 17:15;0;Όχι
16/12/2023 17:30;0;Όχι
16/12/2023 17:45;0;Όχι
16/12/2023 18:00;0;Όχι
16/12/2023 18:15;0;Όχι
16/12/2023 18:30;0;Όχι
16/12/2023 18:45;0;Όχι
16/12/2023 19:00;0;Όχι
16/12/2023 19:15;0;Όχι
16/12/2023 19:30;0;Όχι
16/12/2023 19:45;0;Όχι
16/12/2023 20:00;0;Όχι
16/12/2023 20:15;0;Όχι
16/12/2023 20:30;0;Όχι
16/12/2023 20:45;0;Όχι
16/12/2023 21:00;0;Όχι
16/12/2023 21:15;0;Όχι
16/12/2023 21:30;0;Όχι
16/12/2023 21:45;0;Όχι
16/12/2023 22:00;0;Όχι
16/12/2023 22:15;0;Όχι
16/12/2023 22:30;0;Όχι
16/12/2023 22:45;0;Όχι
16/12/2023 23:00;0;Όχι
16/12/2023 23:15;0;Όχι
16/12/2023 23:30;0;Όχι
16/12/2023 23:45;0;Όχι
17/12/2023 00:00;0;Όχι
17/12/2023 00:15;0;Όχι
17/12/2023 00:30;0;Όχι
17/12/2023 00:45;0;Όχι
17/12/2023 01:00;0;Όχι
17/12/2023 01:15;0;Όχι
17/12/2023 01:30;0;Όχι
17/12/2023 01:45;0;Όχι
17/12/2023 02:00;0;Όχι
17/12/2023 02:15;0;Όχι
17/12/2023 02:30;0;Όχι
17/12/2023 02:45;0;Όχι
17/12/2023 03:00;0;Όχι
17/12/2023 03:15;0;Όχι
17/12/2023 03:30;0;Όχι
17/12/2023 03:45;0;Όχι
17/12/2023 04:00;0;Όχι
17/12/2023 04:15;0;Όχι
17/12/2023 04:30;0;Όχι
17/12/2023 04:45;0;Όχι
17/12/2023 05:00;0;Όχι
17/12/2023 05:15;0;Όχι
17/12/2023 05:30;0;Όχι
17/12/2023 05:45;0;Όχι
17/12/2023 06:00;0;Όχι
17/12/2023 06:15;0;Όχι
17/12/2023 06:30;0;Όχι
17/12/2023 06:45;0;Όχι
17/12/2023 07:00;0;Όχι
17/12/2023 07:15;0;Όχι
17/12/2023 07:30;0;Όχι
17/12/2023 07:45;0;Όχι
17/12/2023 08:00;0,009;Όχι
17/12/2023 08:15;0,084;Όχι
17/12/2023 08:30;0,173;Όχι
17/12/2023 08:45;0,268;Όχι
17/12/2023 09:00;0,367;Όχι
17/12/2023 09:15;0,464;Όχι
17/12/2023 09:30;0,561;Όχι
17/12/2023 09:45;0,65;Όχι
17/12/2023 10:00;0,738;Όχι
17/12/2023 10:15;0,813;Όχι
17/12/2023 10:30;0,879;Όχι
17/12/2023 10:45;0,937;Όχι
17/12/2023 11:00;0,99;Όχι
17/12/2023 11:15;1,03;Όχι
17/12/2023 11:30;1,073;Όχι
17/12/2023 11:45;1,1;Όχι
17/12/2023 12:00;1,121;Όχι
17/12/2023 12:15;1,133;Όχι
17/12/2023 12:30;1,138;Όχι
17/12/2023 12:45;1,134;Όχι
17/12/2023 13:00;1,121;Όχι
17/12/2023 13:15;1,108;Όχι
17/12/2023 13:30;1,085;Όχι
17/12/2023 13:45;1,051;Όχι
17/12/2023 14:00;1,013;Όχι
17/12/2023 14:15;0,966;Όχι
17/12/2023 14:30;0,914;Όχι
17/12/2023 14:45;0,854;Όχι
17/12/2023 15:00;0,782;Όχι
17/12/2023 15:15;0,702;Όχι
17/12/2023 15:30;0,611;Όχι
17/12/2023 15:45;0,518;Όχι
17/12/2023 16:00;0,423;Όχι
17/12/2023 16:15;0,321;Όχι
17/12/2023 16:30;0,216;Όχι
17/12/2023 16:45;0,112;Όχι
17/12/2023 17:00;0,028;Όχι
17/12/2023 17:15;0,001;Όχι
17/12/2023 17:30;0;Όχι
17/12/2023 17:45;0;Όχι
17/12/2023 18:00;0;Όχι
17/12/2023 18:15;0;Όχι
17/12/2023 18:30;0;Όχι
17/12/2023 18:45;0;Όχι
17/12/2023 19:00;0;Όχι
17/12/2023 19:15;0;Όχι
17/12/2023 19:30;0;Όχι
17/12/2023 19:45;0;Όχι
17/12/2023 20:00;0;Όχι
17/12/2023 20:15;0;Όχι
17/12/2023 20:30;0;Όχι
17/12/2023 20:45;0;Όχι
17/12/2023 21:00;0;Όχι
17/12/2023 21:15;0;Όχι
17/12/2023 21:30;0;Όχι
17/12/2023 21:45;0;Όχι
17/12/2023 22:00;0;Όχι
17/12/2023 22:15;0;Όχι
17/12/2023 22:30;0;Όχι
17/12/2023 22:45;0;Όχι
17/12/2023 23:00;0;Όχι
17/12/2023 23:15;0;Όχι
17/12/2023 23:30;0;Όχι
17/12/2023 23:45;0;Όχι
18/12/2023 00:00;0;Όχι
18/12/2023 00:15;0;Όχι
18/12/2023 00:30;0;Όχι
18/12/2023 00:45;0;Όχι
18/12/2023 01:00;0;Όχι
18/12/2023 01:15;0;Όχι
18/12/2023 01:30;0;Όχι
18/12/2023 01:45;0;Όχι
18/12/2023 02:00;0;Όχι
18/12/2023 02:15;0;Όχι
18/12/2023 02:30;0;Όχι
18/12/2023 02:45;0;Όχι
18/12/2023 03:00;0;Όχι
18/12/2023 03:15;0;Όχι
18/12/2023 03:30;0;Όχι
18/12/2023 03:45;0;Όχι
18/12/2023 04:00;0;Όχι
18/12/2023 04:15;0;Όχι
18/12/2023 04:30;0;Όχι
18/12/2023 04:45;0;Όχι
18/12/2023 05:00;0;Όχι
18/12/2023 05:15;0;Όχι
18/12/2023 05:30;0;Όχι
18/12/2023 05:45;0;Όχι
18/12/2023 06:00;0;Όχι
18/12/2023 06:15;0;Όχι
18/12/2023 06:30;0;Όχι
18/12/2023 06:45;0;Όχι
18/12/2023 07:00;0;Όχι
18/12/2023 07:15;0;Όχι
18/12/2023 07:30;0;Όχι
18/12/2023 07:45;0;Όχι
18/12/2023 08:00;0,008;Όχι
18/12/2023 08:15;0,089;Όχι
18/12/2023 08:30;0,175;Όχι
18/12/2023 08:45;0,271;Όχι
18/12/2023 09:00;0,37;Όχι
18/12/2023 09:15;0,468;Όχι
18/12/2023 09:30;0,559;Όχι
18/12/2023 09:45;0,648;Όχι
18/12/2023 10:00;0,73;Όχι
18/12/2023 10:15;0,807;Όχι
18/12/2023 10:30;0,876;Όχι
18/12/2023 10:45;0,935;Όχι
18/12/2023 11:00;0,981;Όχι
18/12/2023 11:15;1,016;Όχι
18/12/2023 11:30;1,049;Όχι
18/12/2023 11:45;1,079;Όχι
18/12/2023 12:00;1,094;Όχι
18/12/2023 12:15;1,101;Όχι
18/12/2023 12:30;1,106;Όχι
18/12/2023 12:45;1,096;Όχι
18/12/2023 13:00;1,087;Όχι
18/12/2023 13:15;1,068;Όχι
18/12/2023 13:30;1,04;Όχι
18/12/2023 13:45;1,008;Όχι
18/12/2023 14:00;0,968;Όχι
18/12/2023 14:15;0,923;Όχι
18/12/2023 14:30;0,872;Όχι
18/12/2023 14:45;0,814;Όχι
18/12/2023 15:00;0,751;Όχι
18/12/2023 15:15;0,678;Όχι
18/12/2023 15:30;0,6;Όχι
18/12/2023 15:45;0,512;Όχι
18/12/2023 16:00;0,414;Όχι
18/12/2023 16:15;0,312;Όχι
18/12/2023 16:30;0,213;Όχι
18/12/2023 16:45;0,12;Όχι
18/12/2023 17:00;0,037;Όχι
18/12/2023 17:15;0;Όχι
18/12/2023 17:30;0;Όχι
18/12/2023 17:45;0;Όχι
18/12/2023 18:00;0;Όχι
18/12/2023 18:15;0;Όχι
18/12/2023 18:30;0;Όχι
18/12/2023 18:45;0;Όχι
18/12/2023 19:00;0;Όχι
18/12/2023 19:15;0;Όχι
18/12/2023 19:30;0;Όχι
18/12/2023 19:45;0;Όχι
18/12/2023 20:00;0;Όχι
18/12/2023 20:15;0;Όχι
18/12/2023 20:30;0;Όχι
18/12/2023 20:45;0;Όχι
18/12/2023 21:00;0;Όχι
18/12/2023 21:15;0;Όχι
18/12/2023 21:30;0;Όχι
18/12/2023 21:45;0;Όχι
18/12/2023 22:00;0;Όχι
18/12/2023 22:15;0;Όχι
18/12/2023 22:30;0;Όχι
18/12/2023 22:45;0;Όχι
18/12/2023 23:00;0;Όχι
18/12/2023 23:15;0;Όχι
18/12/2023 23:30;0;Όχι
18/12/2023 23:45;0;Όχι
19/12/2023 00:00;0;Όχι
19/12/2023 00:15;0;Όχι
19/12/2023 00:30;0;Όχι
19/12/2023 00:45;0;Όχι
19/12/2023 01:00;0;Όχι
19/12/2023 01:15;0;Όχι
19/12/2023 01:30;0;Όχι
19/12/2023 01:45;0;Όχι
19/12/2023 02:00;0;Όχι
19/12/2023 02:15;0;Όχι
19/12/2023 02:30;0;Όχι
19/12/2023 02:45;0;Όχι
19/12/2023 03:00;0;Όχι
19/12/2023 03:15;0;Όχι
19/12/2023 03:30;0;Όχι
19/12/2023 03:45;0;Όχι
19/12/2023 04:00;0;Όχι
19/12/2023 04:15;0;Όχι
19/12/2023 04:30;0;Όχι
19/12/2023 04:45;0;Όχι
19/12/2023 05:00;0;Όχι
19/12/2023 05:15;0;Όχι
19/12/2023 05:30;0;Όχι
19/12/2023 05:45;0;Όχι
19/12/2023 06:00;0;Όχι
19/12/2023 06:15;0;Όχι
19/12/2023 06:30;0;Όχι
19/12/2023 06:45;0;Όχι
19/12/2023 07:00;0;Όχι
19/12/2023 07:15;0;Όχι
19/12/2023 07:30;0;Όχι
19/12/2023 07:45;0;Όχι
19/12/2023 08:00;0,007;Όχι
19/12/2023 08:15;0,086;Όχι
19/12/2023 08:30;0,174;Όχι
19/12/2023 08:45;0,269;Όχι
19/12/2023 09:00;0,366;Όχι
19/12/2023 09:15;0,462;Όχι
19/12/2023 09:30;0,554;Όχι
19/12/2023 09:45;0,644;Όχι
19/12/2023 10:00;0,725;Όχι
19/12/2023 10:15;0,796;Όχι
19/12/2023 10:30;0,858;Όχι
19/12/2023 10:45;0,915;Όχι
19/12/2023 11:00;0,969;Όχι
19/12/2023 11:15;1,007;Όχι
19/12/2023 11:30;1,034;Όχι
19/12/2023 11:45;1,059;Όχι
19/12/2023 12:00;1,076;Όχι
19/12/2023 12:15;1,089;Όχι
19/12/2023 12:30;1,093;Όχι
19/12/2023 12:45;1,09;Όχι
19/12/2023 13:00;1,081;Όχι
19/12/2023 13:15;1,062;Όχι
19/12/2023 13:30;1,035;Όχι
19/12/2023 13:45;1,004;Όχι
19/12/2023 14:00;0,962;Όχι
19/12/2023 14:15;0,916;Όχι
19/12/2023 14:30;0,862;Όχι
19/12/2023 14:45;0,799;Όχι
19/12/2023 15:00;0,733;Όχι
19/12/2023 15:15;0,658;Όχι
19/12/2023 15:30;0,579;Όχι
19/12/2023 15:45;0,492;Όχι
19/12/2023 16:00;0,398;Όχι
19/12/2023 16:15;0,303;Όχι
19/12/2023 16:30;0,202;Όχι
19/12/2023 16:45;0,111;Όχι
19/12/2023 17:00;0,036;Όχι
19/12/2023 17:15;0;Όχι
19/12/2023 17:30;0;Όχι
19/12/2023 17:45;0;Όχι
19/12/2023 18:00;0;Όχι
19/12/2023 18:15;0;Όχι
19/12/2023 18:30;0;Όχι
19/12/2023 18:45;0;Όχι
19/12/2023 19:00;0;Όχι
19/12/2023 19:15;0;Όχι
19/12/2023 19:30;0;Όχι
19/12/2023 19:45;0;Όχι
19/12/2023 20:00;0;Όχι
19/12/2023 20:15;0;Όχι
19/12/2023 20:30;0;Όχι
19/12/2023 20:45;0;Όχι
19/12/2023 21:00;0;Όχι
19/12/2023 21:15;0;Όχι
19/12/2023 21:30;0;Όχι
19/12/2023 21:45;0;Όχι
19/12/2023 22:00;0;Όχι
19/12/2023 22:15;0;Όχι
19/12/2023 22:30;0;Όχι
19/12/2023 22:45;0;Όχι
19/12/2023 23:00;0;Όχι
19/12/2023 23:15;0;Όχι
19/12/2023 23:30;0;Όχι
19/12/2023 23:45;0;Όχι
20/12/2023 00:00;0;Όχι
20/12/2023 00:15;0;Όχι
20/12/2023 00:30;0;Όχι
20/12/2023 00:45;0;Όχι
20/12/2023 01:00;0;Όχι
20/12/2023 01:15;0;Όχι
20/12/2023 01:30;0;Όχι
20/12/2023 01:45;0;Όχι
20/12/2023 02:00;0;Όχι
20/12/2023 02:15;0;Όχι
20/12/2023 02:30;0;Όχι
20/12/2023 02:45;0;Όχι
20/12/2023 03:00;0;Όχι
20/12/2023 03:15;0;Όχι
20/12/2023 03:30;0;Όχι
20/12/2023 03:45;0;Όχι
20/12/2023 04:00;0;Όχι
20/12/2023 04:15;0;Όχι
20/12/2023 04:30;0;Όχι
20/12/2023 04:45;0;Όχι
20/12/2023 05:00;0;Όχι
20/12/2023 05:15;0;Όχι
20/12/2023 05:30;0;Όχι
20/12/2023 05:45;0;Όχι
20/12/2023 06:00;0;Όχι
20/12/2023 06:15;0;Όχι
20/12/2023 06:30;0;Όχι
20/12/2023 06:45;0;Όχι
20/12/2023 07:00;0;Όχι
20/12/2023 07:15;0;Όχι
20/12/2023 07:30;0;Όχι
20/12/2023 07:45;0;Όχι
20/12/2023 08:00;0,004;Όχι
20/12/2023 08:15;0,071;Όχι
20/12/2023 08:30;0,166;Όχι
20/12/2023 08:45;0,26;Όχι
20/12/2023 09:00;0,365;Όχι
20/12/2023 09:15;0,459;Όχι
20/12/2023 09:30;0,532;Όχι
20/12/2023 09:45;0,624;Όχι
20/12/2023 10:00;0,69;Όχι
20/12/2023 10:15;0,747;Όχι
20/12/2023 10:30;0,773;Όχι
20/12/2023 10:45;0,849;Όχι
20/12/2023 11:00;0,849;Όχι
20/12/2023 11:15;0,964;Όχι
20/12/2023 11:30;0,937;Όχι
20/12/2023 11:45;0,831;Όχι
20/12/2023 12:00;0,975;Όχι
20/12/2023 12:15;1,011;Όχι
20/12/2023 12:30;0,964;Όχι
20/12/2023 12:45;1,062;Όχι
20/12/2023 13:00;0,964;Όχι
20/12/2023 13:15;1,064;Όχι
20/12/2023 13:30;1,011;Όχι
20/12/2023 13:45;0,625;Όχι
20/12/2023 14:00;0,544;Όχι
20/12/2023 14:15;0,612;Όχι
20/12/2023 14:30;0,672;Όχι
20/12/2023 14:45;0,871;Όχι
20/12/2023 15:00;0,571;Όχι
20/12/2023 15:15;0,207;Όχι
20/12/2023 15:30;0,275;Όχι
20/12/2023 15:45;0,218;Όχι
20/12/2023 16:00;0,148;Όχι
20/12/2023 16:15;0,093;Όχι
20/12/2023 16:30;0,066;Όχι
20/12/2023 16:45;0,042;Όχι
20/12/2023 17:00;0,009;Όχι
20/12/2023 17:15;0;Όχι
20/12/2023 17:30;0;Όχι
20/12/2023 17:45;0;Όχι
20/12/2023 18:00;0;Όχι
20/12/2023 18:15;0;Όχι
20/12/2023 18:30;0;Όχι
20/12/2023 18:45;0;Όχι
20/12/2023 19:00;0;Όχι
20/12/2023 19:15;0;Όχι
20/12/2023 19:30;0;Όχι
20/12/2023 19:45;0;Όχι
20/12/2023 20:00;0;Όχι
20/12/2023 20:15;0;Όχι
20/12/2023 20:30;0;Όχι
20/12/2023 20:45;0;Όχι
20/12/2023 21:00;0;Όχι
20/12/2023 21:15;0;Όχι
20/12/2023 21:30;0;Όχι
20/12/2023 21:45;0;Όχι
20/12/2023 22:00;0;Όχι
20/12/2023 22:15;0;Όχι
20/12/2023 22:30;0;Όχι
20/12/2023 22:45;0;Όχι
20/12/2023 23:00;0;Όχι
20/12/2023 23:15;0;Όχι
20/12/2023 23:30;0;Όχι
20/12/2023 23:45;0;Όχι
21/12/2023 00:00;0;Όχι
21/12/2023 00:15;0;Όχι
21/12/2023 00:30;0;Όχι
21/12/2023 00:45;0;Όχι
21/12/2023 01:00;0;Όχι
21/12/2023 01:15;0;Όχι
21/12/2023 01:30;0;Όχι
21/12/2023 01:45;0;Όχι
21/12/2023 02:00;0;Όχι
21/12/2023 02:15;0;Όχι
21/12/2023 02:30;0;Όχι
21/12/2023 02:45;0;Όχι
21/12/2023 03:00;0;Όχι
21/12/2023 03:15;0;Όχι
21/12/2023 03:30;0;Όχι
21/12/2023 03:45;0;Όχι
21/12/2023 04:00;0;Όχι
21/12/2023 04:15;0;Όχι
21/12/2023 04:30;0;Όχι
21/12/2023 04:45;0;Όχι
21/12/2023 05:00;0;Όχι
21/12/2023 05:15;0;Όχι
21/12/2023 05:30;0;Όχι
21/12/2023 05:45;0;Όχι
21/12/2023 06:00;0;Όχι
21/12/2023 06:15;0;Όχι
21/12/2023 06:30;0;Όχι
21/12/2023 06:45;0;Όχι
21/12/2023 07:00;0;Όχι
21/12/2023 07:15;0;Όχι
21/12/2023 07:30;0;Όχι
21/12/2023 07:45;0;Όχι
21/12/2023 08:00;0;Όχι
21/12/2023 08:15;0,039;Όχι
21/12/2023 08:30;0,14;Όχι
21/12/2023 08:45;0,229;Όχι
21/12/2023 09:00;0,318;Όχι
21/12/2023 09:15;0,401;Όχι
21/12/2023 09:30;0,497;Όχι
21/12/2023 09:45;0,594;Όχι
21/12/2023 10:00;0,682;Όχι
21/12/2023 10:15;0,757;Όχι
21/12/2023 10:30;0,826;Όχι
21/12/2023 10:45;0,894;Όχι
21/12/2023 11:00;0,945;Όχι
21/12/2023 11:15;0,984;Όχι
21/12/2023 11:30;1,028;Όχι
21/12/2023 11:45;1,066;Όχι
21/12/2023 12:00;1,094;Όχι
21/12/2023 12:15;1,112;Όχι
21/12/2023 12:30;1,118;Όχι
21/12/2023 12:45;1,107;Όχι
21/12/2023 13:00;1,105;Όχι
21/12/2023 13:15;1,098;Όχι
21/12/2023 13:30;1,053;Όχι
21/12/2023 13:45;1,043;Όχι
21/12/2023 14:00;0,802;Όχι
21/12/2023 14:15;0,718;Όχι
21/12/2023 14:30;0,903;Όχι
21/12/2023 14:45;0,833;Όχι
21/12/2023 15:00;0,76;Όχι
21/12/2023 15:15;0,683;Όχι
21/12/2023 15:30;0,604;Όχι
21/12/2023 15:45;0,517;Όχι
21/12/2023 16:00;0,42;Όχι
21/12/2023 16:15;0,317;Όχι
21/12/2023 16:30;0,216;Όχι
21/12/2023 16:45;0,096;Όχι
21/12/2023 17:00;0,031;Όχι
21/12/2023 17:15;0;Όχι
21/12/2023 17:30;0;Όχι
21/12/2023 17:45;0;Όχι
21/12/2023 18:00;0;Όχι
21/12/2023 18:15;0;Όχι
21/12/2023 18:30;0;Όχι
21/12/2023 18:45;0;Όχι
21/12/2023 19:00;0;Όχι
21/12/2023 19:15;0;Όχι
21/12/2023 19:30;0;Όχι
21/12/2023 19:45;0;Όχι
21/12/2023 20:00;0;Όχι
21/12/2023 20:15;0;Όχι
21/12/2023 20:30;0;Όχι
21/12/2023 20:45;0;Όχι
21/12/2023 21:00;0;Όχι
21/12/2023 21:15;0;Όχι
21/12/2023 21:30;0;Όχι
21/12/2023 21:45;0;Όχι
21/12/2023 22:00;0;Όχι
21/12/2023 22:15;0;Όχι
21/12/2023 22:30;0;Όχι
21/12/2023 22:45;0;Όχι
21/12/2023 23:00;0;Όχι
21/12/2023 23:15;0;Όχι
21/12/2023 23:30;0;Όχι
21/12/2023 23:45;0;Όχι
22/12/2023 00:00;0;Όχι
22/12/2023 00:15;0;Όχι
22/12/2023 00:30;0;Όχι
22/12/2023 00:45;0;Όχι
22/12/2023 01:00;0;Όχι
22/12/2023 01:15;0;Όχι
22/12/2023 01:30;0;Όχι
22/12/2023 01:45;0;Όχι
22/12/2023 02:00;0;Όχι
22/12/2023 02:15;0;Όχι
22/12/2023 02:30;0;Όχι
22/12/2023 02:45;0;Όχι
22/12/2023 03:00;0;Όχι
22/12/2023 03:15;0;Όχι
22/12/2023 03:30;0;Όχι
22/12/2023 03:45;0;Όχι
22/12/2023 04:00;0;Όχι
22/12/2023 04:15;0;Όχι
22/12/2023 04:30;0;Όχι
22/12/2023 04:45;0;Όχι
22/12/2023 05:00;0;Όχι
22/12/2023 05:15;0;Όχι
22/12/2023 05:30;0;Όχι
22/12/2023 05:45;0;Όχι
22/12/2023 06:00;0;Όχι
22/12/2023 06:15;0;Όχι
22/12/2023 06:30;0;Όχι
22/12/2023 06:45;0;Όχι
22/12/2023 07:00;0;Όχι
22/12/2023 07:15;0;Όχι
22/12/2023 07:30;0;Όχι
22/12/2023 07:45;0;Όχι
22/12/2023 08:00;0;Όχι
22/12/2023 08:15;0;Όχι
22/12/2023 08:30;0;Όχι
22/12/2023 08:45;0,024;Όχι
22/12/2023 09:00;0,108;Όχι
22/12/2023 09:15;0,113;Όχι
22/12/2023 09:30;0,063;Όχι
22/12/2023 09:45;0,039;Όχι
22/12/2023 10:00;0,029;Όχι
22/12/2023 10:15;0,073;Όχι
22/12/2023 10:30;0,157;Όχι
22/12/2023 10:45;0,2;Όχι
22/12/2023 11:00;0,248;Όχι
22/12/2023 11:15;0,412;Όχι
22/12/2023 11:30;0,325;Όχι
22/12/2023 11:45;0,524;Όχι
22/12/2023 12:00;0,956;Όχι
22/12/2023 12:15;0,957;Όχι
22/12/2023 12:30;0,985;Όχι
22/12/2023 12:45;1,066;Όχι
22/12/2023 13:00;0,64;Όχι
22/12/2023 13:15;0,355;Όχι
22/12/2023 13:30;0,301;Όχι
22/12/2023 13:45;0,68;Όχι
22/12/2023 14:00;0,712;Όχι
22/12/2023 14:15;0,429;Όχι
22/12/2023 14:30;0,316;Όχι
22/12/2023 14:45;0,202;Όχι
22/12/2023 15:00;0,632;Όχι
22/12/2023 15:15;0,497;Όχι
22/12/2023 15:30;0,29;Όχι
22/12/2023 15:45;0,06;Όχι
22/12/2023 16:00;0,048;Όχι
22/12/2023 16:15;0,058;Όχι
22/12/2023 16:30;0,001;Όχι
22/12/2023 16:45;0;Όχι
22/12/2023 17:00;0;Όχι
22/12/2023 17:15;0;Όχι
22/12/2023 17:30;0;Όχι
22/12/2023 17:45;0;Όχι
22/12/2023 18:00;0;Όχι
22/12/2023 18:15;0;Όχι
22/12/2023 18:30;0;Όχι
22/12/2023 18:45;0;Όχι
22/12/2023 19:00;0;Όχι
22/12/2023 19:15;0;Όχι
22/12/2023 19:30;0;Όχι
22/12/2023 19:45;0;Όχι
22/12/2023 20:00;0;Όχι
22/12/2023 20:15;0;Όχι
22/12/2023 20:30;0;Όχι
22/12/2023 20:45;0;Όχι
22/12/2023 21:00;0;Όχι
22/12/2023 21:15;0;Όχι
22/12/2023 21:30;0;Όχι
22/12/2023 21:45;0;Όχι
22/12/2023 22:00;0;Όχι
22/12/2023 22:15;0;Όχι
22/12/2023 22:30;0;Όχι
22/12/2023 22:45;0;Όχι
22/12/2023 23:00;0;Όχι
22/12/2023 23:15;0;Όχι
22/12/2023 23:30;0;Όχι
22/12/2023 23:45;0;Όχι
23/12/2023 00:00;0;Όχι
23/12/2023 00:15;0;Όχι
23/12/2023 00:30;0;Όχι
23/12/2023 00:45;0;Όχι
23/12/2023 01:00;0;Όχι
23/12/2023 01:15;0;Όχι
23/12/2023 01:30;0;Όχι
23/12/2023 01:45;0;Όχι
23/12/2023 02:00;0;Όχι
23/12/2023 02:15;0;Όχι
23/12/2023 02:30;0;Όχι
23/12/2023 02:45;0;Όχι
23/12/2023 03:00;0;Όχι
23/12/2023 03:15;0;Όχι
23/12/2023 03:30;0;Όχι
23/12/2023 03:45;0;Όχι
23/12/2023 04:00;0;Όχι
23/12/2023 04:15;0;Όχι
23/12/2023 04:30;0;Όχι
23/12/2023 04:45;0;Όχι
23/12/2023 05:00;0;Όχι
23/12/2023 05:15;0;Όχι
23/12/2023 05:30;0;Όχι
23/12/2023 05:45;0;Όχι
23/12/2023 06:00;0;Όχι
23/12/2023 06:15;0;Όχι
23/12/2023 06:30;0;Όχι
23/12/2023 06:45;0;Όχι
23/12/2023 07:00;0;Όχι
23/12/2023 07:15;0;Όχι
23/12/2023 07:30;0;Όχι
23/12/2023 07:45;0;Όχι
23/12/2023 08:00;0,004;Όχι
23/12/2023 08:15;0,087;Όχι
23/12/2023 08:30;0,182;Όχι
23/12/2023 08:45;0,281;Όχι
23/12/2023 09:00;0,378;Όχι
23/12/2023 09:15;0,422;Όχι
23/12/2023 09:30;0,519;Όχι
23/12/2023 09:45;0,628;Όχι
23/12/2023 10:00;0,706;Όχι
23/12/2023 10:15;0,777;Όχι
23/12/2023 10:30;0,838;Όχι
23/12/2023 10:45;0,889;Όχι
23/12/2023 11:00;0,941;Όχι
23/12/2023 11:15;0,976;Όχι
23/12/2023 11:30;1,004;Όχι
23/12/2023 11:45;1,026;Όχι
23/12/2023 12:00;1,045;Όχι
23/12/2023 12:15;1,057;Όχι
23/12/2023 12:30;1,07;Όχι
23/12/2023 12:45;1,066;Όχι
23/12/2023 13:00;1,054;Όχι
23/12/2023 13:15;1,031;Όχι
23/12/2023 13:30;1,012;Όχι
23/12/2023 13:45;0,986;Όχι
23/12/2023 14:00;0,952;Όχι
23/12/2023 14:15;0,911;Όχι
23/12/2023 14:30;0,858;Όχι
23/12/2023 14:45;0,804;Όχι
23/12/2023 15:00;0,737;Όχι
23/12/2023 15:15;0,663;Όχι
23/12/2023 15:30;0,573;Όχι
23/12/2023 15:45;0,483;Όχι
23/12/2023 16:00;0,394;Όχι
23/12/2023 16:15;0,272;Όχι
23/12/2023 16:30;0,212;Όχι
23/12/2023 16:45;0,124;Όχι
23/12/2023 17:00;0,04;Όχι
23/12/2023 17:15;0;Όχι
23/12/2023 17:30;0;Όχι
23/12/2023 17:45;0;Όχι
23/12/2023 18:00;0;Όχι
23/12/2023 18:15;0;Όχι
23/12/2023 18:30;0;Όχι
23/12/2023 18:45;0;Όχι
23/12/2023 19:00;0;Όχι
23/12/2023 19:15;0;Όχι
23/12/2023 19:30;0;Όχι
23/12/2023 19:45;0;Όχι
23/12/2023 20:00;0;Όχι
23/12/2023 20:15;0;Όχι
23/12/2023 20:30;0;Όχι
23/12/2023 20:45;0;Όχι
23/12/2023 21:00;0;Όχι
23/12/2023 21:15;0;Όχι
23/12/2023 21:30;0;Όχι
23/12/2023 21:45;0;Όχι
23/12/2023 22:00;0;Όχι
23/12/2023 22:15;0;Όχι
23/12/2023 22:30;0;Όχι
23/12/2023 22:45;0;Όχι
23/12/2023 23:00;0;Όχι
23/12/2023 23:15;0;Όχι
23/12/2023 23:30;0;Όχι
23/12/2023 23:45;0;Όχι
24/12/2023 00:00;0;Όχι
24/12/2023 00:15;0;Όχι
24/12/2023 00:30;0;Όχι
24/12/2023 00:45;0;Όχι
24/12/2023 01:00;0;Όχι
24/12/2023 01:15;0;Όχι
24/12/2023 01:30;0;Όχι
24/12/2023 01:45;0;Όχι
24/12/2023 02:00;0;Όχι
24/12/2023 02:15;0;Όχι
24/12/2023 02:30;0;Όχι
24/12/2023 02:45;0;Όχι
24/12/2023 03:00;0;Όχι
24/12/2023 03:15;0;Όχι
24/12/2023 03:30;0;Όχι
24/12/2023 03:45;0;Όχι
24/12/2023 04:00;0;Όχι
24/12/2023 04:15;0;Όχι
24/12/2023 04:30;0;Όχι
24/12/2023 04:45;0;Όχι
24/12/2023 05:00;0;Όχι
24/12/2023 05:15;0;Όχι
24/12/2023 05:30;0;Όχι
24/12/2023 05:45;0;Όχι
24/12/2023 06:00;0;Όχι
24/12/2023 06:15;0;Όχι
24/12/2023 06:30;0;Όχι
24/12/2023 06:45;0;Όχι
24/12/2023 07:00;0;Όχι
24/12/2023 07:15;0;Όχι
24/12/2023 07:30;0;Όχι
24/12/2023 07:45;0;Όχι
24/12/2023 08:00;0,001;Όχι
24/12/2023 08:15;0,013;Όχι
24/12/2023 08:30;0,039;Όχι
24/12/2023 08:45;0,08;Όχι
24/12/2023 09:00;0,112;Όχι
24/12/2023 09:15;0,13;Όχι
24/12/2023 09:30;0,192;Όχι
24/12/2023 09:45;0,248;Όχι
24/12/2023 10:00;0,437;Όχι
24/12/2023 10:15;0,65;Όχι
24/12/2023 10:30;0,626;Όχι
24/12/2023 10:45;0,775;Όχι
24/12/2023 11:00;0,771;Όχι
24/12/2023 11:15;0,845;Όχι
24/12/2023 11:30;0,754;Όχι
24/12/2023 11:45;0,531;Όχι
24/12/2023 12:00;1,051;Όχι
24/12/2023 12:15;1,032;Όχι
24/12/2023 12:30;1,025;Όχι
24/12/2023 12:45;1,026;Όχι
24/12/2023 13:00;1,003;Όχι
24/12/2023 13:15;0,997;Όχι
24/12/2023 13:30;0,988;Όχι
24/12/2023 13:45;0,964;Όχι
24/12/2023 14:00;0,914;Όχι
24/12/2023 14:15;0,879;Όχι
24/12/2023 14:30;0,838;Όχι
24/12/2023 14:45;0,779;Όχι
24/12/2023 15:00;0,722;Όχι
24/12/2023 15:15;0,654;Όχι
24/12/2023 15:30;0,579;Όχι
24/12/2023 15:45;0,492;Όχι
24/12/2023 16:00;0,406;Όχι
24/12/2023 16:15;0,311;Όχι
24/12/2023 16:30;0,216;Όχι
24/12/2023 16:45;0,122;Όχι
24/12/2023 17:00;0,04;Όχι
24/12/2023 17:15;0,001;Όχι
24/12/2023 17:30;0;Όχι
24/12/2023 17:45;0;Όχι
24/12/2023 18:00;0;Όχι
24/12/2023 18:15;0;Όχι
24/12/2023 18:30;0;Όχι
24/12/2023 18:45;0;Όχι
24/12/2023 19:00;0;Όχι
24/12/2023 19:15;0;Όχι
24/12/2023 19:30;0;Όχι
24/12/2023 19:45;0;Όχι
24/12/2023 20:00;0;Όχι
24/12/2023 20:15;0;Όχι
24/12/2023 20:30;0;Όχι
24/12/2023 20:45;0;Όχι
24/12/2023 21:00;0;Όχι
24/12/2023 21:15;0;Όχι
24/12/2023 21:30;0;Όχι
24/12/2023 21:45;0;Όχι
24/12/2023 22:00;0;Όχι
24/12/2023 22:15;0;Όχι
24/12/2023 22:30;0;Όχι
24/12/2023 22:45;0;Όχι
24/12/2023 23:00;0;Όχι
24/12/2023 23:15;0;Όχι
24/12/2023 23:30;0;Όχι
24/12/2023 23:45;0;Όχι
25/12/2023 00:00;0;Όχι
25/12/2023 00:15;0;Όχι
25/12/2023 00:30;0;Όχι
25/12/2023 00:45;0;Όχι
25/12/2023 01:00;0;Όχι
25/12/2023 01:15;0;Όχι
25/12/2023 01:30;0;Όχι
25/12/2023 01:45;0;Όχι
25/12/2023 02:00;0;Όχι
25/12/2023 02:15;0;Όχι
25/12/2023 02:30;0;Όχι
25/12/2023 02:45;0;Όχι
25/12/2023 03:00;0;Όχι
25/12/2023 03:15;0;Όχι
25/12/2023 03:30;0;Όχι
25/12/2023 03:45;0;Όχι
25/12/2023 04:00;0;Όχι
25/12/2023 04:15;0;Όχι
25/12/2023 04:30;0;Όχι
25/12/2023 04:45;0;Όχι
25/12/2023 05:00;0;Όχι
25/12/2023 05:15;0;Όχι
25/12/2023 05:30;0;Όχι
25/12/2023 05:45;0;Όχι
25/12/2023 06:00;0;Όχι
25/12/2023 06:15;0;Όχι
25/12/2023 06:30;0;Όχι
25/12/2023 06:45;0;Όχι
25/12/2023 07:00;0;Όχι
25/12/2023 07:15;0;Όχι
25/12/2023 07:30;0;Όχι
25/12/2023 07:45;0;Όχι
25/12/2023 08:00;0,001;Όχι
25/12/2023 08:15;0,068;Όχι
25/12/2023 08:30;0,16;Όχι
25/12/2023 08:45;0,254;Όχι
25/12/2023 09:00;0,367;Όχι
25/12/2023 09:15;0,461;Όχι
25/12/2023 09:30;0,542;Όχι
25/12/2023 09:45;0,618;Όχι
25/12/2023 10:00;0,711;Όχι
25/12/2023 10:15;0,787;Όχι
25/12/2023 10:30;0,85;Όχι
25/12/2023 10:45;0,899;Όχι
25/12/2023 11:00;0,942;Όχι
25/12/2023 11:15;0,979;Όχι
25/12/2023 11:30;1,014;Όχι
25/12/2023 11:45;1,036;Όχι
25/12/2023 12:00;1,049;Όχι
25/12/2023 12:15;1,049;Όχι
25/12/2023 12:30;1,053;Όχι
25/12/2023 12:45;1,052;Όχι
25/12/2023 13:00;1,042;Όχι
25/12/2023 13:15;1,032;Όχι
25/12/2023 13:30;1,013;Όχι
25/12/2023 13:45;0,984;Όχι
25/12/2023 14:00;0,941;Όχι
25/12/2023 14:15;0,897;Όχι
25/12/2023 14:30;0,851;Όχι
25/12/2023 14:45;0,8;Όχι
25/12/2023 15:00;0,738;Όχι
25/12/2023 15:15;0,664;Όχι
25/12/2023 15:30;0,577;Όχι
25/12/2023 15:45;0,499;Όχι
25/12/2023 16:00;0,417;Όχι
25/12/2023 16:15;0,312;Όχι
25/12/2023 16:30;0,226;Όχι
25/12/2023 16:45;0,134;Όχι
25/12/2023 17:00;0,049;Όχι
25/12/2023 17:15;0,001;Όχι
25/12/2023 17:30;0;Όχι
25/12/2023 17:45;0;Όχι
25/12/2023 18:00;0;Όχι
25/12/2023 18:15;0;Όχι
25/12/2023 18:30;0;Όχι
25/12/2023 18:45;0;Όχι
25/12/2023 19:00;0;Όχι
25/12/2023 19:15;0;Όχι
25/12/2023 19:30;0;Όχι
25/12/2023 19:45;0;Όχι
25/12/2023 20:00;0;Όχι
25/12/2023 20:15;0;Όχι
25/12/2023 20:30;0;Όχι
25/12/2023 20:45;0;Όχι
25/12/2023 21:00;0;Όχι
25/12/2023 21:15;0;Όχι
25/12/2023 21:30;0;Όχι
25/12/2023 21:45;0;Όχι
25/12/2023 22:00;0;Όχι
25/12/2023 22:15;0;Όχι
25/12/2023 22:30;0;Όχι
25/12/2023 22:45;0;Όχι
25/12/2023 23:00;0;Όχι
25/12/2023 23:15;0;Όχι
25/12/2023 23:30;0;Όχι
25/12/2023 23:45;0;Όχι
26/12/2023 00:00;0;Όχι
26/12/2023 00:15;0;Όχι
26/12/2023 00:30;0;Όχι
26/12/2023 00:45;0;Όχι
26/12/2023 01:00;0;Όχι
26/12/2023 01:15;0;Όχι
26/12/2023 01:30;0;Όχι
26/12/2023 01:45;0;Όχι
26/12/2023 02:00;0;Όχι
26/12/2023 02:15;0;Όχι
26/12/2023 02:30;0;Όχι
26/12/2023 02:45;0;Όχι
26/12/2023 03:00;0;Όχι
26/12/2023 03:15;0;Όχι
26/12/2023 03:30;0;Όχι
26/12/2023 03:45;0;Όχι
26/12/2023 04:00;0;Όχι
26/12/2023 04:15;0;Όχι
26/12/2023 04:30;0;Όχι
26/12/2023 04:45;0;Όχι
26/12/2023 05:00;0;Όχι
26/12/2023 05:15;0;Όχι
26/12/2023 05:30;0;Όχι
26/12/2023 05:45;0;Όχι
26/12/2023 06:00;0;Όχι
26/12/2023 06:15;0;Όχι
26/12/2023 06:30;0;Όχι
26/12/2023 06:45;0;Όχι
26/12/2023 07:00;0;Όχι
26/12/2023 07:15;0;Όχι
26/12/2023 07:30;0;Όχι
26/12/2023 07:45;0;Όχι
26/12/2023 08:00;0,001;Όχι
26/12/2023 08:15;0,054;Όχι
26/12/2023 08:30;0,14;Όχι
26/12/2023 08:45;0,237;Όχι
26/12/2023 09:00;0,338;Όχι
26/12/2023 09:15;0,424;Όχι
26/12/2023 09:30;0,502;Όχι
26/12/2023 09:45;0,586;Όχι
26/12/2023 10:00;0,663;Όχι
26/12/2023 10:15;0,728;Όχι
26/12/2023 10:30;0,793;Όχι
26/12/2023 10:45;0,843;Όχι
26/12/2023 11:00;0,894;Όχι
26/12/2023 11:15;0,931;Όχι
26/12/2023 11:30;0,966;Όχι
26/12/2023 11:45;0,996;Όχι
26/12/2023 12:00;1,014;Όχι
26/12/2023 12:15;1,028;Όχι
26/12/2023 12:30;1,035;Όχι
26/12/2023 12:45;1,03;Όχι
26/12/2023 13:00;1,026;Όχι
26/12/2023 13:15;1,01;Όχι
26/12/2023 13:30;0,988;Όχι
26/12/2023 13:45;0,959;Όχι
26/12/2023 14:00;0,924;Όχι
26/12/2023 14:15;0,882;Όχι
26/12/2023 14:30;0,824;Όχι
26/12/2023 14:45;0,765;Όχι
26/12/2023 15:00;0,695;Όχι
26/12/2023 15:15;0,63;Όχι
26/12/2023 15:30;0,555;Όχι
26/12/2023 15:45;0,471;Όχι
26/12/2023 16:00;0,373;Όχι
26/12/2023 16:15;0,292;Όχι
26/12/2023 16:30;0,203;Όχι
26/12/2023 16:45;0,116;Όχι
26/12/2023 17:00;0,041;Όχι
26/12/2023 17:15;0,001;Όχι
26/12/2023 17:30;0;Όχι
26/12/2023 17:45;0;Όχι
26/12/2023 18:00;0;Όχι
26/12/2023 18:15;0;Όχι
26/12/2023 18:30;0;Όχι
26/12/2023 18:45;0;Όχι
26/12/2023 19:00;0;Όχι
26/12/2023 19:15;0;Όχι
26/12/2023 19:30;0;Όχι
26/12/2023 19:45;0;Όχι
26/12/2023 20:00;0;Όχι
26/12/2023 20:15;0;Όχι
26/12/2023 20:30;0;Όχι
26/12/2023 20:45;0;Όχι
26/12/2023 21:00;0;Όχι
26/12/2023 21:15;0;Όχι
26/12/2023 21:30;0;Όχι
26/12/2023 21:45;0;Όχι
26/12/2023 22:00;0;Όχι
26/12/2023 22:15;0;Όχι
26/12/2023 22:30;0;Όχι
26/12/2023 22:45;0;Όχι
26/12/2023 23:00;0;Όχι
26/12/2023 23:15;0;Όχι
26/12/2023 23:30;0;Όχι
26/12/2023 23:45;0;Όχι
27/12/2023 00:00;0;Όχι
27/12/2023 00:15;0;Όχι
27/12/2023 00:30;0;Όχι
27/12/2023 00:45;0;Όχι
27/12/2023 01:00;0;Όχι
27/12/2023 01:15;0;Όχι
27/12/2023 01:30;0;Όχι
27/12/2023 01:45;0;Όχι
27/12/2023 02:00;0;Όχι
27/12/2023 02:15;0;Όχι
27/12/2023 02:30;0;Όχι
27/12/2023 02:45;0;Όχι
27/12/2023 03:00;0;Όχι
27/12/2023 03:15;0;Όχι
27/12/2023 03:30;0;Όχι
27/12/2023 03:45;0;Όχι
27/12/2023 04:00;0;Όχι
27/12/2023 04:15;0;Όχι
27/12/2023 04:30;0;Όχι
27/12/2023 04:45;0;Όχι
27/12/2023 05:00;0;Όχι
27/12/2023 05:15;0;Όχι
27/12/2023 05:30;0;Όχι
27/12/2023 05:45;0;Όχι
27/12/2023 06:00;0;Όχι
27/12/2023 06:15;0;Όχι
27/12/2023 06:30;0;Όχι
27/12/2023 06:45;0;Όχι
27/12/2023 07:00;0;Όχι
27/12/2023 07:15;0;Όχι
27/12/2023 07:30;0;Όχι
27/12/2023 07:45;0;Όχι
27/12/2023 08:00;0,001;Όχι
27/12/2023 08:15;0,041;Όχι
27/12/2023 08:30;0,121;Όχι
27/12/2023 08:45;0,218;Όχι
27/12/2023 09:00;0,317;Όχι
27/12/2023 09:15;0,404;Όχι
27/12/2023 09:30;0,493;Όχι
27/12/2023 09:45;0,575;Όχι
27/12/2023 10:00;0,652;Όχι
27/12/2023 10:15;0,718;Όχι
27/12/2023 10:30;0,782;Όχι
27/12/2023 10:45;0,843;Όχι
27/12/2023 11:00;0,892;Όχι
27/12/2023 11:15;0,933;Όχι
27/12/2023 11:30;0,966;Όχι
27/12/2023 11:45;0,992;Όχι
27/12/2023 12:00;1,011;Όχι
27/12/2023 12:15;1,033;Όχι
27/12/2023 12:30;1,04;Όχι
27/12/2023 12:45;1,055;Όχι
27/12/2023 13:00;1,056;Όχι
27/12/2023 13:15;1,048;Όχι
27/12/2023 13:30;1,028;Όχι
27/12/2023 13:45;0,993;Όχι
27/12/2023 14:00;0,956;Όχι
27/12/2023 14:15;0,912;Όχι
27/12/2023 14:30;0,86;Όχι
27/12/2023 14:45;0,806;Όχι
27/12/2023 15:00;0,742;Όχι
27/12/2023 15:15;0,671;Όχι
27/12/2023 15:30;0,592;Όχι
27/12/2023 15:45;0,506;Όχι
27/12/2023 16:00;0,415;Όχι
27/12/2023 16:15;0,32;Όχι
27/12/2023 16:30;0,224;Όχι
27/12/2023 16:45;0,134;Όχι
27/12/2023 17:00;0,048;Όχι
27/12/2023 17:15;0,001;Όχι
27/12/2023 17:30;0;Όχι
27/12/2023 17:45;0;Όχι
27/12/2023 18:00;0;Όχι
27/12/2023 18:15;0;Όχι
27/12/2023 18:30;0;Όχι
27/12/2023 18:45;0;Όχι
27/12/2023 19:00;0;Όχι
27/12/2023 19:15;0;Όχι
27/12/2023 19:30;0;Όχι
27/12/2023 19:45;0;Όχι
27/12/2023 20:00;0;Όχι
27/12/2023 20:15;0;Όχι
27/12/2023 20:30;0;Όχι
27/12/2023 20:45;0;Όχι
27/12/2023 21:00;0;Όχι
27/12/2023 21:15;0;Όχι
27/12/2023 21:30;0;Όχι
27/12/2023 21:45;0;Όχι
27/12/2023 22:00;0;Όχι
27/12/2023 22:15;0;Όχι
27/12/2023 22:30;0;Όχι
27/12/2023 22:45;0;Όχι
27/12/2023 23:00;0;Όχι
27/12/2023 23:15;0;Όχι
27/12/2023 23:30;0;Όχι
27/12/2023 23:45;0;Όχι
28/12/2023 00:00;0;Όχι
28/12/2023 00:15;0;Όχι
28/12/2023 00:30;0;Όχι
28/12/2023 00:45;0;Όχι
28/12/2023 01:00;0;Όχι
28/12/2023 01:15;0;Όχι
28/12/2023 01:30;0;Όχι
28/12/2023 01:45;0;Όχι
28/12/2023 02:00;0;Όχι
28/12/2023 02:15;0;Όχι
28/12/2023 02:30;0;Όχι
28/12/2023 02:45;0;Όχι
28/12/2023 03:00;0;Όχι
28/12/2023 03:15;0;Όχι
28/12/2023 03:30;0;Όχι
28/12/2023 03:45;0;Όχι
28/12/2023 04:00;0;Όχι
28/12/2023 04:15;0;Όχι
28/12/2023 04:30;0;Όχι
28/12/2023 04:45;0;Όχι
28/12/2023 05:00;0;Όχι
28/12/2023 05:15;0;Όχι
28/12/2023 05:30;0;Όχι
28/12/2023 05:45;0;Όχι
28/12/2023 06:00;0;Όχι
28/12/2023 06:15;0;Όχι
28/12/2023 06:30;0;Όχι
28/12/2023 06:45;0;Όχι
28/12/2023 07:00;0;Όχι
28/12/2023 07:15;0;Όχι
28/12/2023 07:30;0;Όχι
28/12/2023 07:45;0;Όχι
28/12/2023 08:00;0;Όχι
28/12/2023 08:15;0,032;Όχι
28/12/2023 08:30;0,113;Όχι
28/12/2023 08:45;0,22;Όχι
28/12/2023 09:00;0,323;Όχι
28/12/2023 09:15;0,413;Όχι
28/12/2023 09:30;0,493;Όχι
28/12/2023 09:45;0,577;Όχι
28/12/2023 10:00;0,655;Όχι
28/12/2023 10:15;0,722;Όχι
28/12/2023 10:30;0,783;Όχι
28/12/2023 10:45;0,841;Όχι
28/12/2023 11:00;0,887;Όχι
28/12/2023 11:15;0,929;Όχι
28/12/2023 11:30;0,962;Όχι
28/12/2023 11:45;0,987;Όχι
28/12/2023 12:00;1,007;Όχι
28/12/2023 12:15;1,018;Όχι
28/12/2023 12:30;1,024;Όχι
28/12/2023 12:45;1,027;Όχι
28/12/2023 13:00;1,018;Όχι
28/12/2023 13:15;1,003;Όχι
28/12/2023 13:30;0,983;Όχι
28/12/2023 13:45;0,956;Όχι
28/12/2023 14:00;0,923;Όχι
28/12/2023 14:15;0,883;Όχι
28/12/2023 14:30;0,836;Όχι
28/12/2023 14:45;0,781;Όχι
28/12/2023 15:00;0,724;Όχι
28/12/2023 15:15;0,656;Όχι
28/12/2023 15:30;0,575;Όχι
28/12/2023 15:45;0,496;Όχι
28/12/2023 16:00;0,404;Όχι
28/12/2023 16:15;0,311;Όχι
28/12/2023 16:30;0,221;Όχι
28/12/2023 16:45;0,128;Όχι
28/12/2023 17:00;0,048;Όχι
28/12/2023 17:15;0,002;Όχι
28/12/2023 17:30;0;Όχι
28/12/2023 17:45;0;Όχι
28/12/2023 18:00;0;Όχι
28/12/2023 18:15;0;Όχι
28/12/2023 18:30;0;Όχι
28/12/2023 18:45;0;Όχι
28/12/2023 19:00;0;Όχι
28/12/2023 19:15;0;Όχι
28/12/2023 19:30;0;Όχι
28/12/2023 19:45;0;Όχι
28/12/2023 20:00;0;Όχι
28/12/2023 20:15;0;Όχι
28/12/2023 20:30;0;Όχι
28/12/2023 20:45;0;Όχι
28/12/2023 21:00;0;Όχι
28/12/2023 21:15;0;Όχι
28/12/2023 21:30;0;Όχι
28/12/2023 21:45;0;Όχι
28/12/2023 22:00;0;Όχι
28/12/2023 22:15;0;Όχι
28/12/2023 22:30;0;Όχι
28/12/2023 22:45;0;Όχι
28/12/2023 23:00;0;Όχι
28/12/2023 23:15;0;Όχι
28/12/2023 23:30;0;Όχι
28/12/2023 23:45;0;Όχι
29/12/2023 00:00;0;Όχι
29/12/2023 00:15;0;Όχι
29/12/2023 00:30;0;Όχι
29/12/2023 00:45;0;Όχι
29/12/2023 01:00;0;Όχι
29/12/2023 01:15;0;Όχι
29/12/2023 01:30;0;Όχι
29/12/2023 01:45;0;Όχι
29/12/2023 02:00;0;Όχι
29/12/2023 02:15;0;Όχι
29/12/2023 02:30;0;Όχι
29/12/2023 02:45;0;Όχι
29/12/2023 03:00;0;Όχι
29/12/2023 03:15;0;Όχι
29/12/2023 03:30;0;Όχι
29/12/2023 03:45;0;Όχι
29/12/2023 04:00;0;Όχι
29/12/2023 04:15;0;Όχι
29/12/2023 04:30;0;Όχι
29/12/2023 04:45;0;Όχι
29/12/2023 05:00;0;Όχι
29/12/2023 05:15;0;Όχι
29/12/2023 05:30;0;Όχι
29/12/2023 05:45;0;Όχι
29/12/2023 06:00;0;Όχι
29/12/2023 06:15;0;Όχι
29/12/2023 06:30;0;Όχι
29/12/2023 06:45;0;Όχι
29/12/2023 07:00;0;Όχι
29/12/2023 07:15;0;Όχι
29/12/2023 07:30;0;Όχι
29/12/2023 07:45;0;Όχι
29/12/2023 08:00;0;Όχι
29/12/2023 08:15;0,022;Όχι
29/12/2023 08:30;0,09;Όχι
29/12/2023 08:45;0,2;Όχι
29/12/2023 09:00;0,305;Όχι
29/12/2023 09:15;0,384;Όχι
29/12/2023 09:30;0,421;Όχι
29/12/2023 09:45;0,538;Όχι
29/12/2023 10:00;0,633;Όχι
29/12/2023 10:15;0,722;Όχι
29/12/2023 10:30;0,759;Όχι
29/12/2023 10:45;0,786;Όχι
29/12/2023 11:00;0,695;Όχι
29/12/2023 11:15;0,694;Όχι
29/12/2023 11:30;0,922;Όχι
29/12/2023 11:45;1,031;Όχι
29/12/2023 12:00;1,046;Όχι
29/12/2023 12:15;1,057;Όχι
29/12/2023 12:30;1,054;Όχι
29/12/2023 12:45;1,038;Όχι
29/12/2023 13:00;1,039;Όχι
29/12/2023 13:15;1,02;Όχι
29/12/2023 13:30;1,009;Όχι
29/12/2023 13:45;0,977;Όχι
29/12/2023 14:00;0,931;Όχι
29/12/2023 14:15;0,889;Όχι
29/12/2023 14:30;0,833;Όχι
29/12/2023 14:45;0,761;Όχι
29/12/2023 15:00;0,707;Όχι
29/12/2023 15:15;0,655;Όχι
29/12/2023 15:30;0,591;Όχι
29/12/2023 15:45;0,464;Όχι
29/12/2023 16:00;0,414;Όχι
29/12/2023 16:15;0,315;Όχι
29/12/2023 16:30;0,18;Όχι
29/12/2023 16:45;0,089;Όχι
29/12/2023 17:00;0,032;Όχι
29/12/2023 17:15;0,001;Όχι
29/12/2023 17:30;0;Όχι
29/12/2023 17:45;0;Όχι
29/12/2023 18:00;0;Όχι
29/12/2023 18:15;0;Όχι
29/12/2023 18:30;0;Όχι
29/12/2023 18:45;0;Όχι
29/12/2023 19:00;0;Όχι
29/12/2023 19:15;0;Όχι
29/12/2023 19:30;0;Όχι
29/12/2023 19:45;0;Όχι
29/12/2023 20:00;0;Όχι
29/12/2023 20:15;0;Όχι
29/12/2023 20:30;0;Όχι
29/12/2023 20:45;0;Όχι
29/12/2023 21:00;0;Όχι
29/12/2023 21:15;0;Όχι
29/12/2023 21:30;0;Όχι
29/12/2023 21:45;0;Όχι
29/12/2023 22:00;0;Όχι
29/12/2023 22:15;0;Όχι
29/12/2023 22:30;0;Όχι
29/12/2023 22:45;0;Όχι
29/12/2023 23:00;0;Όχι
29/12/2023 23:15;0;Όχι
29/12/2023 23:30;0;Όχι
29/12/2023 23:45;0;Όχι
30/12/2023 00:00;0;Όχι
30/12/2023 00:15;0;Όχι
30/12/2023 00:30;0;Όχι
30/12/2023 00:45;0;Όχι
30/12/2023 01:00;0;Όχι
30/12/2023 01:15;0;Όχι
30/12/2023 01:30;0;Όχι
30/12/2023 01:45;0;Όχι
30/12/2023 02:00;0;Όχι
30/12/2023 02:15;0;Όχι
30/12/2023 02:30;0;Όχι
30/12/2023 02:45;0;Όχι
30/12/2023 03:00;0;Όχι
30/12/2023 03:15;0;Όχι
30/12/2023 03:30;0;Όχι
30/12/2023 03:45;0;Όχι
30/12/2023 04:00;0;Όχι
30/12/2023 04:15;0;Όχι
30/12/2023 04:30;0;Όχι
30/12/2023 04:45;0;Όχι
30/12/2023 05:00;0;Όχι
30/12/2023 05:15;0;Όχι
30/12/2023 05:30;0;Όχι
30/12/2023 05:45;0;Όχι
30/12/2023 06:00;0;Όχι
30/12/2023 06:15;0;Όχι
30/12/2023 06:30;0;Όχι
30/12/2023 06:45;0;Όχι
30/12/2023 07:00;0;Όχι
30/12/2023 07:15;0;Όχι
30/12/2023 07:30;0;Όχι
30/12/2023 07:45;0;Όχι
30/12/2023 08:00;0,001;Όχι
30/12/2023 08:15;0,024;Όχι
30/12/2023 08:30;0,075;Όχι
30/12/2023 08:45;0,187;Όχι
30/12/2023 09:00;0,301;Όχι
30/12/2023 09:15;0,408;Όχι
30/12/2023 09:30;0,483;Όχι
30/12/2023 09:45;0,511;Όχι
30/12/2023 10:00;0,659;Όχι
30/12/2023 10:15;0,749;Όχι
30/12/2023 10:30;0,819;Όχι
30/12/2023 10:45;0,766;Όχι
30/12/2023 11:00;0,73;Όχι
30/12/2023 11:15;0,728;Όχι
30/12/2023 11:30;0,776;Όχι
30/12/2023 11:45;0,811;Όχι
30/12/2023 12:00;0,832;Όχι
30/12/2023 12:15;0,92;Όχι
30/12/2023 12:30;0,863;Όχι
30/12/2023 12:45;0,951;Όχι
30/12/2023 13:00;0,939;Όχι
30/12/2023 13:15;0,913;Όχι
30/12/2023 13:30;0,966;Όχι
30/12/2023 13:45;0,815;Όχι
30/12/2023 14:00;0,589;Όχι
30/12/2023 14:15;0,485;Όχι
30/12/2023 14:30;0,408;Όχι
30/12/2023 14:45;0,336;Όχι
30/12/2023 15:00;0,303;Όχι
30/12/2023 15:15;0,277;Όχι
30/12/2023 15:30;0,207;Όχι
30/12/2023 15:45;0,146;Όχι
30/12/2023 16:00;0,113;Όχι
30/12/2023 16:15;0,086;Όχι
30/12/2023 16:30;0,121;Όχι
30/12/2023 16:45;0,146;Όχι
30/12/2023 17:00;0,067;Όχι
30/12/2023 17:15;0,004;Όχι
30/12/2023 17:30;0;Όχι
30/12/2023 17:45;0;Όχι
30/12/2023 18:00;0;Όχι
30/12/2023 18:15;0;Όχι
30/12/2023 18:30;0;Όχι
30/12/2023 18:45;0;Όχι
30/12/2023 19:00;0;Όχι
30/12/2023 19:15;0;Όχι
30/12/2023 19:30;0;Όχι
30/12/2023 19:45;0;Όχι
30/12/2023 20:00;0;Όχι
30/12/2023 20:15;0;Όχι
30/12/2023 20:30;0;Όχι
30/12/2023 20:45;0;Όχι
30/12/2023 21:00;0;Όχι
30/12/2023 21:15;0;Όχι
30/12/2023 21:30;0;Όχι
30/12/2023 21:45;0;Όχι
30/12/2023 22:00;0;Όχι
30/12/2023 22:15;0;Όχι
30/12/2023 22:30;0;Όχι
30/12/2023 22:45;0;Όχι
30/12/2023 23:00;0;Όχι
30/12/2023 23:15;0;Όχι
30/12/2023 23:30;0;Όχι
30/12/2023 23:45;0;Όχι
31/12/2023 00:00;0;Όχι
31/12/2023 00:15;0;Όχι
31/12/2023 00:30;0;Όχι
31/12/2023 00:45;0;Όχι
31/12/2023 01:00;0;Όχι
31/12/2023 01:15;0;Όχι
31/12/2023 01:30;0;Όχι
31/12/2023 01:45;0;Όχι
31/12/2023 02:00;0;Όχι
31/12/2023 02:15;0;Όχι
31/12/2023 02:30;0;Όχι
31/12/2023 02:45;0;Όχι
31/12/2023 03:00;0;Όχι
31/12/2023 03:15;0;Όχι
31/12/2023 03:30;0;Όχι
31/12/2023 03:45;0;Όχι
31/12/2023 04:00;0;Όχι
31/12/2023 04:15;0;Όχι
31/12/2023 04:30;0;Όχι
31/12/2023 04:45;0;Όχι
31/12/2023 05:00;0;Όχι
31/12/2023 05:15;0;Όχι
31/12/2023 05:30;0;Όχι
31/12/2023 05:45;0;Όχι
31/12/2023 06:00;0;Όχι
31/12/2023 06:15;0;Όχι
31/12/2023 06:30;0;Όχι
31/12/2023 06:45;0;Όχι
31/12/2023 07:00;0;Όχι
31/12/2023 07:15;0;Όχι
31/12/2023 07:30;0;Όχι
31/12/2023 07:45;0;Όχι
31/12/2023 08:00;0;Όχι
31/12/2023 08:15;0,003;Όχι
31/12/2023 08:30;0,013;Όχι
31/12/2023 08:45;0,03;Όχι
31/12/2023 09:00;0,049;Όχι
31/12/2023 09:15;0,062;Όχι
31/12/2023 09:30;0,111;Όχι
31/12/2023 09:45;0,193;Όχι
31/12/2023 10:00;0,266;Όχι
31/12/2023 10:15;0,249;Όχι
31/12/2023 10:30;0,35;Όχι
31/12/2023 10:45;0,614;Όχι
31/12/2023 11:00;1,056;Όχι
31/12/2023 11:15;0,833;Όχι
31/12/2023 11:30;0,71;Όχι
31/12/2023 11:45;0,41;Όχι
31/12/2023 12:00;0,646;Όχι
31/12/2023 12:15;0,837;Όχι
31/12/2023 12:30;0,8;Όχι
31/12/2023 12:45;0,761;Όχι
31/12/2023 13:00;0,935;Όχι
31/12/2023 13:15;0,462;Όχι
31/12/2023 13:30;0,684;Όχι
31/12/2023 13:45;0,536;Όχι
31/12/2023 14:00;0,467;Όχι
31/12/2023 14:15;0,317;Όχι
31/12/2023 14:30;0,318;Όχι
31/12/2023 14:45;0,455;Όχι
31/12/2023 15:00;0,382;Όχι
31/12/2023 15:15;0,209;Όχι
31/12/2023 15:30;0,18;Όχι
31/12/2023 15:45;0,152;Όχι
31/12/2023 16:00;0,13;Όχι
31/12/2023 16:15;0,138;Όχι
31/12/2023 16:30;0,093;Όχι
31/12/2023 16:45;0,031;Όχι
31/12/2023 17:00;0,006;Όχι
31/12/2023 17:15;0,001;Όχι
31/12/2023 17:30;0;Όχι
31/12/2023 17:45;0;Όχι
31/12/2023 18:00;0;Όχι
31/12/2023 18:15;0;Όχι
31/12/2023 18:30;0;Όχι
31/12/2023 18:45;0;Όχι
31/12/2023 19:00;0;Όχι
31/12/2023 19:15;0;Όχι
31/12/2023 19:30;0;Όχι
31/12/2023 19:45;0;Όχι
31/12/2023 20:00;0;Όχι
31/12/2023 20:15;0;Όχι
31/12/2023 20:30;0;Όχι
31/12/2023 20:45;0;Όχι
31/12/2023 21:00;0;Όχι
31/12/2023 21:15;0;Όχι
31/12/2023 21:30;0;Όχι
31/12/2023 21:45;0;Όχι
31/12/2023 22:00;0;Όχι
31/12/2023 22:15;0;Όχι
31/12/2023 22:30;0;Όχι
31/12/2023 22:45;0;Όχι
31/12/2023 23:00;0;Όχι
31/12/2023 23:15;0;Όχι
31/12/2023 23:30;0;Όχι
31/12/2023 23:45;0;Όχι
01/01/2024 00:00;0;Όχι
01/01/2024 00:15;0;Όχι
01/01/2024 00:30;0;Όχι
01/01/2024 00:45;0;Όχι
01/01/2024 01:00;0;Όχι
01/01/2024 01:15;0;Όχι
01/01/2024 01:30;0;Όχι
01/01/2024 01:45;0;Όχι
01/01/2024 02:00;0;Όχι
01/01/2024 02:15;0;Όχι
01/01/2024 02:30;0;Όχι
01/01/2024 02:45;0;Όχι
01/01/2024 03:00;0;Όχι
01/01/2024 03:15;0;Όχι
01/01/2024 03:30;0;Όχι
01/01/2024 03:45;0;Όχι
01/01/2024 04:00;0;Όχι
01/01/2024 04:15;0;Όχι
01/01/2024 04:30;0;Όχι
01/01/2024 04:45;0;Όχι
01/01/2024 05:00;0;Όχι
01/01/2024 05:15;0;Όχι
01/01/2024 05:30;0;Όχι
01/01/2024 05:45;0;Όχι
01/01/2024 06:00;0;Όχι
01/01/2024 06:15;0;Όχι
01/01/2024 06:30;0;Όχι
01/01/2024 06:45;0;Όχι
01/01/2024 07:00;0;Όχι
01/01/2024 07:15;0;Όχι
01/01/2024 07:30;0;Όχι
01/01/2024 07:45;0;Όχι
01/01/2024 08:00;0;Όχι
01/01/2024 08:15;0,005;Όχι
01/01/2024 08:30;0,021;Όχι
01/01/2024 08:45;0,034;Όχι
01/01/2024 09:00;0,08;Όχι
01/01/2024 09:15;0,324;Όχι
01/01/2024 09:30;0,429;Όχι
01/01/2024 09:45;0,49;Όχι
01/01/2024 10:00;0,567;Όχι
01/01/2024 10:15;0,662;Όχι
01/01/2024 10:30;0,764;Όχι
01/01/2024 10:45;0,851;Όχι
01/01/2024 11:00;0,682;Όχι
01/01/2024 11:15;0,662;Όχι
01/01/2024 11:30;0,745;Όχι
01/01/2024 11:45;0,708;Όχι
01/01/2024 12:00;0,681;Όχι
01/01/2024 12:15;0,532;Όχι
01/01/2024 12:30;0,651;Όχι
01/01/2024 12:45;0,539;Όχι
01/01/2024 13:00;0,445;Όχι
01/01/2024 13:15;0,63;Όχι
01/01/2024 13:30;0,508;Όχι
01/01/2024 13:45;0,87;Όχι
01/01/2024 14:00;0,764;Όχι
01/01/2024 14:15;0,817;Όχι
01/01/2024 14:30;0,858;Όχι
01/01/2024 14:45;0,753;Όχι
01/01/2024 15:00;0,705;Όχι
01/01/2024 15:15;0,609;Όχι
01/01/2024 15:30;0,571;Όχι
01/01/2024 15:45;0,483;Όχι
01/01/2024 16:00;0,39;Όχι
01/01/2024 16:15;0,295;Όχι
01/01/2024 16:30;0,123;Όχι
01/01/2024 16:45;0,024;Όχι
01/01/2024 17:00;0,008;Όχι
01/01/2024 17:15;0,001;Όχι
01/01/2024 17:30;0;Όχι
01/01/2024 17:45;0;Όχι
01/01/2024 18:00;0;Όχι
01/01/2024 18:15;0;Όχι
01/01/2024 18:30;0;Όχι
01/01/2024 18:45;0;Όχι
01/01/2024 19:00;0;Όχι
01/01/2024 19:15;0;Όχι
01/01/2024 19:30;0;Όχι
01/01/2024 19:45;0;Όχι
01/01/2024 20:00;0;Όχι
01/01/2024 20:15;0;Όχι
01/01/2024 20:30;0;Όχι
01/01/2024 20:45;0;Όχι
01/01/2024 21:00;0;Όχι
01/01/2024 21:15;0;Όχι
01/01/2024 21:30;0;Όχι
01/01/2024 21:45;0;Όχι
01/01/2024 22:00;0;Όχι
01/01/2024 22:15;0;Όχι
01/01/2024 22:30;0;Όχι
01/01/2024 22:45;0;Όχι
01/01/2024 23:00;0;Όχι
01/01/2024 23:15;0;Όχι
01/01/2024 23:30;0;Όχι
01/01/2024 23:45;0;Όχι
02/01/2024 00:00;0;Όχι
02/01/2024 00:15;0;Όχι
02/01/2024 00:30;0;Όχι
02/01/2024 00:45;0;Όχι
02/01/2024 01:00;0;Όχι
02/01/2024 01:15;0;Όχι
02/01/2024 01:30;0;Όχι
02/01/2024 01:45;0;Όχι
02/01/2024 02:00;0;Όχι
02/01/2024 02:15;0;Όχι
02/01/2024 02:30;0;Όχι
02/01/2024 02:45;0;Όχι
02/01/2024 03:00;0;Όχι
02/01/2024 03:15;0;Όχι
02/01/2024 03:30;0;Όχι
02/01/2024 03:45;0;Όχι
02/01/2024 04:00;0;Όχι
02/01/2024 04:15;0;Όχι
02/01/2024 04:30;0;Όχι
02/01/2024 04:45;0;Όχι
02/01/2024 05:00;0;Όχι
02/01/2024 05:15;0;Όχι
02/01/2024 05:30;0;Όχι
02/01/2024 05:45;0;Όχι
02/01/2024 06:00;0;Όχι
02/01/2024 06:15;0;Όχι
02/01/2024 06:30;0;Όχι
02/01/2024 06:45;0;Όχι
02/01/2024 07:00;0;Όχι
02/01/2024 07:15;0;Όχι
02/01/2024 07:30;0;Όχι
02/01/2024 07:45;0;Όχι
02/01/2024 08:00;0;Όχι
02/01/2024 08:15;0;Όχι
02/01/2024 08:30;0;Όχι
02/01/2024 08:45;0,013;Όχι
02/01/2024 09:00;0,035;Όχι
02/01/2024 09:15;0,053;Όχι
02/01/2024 09:30;0,052;Όχι
02/01/2024 09:45;0,083;Όχι
02/01/2024 10:00;0,171;Όχι
02/01/2024 10:15;0,189;Όχι
02/01/2024 10:30;0,199;Όχι
02/01/2024 10:45;0,211;Όχι
02/01/2024 11:00;0,196;Όχι
02/01/2024 11:15;0,154;Όχι
02/01/2024 11:30;0,108;Όχι
02/01/2024 11:45;0,174;Όχι
02/01/2024 12:00;0,272;Όχι
02/01/2024 12:15;0,218;Όχι
02/01/2024 12:30;0,29;Όχι
02/01/2024 12:45;0,958;Όχι
02/01/2024 13:00;1,004;Όχι
02/01/2024 13:15;1,025;Όχι
02/01/2024 13:30;0,971;Όχι
02/01/2024 13:45;0,936;Όχι
02/01/2024 14:00;0,893;Όχι
02/01/2024 14:15;0,871;Όχι
02/01/2024 14:30;0,825;Όχι
02/01/2024 14:45;0,773;Όχι
02/01/2024 15:00;0,709;Όχι
02/01/2024 15:15;0,647;Όχι
02/01/2024 15:30;0,587;Όχι
02/01/2024 15:45;0,502;Όχι
02/01/2024 16:00;0,41;Όχι
02/01/2024 16:15;0,334;Όχι
02/01/2024 16:30;0,242;Όχι
02/01/2024 16:45;0,13;Όχι
02/01/2024 17:00;0,042;Όχι
02/01/2024 17:15;0,001;Όχι
02/01/2024 17:30;0;Όχι
02/01/2024 17:45;0;Όχι
02/01/2024 18:00;0;Όχι
02/01/2024 18:15;0;Όχι
02/01/2024 18:30;0;Όχι
02/01/2024 18:45;0;Όχι
02/01/2024 19:00;0;Όχι
02/01/2024 19:15;0;Όχι
02/01/2024 19:30;0;Όχι
02/01/2024 19:45;0;Όχι
02/01/2024 20:00;0;Όχι
02/01/2024 20:15;0;Όχι
02/01/2024 20:30;0;Όχι
02/01/2024 20:45;0;Όχι
02/01/2024 21:00;0;Όχι
02/01/2024 21:15;0;Όχι
02/01/2024 21:30;0;Όχι
02/01/2024 21:45;0;Όχι
02/01/2024 22:00;0;Όχι
02/01/2024 22:15;0;Όχι
02/01/2024 22:30;0;Όχι
02/01/2024 22:45;0;Όχι
02/01/2024 23:00;0;Όχι
02/01/2024 23:15;0;Όχι
02/01/2024 23:30;0;Όχι
02/01/2024 23:45;0;Όχι
03/01/2024 00:00;0;Όχι
03/01/2024 00:15;0;Όχι
03/01/2024 00:30;0;Όχι
03/01/2024 00:45;0;Όχι
03/01/2024 01:00;0;Όχι
03/01/2024 01:15;0;Όχι
03/01/2024 01:30;0;Όχι
03/01/2024 01:45;0;Όχι
03/01/2024 02:00;0;Όχι
03/01/2024 02:15;0;Όχι
03/01/2024 02:30;0;Όχι
03/01/2024 02:45;0;Όχι
03/01/2024 03:00;0;Όχι
03/01/2024 03:15;0;Όχι
03/01/2024 03:30;0;Όχι
03/01/2024 03:45;0;Όχι
03/01/2024 04:00;0;Όχι
03/01/2024 04:15;0;Όχι
03/01/2024 04:30;0;Όχι
03/01/2024 04:45;0;Όχι
03/01/2024 05:00;0;Όχι
03/01/2024 05:15;0;Όχι
03/01/2024 05:30;0;Όχι
03/01/2024 05:45;0;Όχι
03/01/2024 06:00;0;Όχι
03/01/2024 06:15;0;Όχι
03/01/2024 06:30;0;Όχι
03/01/2024 06:45;0;Όχι
03/01/2024 07:00;0;Όχι
03/01/2024 07:15;0;Όχι
03/01/2024 07:30;0;Όχι
03/01/2024 07:45;0;Όχι
03/01/2024 08:00;0,002;Όχι
03/01/2024 08:15;0,005;Όχι
03/01/2024 08:30;0,026;Όχι
03/01/2024 08:45;0,058;Όχι
03/01/2024 09:00;0,113;Όχι
03/01/2024 09:15;0,177;Όχι
03/01/2024 09:30;0,2;Όχι
03/01/2024 09:45;0,288;Όχι
03/01/2024 10:00;0,785;Όχι
03/01/2024 10:15;0,471;Όχι
03/01/2024 10:30;0,117;Όχι
03/01/2024 10:45;0,109;Όχι
03/01/2024 11:00;0,066;Όχι
03/01/2024 11:15;0,066;Όχι
03/01/2024 11:30;0,064;Όχι
03/01/2024 11:45;0,08;Όχι
03/01/2024 12:00;0,131;Όχι
03/01/2024 12:15;0,125;Όχι
03/01/2024 12:30;0,076;Όχι
03/01/2024 12:45;0,107;Όχι
03/01/2024 13:00;0,247;Όχι
03/01/2024 13:15;0,189;Όχι
03/01/2024 13:30;0,108;Όχι
03/01/2024 13:45;0,11;Όχι
03/01/2024 14:00;0,089;Όχι
03/01/2024 14:15;0,075;Όχι
03/01/2024 14:30;0,098;Όχι
03/01/2024 14:45;0,093;Όχι
03/01/2024 15:00;0,128;Όχι
03/01/2024 15:15;0,135;Όχι
03/01/2024 15:30;0,141;Όχι
03/01/2024 15:45;0,165;Όχι
03/01/2024 16:00;0,16;Όχι
03/01/2024 16:15;0,07;Όχι
03/01/2024 16:30;0,046;Όχι
03/01/2024 16:45;0,047;Όχι
03/01/2024 17:00;0,019;Όχι
03/01/2024 17:15;0,001;Όχι
03/01/2024 17:30;0;Όχι
03/01/2024 17:45;0;Όχι
03/01/2024 18:00;0;Όχι
03/01/2024 18:15;0;Όχι
03/01/2024 18:30;0;Όχι
03/01/2024 18:45;0;Όχι
03/01/2024 19:00;0;Όχι
03/01/2024 19:15;0;Όχι
03/01/2024 19:30;0;Όχι
03/01/2024 19:45;0;Όχι
03/01/2024 20:00;0;Όχι
03/01/2024 20:15;0;Όχι
03/01/2024 20:30;0;Όχι
03/01/2024 20:45;0;Όχι
03/01/2024 21:00;0;Όχι
03/01/2024 21:15;0;Όχι
03/01/2024 21:30;0;Όχι
03/01/2024 21:45;0;Όχι
03/01/2024 22:00;0;Όχι
03/01/2024 22:15;0;Όχι
03/01/2024 22:30;0;Όχι
03/01/2024 22:45;0;Όχι
03/01/2024 23:00;0;Όχι
03/01/2024 23:15;0;Όχι
03/01/2024 23:30;0;Όχι
03/01/2024 23:45;0;Όχι
04/01/2024 00:00;0;Όχι
04/01/2024 00:15;0;Όχι
04/01/2024 00:30;0;Όχι
04/01/2024 00:45;0;Όχι
04/01/2024 01:00;0;Όχι
04/01/2024 01:15;0;Όχι
04/01/2024 01:30;0;Όχι
04/01/2024 01:45;0;Όχι
04/01/2024 02:00;0;Όχι
04/01/2024 02:15;0;Όχι
04/01/2024 02:30;0;Όχι
04/01/2024 02:45;0;Όχι
04/01/2024 03:00;0;Όχι
04/01/2024 03:15;0;Όχι
04/01/2024 03:30;0;Όχι
04/01/2024 03:45;0;Όχι
04/01/2024 04:00;0;Όχι
04/01/2024 04:15;0;Όχι
04/01/2024 04:30;0;Όχι
04/01/2024 04:45;0;Όχι
04/01/2024 05:00;0;Όχι
04/01/2024 05:15;0;Όχι
04/01/2024 05:30;0;Όχι
04/01/2024 05:45;0;Όχι
04/01/2024 06:00;0;Όχι
04/01/2024 06:15;0;Όχι
04/01/2024 06:30;0;Όχι
04/01/2024 06:45;0;Όχι
04/01/2024 07:00;0;Όχι
04/01/2024 07:15;0;Όχι
04/01/2024 07:30;0;Όχι
04/01/2024 07:45;0;Όχι
04/01/2024 08:00;0,001;Όχι
04/01/2024 08:15;0,011;Όχι
04/01/2024 08:30;0,07;Όχι
04/01/2024 08:45;0,111;Όχι
04/01/2024 09:00;0,117;Όχι
04/01/2024 09:15;0,311;Όχι
04/01/2024 09:30;0,483;Όχι
04/01/2024 09:45;0,596;Όχι
04/01/2024 10:00;0,682;Όχι
04/01/2024 10:15;0,745;Όχι
04/01/2024 10:30;0,822;Όχι
04/01/2024 10:45;0,866;Όχι
04/01/2024 11:00;0,912;Όχι
04/01/2024 11:15;0,92;Όχι
04/01/2024 11:30;0,972;Όχι
04/01/2024 11:45;1;Όχι
04/01/2024 12:00;1,016;Όχι
04/01/2024 12:15;1,066;Όχι
04/01/2024 12:30;1,096;Όχι
04/01/2024 12:45;0,78;Όχι
04/01/2024 13:00;0,388;Όχι
04/01/2024 13:15;0,498;Όχι
04/01/2024 13:30;0,842;Όχι
04/01/2024 13:45;1,045;Όχι
04/01/2024 14:00;1,085;Όχι
04/01/2024 14:15;0,863;Όχι
04/01/2024 14:30;0,882;Όχι
04/01/2024 14:45;0,832;Όχι
04/01/2024 15:00;0,817;Όχι
04/01/2024 15:15;0,758;Όχι
04/01/2024 15:30;0,4;Όχι
04/01/2024 15:45;0,445;Όχι
04/01/2024 16:00;0,425;Όχι
04/01/2024 16:15;0,11;Όχι
04/01/2024 16:30;0,244;Όχι
04/01/2024 16:45;0,091;Όχι
04/01/2024 17:00;0,034;Όχι
04/01/2024 17:15;0,003;Όχι
04/01/2024 17:30;0;Όχι
04/01/2024 17:45;0;Όχι
04/01/2024 18:00;0;Όχι
04/01/2024 18:15;0;Όχι
04/01/2024 18:30;0;Όχι
04/01/2024 18:45;0;Όχι
04/01/2024 19:00;0;Όχι
04/01/2024 19:15;0;Όχι
04/01/2024 19:30;0;Όχι
04/01/2024 19:45;0;Όχι
04/01/2024 20:00;0;Όχι
04/01/2024 20:15;0;Όχι
04/01/2024 20:30;0;Όχι
04/01/2024 20:45;0;Όχι
04/01/2024 21:00;0;Όχι
04/01/2024 21:15;0;Όχι
04/01/2024 21:30;0;Όχι
04/01/2024 21:45;0;Όχι
04/01/2024 22:00;0;Όχι
04/01/2024 22:15;0;Όχι
04/01/2024 22:30;0;Όχι
04/01/2024 22:45;0;Όχι
04/01/2024 23:00;0;Όχι
04/01/2024 23:15;0;Όχι
04/01/2024 23:30;0;Όχι
04/01/2024 23:45;0;Όχι
05/01/2024 00:00;0;Όχι
05/01/2024 00:15;0;Όχι
05/01/2024 00:30;0;Όχι
05/01/2024 00:45;0;Όχι
05/01/2024 01:00;0;Όχι
05/01/2024 01:15;0;Όχι
05/01/2024 01:30;0;Όχι
05/01/2024 01:45;0;Όχι
05/01/2024 02:00;0;Όχι
05/01/2024 02:15;0;Όχι
05/01/2024 02:30;0;Όχι
05/01/2024 02:45;0;Όχι
05/01/2024 03:00;0;Όχι
05/01/2024 03:15;0;Όχι
05/01/2024 03:30;0;Όχι
05/01/2024 03:45;0;Όχι
05/01/2024 04:00;0;Όχι
05/01/2024 04:15;0;Όχι
05/01/2024 04:30;0;Όχι
05/01/2024 04:45;0;Όχι
05/01/2024 05:00;0;Όχι
05/01/2024 05:15;0;Όχι
05/01/2024 05:30;0;Όχι
05/01/2024 05:45;0;Όχι
05/01/2024 06:00;0;Όχι
05/01/2024 06:15;0;Όχι
05/01/2024 06:30;0;Όχι
05/01/2024 06:45;0;Όχι
05/01/2024 07:00;0;Όχι
05/01/2024 07:15;0;Όχι
05/01/2024 07:30;0;Όχι
05/01/2024 07:45;0;Όχι
05/01/2024 08:00;0,001;Όχι
05/01/2024 08:15;0,077;Όχι
05/01/2024 08:30;0,147;Όχι
05/01/2024 08:45;0,288;Όχι
05/01/2024 09:00;0,248;Όχι
05/01/2024 09:15;0,238;Όχι
05/01/2024 09:30;0,44;Όχι
05/01/2024 09:45;0,562;Όχι
05/01/2024 10:00;0,662;Όχι
05/01/2024 10:15;0,437;Όχι
05/01/2024 10:30;0,564;Όχι
05/01/2024 10:45;0,906;Όχι
05/01/2024 11:00;0,985;Όχι
05/01/2024 11:15;0,912;Όχι
05/01/2024 11:30;0,942;Όχι
05/01/2024 11:45;0,8;Όχι
05/01/2024 12:00;1,056;Όχι
05/01/2024 12:15;0,847;Όχι
05/01/2024 12:30;0,868;Όχι
05/01/2024 12:45;0,724;Όχι
05/01/2024 13:00;0,884;Όχι
05/01/2024 13:15;0,737;Όχι
05/01/2024 13:30;0,811;Όχι
05/01/2024 13:45;0,962;Όχι
05/01/2024 14:00;0,944;Όχι
05/01/2024 14:15;0,829;Όχι
05/01/2024 14:30;0,696;Όχι
05/01/2024 14:45;0,464;Όχι
05/01/2024 15:00;0,349;Όχι
05/01/2024 15:15;0,199;Όχι
05/01/2024 15:30;0,182;Όχι
05/01/2024 15:45;0,133;Όχι
05/01/2024 16:00;0,083;Όχι
05/01/2024 16:15;0,09;Όχι
05/01/2024 16:30;0,072;Όχι
05/01/2024 16:45;0,084;Όχι
05/01/2024 17:00;0,026;Όχι
05/01/2024 17:15;0,002;Όχι
05/01/2024 17:30;0;Όχι
05/01/2024 17:45;0;Όχι
05/01/2024 18:00;0;Όχι
05/01/2024 18:15;0;Όχι
05/01/2024 18:30;0;Όχι
05/01/2024 18:45;0;Όχι
05/01/2024 19:00;0;Όχι
05/01/2024 19:15;0;Όχι
05/01/2024 19:30;0;Όχι
05/01/2024 19:45;0;Όχι
05/01/2024 20:00;0;Όχι
05/01/2024 20:15;0;Όχι
05/01/2024 20:30;0;Όχι
05/01/2024 20:45;0;Όχι
05/01/2024 21:00;0;Όχι
05/01/2024 21:15;0;Όχι
05/01/2024 21:30;0;Όχι
05/01/2024 21:45;0;Όχι
05/01/2024 22:00;0;Όχι
05/01/2024 22:15;0;Όχι
05/01/2024 22:30;0;Όχι
05/01/2024 22:45;0;Όχι
05/01/2024 23:00;0;Όχι
05/01/2024 23:15;0;Όχι
05/01/2024 23:30;0;Όχι
05/01/2024 23:45;0;Όχι
06/01/2024 00:00;0;Όχι
06/01/2024 00:15;0;Όχι
06/01/2024 00:30;0;Όχι
06/01/2024 00:45;0;Όχι
06/01/2024 01:00;0;Όχι
06/01/2024 01:15;0;Όχι
06/01/2024 01:30;0;Όχι
06/01/2024 01:45;0;Όχι
06/01/2024 02:00;0;Όχι
06/01/2024 02:15;0;Όχι
06/01/2024 02:30;0;Όχι
06/01/2024 02:45;0;Όχι
06/01/2024 03:00;0;Όχι
06/01/2024 03:15;0;Όχι
06/01/2024 03:30;0;Όχι
06/01/2024 03:45;0;Όχι
06/01/2024 04:00;0;Όχι
06/01/2024 04:15;0;Όχι
06/01/2024 04:30;0;Όχι
06/01/2024 04:45;0;Όχι
06/01/2024 05:00;0;Όχι
06/01/2024 05:15;0;Όχι
06/01/2024 05:30;0;Όχι
06/01/2024 05:45;0;Όχι
06/01/2024 06:00;0;Όχι
06/01/2024 06:15;0;Όχι
06/01/2024 06:30;0;Όχι
06/01/2024 06:45;0;Όχι
06/01/2024 07:00;0;Όχι
06/01/2024 07:15;0;Όχι
06/01/2024 07:30;0;Όχι
06/01/2024 07:45;0;Όχι
06/01/2024 08:00;0;Όχι
06/01/2024 08:15;0;Όχι
06/01/2024 08:30;0,005;Όχι
06/01/2024 08:45;0,027;Όχι
06/01/2024 09:00;0,054;Όχι
06/01/2024 09:15;0,066;Όχι
06/01/2024 09:30;0,09;Όχι
06/01/2024 09:45;0,076;Όχι
06/01/2024 10:00;0,1;Όχι
06/01/2024 10:15;0,144;Όχι
06/01/2024 10:30;0,245;Όχι
06/01/2024 10:45;0,375;Όχι
06/01/2024 11:00;0,433;Όχι
06/01/2024 11:15;0,284;Όχι
06/01/2024 11:30;0,205;Όχι
06/01/2024 11:45;0,212;Όχι
06/01/2024 12:00;0,166;Όχι
06/01/2024 12:15;0,22;Όχι
06/01/2024 12:30;0,209;Όχι
06/01/2024 12:45;0,184;Όχι
06/01/2024 13:00;0,255;Όχι
06/01/2024 13:15;0,29;Όχι
06/01/2024 13:30;0,235;Όχι
06/01/2024 13:45;0,217;Όχι
06/01/2024 14:00;0,188;Όχι
06/01/2024 14:15;0,184;Όχι
06/01/2024 14:30;0,216;Όχι
06/01/2024 14:45;0,268;Όχι
06/01/2024 15:00;0,379;Όχι
06/01/2024 15:15;0,225;Όχι
06/01/2024 15:30;0,303;Όχι
06/01/2024 15:45;0,163;Όχι
06/01/2024 16:00;0,187;Όχι
06/01/2024 16:15;0,119;Όχι
06/01/2024 16:30;0,108;Όχι
06/01/2024 16:45;0,032;Όχι
06/01/2024 17:00;0,029;Όχι
06/01/2024 17:15;0,001;Όχι
06/01/2024 17:30;0;Όχι
06/01/2024 17:45;0;Όχι
06/01/2024 18:00;0;Όχι
06/01/2024 18:15;0;Όχι
06/01/2024 18:30;0;Όχι
06/01/2024 18:45;0;Όχι
06/01/2024 19:00;0;Όχι
06/01/2024 19:15;0;Όχι
06/01/2024 19:30;0;Όχι
06/01/2024 19:45;0;Όχι
06/01/2024 20:00;0;Όχι
06/01/2024 20:15;0;Όχι
06/01/2024 20:30;0;Όχι
06/01/2024 20:45;0;Όχι
06/01/2024 21:00;0;Όχι
06/01/2024 21:15;0;Όχι
06/01/2024 21:30;0;Όχι
06/01/2024 21:45;0;Όχι
06/01/2024 22:00;0;Όχι
06/01/2024 22:15;0;Όχι
06/01/2024 22:30;0;Όχι
06/01/2024 22:45;0;Όχι
06/01/2024 23:00;0;Όχι
06/01/2024 23:15;0;Όχι
06/01/2024 23:30;0;Όχι
06/01/2024 23:45;0;Όχι
07/01/2024 00:00;0;Όχι
07/01/2024 00:15;0;Όχι
07/01/2024 00:30;0;Όχι
07/01/2024 00:45;0;Όχι
07/01/2024 01:00;0;Όχι
07/01/2024 01:15;0;Όχι
07/01/2024 01:30;0;Όχι
07/01/2024 01:45;0;Όχι
07/01/2024 02:00;0;Όχι
07/01/2024 02:15;0;Όχι
07/01/2024 02:30;0;Όχι
07/01/2024 02:45;0;Όχι
07/01/2024 03:00;0;Όχι
07/01/2024 03:15;0;Όχι
07/01/2024 03:30;0;Όχι
07/01/2024 03:45;0;Όχι
07/01/2024 04:00;0;Όχι
07/01/2024 04:15;0;Όχι
07/01/2024 04:30;0;Όχι
07/01/2024 04:45;0;Όχι
07/01/2024 05:00;0;Όχι
07/01/2024 05:15;0;Όχι
07/01/2024 05:30;0;Όχι
07/01/2024 05:45;0;Όχι
07/01/2024 06:00;0;Όχι
07/01/2024 06:15;0;Όχι
07/01/2024 06:30;0;Όχι
07/01/2024 06:45;0;Όχι
07/01/2024 07:00;0;Όχι
07/01/2024 07:15;0;Όχι
07/01/2024 07:30;0;Όχι
07/01/2024 07:45;0;Όχι
07/01/2024 08:00;0;Όχι
07/01/2024 08:15;0;Όχι
07/01/2024 08:30;0;Όχι
07/01/2024 08:45;0,014;Όχι
07/01/2024 09:00;0,014;Όχι
07/01/2024 09:15;0,006;Όχι
07/01/2024 09:30;0,005;Όχι
07/01/2024 09:45;0,026;Όχι
07/01/2024 10:00;0,037;Όχι
07/01/2024 10:15;0,036;Όχι
07/01/2024 10:30;0,036;Όχι
07/01/2024 10:45;0,097;Όχι
07/01/2024 11:00;0,122;Όχι
07/01/2024 11:15;0,163;Όχι
07/01/2024 11:30;0,165;Όχι
07/01/2024 11:45;0,183;Όχι
07/01/2024 12:00;0,212;Όχι
07/01/2024 12:15;0,193;Όχι
07/01/2024 12:30;0,178;Όχι
07/01/2024 12:45;0,168;Όχι
07/01/2024 13:00;0,115;Όχι
07/01/2024 13:15;0,123;Όχι
07/01/2024 13:30;0,303;Όχι
07/01/2024 13:45;0,274;Όχι
07/01/2024 14:00;0,165;Όχι
07/01/2024 14:15;0,145;Όχι
07/01/2024 14:30;0,2;Όχι
07/01/2024 14:45;0,203;Όχι
07/01/2024 15:00;0,194;Όχι
07/01/2024 15:15;0,148;Όχι
07/01/2024 15:30;0,103;Όχι
07/01/2024 15:45;0,058;Όχι
07/01/2024 16:00;0,089;Όχι
07/01/2024 16:15;0,066;Όχι
07/01/2024 16:30;0,058;Όχι
07/01/2024 16:45;0,055;Όχι
07/01/2024 17:00;0,019;Όχι
07/01/2024 17:15;0,001;Όχι
07/01/2024 17:30;0;Όχι
07/01/2024 17:45;0;Όχι
07/01/2024 18:00;0;Όχι
07/01/2024 18:15;0;Όχι
07/01/2024 18:30;0;Όχι
07/01/2024 18:45;0;Όχι
07/01/2024 19:00;0;Όχι
07/01/2024 19:15;0;Όχι
07/01/2024 19:30;0;Όχι
07/01/2024 19:45;0;Όχι
07/01/2024 20:00;0;Όχι
07/01/2024 20:15;0;Όχι
07/01/2024 20:30;0;Όχι
07/01/2024 20:45;0;Όχι
07/01/2024 21:00;0;Όχι
07/01/2024 21:15;0;Όχι
07/01/2024 21:30;0;Όχι
07/01/2024 21:45;0;Όχι
07/01/2024 22:00;0;Όχι
07/01/2024 22:15;0;Όχι
07/01/2024 22:30;0;Όχι
07/01/2024 22:45;0;Όχι
07/01/2024 23:00;0;Όχι
07/01/2024 23:15;0;Όχι
07/01/2024 23:30;0;Όχι
07/01/2024 23:45;0;Όχι
08/01/2024 00:00;0;Όχι
08/01/2024 00:15;0;Όχι
08/01/2024 00:30;0;Όχι
08/01/2024 00:45;0;Όχι
08/01/2024 01:00;0;Όχι
08/01/2024 01:15;0;Όχι
08/01/2024 01:30;0;Όχι
08/01/2024 01:45;0;Όχι
08/01/2024 02:00;0;Όχι
08/01/2024 02:15;0;Όχι
08/01/2024 02:30;0;Όχι
08/01/2024 02:45;0;Όχι
08/01/2024 03:00;0;Όχι
08/01/2024 03:15;0;Όχι
08/01/2024 03:30;0;Όχι
08/01/2024 03:45;0;Όχι
08/01/2024 04:00;0;Όχι
08/01/2024 04:15;0;Όχι
08/01/2024 04:30;0;Όχι
08/01/2024 04:45;0;Όχι
08/01/2024 05:00;0;Όχι
08/01/2024 05:15;0;Όχι
08/01/2024 05:30;0;Όχι
08/01/2024 05:45;0;Όχι
08/01/2024 06:00;0;Όχι
08/01/2024 06:15;0;Όχι
08/01/2024 06:30;0;Όχι
08/01/2024 06:45;0;Όχι
08/01/2024 07:00;0;Όχι
08/01/2024 07:15;0;Όχι
08/01/2024 07:30;0;Όχι
08/01/2024 07:45;0;Όχι
08/01/2024 08:00;0,001;Όχι
08/01/2024 08:15;0,052;Όχι
08/01/2024 08:30;0,152;Όχι
08/01/2024 08:45;0,227;Όχι
08/01/2024 09:00;0,326;Όχι
08/01/2024 09:15;0,53;Όχι
08/01/2024 09:30;0,595;Όχι
08/01/2024 09:45;0,629;Όχι
08/01/2024 10:00;0,848;Όχι
08/01/2024 10:15;0,967;Όχι
08/01/2024 10:30;0,975;Όχι
08/01/2024 10:45;0,955;Όχι
08/01/2024 11:00;0,942;Όχι
08/01/2024 11:15;0,972;Όχι
08/01/2024 11:30;1,008;Όχι
08/01/2024 11:45;1,002;Όχι
08/01/2024 12:00;1,045;Όχι
08/01/2024 12:15;0,965;Όχι
08/01/2024 12:30;1,122;Όχι
08/01/2024 12:45;1,237;Όχι
08/01/2024 13:00;1,016;Όχι
08/01/2024 13:15;0,592;Όχι
08/01/2024 13:30;0,579;Όχι
08/01/2024 13:45;1,028;Όχι
08/01/2024 14:00;1,079;Όχι
08/01/2024 14:15;1,002;Όχι
08/01/2024 14:30;0,889;Όχι
08/01/2024 14:45;0,435;Όχι
08/01/2024 15:00;0,923;Όχι
08/01/2024 15:15;0,53;Όχι
08/01/2024 15:30;0,354;Όχι
08/01/2024 15:45;0,69;Όχι
08/01/2024 16:00;0,542;Όχι
08/01/2024 16:15;0,364;Όχι
08/01/2024 16:30;0,12;Όχι
08/01/2024 16:45;0,165;Όχι
08/01/2024 17:00;0,031;Όχι
08/01/2024 17:15;0,002;Όχι
08/01/2024 17:30;0;Όχι
08/01/2024 17:45;0;Όχι
08/01/2024 18:00;0;Όχι
08/01/2024 18:15;0;Όχι
08/01/2024 18:30;0;Όχι
08/01/2024 18:45;0;Όχι
08/01/2024 19:00;0;Όχι
08/01/2024 19:15;0;Όχι
08/01/2024 19:30;0;Όχι
08/01/2024 19:45;0;Όχι
08/01/2024 20:00;0;Όχι
08/01/2024 20:15;0;Όχι
08/01/2024 20:30;0;Όχι
08/01/2024 20:45;0;Όχι
08/01/2024 21:00;0;Όχι
08/01/2024 21:15;0;Όχι
08/01/2024 21:30;0;Όχι
08/01/2024 21:45;0;Όχι
08/01/2024 22:00;0;Όχι
08/01/2024 22:15;0;Όχι
08/01/2024 22:30;0;Όχι
08/01/2024 22:45;0;Όχι
08/01/2024 23:00;0;Όχι
08/01/2024 23:15;0;Όχι
08/01/2024 23:30;0;Όχι
08/01/2024 23:45;0;Όχι
09/01/2024 00:00;0;Όχι
09/01/2024 00:15;0;Όχι
09/01/2024 00:30;0;Όχι
09/01/2024 00:45;0;Όχι
09/01/2024 01:00;0;Όχι
09/01/2024 01:15;0;Όχι
09/01/2024 01:30;0;Όχι
09/01/2024 01:45;0;Όχι
09/01/2024 02:00;0;Όχι
09/01/2024 02:15;0;Όχι
09/01/2024 02:30;0;Όχι
09/01/2024 02:45;0;Όχι
09/01/2024 03:00;0;Όχι
09/01/2024 03:15;0;Όχι
09/01/2024 03:30;0;Όχι
09/01/2024 03:45;0;Όχι
09/01/2024 04:00;0;Όχι
09/01/2024 04:15;0;Όχι
09/01/2024 04:30;0;Όχι
09/01/2024 04:45;0;Όχι
09/01/2024 05:00;0;Όχι
09/01/2024 05:15;0;Όχι
09/01/2024 05:30;0;Όχι
09/01/2024 05:45;0;Όχι
09/01/2024 06:00;0;Όχι
09/01/2024 06:15;0;Όχι
09/01/2024 06:30;0;Όχι
09/01/2024 06:45;0;Όχι
09/01/2024 07:00;0;Όχι
09/01/2024 07:15;0;Όχι
09/01/2024 07:30;0;Όχι
09/01/2024 07:45;0;Όχι
09/01/2024 08:00;0;Όχι
09/01/2024 08:15;0;Όχι
09/01/2024 08:30;0;Όχι
09/01/2024 08:45;0;Όχι
09/01/2024 09:00;0;Όχι
09/01/2024 09:15;0,007;Όχι
09/01/2024 09:30;0,018;Όχι
09/01/2024 09:45;0,024;Όχι
09/01/2024 10:00;0,031;Όχι
09/01/2024 10:15;0,024;Όχι
09/01/2024 10:30;0,031;Όχι
09/01/2024 10:45;0,041;Όχι
09/01/2024 11:00;0,051;Όχι
09/01/2024 11:15;0,045;Όχι
09/01/2024 11:30;0,05;Όχι
09/01/2024 11:45;0,061;Όχι
09/01/2024 12:00;0,062;Όχι
09/01/2024 12:15;0,073;Όχι
09/01/2024 12:30;0,079;Όχι
09/01/2024 12:45;0,097;Όχι
09/01/2024 13:00;0,089;Όχι
09/01/2024 13:15;0,084;Όχι
09/01/2024 13:30;0,084;Όχι
09/01/2024 13:45;0,09;Όχι
09/01/2024 14:00;0,082;Όχι
09/01/2024 14:15;0,069;Όχι
09/01/2024 14:30;0,052;Όχι
09/01/2024 14:45;0,047;Όχι
09/01/2024 15:00;0,047;Όχι
09/01/2024 15:15;0,039;Όχι
09/01/2024 15:30;0,033;Όχι
09/01/2024 15:45;0,028;Όχι
09/01/2024 16:00;0,014;Όχι
09/01/2024 16:15;0,005;Όχι
09/01/2024 16:30;0,004;Όχι
09/01/2024 16:45;0,002;Όχι
09/01/2024 17:00;0;Όχι
09/01/2024 17:15;0;Όχι
09/01/2024 17:30;0;Όχι
09/01/2024 17:45;0;Όχι
09/01/2024 18:00;0;Όχι
09/01/2024 18:15;0;Όχι
09/01/2024 18:30;0;Όχι
09/01/2024 18:45;0;Όχι
09/01/2024 19:00;0;Όχι
09/01/2024 19:15;0;Όχι
09/01/2024 19:30;0;Όχι
09/01/2024 19:45;0;Όχι
09/01/2024 20:00;0;Όχι
09/01/2024 20:15;0;Όχι
09/01/2024 20:30;0;Όχι
09/01/2024 20:45;0;Όχι
09/01/2024 21:00;0;Όχι
09/01/2024 21:15;0;Όχι
09/01/2024 21:30;0;Όχι
09/01/2024 21:45;0;Όχι
09/01/2024 22:00;0;Όχι
09/01/2024 22:15;0;Όχι
09/01/2024 22:30;0;Όχι
09/01/2024 22:45;0;Όχι
09/01/2024 23:00;0;Όχι
09/01/2024 23:15;0;Όχι
09/01/2024 23:30;0;Όχι
09/01/2024 23:45;0;Όχι
10/01/2024 00:00;0;Όχι
10/01/2024 00:15;0;Όχι
10/01/2024 00:30;0;Όχι
10/01/2024 00:45;0;Όχι
10/01/2024 01:00;0;Όχι
10/01/2024 01:15;0;Όχι
10/01/2024 01:30;0;Όχι
10/01/2024 01:45;0;Όχι
10/01/2024 02:00;0;Όχι
10/01/2024 02:15;0;Όχι
10/01/2024 02:30;0;Όχι
10/01/2024 02:45;0;Όχι
10/01/2024 03:00;0;Όχι
10/01/2024 03:15;0;Όχι
10/01/2024 03:30;0;Όχι
10/01/2024 03:45;0;Όχι
10/01/2024 04:00;0;Όχι
10/01/2024 04:15;0;Όχι
10/01/2024 04:30;0;Όχι
10/01/2024 04:45;0;Όχι
10/01/2024 05:00;0;Όχι
10/01/2024 05:15;0;Όχι
10/01/2024 05:30;0;Όχι
10/01/2024 05:45;0;Όχι
10/01/2024 06:00;0;Όχι
10/01/2024 06:15;0;Όχι
10/01/2024 06:30;0;Όχι
10/01/2024 06:45;0;Όχι
10/01/2024 07:00;0;Όχι
10/01/2024 07:15;0;Όχι
10/01/2024 07:30;0;Όχι
10/01/2024 07:45;0;Όχι
10/01/2024 08:00;0;Όχι
10/01/2024 08:15;0;Όχι
10/01/2024 08:30;0,012;Όχι
10/01/2024 08:45;0,043;Όχι
10/01/2024 09:00;0,103;Όχι
10/01/2024 09:15;0,133;Όχι
10/01/2024 09:30;0,219;Όχι
10/01/2024 09:45;0,275;Όχι
10/01/2024 10:00;0,332;Όχι
10/01/2024 10:15;0,346;Όχι
10/01/2024 10:30;0,341;Όχι
10/01/2024 10:45;0,338;Όχι
10/01/2024 11:00;0,371;Όχι
10/01/2024 11:15;0,45;Όχι
10/01/2024 11:30;0,49;Όχι
10/01/2024 11:45;0,449;Όχι
10/01/2024 12:00;0,474;Όχι
10/01/2024 12:15;0,508;Όχι
10/01/2024 12:30;0,567;Όχι
10/01/2024 12:45;0,51;Όχι
10/01/2024 13:00;0,498;Όχι
10/01/2024 13:15;0,637;Όχι
10/01/2024 13:30;0,679;Όχι
10/01/2024 13:45;0,811;Όχι
10/01/2024 14:00;0,724;Όχι
10/01/2024 14:15;0,742;Όχι
10/01/2024 14:30;0,65;Όχι
10/01/2024 14:45;0,607;Όχι
10/01/2024 15:00;0,597;Όχι
10/01/2024 15:15;0,654;Όχι
10/01/2024 15:30;0,711;Όχι
10/01/2024 15:45;0,599;Όχι
10/01/2024 16:00;0,49;Όχι
10/01/2024 16:15;0,268;Όχι
10/01/2024 16:30;0,317;Όχι
10/01/2024 16:45;0,215;Όχι
10/01/2024 17:00;0,109;Όχι
10/01/2024 17:15;0,013;Όχι
10/01/2024 17:30;0;Όχι
10/01/2024 17:45;0;Όχι
10/01/2024 18:00;0;Όχι
10/01/2024 18:15;0;Όχι
10/01/2024 18:30;0;Όχι
10/01/2024 18:45;0;Όχι
10/01/2024 19:00;0;Όχι
10/01/2024 19:15;0;Όχι
10/01/2024 19:30;0;Όχι
10/01/2024 19:45;0;Όχι
10/01/2024 20:00;0;Όχι
10/01/2024 20:15;0;Όχι
10/01/2024 20:30;0;Όχι
10/01/2024 20:45;0;Όχι
10/01/2024 21:00;0;Όχι
10/01/2024 21:15;0;Όχι
10/01/2024 21:30;0;Όχι
10/01/2024 21:45;0;Όχι
10/01/2024 22:00;0;Όχι
10/01/2024 22:15;0;Όχι
10/01/2024 22:30;0;Όχι
10/01/2024 22:45;0;Όχι
10/01/2024 23:00;0;Όχι
10/01/2024 23:15;0;Όχι
10/01/2024 23:30;0;Όχι
10/01/2024 23:45;0;Όχι
11/01/2024 00:00;0;Όχι
11/01/2024 00:15;0;Όχι
11/01/2024 00:30;0;Όχι
11/01/2024 00:45;0;Όχι
11/01/2024 01:00;0;Όχι
11/01/2024 01:15;0;Όχι
11/01/2024 01:30;0;Όχι
11/01/2024 01:45;0;Όχι
11/01/2024 02:00;0;Όχι
11/01/2024 02:15;0;Όχι
11/01/2024 02:30;0;Όχι
11/01/2024 02:45;0;Όχι
11/01/2024 03:00;0;Όχι
11/01/2024 03:15;0;Όχι
11/01/2024 03:30;0;Όχι
11/01/2024 03:45;0;Όχι
11/01/2024 04:00;0;Όχι
11/01/2024 04:15;0;Όχι
11/01/2024 04:30;0;Όχι
11/01/2024 04:45;0;Όχι
11/01/2024 05:00;0;Όχι
11/01/2024 05:15;0;Όχι
11/01/2024 05:30;0;Όχι
11/01/2024 05:45;0;Όχι
11/01/2024 06:00;0;Όχι
11/01/2024 06:15;0;Όχι
11/01/2024 06:30;0;Όχι
11/01/2024 06:45;0;Όχι
11/01/2024 07:00;0;Όχι
11/01/2024 07:15;0;Όχι
11/01/2024 07:30;0;Όχι
11/01/2024 07:45;0;Όχι
11/01/2024 08:00;0;Όχι
11/01/2024 08:15;0,044;Όχι
11/01/2024 08:30;0,125;Όχι
11/01/2024 08:45;0,236;Όχι
11/01/2024 09:00;0,348;Όχι
11/01/2024 09:15;0,44;Όχι
11/01/2024 09:30;0,533;Όχι
11/01/2024 09:45;0,628;Όχι
11/01/2024 10:00;0,677;Όχι
11/01/2024 10:15;0,771;Όχι
11/01/2024 10:30;0,865;Όχι
11/01/2024 10:45;0,927;Όχι
11/01/2024 11:00;0,978;Όχι
11/01/2024 11:15;1,028;Όχι
11/01/2024 11:30;1,083;Όχι
11/01/2024 11:45;1,112;Όχι
11/01/2024 12:00;1,126;Όχι
11/01/2024 12:15;1,155;Όχι
11/01/2024 12:30;1,167;Όχι
11/01/2024 12:45;1,152;Όχι
11/01/2024 13:00;1,149;Όχι
11/01/2024 13:15;1,137;Όχι
11/01/2024 13:30;1,111;Όχι
11/01/2024 13:45;1,049;Όχι
11/01/2024 14:00;1,074;Όχι
11/01/2024 14:15;0,953;Όχι
11/01/2024 14:30;0,841;Όχι
11/01/2024 14:45;0,779;Όχι
11/01/2024 15:00;0,734;Όχι
11/01/2024 15:15;0,732;Όχι
11/01/2024 15:30;0,702;Όχι
11/01/2024 15:45;0,525;Όχι
11/01/2024 16:00;0,306;Όχι
11/01/2024 16:15;0,311;Όχι
11/01/2024 16:30;0,273;Όχι
11/01/2024 16:45;0,229;Όχι
11/01/2024 17:00;0,103;Όχι
11/01/2024 17:15;0,013;Όχι
11/01/2024 17:30;0,001;Όχι
11/01/2024 17:45;0;Όχι
11/01/2024 18:00;0;Όχι
11/01/2024 18:15;0;Όχι
11/01/2024 18:30;0;Όχι
11/01/2024 18:45;0;Όχι
11/01/2024 19:00;0;Όχι
11/01/2024 19:15;0;Όχι
11/01/2024 19:30;0;Όχι
11/01/2024 19:45;0;Όχι
11/01/2024 20:00;0;Όχι
11/01/2024 20:15;0;Όχι
11/01/2024 20:30;0;Όχι
11/01/2024 20:45;0;Όχι
11/01/2024 21:00;0;Όχι
11/01/2024 21:15;0;Όχι
11/01/2024 21:30;0;Όχι
11/01/2024 21:45;0;Όχι
11/01/2024 22:00;0;Όχι
11/01/2024 22:15;0;Όχι
11/01/2024 22:30;0;Όχι
11/01/2024 22:45;0;Όχι
11/01/2024 23:00;0;Όχι
11/01/2024 23:15;0;Όχι
11/01/2024 23:30;0;Όχι
11/01/2024 23:45;0;Όχι
12/01/2024 00:00;0;Όχι
12/01/2024 00:15;0;Όχι
12/01/2024 00:30;0;Όχι
12/01/2024 00:45;0;Όχι
12/01/2024 01:00;0;Όχι
12/01/2024 01:15;0;Όχι
12/01/2024 01:30;0;Όχι
12/01/2024 01:45;0;Όχι
12/01/2024 02:00;0;Όχι
12/01/2024 02:15;0;Όχι
12/01/2024 02:30;0;Όχι
12/01/2024 02:45;0;Όχι
12/01/2024 03:00;0;Όχι
12/01/2024 03:15;0;Όχι
12/01/2024 03:30;0;Όχι
12/01/2024 03:45;0;Όχι
12/01/2024 04:00;0;Όχι
12/01/2024 04:15;0;Όχι
12/01/2024 04:30;0;Όχι
12/01/2024 04:45;0;Όχι
12/01/2024 05:00;0;Όχι
12/01/2024 05:15;0;Όχι
12/01/2024 05:30;0;Όχι
12/01/2024 05:45;0;Όχι
12/01/2024 06:00;0;Όχι
12/01/2024 06:15;0;Όχι
12/01/2024 06:30;0;Όχι
12/01/2024 06:45;0;Όχι
12/01/2024 07:00;0;Όχι
12/01/2024 07:15;0;Όχι
12/01/2024 07:30;0;Όχι
12/01/2024 07:45;0;Όχι
12/01/2024 08:00;0,004;Όχι
12/01/2024 08:15;0,069;Όχι
12/01/2024 08:30;0,185;Όχι
12/01/2024 08:45;0,323;Όχι
12/01/2024 09:00;0,146;Όχι
12/01/2024 09:15;0,303;Όχι
12/01/2024 09:30;0,422;Όχι
12/01/2024 09:45;0,302;Όχι
12/01/2024 10:00;0,381;Όχι
12/01/2024 10:15;0,51;Όχι
12/01/2024 10:30;0,867;Όχι
12/01/2024 10:45;1,01;Όχι
12/01/2024 11:00;1,052;Όχι
12/01/2024 11:15;1,097;Όχι
12/01/2024 11:30;1,141;Όχι
12/01/2024 11:45;1,17;Όχι
12/01/2024 12:00;1,209;Όχι
12/01/2024 12:15;0,187;Όχι
12/01/2024 12:30;0;Όχι
12/01/2024 12:45;0,67;Όχι
12/01/2024 13:00;1,226;Όχι
12/01/2024 13:15;1,214;Όχι
12/01/2024 13:30;1,189;Όχι
12/01/2024 13:45;1,16;Όχι
12/01/2024 14:00;1,125;Όχι
12/01/2024 14:15;1,071;Όχι
12/01/2024 14:30;1,014;Όχι
12/01/2024 14:45;0,957;Όχι
12/01/2024 15:00;0,89;Όχι
12/01/2024 15:15;0,729;Όχι
12/01/2024 15:30;0,731;Όχι
12/01/2024 15:45;0,64;Όχι
12/01/2024 16:00;0,543;Όχι
12/01/2024 16:15;0,44;Όχι
12/01/2024 16:30;0,335;Όχι
12/01/2024 16:45;0,228;Όχι
12/01/2024 17:00;0,126;Όχι
12/01/2024 17:15;0,04;Όχι
12/01/2024 17:30;0;Όχι
12/01/2024 17:45;0;Όχι
12/01/2024 18:00;0;Όχι
12/01/2024 18:15;0;Όχι
12/01/2024 18:30;0;Όχι
12/01/2024 18:45;0;Όχι
12/01/2024 19:00;0;Όχι
12/01/2024 19:15;0;Όχι
12/01/2024 19:30;0;Όχι
12/01/2024 19:45;0;Όχι
12/01/2024 20:00;0;Όχι
12/01/2024 20:15;0;Όχι
12/01/2024 20:30;0;Όχι
12/01/2024 20:45;0;Όχι
12/01/2024 21:00;0;Όχι
12/01/2024 21:15;0;Όχι
12/01/2024 21:30;0;Όχι
12/01/2024 21:45;0;Όχι
12/01/2024 22:00;0;Όχι
12/01/2024 22:15;0;Όχι
12/01/2024 22:30;0;Όχι
12/01/2024 22:45;0;Όχι
12/01/2024 23:00;0;Όχι
12/01/2024 23:15;0;Όχι
12/01/2024 23:30;0;Όχι
12/01/2024 23:45;0;Όχι
13/01/2024 00:00;0;Όχι
13/01/2024 00:15;0;Όχι
13/01/2024 00:30;0;Όχι
13/01/2024 00:45;0;Όχι
13/01/2024 01:00;0;Όχι
13/01/2024 01:15;0;Όχι
13/01/2024 01:30;0;Όχι
13/01/2024 01:45;0;Όχι
13/01/2024 02:00;0;Όχι
13/01/2024 02:15;0;Όχι
13/01/2024 02:30;0;Όχι
13/01/2024 02:45;0;Όχι
13/01/2024 03:00;0;Όχι
13/01/2024 03:15;0;Όχι
13/01/2024 03:30;0;Όχι
13/01/2024 03:45;0;Όχι
13/01/2024 04:00;0;Όχι
13/01/2024 04:15;0;Όχι
13/01/2024 04:30;0;Όχι
13/01/2024 04:45;0;Όχι
13/01/2024 05:00;0;Όχι
13/01/2024 05:15;0;Όχι
13/01/2024 05:30;0;Όχι
13/01/2024 05:45;0;Όχι
13/01/2024 06:00;0;Όχι
13/01/2024 06:15;0;Όχι
13/01/2024 06:30;0;Όχι
13/01/2024 06:45;0;Όχι
13/01/2024 07:00;0;Όχι
13/01/2024 07:15;0;Όχι
13/01/2024 07:30;0;Όχι
13/01/2024 07:45;0;Όχι
13/01/2024 08:00;0;Όχι
13/01/2024 08:15;0,01;Όχι
13/01/2024 08:30;0,089;Όχι
13/01/2024 08:45;0,192;Όχι
13/01/2024 09:00;0,293;Όχι
13/01/2024 09:15;0,399;Όχι
13/01/2024 09:30;0,503;Όχι
13/01/2024 09:45;0,603;Όχι
13/01/2024 10:00;0,701;Όχι
13/01/2024 10:15;0,791;Όχι
13/01/2024 10:30;0,861;Όχι
13/01/2024 10:45;0,929;Όχι
13/01/2024 11:00;0,997;Όχι
13/01/2024 11:15;1,051;Όχι
13/01/2024 11:30;1,097;Όχι
13/01/2024 11:45;1,128;Όχι
13/01/2024 12:00;1,164;Όχι
13/01/2024 12:15;1,186;Όχι
13/01/2024 12:30;1,198;Όχι
13/01/2024 12:45;1,199;Όχι
13/01/2024 13:00;1,198;Όχι
13/01/2024 13:15;1,184;Όχι
13/01/2024 13:30;1,166;Όχι
13/01/2024 13:45;1,137;Όχι
13/01/2024 14:00;1,102;Όχι
13/01/2024 14:15;1,055;Όχι
13/01/2024 14:30;1,002;Όχι
13/01/2024 14:45;0,947;Όχι
13/01/2024 15:00;0,865;Όχι
13/01/2024 15:15;0,792;Όχι
13/01/2024 15:30;0,72;Όχι
13/01/2024 15:45;0,634;Όχι
13/01/2024 16:00;0,537;Όχι
13/01/2024 16:15;0,429;Όχι
13/01/2024 16:30;0,326;Όχι
13/01/2024 16:45;0,22;Όχι
13/01/2024 17:00;0,119;Όχι
13/01/2024 17:15;0,037;Όχι
13/01/2024 17:30;0,001;Όχι
13/01/2024 17:45;0;Όχι
13/01/2024 18:00;0;Όχι
13/01/2024 18:15;0;Όχι
13/01/2024 18:30;0;Όχι
13/01/2024 18:45;0;Όχι
13/01/2024 19:00;0;Όχι
13/01/2024 19:15;0;Όχι
13/01/2024 19:30;0;Όχι
13/01/2024 19:45;0;Όχι
13/01/2024 20:00;0;Όχι
13/01/2024 20:15;0;Όχι
13/01/2024 20:30;0;Όχι
13/01/2024 20:45;0;Όχι
13/01/2024 21:00;0;Όχι
13/01/2024 21:15;0;Όχι
13/01/2024 21:30;0;Όχι
13/01/2024 21:45;0;Όχι
13/01/2024 22:00;0;Όχι
13/01/2024 22:15;0;Όχι
13/01/2024 22:30;0;Όχι
13/01/2024 22:45;0;Όχι
13/01/2024 23:00;0;Όχι
13/01/2024 23:15;0;Όχι
13/01/2024 23:30;0;Όχι
13/01/2024 23:45;0;Όχι
14/01/2024 00:00;0;Όχι
14/01/2024 00:15;0;Όχι
14/01/2024 00:30;0;Όχι
14/01/2024 00:45;0;Όχι
14/01/2024 01:00;0;Όχι
14/01/2024 01:15;0;Όχι
14/01/2024 01:30;0;Όχι
14/01/2024 01:45;0;Όχι
14/01/2024 02:00;0;Όχι
14/01/2024 02:15;0;Όχι
14/01/2024 02:30;0;Όχι
14/01/2024 02:45;0;Όχι
14/01/2024 03:00;0;Όχι
14/01/2024 03:15;0;Όχι
14/01/2024 03:30;0;Όχι
14/01/2024 03:45;0;Όχι
14/01/2024 04:00;0;Όχι
14/01/2024 04:15;0;Όχι
14/01/2024 04:30;0;Όχι
14/01/2024 04:45;0;Όχι
14/01/2024 05:00;0;Όχι
14/01/2024 05:15;0;Όχι
14/01/2024 05:30;0;Όχι
14/01/2024 05:45;0;Όχι
14/01/2024 06:00;0;Όχι
14/01/2024 06:15;0;Όχι
14/01/2024 06:30;0;Όχι
14/01/2024 06:45;0;Όχι
14/01/2024 07:00;0;Όχι
14/01/2024 07:15;0;Όχι
14/01/2024 07:30;0;Όχι
14/01/2024 07:45;0;Όχι
14/01/2024 08:00;0,001;Όχι
14/01/2024 08:15;0,046;Όχι
14/01/2024 08:30;0,129;Όχι
14/01/2024 08:45;0,225;Όχι
14/01/2024 09:00;0,332;Όχι
14/01/2024 09:15;0,444;Όχι
14/01/2024 09:30;0,539;Όχι
14/01/2024 09:45;0,621;Όχι
14/01/2024 10:00;0,705;Όχι
14/01/2024 10:15;0,788;Όχι
14/01/2024 10:30;0,862;Όχι
14/01/2024 10:45;0,926;Όχι
14/01/2024 11:00;0,98;Όχι
14/01/2024 11:15;1,019;Όχι
14/01/2024 11:30;1,032;Όχι
14/01/2024 11:45;1,052;Όχι
14/01/2024 12:00;1,068;Όχι
14/01/2024 12:15;1,031;Όχι
14/01/2024 12:30;1,074;Όχι
14/01/2024 12:45;1,172;Όχι
14/01/2024 13:00;1,168;Όχι
14/01/2024 13:15;1,135;Όχι
14/01/2024 13:30;1,131;Όχι
14/01/2024 13:45;1,105;Όχι
14/01/2024 14:00;1,072;Όχι
14/01/2024 14:15;1,033;Όχι
14/01/2024 14:30;0,992;Όχι
14/01/2024 14:45;0,889;Όχι
14/01/2024 15:00;0,879;Όχι
14/01/2024 15:15;0,809;Όχι
14/01/2024 15:30;0,716;Όχι
14/01/2024 15:45;0,584;Όχι
14/01/2024 16:00;0,526;Όχι
14/01/2024 16:15;0,442;Όχι
14/01/2024 16:30;0,358;Όχι
14/01/2024 16:45;0,275;Όχι
14/01/2024 17:00;0,153;Όχι
14/01/2024 17:15;0,061;Όχι
14/01/2024 17:30;0,004;Όχι
14/01/2024 17:45;0;Όχι
14/01/2024 18:00;0;Όχι
14/01/2024 18:15;0;Όχι
14/01/2024 18:30;0;Όχι
14/01/2024 18:45;0;Όχι
14/01/2024 19:00;0;Όχι
14/01/2024 19:15;0;Όχι
14/01/2024 19:30;0;Όχι
14/01/2024 19:45;0;Όχι
14/01/2024 20:00;0;Όχι
14/01/2024 20:15;0;Όχι
14/01/2024 20:30;0;Όχι
14/01/2024 20:45;0;Όχι
14/01/2024 21:00;0;Όχι
14/01/2024 21:15;0;Όχι
14/01/2024 21:30;0;Όχι
14/01/2024 21:45;0;Όχι
14/01/2024 22:00;0;Όχι
14/01/2024 22:15;0;Όχι
14/01/2024 22:30;0;Όχι
14/01/2024 22:45;0;Όχι
14/01/2024 23:00;0;Όχι
14/01/2024 23:15;0;Όχι
14/01/2024 23:30;0;Όχι
14/01/2024 23:45;0;Όχι
15/01/2024 00:00;0;Όχι
15/01/2024 00:15;0;Όχι
15/01/2024 00:30;0;Όχι
15/01/2024 00:45;0;Όχι
15/01/2024 01:00;0;Όχι
15/01/2024 01:15;0;Όχι
15/01/2024 01:30;0;Όχι
15/01/2024 01:45;0;Όχι
15/01/2024 02:00;0;Όχι
15/01/2024 02:15;0;Όχι
15/01/2024 02:30;0;Όχι
15/01/2024 02:45;0;Όχι
15/01/2024 03:00;0;Όχι
15/01/2024 03:15;0;Όχι
15/01/2024 03:30;0;Όχι
15/01/2024 03:45;0;Όχι
15/01/2024 04:00;0;Όχι
15/01/2024 04:15;0;Όχι
15/01/2024 04:30;0;Όχι
15/01/2024 04:45;0;Όχι
15/01/2024 05:00;0;Όχι
15/01/2024 05:15;0;Όχι
15/01/2024 05:30;0;Όχι
15/01/2024 05:45;0;Όχι
15/01/2024 06:00;0;Όχι
15/01/2024 06:15;0;Όχι
15/01/2024 06:30;0;Όχι
15/01/2024 06:45;0;Όχι
15/01/2024 07:00;0;Όχι
15/01/2024 07:15;0;Όχι
15/01/2024 07:30;0;Όχι
15/01/2024 07:45;0;Όχι
15/01/2024 08:00;0;Όχι
15/01/2024 08:15;0,01;Όχι
15/01/2024 08:30;0,059;Όχι
15/01/2024 08:45;0,112;Όχι
15/01/2024 09:00;0,077;Όχι
15/01/2024 09:15;0,168;Όχι
15/01/2024 09:30;0,188;Όχι
15/01/2024 09:45;0,253;Όχι
15/01/2024 10:00;0,355;Όχι
15/01/2024 10:15;0,461;Όχι
15/01/2024 10:30;0,494;Όχι
15/01/2024 10:45;0,61;Όχι
15/01/2024 11:00;0,805;Όχι
15/01/2024 11:15;0,431;Όχι
15/01/2024 11:30;0,608;Όχι
15/01/2024 11:45;0,38;Όχι
15/01/2024 12:00;0,293;Όχι
15/01/2024 12:15;0,282;Όχι
15/01/2024 12:30;0,26;Όχι
15/01/2024 12:45;0,336;Όχι
15/01/2024 13:00;0,767;Όχι
15/01/2024 13:15;0,374;Όχι
15/01/2024 13:30;0,518;Όχι
15/01/2024 13:45;0,822;Όχι
15/01/2024 14:00;0,305;Όχι
15/01/2024 14:15;0,313;Όχι
15/01/2024 14:30;0,193;Όχι
15/01/2024 14:45;0,171;Όχι
15/01/2024 15:00;0,127;Όχι
15/01/2024 15:15;0,113;Όχι
15/01/2024 15:30;0,1;Όχι
15/01/2024 15:45;0,064;Όχι
15/01/2024 16:00;0,065;Όχι
15/01/2024 16:15;0,066;Όχι
15/01/2024 16:30;0,069;Όχι
15/01/2024 16:45;0,04;Όχι
15/01/2024 17:00;0,015;Όχι
15/01/2024 17:15;0,004;Όχι
15/01/2024 17:30;0;Όχι
15/01/2024 17:45;0;Όχι
15/01/2024 18:00;0;Όχι
15/01/2024 18:15;0;Όχι
15/01/2024 18:30;0;Όχι
15/01/2024 18:45;0;Όχι
15/01/2024 19:00;0;Όχι
15/01/2024 19:15;0;Όχι
15/01/2024 19:30;0;Όχι
15/01/2024 19:45;0;Όχι
15/01/2024 20:00;0;Όχι
15/01/2024 20:15;0;Όχι
15/01/2024 20:30;0;Όχι
15/01/2024 20:45;0;Όχι
15/01/2024 21:00;0;Όχι
15/01/2024 21:15;0;Όχι
15/01/2024 21:30;0;Όχι
15/01/2024 21:45;0;Όχι
15/01/2024 22:00;0;Όχι
15/01/2024 22:15;0;Όχι
15/01/2024 22:30;0;Όχι
15/01/2024 22:45;0;Όχι
15/01/2024 23:00;0;Όχι
15/01/2024 23:15;0;Όχι
15/01/2024 23:30;0;Όχι
15/01/2024 23:45;0;Όχι
16/01/2024 00:00;0;Όχι
16/01/2024 00:15;0;Όχι
16/01/2024 00:30;0;Όχι
16/01/2024 00:45;0;Όχι
16/01/2024 01:00;0;Όχι
16/01/2024 01:15;0;Όχι
16/01/2024 01:30;0;Όχι
16/01/2024 01:45;0;Όχι
16/01/2024 02:00;0;Όχι
16/01/2024 02:15;0;Όχι
16/01/2024 02:30;0;Όχι
16/01/2024 02:45;0;Όχι
16/01/2024 03:00;0;Όχι
16/01/2024 03:15;0;Όχι
16/01/2024 03:30;0;Όχι
16/01/2024 03:45;0;Όχι
16/01/2024 04:00;0;Όχι
16/01/2024 04:15;0;Όχι
16/01/2024 04:30;0;Όχι
16/01/2024 04:45;0;Όχι
16/01/2024 05:00;0;Όχι
16/01/2024 05:15;0;Όχι
16/01/2024 05:30;0;Όχι
16/01/2024 05:45;0;Όχι
16/01/2024 06:00;0;Όχι
16/01/2024 06:15;0;Όχι
16/01/2024 06:30;0;Όχι
16/01/2024 06:45;0;Όχι
16/01/2024 07:00;0;Όχι
16/01/2024 07:15;0;Όχι
16/01/2024 07:30;0;Όχι
16/01/2024 07:45;0;Όχι
16/01/2024 08:00;0,002;Όχι
16/01/2024 08:15;0,061;Όχι
16/01/2024 08:30;0,089;Όχι
16/01/2024 08:45;0,087;Όχι
16/01/2024 09:00;0,24;Όχι
16/01/2024 09:15;0,495;Όχι
16/01/2024 09:30;0,643;Όχι
16/01/2024 09:45;0,399;Όχι
16/01/2024 10:00;0,611;Όχι
16/01/2024 10:15;0,533;Όχι
16/01/2024 10:30;0,838;Όχι
16/01/2024 10:45;0,917;Όχι
16/01/2024 11:00;0,981;Όχι
16/01/2024 11:15;1,047;Όχι
16/01/2024 11:30;1,094;Όχι
16/01/2024 11:45;1,13;Όχι
16/01/2024 12:00;1,165;Όχι
16/01/2024 12:15;1,19;Όχι
16/01/2024 12:30;1,203;Όχι
16/01/2024 12:45;1,206;Όχι
16/01/2024 13:00;1,201;Όχι
16/01/2024 13:15;1,187;Όχι
16/01/2024 13:30;1,169;Όχι
16/01/2024 13:45;1,143;Όχι
16/01/2024 14:00;1,107;Όχι
16/01/2024 14:15;1,062;Όχι
16/01/2024 14:30;1,015;Όχι
16/01/2024 14:45;0,96;Όχι
16/01/2024 15:00;0,896;Όχι
16/01/2024 15:15;0,822;Όχι
16/01/2024 15:30;0,748;Όχι
16/01/2024 15:45;0,671;Όχι
16/01/2024 16:00;0,563;Όχι
16/01/2024 16:15;0,476;Όχι
16/01/2024 16:30;0,416;Όχι
16/01/2024 16:45;0,164;Όχι
16/01/2024 17:00;0,124;Όχι
16/01/2024 17:15;0,045;Όχι
16/01/2024 17:30;0,002;Όχι
16/01/2024 17:45;0;Όχι
16/01/2024 18:00;0;Όχι
16/01/2024 18:15;0;Όχι
16/01/2024 18:30;0;Όχι
16/01/2024 18:45;0;Όχι
16/01/2024 19:00;0;Όχι
16/01/2024 19:15;0;Όχι
16/01/2024 19:30;0;Όχι
16/01/2024 19:45;0;Όχι
16/01/2024 20:00;0;Όχι
16/01/2024 20:15;0;Όχι
16/01/2024 20:30;0;Όχι
16/01/2024 20:45;0;Όχι
16/01/2024 21:00;0;Όχι
16/01/2024 21:15;0;Όχι
16/01/2024 21:30;0;Όχι
16/01/2024 21:45;0;Όχι
16/01/2024 22:00;0;Όχι
16/01/2024 22:15;0;Όχι
16/01/2024 22:30;0;Όχι
16/01/2024 22:45;0;Όχι
16/01/2024 23:00;0;Όχι
16/01/2024 23:15;0;Όχι
16/01/2024 23:30;0;Όχι
16/01/2024 23:45;0;Όχι
17/01/2024 00:00;0;Όχι
17/01/2024 00:15;0;Όχι
17/01/2024 00:30;0;Όχι
17/01/2024 00:45;0;Όχι
17/01/2024 01:00;0;Όχι
17/01/2024 01:15;0;Όχι
17/01/2024 01:30;0;Όχι
17/01/2024 01:45;0;Όχι
17/01/2024 02:00;0;Όχι
17/01/2024 02:15;0;Όχι
17/01/2024 02:30;0;Όχι
17/01/2024 02:45;0;Όχι
17/01/2024 03:00;0;Όχι
17/01/2024 03:15;0;Όχι
17/01/2024 03:30;0;Όχι
17/01/2024 03:45;0;Όχι
17/01/2024 04:00;0;Όχι
17/01/2024 04:15;0;Όχι
17/01/2024 04:30;0;Όχι
17/01/2024 04:45;0;Όχι
17/01/2024 05:00;0;Όχι
17/01/2024 05:15;0;Όχι
17/01/2024 05:30;0;Όχι
17/01/2024 05:45;0;Όχι
17/01/2024 06:00;0;Όχι
17/01/2024 06:15;0;Όχι
17/01/2024 06:30;0;Όχι
17/01/2024 06:45;0;Όχι
17/01/2024 07:00;0;Όχι
17/01/2024 07:15;0;Όχι
17/01/2024 07:30;0;Όχι
17/01/2024 07:45;0;Όχι
17/01/2024 08:00;0;Όχι
17/01/2024 08:15;0,005;Όχι
17/01/2024 08:30;0,015;Όχι
17/01/2024 08:45;0,031;Όχι
17/01/2024 09:00;0,057;Όχι
17/01/2024 09:15;0,059;Όχι
17/01/2024 09:30;0,122;Όχι
17/01/2024 09:45;0,148;Όχι
17/01/2024 10:00;0,201;Όχι
17/01/2024 10:15;0,153;Όχι
17/01/2024 10:30;0,216;Όχι
17/01/2024 10:45;0,164;Όχι
17/01/2024 11:00;0,311;Όχι
17/01/2024 11:15;0,404;Όχι
17/01/2024 11:30;0,541;Όχι
17/01/2024 11:45;0,32;Όχι
17/01/2024 12:00;0,361;Όχι
17/01/2024 12:15;0,389;Όχι
17/01/2024 12:30;0,4;Όχι
17/01/2024 12:45;0,391;Όχι
17/01/2024 13:00;0,807;Όχι
17/01/2024 13:15;1,071;Όχι
17/01/2024 13:30;0,783;Όχι
17/01/2024 13:45;0,716;Όχι
17/01/2024 14:00;0,393;Όχι
17/01/2024 14:15;0,324;Όχι
17/01/2024 14:30;0,421;Όχι
17/01/2024 14:45;0,632;Όχι
17/01/2024 15:00;0,644;Όχι
17/01/2024 15:15;0,584;Όχι
17/01/2024 15:30;0,379;Όχι
17/01/2024 15:45;0,116;Όχι
17/01/2024 16:00;0,061;Όχι
17/01/2024 16:15;0,108;Όχι
17/01/2024 16:30;0,103;Όχι
17/01/2024 16:45;0,076;Όχι
17/01/2024 17:00;0,018;Όχι
17/01/2024 17:15;0,005;Όχι
17/01/2024 17:30;0;Όχι
17/01/2024 17:45;0;Όχι
17/01/2024 18:00;0;Όχι
17/01/2024 18:15;0;Όχι
17/01/2024 18:30;0;Όχι
17/01/2024 18:45;0;Όχι
17/01/2024 19:00;0;Όχι
17/01/2024 19:15;0;Όχι
17/01/2024 19:30;0;Όχι
17/01/2024 19:45;0;Όχι
17/01/2024 20:00;0;Όχι
17/01/2024 20:15;0;Όχι
17/01/2024 20:30;0;Όχι
17/01/2024 20:45;0;Όχι
17/01/2024 21:00;0;Όχι
17/01/2024 21:15;0;Όχι
17/01/2024 21:30;0;Όχι
17/01/2024 21:45;0;Όχι
17/01/2024 22:00;0;Όχι
17/01/2024 22:15;0;Όχι
17/01/2024 22:30;0;Όχι
17/01/2024 22:45;0;Όχι
17/01/2024 23:00;0;Όχι
17/01/2024 23:15;0;Όχι
17/01/2024 23:30;0;Όχι
17/01/2024 23:45;0;Όχι
18/01/2024 00:00;0;Όχι
18/01/2024 00:15;0;Όχι
18/01/2024 00:30;0;Όχι
18/01/2024 00:45;0;Όχι
18/01/2024 01:00;0;Όχι
18/01/2024 01:15;0;Όχι
18/01/2024 01:30;0;Όχι
18/01/2024 01:45;0;Όχι
18/01/2024 02:00;0;Όχι
18/01/2024 02:15;0;Όχι
18/01/2024 02:30;0;Όχι
18/01/2024 02:45;0;Όχι
18/01/2024 03:00;0;Όχι
18/01/2024 03:15;0;Όχι
18/01/2024 03:30;0;Όχι
18/01/2024 03:45;0;Όχι
18/01/2024 04:00;0;Όχι
18/01/2024 04:15;0;Όχι
18/01/2024 04:30;0;Όχι
18/01/2024 04:45;0;Όχι
18/01/2024 05:00;0;Όχι
18/01/2024 05:15;0;Όχι
18/01/2024 05:30;0;Όχι
18/01/2024 05:45;0;Όχι
18/01/2024 06:00;0;Όχι
18/01/2024 06:15;0;Όχι
18/01/2024 06:30;0;Όχι
18/01/2024 06:45;0;Όχι
18/01/2024 07:00;0;Όχι
18/01/2024 07:15;0;Όχι
18/01/2024 07:30;0;Όχι
18/01/2024 07:45;0;Όχι
18/01/2024 08:00;0;Όχι
18/01/2024 08:15;0,002;Όχι
18/01/2024 08:30;0,002;Όχι
18/01/2024 08:45;0,009;Όχι
18/01/2024 09:00;0,025;Όχι
18/01/2024 09:15;0,042;Όχι
18/01/2024 09:30;0,098;Όχι
18/01/2024 09:45;0,142;Όχι
18/01/2024 10:00;0,261;Όχι
18/01/2024 10:15;0,213;Όχι
18/01/2024 10:30;0,754;Όχι
18/01/2024 10:45;0,828;Όχι
18/01/2024 11:00;0,821;Όχι
18/01/2024 11:15;0,899;Όχι
18/01/2024 11:30;0,636;Όχι
18/01/2024 11:45;0,739;Όχι
18/01/2024 12:00;0,601;Όχι
18/01/2024 12:15;0,798;Όχι
18/01/2024 12:30;1,124;Όχι
18/01/2024 12:45;1,055;Όχι
18/01/2024 13:00;1,054;Όχι
18/01/2024 13:15;1,031;Όχι
18/01/2024 13:30;1,019;Όχι
18/01/2024 13:45;1,012;Όχι
18/01/2024 14:00;0,96;Όχι
18/01/2024 14:15;0,922;Όχι
18/01/2024 14:30;0,881;Όχι
18/01/2024 14:45;0,856;Όχι
18/01/2024 15:00;0,812;Όχι
18/01/2024 15:15;0,696;Όχι
18/01/2024 15:30;0,557;Όχι
18/01/2024 15:45;0,285;Όχι
18/01/2024 16:00;0,135;Όχι
18/01/2024 16:15;0,114;Όχι
18/01/2024 16:30;0,074;Όχι
18/01/2024 16:45;0,046;Όχι
18/01/2024 17:00;0,033;Όχι
18/01/2024 17:15;0,016;Όχι
18/01/2024 17:30;0,002;Όχι
18/01/2024 17:45;0;Όχι
18/01/2024 18:00;0;Όχι
18/01/2024 18:15;0;Όχι
18/01/2024 18:30;0;Όχι
18/01/2024 18:45;0;Όχι
18/01/2024 19:00;0;Όχι
18/01/2024 19:15;0;Όχι
18/01/2024 19:30;0;Όχι
18/01/2024 19:45;0;Όχι
18/01/2024 20:00;0;Όχι
18/01/2024 20:15;0;Όχι
18/01/2024 20:30;0;Όχι
18/01/2024 20:45;0;Όχι
18/01/2024 21:00;0;Όχι
18/01/2024 21:15;0;Όχι
18/01/2024 21:30;0;Όχι
18/01/2024 21:45;0;Όχι
18/01/2024 22:00;0;Όχι
18/01/2024 22:15;0;Όχι
18/01/2024 22:30;0;Όχι
18/01/2024 22:45;0;Όχι
18/01/2024 23:00;0;Όχι
18/01/2024 23:15;0;Όχι
18/01/2024 23:30;0;Όχι
18/01/2024 23:45;0;Όχι
19/01/2024 00:00;0;Όχι
19/01/2024 00:15;0;Όχι
19/01/2024 00:30;0;Όχι
19/01/2024 00:45;0;Όχι
19/01/2024 01:00;0;Όχι
19/01/2024 01:15;0;Όχι
19/01/2024 01:30;0;Όχι
19/01/2024 01:45;0;Όχι
19/01/2024 02:00;0;Όχι
19/01/2024 02:15;0;Όχι
19/01/2024 02:30;0;Όχι
19/01/2024 02:45;0;Όχι
19/01/2024 03:00;0;Όχι
19/01/2024 03:15;0;Όχι
19/01/2024 03:30;0;Όχι
19/01/2024 03:45;0;Όχι
19/01/2024 04:00;0;Όχι
19/01/2024 04:15;0;Όχι
19/01/2024 04:30;0;Όχι
19/01/2024 04:45;0;Όχι
19/01/2024 05:00;0;Όχι
19/01/2024 05:15;0;Όχι
19/01/2024 05:30;0;Όχι
19/01/2024 05:45;0;Όχι
19/01/2024 06:00;0;Όχι
19/01/2024 06:15;0;Όχι
19/01/2024 06:30;0;Όχι
19/01/2024 06:45;0;Όχι
19/01/2024 07:00;0;Όχι
19/01/2024 07:15;0;Όχι
19/01/2024 07:30;0;Όχι
19/01/2024 07:45;0;Όχι
19/01/2024 08:00;0,002;Όχι
19/01/2024 08:15;0,053;Όχι
19/01/2024 08:30;0,169;Όχι
19/01/2024 08:45;0,28;Όχι
19/01/2024 09:00;0,156;Όχι
19/01/2024 09:15;0,381;Όχι
19/01/2024 09:30;0,444;Όχι
19/01/2024 09:45;0,62;Όχι
19/01/2024 10:00;0,701;Όχι
19/01/2024 10:15;0,773;Όχι
19/01/2024 10:30;0,813;Όχι
19/01/2024 10:45;0,827;Όχι
19/01/2024 11:00;0,864;Όχι
19/01/2024 11:15;0,996;Όχι
19/01/2024 11:30;0,857;Όχι
19/01/2024 11:45;1,004;Όχι
19/01/2024 12:00;0,657;Όχι
19/01/2024 12:15;1,146;Όχι
19/01/2024 12:30;0,708;Όχι
19/01/2024 12:45;1,087;Όχι
19/01/2024 13:00;1,107;Όχι
19/01/2024 13:15;1,085;Όχι
19/01/2024 13:30;1,054;Όχι
19/01/2024 13:45;1,059;Όχι
19/01/2024 14:00;0,821;Όχι
19/01/2024 14:15;0,8;Όχι
19/01/2024 14:30;0,753;Όχι
19/01/2024 14:45;0,863;Όχι
19/01/2024 15:00;0,632;Όχι
19/01/2024 15:15;0,565;Όχι
19/01/2024 15:30;0,537;Όχι
19/01/2024 15:45;0,618;Όχι
19/01/2024 16:00;0,454;Όχι
19/01/2024 16:15;0,213;Όχι
19/01/2024 16:30;0,178;Όχι
19/01/2024 16:45;0,149;Όχι
19/01/2024 17:00;0,088;Όχι
19/01/2024 17:15;0,02;Όχι
19/01/2024 17:30;0,001;Όχι
19/01/2024 17:45;0;Όχι
19/01/2024 18:00;0;Όχι
19/01/2024 18:15;0;Όχι
19/01/2024 18:30;0;Όχι
19/01/2024 18:45;0;Όχι
19/01/2024 19:00;0;Όχι
19/01/2024 19:15;0;Όχι
19/01/2024 19:30;0;Όχι
19/01/2024 19:45;0;Όχι
19/01/2024 20:00;0;Όχι
19/01/2024 20:15;0;Όχι
19/01/2024 20:30;0;Όχι
19/01/2024 20:45;0;Όχι
19/01/2024 21:00;0;Όχι
19/01/2024 21:15;0;Όχι
19/01/2024 21:30;0;Όχι
19/01/2024 21:45;0;Όχι
19/01/2024 22:00;0;Όχι
19/01/2024 22:15;0;Όχι
19/01/2024 22:30;0;Όχι
19/01/2024 22:45;0;Όχι
19/01/2024 23:00;0;Όχι
19/01/2024 23:15;0;Όχι
19/01/2024 23:30;0;Όχι
19/01/2024 23:45;0;Όχι
20/01/2024 00:00;0;Όχι
20/01/2024 00:15;0;Όχι
20/01/2024 00:30;0;Όχι
20/01/2024 00:45;0;Όχι
20/01/2024 01:00;0;Όχι
20/01/2024 01:15;0;Όχι
20/01/2024 01:30;0;Όχι
20/01/2024 01:45;0;Όχι
20/01/2024 02:00;0;Όχι
20/01/2024 02:15;0;Όχι
20/01/2024 02:30;0;Όχι
20/01/2024 02:45;0;Όχι
20/01/2024 03:00;0;Όχι
20/01/2024 03:15;0;Όχι
20/01/2024 03:30;0;Όχι
20/01/2024 03:45;0;Όχι
20/01/2024 04:00;0;Όχι
20/01/2024 04:15;0;Όχι
20/01/2024 04:30;0;Όχι
20/01/2024 04:45;0;Όχι
20/01/2024 05:00;0;Όχι
20/01/2024 05:15;0;Όχι
20/01/2024 05:30;0;Όχι
20/01/2024 05:45;0;Όχι
20/01/2024 06:00;0;Όχι
20/01/2024 06:15;0;Όχι
20/01/2024 06:30;0;Όχι
20/01/2024 06:45;0;Όχι
20/01/2024 07:00;0;Όχι
20/01/2024 07:15;0;Όχι
20/01/2024 07:30;0;Όχι
20/01/2024 07:45;0;Όχι
20/01/2024 08:00;0;Όχι
20/01/2024 08:15;0,008;Όχι
20/01/2024 08:30;0,022;Όχι
20/01/2024 08:45;0,022;Όχι
20/01/2024 09:00;0,023;Όχι
20/01/2024 09:15;0,021;Όχι
20/01/2024 09:30;0,052;Όχι
20/01/2024 09:45;0,074;Όχι
20/01/2024 10:00;0,127;Όχι
20/01/2024 10:15;0,216;Όχι
20/01/2024 10:30;0,272;Όχι
20/01/2024 10:45;0,262;Όχι
20/01/2024 11:00;0,25;Όχι
20/01/2024 11:15;0,267;Όχι
20/01/2024 11:30;0,3;Όχι
20/01/2024 11:45;0,292;Όχι
20/01/2024 12:00;0,173;Όχι
20/01/2024 12:15;0,165;Όχι
20/01/2024 12:30;0,179;Όχι
20/01/2024 12:45;0,064;Όχι
20/01/2024 13:00;0,116;Όχι
20/01/2024 13:15;0,126;Όχι
20/01/2024 13:30;0,126;Όχι
20/01/2024 13:45;0,158;Όχι
20/01/2024 14:00;0,163;Όχι
20/01/2024 14:15;0,146;Όχι
20/01/2024 14:30;0,033;Όχι
20/01/2024 14:45;0,077;Όχι
20/01/2024 15:00;0,066;Όχι
20/01/2024 15:15;0,055;Όχι
20/01/2024 15:30;0,036;Όχι
20/01/2024 15:45;0,014;Όχι
20/01/2024 16:00;0,005;Όχι
20/01/2024 16:15;0,005;Όχι
20/01/2024 16:30;0,001;Όχι
20/01/2024 16:45;0,002;Όχι
20/01/2024 17:00;0;Όχι
20/01/2024 17:15;0;Όχι
20/01/2024 17:30;0;Όχι
20/01/2024 17:45;0;Όχι
20/01/2024 18:00;0;Όχι
20/01/2024 18:15;0;Όχι
20/01/2024 18:30;0;Όχι
20/01/2024 18:45;0;Όχι
20/01/2024 19:00;0;Όχι
20/01/2024 19:15;0;Όχι
20/01/2024 19:30;0;Όχι
20/01/2024 19:45;0;Όχι
20/01/2024 20:00;0;Όχι
20/01/2024 20:15;0;Όχι
20/01/2024 20:30;0;Όχι
20/01/2024 20:45;0;Όχι
20/01/2024 21:00;0;Όχι
20/01/2024 21:15;0;Όχι
20/01/2024 21:30;0;Όχι
20/01/2024 21:45;0;Όχι
20/01/2024 22:00;0;Όχι
20/01/2024 22:15;0;Όχι
20/01/2024 22:30;0;Όχι
20/01/2024 22:45;0;Όχι
20/01/2024 23:00;0;Όχι
20/01/2024 23:15;0;Όχι
20/01/2024 23:30;0;Όχι
20/01/2024 23:45;0;Όχι
21/01/2024 00:00;0;Όχι
21/01/2024 00:15;0;Όχι
21/01/2024 00:30;0;Όχι
21/01/2024 00:45;0;Όχι
21/01/2024 01:00;0;Όχι
21/01/2024 01:15;0;Όχι
21/01/2024 01:30;0;Όχι
21/01/2024 01:45;0;Όχι
21/01/2024 02:00;0;Όχι
21/01/2024 02:15;0;Όχι
21/01/2024 02:30;0;Όχι
21/01/2024 02:45;0;Όχι
21/01/2024 03:00;0;Όχι
21/01/2024 03:15;0;Όχι
21/01/2024 03:30;0;Όχι
21/01/2024 03:45;0;Όχι
21/01/2024 04:00;0;Όχι
21/01/2024 04:15;0;Όχι
21/01/2024 04:30;0;Όχι
21/01/2024 04:45;0;Όχι
21/01/2024 05:00;0;Όχι
21/01/2024 05:15;0;Όχι
21/01/2024 05:30;0;Όχι
21/01/2024 05:45;0;Όχι
21/01/2024 06:00;0;Όχι
21/01/2024 06:15;0;Όχι
21/01/2024 06:30;0;Όχι
21/01/2024 06:45;0;Όχι
21/01/2024 07:00;0;Όχι
21/01/2024 07:15;0;Όχι
21/01/2024 07:30;0;Όχι
21/01/2024 07:45;0;Όχι
21/01/2024 08:00;0;Όχι
21/01/2024 08:15;0,004;Όχι
21/01/2024 08:30;0,016;Όχι
21/01/2024 08:45;0,04;Όχι
21/01/2024 09:00;0,056;Όχι
21/01/2024 09:15;0,048;Όχι
21/01/2024 09:30;0,081;Όχι
21/01/2024 09:45;0,096;Όχι
21/01/2024 10:00;0,148;Όχι
21/01/2024 10:15;0,131;Όχι
21/01/2024 10:30;0,129;Όχι
21/01/2024 10:45;0,142;Όχι
21/01/2024 11:00;0,213;Όχι
21/01/2024 11:15;0,301;Όχι
21/01/2024 11:30;0,249;Όχι
21/01/2024 11:45;0,636;Όχι
21/01/2024 12:00;0,922;Όχι
21/01/2024 12:15;0,54;Όχι
21/01/2024 12:30;0,556;Όχι
21/01/2024 12:45;0,541;Όχι
21/01/2024 13:00;0,568;Όχι
21/01/2024 13:15;0,782;Όχι
21/01/2024 13:30;0,682;Όχι
21/01/2024 13:45;0,638;Όχι
21/01/2024 14:00;0,579;Όχι
21/01/2024 14:15;0,616;Όχι
21/01/2024 14:30;0,62;Όχι
21/01/2024 14:45;0,833;Όχι
21/01/2024 15:00;1,009;Όχι
21/01/2024 15:15;0,775;Όχι
21/01/2024 15:30;0,806;Όχι
21/01/2024 15:45;0,717;Όχι
21/01/2024 16:00;0,626;Όχι
21/01/2024 16:15;0,53;Όχι
21/01/2024 16:30;0,427;Όχι
21/01/2024 16:45;0,321;Όχι
21/01/2024 17:00;0,216;Όχι
21/01/2024 17:15;0,114;Όχι
21/01/2024 17:30;0,019;Όχι
21/01/2024 17:45;0;Όχι
21/01/2024 18:00;0;Όχι
21/01/2024 18:15;0;Όχι
21/01/2024 18:30;0;Όχι
21/01/2024 18:45;0;Όχι
21/01/2024 19:00;0;Όχι
21/01/2024 19:15;0;Όχι
21/01/2024 19:30;0;Όχι
21/01/2024 19:45;0;Όχι
21/01/2024 20:00;0;Όχι
21/01/2024 20:15;0;Όχι
21/01/2024 20:30;0;Όχι
21/01/2024 20:45;0;Όχι
21/01/2024 21:00;0;Όχι
21/01/2024 21:15;0;Όχι
21/01/2024 21:30;0;Όχι
21/01/2024 21:45;0;Όχι
21/01/2024 22:00;0;Όχι
21/01/2024 22:15;0;Όχι
21/01/2024 22:30;0;Όχι
21/01/2024 22:45;0;Όχι
21/01/2024 23:00;0;Όχι
21/01/2024 23:15;0;Όχι
21/01/2024 23:30;0;Όχι
21/01/2024 23:45;0;Όχι
22/01/2024 00:00;0;Όχι
22/01/2024 00:15;0;Όχι
22/01/2024 00:30;0;Όχι
22/01/2024 00:45;0;Όχι
22/01/2024 01:00;0;Όχι
22/01/2024 01:15;0;Όχι
22/01/2024 01:30;0;Όχι
22/01/2024 01:45;0;Όχι
22/01/2024 02:00;0;Όχι
22/01/2024 02:15;0;Όχι
22/01/2024 02:30;0;Όχι
22/01/2024 02:45;0;Όχι
22/01/2024 03:00;0;Όχι
22/01/2024 03:15;0;Όχι
22/01/2024 03:30;0;Όχι
22/01/2024 03:45;0;Όχι
22/01/2024 04:00;0;Όχι
22/01/2024 04:15;0;Όχι
22/01/2024 04:30;0;Όχι
22/01/2024 04:45;0;Όχι
22/01/2024 05:00;0;Όχι
22/01/2024 05:15;0;Όχι
22/01/2024 05:30;0;Όχι
22/01/2024 05:45;0;Όχι
22/01/2024 06:00;0;Όχι
22/01/2024 06:15;0;Όχι
22/01/2024 06:30;0;Όχι
22/01/2024 06:45;0;Όχι
22/01/2024 07:00;0;Όχι
22/01/2024 07:15;0;Όχι
22/01/2024 07:30;0;Όχι
22/01/2024 07:45;0;Όχι
22/01/2024 08:00;0,01;Όχι
22/01/2024 08:15;0,092;Όχι
22/01/2024 08:30;0,184;Όχι
22/01/2024 08:45;0,283;Όχι
22/01/2024 09:00;0,386;Όχι
22/01/2024 09:15;0,49;Όχι
22/01/2024 09:30;0,588;Όχι
22/01/2024 09:45;0,68;Όχι
22/01/2024 10:00;0,766;Όχι
22/01/2024 10:15;0,848;Όχι
22/01/2024 10:30;0,924;Όχι
22/01/2024 10:45;0,991;Όχι
22/01/2024 11:00;1,045;Όχι
22/01/2024 11:15;1,092;Όχι
22/01/2024 11:30;1,124;Όχι
22/01/2024 11:45;1,163;Όχι
22/01/2024 12:00;1,186;Όχι
22/01/2024 12:15;1,206;Όχι
22/01/2024 12:30;1,219;Όχι
22/01/2024 12:45;1,224;Όχι
22/01/2024 13:00;1,217;Όχι
22/01/2024 13:15;1,204;Όχι
22/01/2024 13:30;1,19;Όχι
22/01/2024 13:45;1,17;Όχι
22/01/2024 14:00;1,14;Όχι
22/01/2024 14:15;1,107;Όχι
22/01/2024 14:30;1,064;Όχι
22/01/2024 14:45;1,007;Όχι
22/01/2024 15:00;0,948;Όχι
22/01/2024 15:15;0,884;Όχι
22/01/2024 15:30;0,816;Όχι
22/01/2024 15:45;0,731;Όχι
22/01/2024 16:00;0,637;Όχι
22/01/2024 16:15;0,542;Όχι
22/01/2024 16:30;0,442;Όχι
22/01/2024 16:45;0,335;Όχι
22/01/2024 17:00;0,227;Όχι
22/01/2024 17:15;0,125;Όχι
22/01/2024 17:30;0,035;Όχι
22/01/2024 17:45;0,001;Όχι
22/01/2024 18:00;0;Όχι
22/01/2024 18:15;0;Όχι
22/01/2024 18:30;0;Όχι
22/01/2024 18:45;0;Όχι
22/01/2024 19:00;0;Όχι
22/01/2024 19:15;0;Όχι
22/01/2024 19:30;0;Όχι
22/01/2024 19:45;0;Όχι
22/01/2024 20:00;0;Όχι
22/01/2024 20:15;0;Όχι
22/01/2024 20:30;0;Όχι
22/01/2024 20:45;0;Όχι
22/01/2024 21:00;0;Όχι
22/01/2024 21:15;0;Όχι
22/01/2024 21:30;0;Όχι
22/01/2024 21:45;0;Όχι
22/01/2024 22:00;0;Όχι
22/01/2024 22:15;0;Όχι
22/01/2024 22:30;0;Όχι
22/01/2024 22:45;0;Όχι
22/01/2024 23:00;0;Όχι
22/01/2024 23:15;0;Όχι
22/01/2024 23:30;0;Όχι
22/01/2024 23:45;0;Όχι
23/01/2024 00:00;0;Όχι
23/01/2024 00:15;0;Όχι
23/01/2024 00:30;0;Όχι
23/01/2024 00:45;0;Όχι
23/01/2024 01:00;0;Όχι
23/01/2024 01:15;0;Όχι
23/01/2024 01:30;0;Όχι
23/01/2024 01:45;0;Όχι
23/01/2024 02:00;0;Όχι
23/01/2024 02:15;0;Όχι
23/01/2024 02:30;0;Όχι
23/01/2024 02:45;0;Όχι
23/01/2024 03:00;0;Όχι
23/01/2024 03:15;0;Όχι
23/01/2024 03:30;0;Όχι
23/01/2024 03:45;0;Όχι
23/01/2024 04:00;0;Όχι
23/01/2024 04:15;0;Όχι
23/01/2024 04:30;0;Όχι
23/01/2024 04:45;0;Όχι
23/01/2024 05:00;0;Όχι
23/01/2024 05:15;0;Όχι
23/01/2024 05:30;0;Όχι
23/01/2024 05:45;0;Όχι
23/01/2024 06:00;0;Όχι
23/01/2024 06:15;0;Όχι
23/01/2024 06:30;0;Όχι
23/01/2024 06:45;0;Όχι
23/01/2024 07:00;0;Όχι
23/01/2024 07:15;0;Όχι
23/01/2024 07:30;0;Όχι
23/01/2024 07:45;0;Όχι
23/01/2024 08:00;0,007;Όχι
23/01/2024 08:15;0,068;Όχι
23/01/2024 08:30;0,126;Όχι
23/01/2024 08:45;0,217;Όχι
23/01/2024 09:00;0,316;Όχι
23/01/2024 09:15;0,482;Όχι
23/01/2024 09:30;0,597;Όχι
23/01/2024 09:45;0,679;Όχι
23/01/2024 10:00;0,758;Όχι
23/01/2024 10:15;0,83;Όχι
23/01/2024 10:30;0,893;Όχι
23/01/2024 10:45;0,959;Όχι
23/01/2024 11:00;1,016;Όχι
23/01/2024 11:15;1,057;Όχι
23/01/2024 11:30;1,086;Όχι
23/01/2024 11:45;1,123;Όχι
23/01/2024 12:00;1,16;Όχι
23/01/2024 12:15;1,177;Όχι
23/01/2024 12:30;1,195;Όχι
23/01/2024 12:45;1,194;Όχι
23/01/2024 13:00;1,199;Όχι
23/01/2024 13:15;1,188;Όχι
23/01/2024 13:30;1,188;Όχι
23/01/2024 13:45;1,169;Όχι
23/01/2024 14:00;1,139;Όχι
23/01/2024 14:15;1,095;Όχι
23/01/2024 14:30;1,047;Όχι
23/01/2024 14:45;0,993;Όχι
23/01/2024 15:00;0,934;Όχι
23/01/2024 15:15;0,868;Όχι
23/01/2024 15:30;0,797;Όχι
23/01/2024 15:45;0,714;Όχι
23/01/2024 16:00;0,625;Όχι
23/01/2024 16:15;0,53;Όχι
23/01/2024 16:30;0,428;Όχι
23/01/2024 16:45;0,321;Όχι
23/01/2024 17:00;0,201;Όχι
23/01/2024 17:15;0,08;Όχι
23/01/2024 17:30;0,016;Όχι
23/01/2024 17:45;0;Όχι
23/01/2024 18:00;0;Όχι
23/01/2024 18:15;0;Όχι
23/01/2024 18:30;0;Όχι
23/01/2024 18:45;0;Όχι
23/01/2024 19:00;0;Όχι
23/01/2024 19:15;0;Όχι
23/01/2024 19:30;0;Όχι
23/01/2024 19:45;0;Όχι
23/01/2024 20:00;0;Όχι
23/01/2024 20:15;0;Όχι
23/01/2024 20:30;0;Όχι
23/01/2024 20:45;0;Όχι
23/01/2024 21:00;0;Όχι
23/01/2024 21:15;0;Όχι
23/01/2024 21:30;0;Όχι
23/01/2024 21:45;0;Όχι
23/01/2024 22:00;0;Όχι
23/01/2024 22:15;0;Όχι
23/01/2024 22:30;0;Όχι
23/01/2024 22:45;0;Όχι
23/01/2024 23:00;0;Όχι
23/01/2024 23:15;0;Όχι
23/01/2024 23:30;0;Όχι
23/01/2024 23:45;0;Όχι
24/01/2024 00:00;0;Όχι
24/01/2024 00:15;0;Όχι
24/01/2024 00:30;0;Όχι
24/01/2024 00:45;0;Όχι
24/01/2024 01:00;0;Όχι
24/01/2024 01:15;0;Όχι
24/01/2024 01:30;0;Όχι
24/01/2024 01:45;0;Όχι
24/01/2024 02:00;0;Όχι
24/01/2024 02:15;0;Όχι
24/01/2024 02:30;0;Όχι
24/01/2024 02:45;0;Όχι
24/01/2024 03:00;0;Όχι
24/01/2024 03:15;0;Όχι
24/01/2024 03:30;0;Όχι
24/01/2024 03:45;0;Όχι
24/01/2024 04:00;0;Όχι
24/01/2024 04:15;0;Όχι
24/01/2024 04:30;0;Όχι
24/01/2024 04:45;0;Όχι
24/01/2024 05:00;0;Όχι
24/01/2024 05:15;0;Όχι
24/01/2024 05:30;0;Όχι
24/01/2024 05:45;0;Όχι
24/01/2024 06:00;0;Όχι
24/01/2024 06:15;0;Όχι
24/01/2024 06:30;0;Όχι
24/01/2024 06:45;0;Όχι
24/01/2024 07:00;0;Όχι
24/01/2024 07:15;0;Όχι
24/01/2024 07:30;0;Όχι
24/01/2024 07:45;0;Όχι
24/01/2024 08:00;0,008;Όχι
24/01/2024 08:15;0,078;Όχι
24/01/2024 08:30;0,162;Όχι
24/01/2024 08:45;0,275;Όχι
24/01/2024 09:00;0,382;Όχι
24/01/2024 09:15;0,477;Όχι
24/01/2024 09:30;0,567;Όχι
24/01/2024 09:45;0,662;Όχι
24/01/2024 10:00;0,747;Όχι
24/01/2024 10:15;0,823;Όχι
24/01/2024 10:30;0,892;Όχι
24/01/2024 10:45;0,952;Όχι
24/01/2024 11:00;1,005;Όχι
24/01/2024 11:15;1,06;Όχι
24/01/2024 11:30;1,137;Όχι
24/01/2024 11:45;1,184;Όχι
24/01/2024 12:00;1,221;Όχι
24/01/2024 12:15;1,241;Όχι
24/01/2024 12:30;1,257;Όχι
24/01/2024 12:45;1,264;Όχι
24/01/2024 13:00;1,266;Όχι
24/01/2024 13:15;1,251;Όχι
24/01/2024 13:30;1,203;Όχι
24/01/2024 13:45;1,188;Όχι
24/01/2024 14:00;1,142;Όχι
24/01/2024 14:15;1,094;Όχι
24/01/2024 14:30;1,048;Όχι
24/01/2024 14:45;1,004;Όχι
24/01/2024 15:00;0,922;Όχι
24/01/2024 15:15;0,848;Όχι
24/01/2024 15:30;0,784;Όχι
24/01/2024 15:45;0,704;Όχι
24/01/2024 16:00;0,623;Όχι
24/01/2024 16:15;0,514;Όχι
24/01/2024 16:30;0,429;Όχι
24/01/2024 16:45;0,329;Όχι
24/01/2024 17:00;0,229;Όχι
24/01/2024 17:15;0,127;Όχι
24/01/2024 17:30;0,041;Όχι
24/01/2024 17:45;0,002;Όχι
24/01/2024 18:00;0;Όχι
24/01/2024 18:15;0;Όχι
24/01/2024 18:30;0;Όχι
24/01/2024 18:45;0;Όχι
24/01/2024 19:00;0;Όχι
24/01/2024 19:15;0;Όχι
24/01/2024 19:30;0;Όχι
24/01/2024 19:45;0;Όχι
24/01/2024 20:00;0;Όχι
24/01/2024 20:15;0;Όχι
24/01/2024 20:30;0;Όχι
24/01/2024 20:45;0;Όχι
24/01/2024 21:00;0;Όχι
24/01/2024 21:15;0;Όχι
24/01/2024 21:30;0;Όχι
24/01/2024 21:45;0;Όχι
24/01/2024 22:00;0;Όχι
24/01/2024 22:15;0;Όχι
24/01/2024 22:30;0;Όχι
24/01/2024 22:45;0;Όχι
24/01/2024 23:00;0;Όχι
24/01/2024 23:15;0;Όχι
24/01/2024 23:30;0;Όχι
24/01/2024 23:45;0;Όχι
25/01/2024 00:00;0;Όχι
25/01/2024 00:15;0;Όχι
25/01/2024 00:30;0;Όχι
25/01/2024 00:45;0;Όχι
25/01/2024 01:00;0;Όχι
25/01/2024 01:15;0;Όχι
25/01/2024 01:30;0;Όχι
25/01/2024 01:45;0;Όχι
25/01/2024 02:00;0;Όχι
25/01/2024 02:15;0;Όχι
25/01/2024 02:30;0;Όχι
25/01/2024 02:45;0;Όχι
25/01/2024 03:00;0;Όχι
25/01/2024 03:15;0;Όχι
25/01/2024 03:30;0;Όχι
25/01/2024 03:45;0;Όχι
25/01/2024 04:00;0;Όχι
25/01/2024 04:15;0;Όχι
25/01/2024 04:30;0;Όχι
25/01/2024 04:45;0;Όχι
25/01/2024 05:00;0;Όχι
25/01/2024 05:15;0;Όχι
25/01/2024 05:30;0;Όχι
25/01/2024 05:45;0;Όχι
25/01/2024 06:00;0;Όχι
25/01/2024 06:15;0;Όχι
25/01/2024 06:30;0;Όχι
25/01/2024 06:45;0;Όχι
25/01/2024 07:00;0;Όχι
25/01/2024 07:15;0;Όχι
25/01/2024 07:30;0;Όχι
25/01/2024 07:45;0;Όχι
25/01/2024 08:00;0,01;Όχι
25/01/2024 08:15;0,032;Όχι
25/01/2024 08:30;0,016;Όχι
25/01/2024 08:45;0,03;Όχι
25/01/2024 09:00;0,034;Όχι
25/01/2024 09:15;0,057;Όχι
25/01/2024 09:30;0,105;Όχι
25/01/2024 09:45;0,17;Όχι
25/01/2024 10:00;0,123;Όχι
25/01/2024 10:15;0;Όχι
25/01/2024 10:30;0;Όχι
25/01/2024 10:45;0;Όχι
25/01/2024 11:00;0;Όχι
25/01/2024 11:15;0,297;Όχι
25/01/2024 11:30;0,626;Όχι
25/01/2024 11:45;0,546;Όχι
25/01/2024 12:00;0,504;Όχι
25/01/2024 12:15;0,439;Όχι
25/01/2024 12:30;0,403;Όχι
25/01/2024 12:45;0,338;Όχι
25/01/2024 13:00;0,305;Όχι
25/01/2024 13:15;0,298;Όχι
25/01/2024 13:30;0,272;Όχι
25/01/2024 13:45;0,31;Όχι
25/01/2024 14:00;0,393;Όχι
25/01/2024 14:15;0,283;Όχι
25/01/2024 14:30;0,281;Όχι
25/01/2024 14:45;0,218;Όχι
25/01/2024 15:00;0,139;Όχι
25/01/2024 15:15;0,136;Όχι
25/01/2024 15:30;0,062;Όχι
25/01/2024 15:45;0,03;Όχι
25/01/2024 16:00;0,034;Όχι
25/01/2024 16:15;0,016;Όχι
25/01/2024 16:30;0,03;Όχι
25/01/2024 16:45;0,043;Όχι
25/01/2024 17:00;0,041;Όχι
25/01/2024 17:15;0,014;Όχι
25/01/2024 17:30;0;Όχι
25/01/2024 17:45;0;Όχι
25/01/2024 18:00;0;Όχι
25/01/2024 18:15;0;Όχι
25/01/2024 18:30;0;Όχι
25/01/2024 18:45;0;Όχι
25/01/2024 19:00;0;Όχι
25/01/2024 19:15;0;Όχι
25/01/2024 19:30;0;Όχι
25/01/2024 19:45;0;Όχι
25/01/2024 20:00;0;Όχι
25/01/2024 20:15;0;Όχι
25/01/2024 20:30;0;Όχι
25/01/2024 20:45;0;Όχι
25/01/2024 21:00;0;Όχι
25/01/2024 21:15;0;Όχι
25/01/2024 21:30;0;Όχι
25/01/2024 21:45;0;Όχι
25/01/2024 22:00;0;Όχι
25/01/2024 22:15;0;Όχι
25/01/2024 22:30;0;Όχι
25/01/2024 22:45;0;Όχι
25/01/2024 23:00;0;Όχι
25/01/2024 23:15;0;Όχι
25/01/2024 23:30;0;Όχι
25/01/2024 23:45;0;Όχι
26/01/2024 00:00;0;Όχι
26/01/2024 00:15;0;Όχι
26/01/2024 00:30;0;Όχι
26/01/2024 00:45;0;Όχι
26/01/2024 01:00;0;Όχι
26/01/2024 01:15;0;Όχι
26/01/2024 01:30;0;Όχι
26/01/2024 01:45;0;Όχι
26/01/2024 02:00;0;Όχι
26/01/2024 02:15;0;Όχι
26/01/2024 02:30;0;Όχι
26/01/2024 02:45;0;Όχι
26/01/2024 03:00;0;Όχι
26/01/2024 03:15;0;Όχι
26/01/2024 03:30;0;Όχι
26/01/2024 03:45;0;Όχι
26/01/2024 04:00;0;Όχι
26/01/2024 04:15;0;Όχι
26/01/2024 04:30;0;Όχι
26/01/2024 04:45;0;Όχι
26/01/2024 05:00;0;Όχι
26/01/2024 05:15;0;Όχι
26/01/2024 05:30;0;Όχι
26/01/2024 05:45;0;Όχι
26/01/2024 06:00;0;Όχι
26/01/2024 06:15;0;Όχι
26/01/2024 06:30;0;Όχι
26/01/2024 06:45;0;Όχι
26/01/2024 07:00;0;Όχι
26/01/2024 07:15;0;Όχι
26/01/2024 07:30;0;Όχι
26/01/2024 07:45;0;Όχι
26/01/2024 08:00;0,01;Όχι
26/01/2024 08:15;0,068;Όχι
26/01/2024 08:30;0,156;Όχι
26/01/2024 08:45;0,251;Όχι
26/01/2024 09:00;0,348;Όχι
26/01/2024 09:15;0,454;Όχι
26/01/2024 09:30;0,554;Όχι
26/01/2024 09:45;0,649;Όχι
26/01/2024 10:00;0,745;Όχι
26/01/2024 10:15;0,827;Όχι
26/01/2024 10:30;0,902;Όχι
26/01/2024 10:45;0,974;Όχι
26/01/2024 11:00;1,042;Όχι
26/01/2024 11:15;1,095;Όχι
26/01/2024 11:30;1,142;Όχι
26/01/2024 11:45;1,178;Όχι
26/01/2024 12:00;1,216;Όχι
26/01/2024 12:15;1,244;Όχι
26/01/2024 12:30;1,263;Όχι
26/01/2024 12:45;1,268;Όχι
26/01/2024 13:00;1,268;Όχι
26/01/2024 13:15;1,258;Όχι
26/01/2024 13:30;1,235;Όχι
26/01/2024 13:45;1,212;Όχι
26/01/2024 14:00;1,182;Όχι
26/01/2024 14:15;1,138;Όχι
26/01/2024 14:30;1,09;Όχι
26/01/2024 14:45;1,033;Όχι
26/01/2024 15:00;0,971;Όχι
26/01/2024 15:15;0,899;Όχι
26/01/2024 15:30;0,824;Όχι
26/01/2024 15:45;0,737;Όχι
26/01/2024 16:00;0,644;Όχι
26/01/2024 16:15;0,54;Όχι
26/01/2024 16:30;0,431;Όχι
26/01/2024 16:45;0,327;Όχι
26/01/2024 17:00;0,221;Όχι
26/01/2024 17:15;0,119;Όχι
26/01/2024 17:30;0,042;Όχι
26/01/2024 17:45;0,002;Όχι
26/01/2024 18:00;0;Όχι
26/01/2024 18:15;0;Όχι
26/01/2024 18:30;0;Όχι
26/01/2024 18:45;0;Όχι
26/01/2024 19:00;0;Όχι
26/01/2024 19:15;0;Όχι
26/01/2024 19:30;0;Όχι
26/01/2024 19:45;0;Όχι
26/01/2024 20:00;0;Όχι
26/01/2024 20:15;0;Όχι
26/01/2024 20:30;0;Όχι
26/01/2024 20:45;0;Όχι
26/01/2024 21:00;0;Όχι
26/01/2024 21:15;0;Όχι
26/01/2024 21:30;0;Όχι
26/01/2024 21:45;0;Όχι
26/01/2024 22:00;0;Όχι
26/01/2024 22:15;0;Όχι
26/01/2024 22:30;0;Όχι
26/01/2024 22:45;0;Όχι
26/01/2024 23:00;0;Όχι
26/01/2024 23:15;0;Όχι
26/01/2024 23:30;0;Όχι
26/01/2024 23:45;0;Όχι
27/01/2024 00:00;0;Όχι
27/01/2024 00:15;0;Όχι
27/01/2024 00:30;0;Όχι
27/01/2024 00:45;0;Όχι
27/01/2024 01:00;0;Όχι
27/01/2024 01:15;0;Όχι
27/01/2024 01:30;0;Όχι
27/01/2024 01:45;0;Όχι
27/01/2024 02:00;0;Όχι
27/01/2024 02:15;0;Όχι
27/01/2024 02:30;0;Όχι
27/01/2024 02:45;0;Όχι
27/01/2024 03:00;0;Όχι
27/01/2024 03:15;0;Όχι
27/01/2024 03:30;0;Όχι
27/01/2024 03:45;0;Όχι
27/01/2024 04:00;0;Όχι
27/01/2024 04:15;0;Όχι
27/01/2024 04:30;0;Όχι
27/01/2024 04:45;0;Όχι
27/01/2024 05:00;0;Όχι
27/01/2024 05:15;0;Όχι
27/01/2024 05:30;0;Όχι
27/01/2024 05:45;0;Όχι
27/01/2024 06:00;0;Όχι
27/01/2024 06:15;0;Όχι
27/01/2024 06:30;0;Όχι
27/01/2024 06:45;0;Όχι
27/01/2024 07:00;0;Όχι
27/01/2024 07:15;0;Όχι
27/01/2024 07:30;0;Όχι
27/01/2024 07:45;0;Όχι
27/01/2024 08:00;0;Όχι
27/01/2024 08:15;0,011;Όχι
27/01/2024 08:30;0,019;Όχι
27/01/2024 08:45;0,017;Όχι
27/01/2024 09:00;0,022;Όχι
27/01/2024 09:15;0,057;Όχι
27/01/2024 09:30;0,143;Όχι
27/01/2024 09:45;0,353;Όχι
27/01/2024 10:00;0,108;Όχι
27/01/2024 10:15;0,057;Όχι
27/01/2024 10:30;0,188;Όχι
27/01/2024 10:45;0,754;Όχι
27/01/2024 11:00;0,662;Όχι
27/01/2024 11:15;0,401;Όχι
27/01/2024 11:30;0,226;Όχι
27/01/2024 11:45;0,482;Όχι
27/01/2024 12:00;1,228;Όχι
27/01/2024 12:15;1,261;Όχι
27/01/2024 12:30;1,292;Όχι
27/01/2024 12:45;1,259;Όχι
27/01/2024 13:00;1,273;Όχι
27/01/2024 13:15;1,272;Όχι
27/01/2024 13:30;1,275;Όχι
27/01/2024 13:45;1,248;Όχι
27/01/2024 14:00;1,217;Όχι
27/01/2024 14:15;1,173;Όχι
27/01/2024 14:30;1,12;Όχι
27/01/2024 14:45;1,072;Όχι
27/01/2024 15:00;1,006;Όχι
27/01/2024 15:15;0,936;Όχι
27/01/2024 15:30;0,855;Όχι
27/01/2024 15:45;0,77;Όχι
27/01/2024 16:00;0,67;Όχι
27/01/2024 16:15;0,566;Όχι
27/01/2024 16:30;0,461;Όχι
27/01/2024 16:45;0,354;Όχι
27/01/2024 17:00;0,25;Όχι
27/01/2024 17:15;0,144;Όχι
27/01/2024 17:30;0,059;Όχι
27/01/2024 17:45;0,002;Όχι
27/01/2024 18:00;0;Όχι
27/01/2024 18:15;0;Όχι
27/01/2024 18:30;0;Όχι
27/01/2024 18:45;0;Όχι
27/01/2024 19:00;0;Όχι
27/01/2024 19:15;0;Όχι
27/01/2024 19:30;0;Όχι
27/01/2024 19:45;0;Όχι
27/01/2024 20:00;0;Όχι
27/01/2024 20:15;0;Όχι
27/01/2024 20:30;0;Όχι
27/01/2024 20:45;0;Όχι
27/01/2024 21:00;0;Όχι
27/01/2024 21:15;0;Όχι
27/01/2024 21:30;0;Όχι
27/01/2024 21:45;0;Όχι
27/01/2024 22:00;0;Όχι
27/01/2024 22:15;0;Όχι
27/01/2024 22:30;0;Όχι
27/01/2024 22:45;0;Όχι
27/01/2024 23:00;0;Όχι
27/01/2024 23:15;0;Όχι
27/01/2024 23:30;0;Όχι
27/01/2024 23:45;0;Όχι
28/01/2024 00:00;0;Όχι
28/01/2024 00:15;0;Όχι
28/01/2024 00:30;0;Όχι
28/01/2024 00:45;0;Όχι
28/01/2024 01:00;0;Όχι
28/01/2024 01:15;0;Όχι
28/01/2024 01:30;0;Όχι
28/01/2024 01:45;0;Όχι
28/01/2024 02:00;0;Όχι
28/01/2024 02:15;0;Όχι
28/01/2024 02:30;0;Όχι
28/01/2024 02:45;0;Όχι
28/01/2024 03:00;0;Όχι
28/01/2024 03:15;0;Όχι
28/01/2024 03:30;0;Όχι
28/01/2024 03:45;0;Όχι
28/01/2024 04:00;0;Όχι
28/01/2024 04:15;0;Όχι
28/01/2024 04:30;0;Όχι
28/01/2024 04:45;0;Όχι
28/01/2024 05:00;0;Όχι
28/01/2024 05:15;0;Όχι
28/01/2024 05:30;0;Όχι
28/01/2024 05:45;0;Όχι
28/01/2024 06:00;0;Όχι
28/01/2024 06:15;0;Όχι
28/01/2024 06:30;0;Όχι
28/01/2024 06:45;0;Όχι
28/01/2024 07:00;0;Όχι
28/01/2024 07:15;0;Όχι
28/01/2024 07:30;0;Όχι
28/01/2024 07:45;0;Όχι
28/01/2024 08:00;0,007;Όχι
28/01/2024 08:15;0,091;Όχι
28/01/2024 08:30;0,18;Όχι
28/01/2024 08:45;0,285;Όχι
28/01/2024 09:00;0,393;Όχι
28/01/2024 09:15;0,5;Όχι
28/01/2024 09:30;0,605;Όχι
28/01/2024 09:45;0,703;Όχι
28/01/2024 10:00;0,793;Όχι
28/01/2024 10:15;0,878;Όχι
28/01/2024 10:30;0,956;Όχι
28/01/2024 10:45;1,027;Όχι
28/01/2024 11:00;1,086;Όχι
28/01/2024 11:15;1,132;Όχι
28/01/2024 11:30;1,179;Όχι
28/01/2024 11:45;1,217;Όχι
28/01/2024 12:00;1,239;Όχι
28/01/2024 12:15;1,264;Όχι
28/01/2024 12:30;1,283;Όχι
28/01/2024 12:45;1,293;Όχι
28/01/2024 13:00;1,292;Όχι
28/01/2024 13:15;1,275;Όχι
28/01/2024 13:30;1,262;Όχι
28/01/2024 13:45;1,236;Όχι
28/01/2024 14:00;1,203;Όχι
28/01/2024 14:15;1,165;Όχι
28/01/2024 14:30;1,119;Όχι
28/01/2024 14:45;1,059;Όχι
28/01/2024 15:00;0,997;Όχι
28/01/2024 15:15;0,924;Όχι
28/01/2024 15:30;0,851;Όχι
28/01/2024 15:45;0,764;Όχι
28/01/2024 16:00;0,668;Όχι
28/01/2024 16:15;0,57;Όχι
28/01/2024 16:30;0,443;Όχι
28/01/2024 16:45;0,354;Όχι
28/01/2024 17:00;0,215;Όχι
28/01/2024 17:15;0,071;Όχι
28/01/2024 17:30;0,037;Όχι
28/01/2024 17:45;0,003;Όχι
28/01/2024 18:00;0;Όχι
28/01/2024 18:15;0;Όχι
28/01/2024 18:30;0;Όχι
28/01/2024 18:45;0;Όχι
28/01/2024 19:00;0;Όχι
28/01/2024 19:15;0;Όχι
28/01/2024 19:30;0;Όχι
28/01/2024 19:45;0;Όχι
28/01/2024 20:00;0;Όχι
28/01/2024 20:15;0;Όχι
28/01/2024 20:30;0;Όχι
28/01/2024 20:45;0;Όχι
28/01/2024 21:00;0;Όχι
28/01/2024 21:15;0;Όχι
28/01/2024 21:30;0;Όχι
28/01/2024 21:45;0;Όχι
28/01/2024 22:00;0;Όχι
28/01/2024 22:15;0;Όχι
28/01/2024 22:30;0;Όχι
28/01/2024 22:45;0;Όχι
28/01/2024 23:00;0;Όχι
28/01/2024 23:15;0;Όχι
28/01/2024 23:30;0;Όχι
28/01/2024 23:45;0;Όχι
29/01/2024 00:00;0;Όχι
29/01/2024 00:15;0;Όχι
29/01/2024 00:30;0;Όχι
29/01/2024 00:45;0;Όχι
29/01/2024 01:00;0;Όχι
29/01/2024 01:15;0;Όχι
29/01/2024 01:30;0;Όχι
29/01/2024 01:45;0;Όχι
29/01/2024 02:00;0;Όχι
29/01/2024 02:15;0;Όχι
29/01/2024 02:30;0;Όχι
29/01/2024 02:45;0;Όχι
29/01/2024 03:00;0;Όχι
29/01/2024 03:15;0;Όχι
29/01/2024 03:30;0;Όχι
29/01/2024 03:45;0;Όχι
29/01/2024 04:00;0;Όχι
29/01/2024 04:15;0;Όχι
29/01/2024 04:30;0;Όχι
29/01/2024 04:45;0;Όχι
29/01/2024 05:00;0;Όχι
29/01/2024 05:15;0;Όχι
29/01/2024 05:30;0;Όχι
29/01/2024 05:45;0;Όχι
29/01/2024 06:00;0;Όχι
29/01/2024 06:15;0;Όχι
29/01/2024 06:30;0;Όχι
29/01/2024 06:45;0;Όχι
29/01/2024 07:00;0;Όχι
29/01/2024 07:15;0;Όχι
29/01/2024 07:30;0;Όχι
29/01/2024 07:45;0;Όχι
29/01/2024 08:00;0,008;Όχι
29/01/2024 08:15;0,09;Όχι
29/01/2024 08:30;0,181;Όχι
29/01/2024 08:45;0,281;Όχι
29/01/2024 09:00;0,388;Όχι
29/01/2024 09:15;0,491;Όχι
29/01/2024 09:30;0,602;Όχι
29/01/2024 09:45;0,695;Όχι
29/01/2024 10:00;0,783;Όχι
29/01/2024 10:15;0,867;Όχι
29/01/2024 10:30;0,942;Όχι
29/01/2024 10:45;1,007;Όχι
29/01/2024 11:00;1,064;Όχι
29/01/2024 11:15;1,107;Όχι
29/01/2024 11:30;1,154;Όχι
29/01/2024 11:45;1,187;Όχι
29/01/2024 12:00;1,208;Όχι
29/01/2024 12:15;1,227;Όχι
29/01/2024 12:30;1,229;Όχι
29/01/2024 12:45;1,224;Όχι
29/01/2024 13:00;1,226;Όχι
29/01/2024 13:15;1,134;Όχι
29/01/2024 13:30;1,133;Όχι
29/01/2024 13:45;1,186;Όχι
29/01/2024 14:00;1,176;Όχι
29/01/2024 14:15;0,999;Όχι
29/01/2024 14:30;1,13;Όχι
29/01/2024 14:45;0,824;Όχι
29/01/2024 15:00;0,425;Όχι
29/01/2024 15:15;0,215;Όχι
29/01/2024 15:30;0,216;Όχι
29/01/2024 15:45;0,217;Όχι
29/01/2024 16:00;0,19;Όχι
29/01/2024 16:15;0,116;Όχι
29/01/2024 16:30;0,11;Όχι
29/01/2024 16:45;0,089;Όχι
29/01/2024 17:00;0,065;Όχι
29/01/2024 17:15;0,036;Όχι
29/01/2024 17:30;0,006;Όχι
29/01/2024 17:45;0;Όχι
29/01/2024 18:00;0;Όχι
29/01/2024 18:15;0;Όχι
29/01/2024 18:30;0;Όχι
29/01/2024 18:45;0;Όχι
29/01/2024 19:00;0;Όχι
29/01/2024 19:15;0;Όχι
29/01/2024 19:30;0;Όχι
29/01/2024 19:45;0;Όχι
29/01/2024 20:00;0;Όχι
29/01/2024 20:15;0;Όχι
29/01/2024 20:30;0;Όχι
29/01/2024 20:45;0;Όχι
29/01/2024 21:00;0;Όχι
29/01/2024 21:15;0;Όχι
29/01/2024 21:30;0;Όχι
29/01/2024 21:45;0;Όχι
29/01/2024 22:00;0;Όχι
29/01/2024 22:15;0;Όχι
29/01/2024 22:30;0;Όχι
29/01/2024 22:45;0;Όχι
29/01/2024 23:00;0;Όχι
29/01/2024 23:15;0;Όχι
29/01/2024 23:30;0;Όχι
29/01/2024 23:45;0;Όχι
30/01/2024 00:00;0;Όχι
30/01/2024 00:15;0;Όχι
30/01/2024 00:30;0;Όχι
30/01/2024 00:45;0;Όχι
30/01/2024 01:00;0;Όχι
30/01/2024 01:15;0;Όχι
30/01/2024 01:30;0;Όχι
30/01/2024 01:45;0;Όχι
30/01/2024 02:00;0;Όχι
30/01/2024 02:15;0;Όχι
30/01/2024 02:30;0;Όχι
30/01/2024 02:45;0;Όχι
30/01/2024 03:00;0;Όχι
30/01/2024 03:15;0;Όχι
30/01/2024 03:30;0;Όχι
30/01/2024 03:45;0;Όχι
30/01/2024 04:00;0;Όχι
30/01/2024 04:15;0;Όχι
30/01/2024 04:30;0;Όχι
30/01/2024 04:45;0;Όχι
30/01/2024 05:00;0;Όχι
30/01/2024 05:15;0;Όχι
30/01/2024 05:30;0;Όχι
30/01/2024 05:45;0;Όχι
30/01/2024 06:00;0;Όχι
30/01/2024 06:15;0;Όχι
30/01/2024 06:30;0;Όχι
30/01/2024 06:45;0;Όχι
30/01/2024 07:00;0;Όχι
30/01/2024 07:15;0;Όχι
30/01/2024 07:30;0;Όχι
30/01/2024 07:45;0;Όχι
30/01/2024 08:00;0,023;Όχι
30/01/2024 08:15;0,103;Όχι
30/01/2024 08:30;0,193;Όχι
30/01/2024 08:45;0,294;Όχι
30/01/2024 09:00;0,397;Όχι
30/01/2024 09:15;0,502;Όχι
30/01/2024 09:30;0,605;Όχι
30/01/2024 09:45;0,703;Όχι
30/01/2024 10:00;0,793;Όχι
30/01/2024 10:15;0,873;Όχι
30/01/2024 10:30;0,945;Όχι
30/01/2024 10:45;1,01;Όχι
30/01/2024 11:00;1,072;Όχι
30/01/2024 11:15;1,128;Όχι
30/01/2024 11:30;1,173;Όχι
30/01/2024 11:45;1,198;Όχι
30/01/2024 12:00;1,227;Όχι
30/01/2024 12:15;1,25;Όχι
30/01/2024 12:30;1,252;Όχι
30/01/2024 12:45;1,253;Όχι
30/01/2024 13:00;1,253;Όχι
30/01/2024 13:15;1,236;Όχι
30/01/2024 13:30;1,217;Όχι
30/01/2024 13:45;1,189;Όχι
30/01/2024 14:00;1,175;Όχι
30/01/2024 14:15;1,13;Όχι
30/01/2024 14:30;1,078;Όχι
30/01/2024 14:45;1,036;Όχι
30/01/2024 15:00;0,974;Όχι
30/01/2024 15:15;0,898;Όχι
30/01/2024 15:30;0,807;Όχι
30/01/2024 15:45;0,734;Όχι
30/01/2024 16:00;0,657;Όχι
30/01/2024 16:15;0,564;Όχι
30/01/2024 16:30;0,46;Όχι
30/01/2024 16:45;0,355;Όχι
30/01/2024 17:00;0,253;Όχι
30/01/2024 17:15;0,156;Όχι
30/01/2024 17:30;0,073;Όχι
30/01/2024 17:45;0,01;Όχι
30/01/2024 18:00;0;Όχι
30/01/2024 18:15;0;Όχι
30/01/2024 18:30;0;Όχι
30/01/2024 18:45;0;Όχι
30/01/2024 19:00;0;Όχι
30/01/2024 19:15;0;Όχι
30/01/2024 19:30;0;Όχι
30/01/2024 19:45;0;Όχι
30/01/2024 20:00;0;Όχι
30/01/2024 20:15;0;Όχι
30/01/2024 20:30;0;Όχι
30/01/2024 20:45;0;Όχι
30/01/2024 21:00;0;Όχι
30/01/2024 21:15;0;Όχι
30/01/2024 21:30;0;Όχι
30/01/2024 21:45;0;Όχι
30/01/2024 22:00;0;Όχι
30/01/2024 22:15;0;Όχι
30/01/2024 22:30;0;Όχι
30/01/2024 22:45;0;Όχι
30/01/2024 23:00;0;Όχι
30/01/2024 23:15;0;Όχι
30/01/2024 23:30;0;Όχι
30/01/2024 23:45;0;Όχι
31/01/2024 00:00;0;Όχι
31/01/2024 00:15;0;Όχι
31/01/2024 00:30;0;Όχι
31/01/2024 00:45;0;Όχι
31/01/2024 01:00;0;Όχι
31/01/2024 01:15;0;Όχι
31/01/2024 01:30;0;Όχι
31/01/2024 01:45;0;Όχι
31/01/2024 02:00;0;Όχι
31/01/2024 02:15;0;Όχι
31/01/2024 02:30;0;Όχι
31/01/2024 02:45;0;Όχι
31/01/2024 03:00;0;Όχι
31/01/2024 03:15;0;Όχι
31/01/2024 03:30;0;Όχι
31/01/2024 03:45;0;Όχι
31/01/2024 04:00;0;Όχι
31/01/2024 04:15;0;Όχι
31/01/2024 04:30;0;Όχι
31/01/2024 04:45;0;Όχι
31/01/2024 05:00;0;Όχι
31/01/2024 05:15;0;Όχι
31/01/2024 05:30;0;Όχι
31/01/2024 05:45;0;Όχι
31/01/2024 06:00;0;Όχι
31/01/2024 06:15;0;Όχι
31/01/2024 06:30;0;Όχι
31/01/2024 06:45;0;Όχι
31/01/2024 07:00;0;Όχι
31/01/2024 07:15;0;Όχι
31/01/2024 07:30;0;Όχι
31/01/2024 07:45;0;Όχι
31/01/2024 08:00;0,031;Όχι
31/01/2024 08:15;0,122;Όχι
31/01/2024 08:30;0,218;Όχι
31/01/2024 08:45;0,319;Όχι
31/01/2024 09:00;0,421;Όχι
31/01/2024 09:15;0,518;Όχι
31/01/2024 09:30;0,618;Όχι
31/01/2024 09:45;0,716;Όχι
31/01/2024 10:00;0,805;Όχι
31/01/2024 10:15;0,885;Όχι
31/01/2024 10:30;0,96;Όχι
31/01/2024 10:45;1,021;Όχι
31/01/2024 11:00;1,076;Όχι
31/01/2024 11:15;1,128;Όχι
31/01/2024 11:30;1,163;Όχι
31/01/2024 11:45;1,192;Όχι
31/01/2024 12:00;1,205;Όχι
31/01/2024 12:15;1,24;Όχι
31/01/2024 12:30;1,247;Όχι
31/01/2024 12:45;1,248;Όχι
31/01/2024 13:00;1,257;Όχι
31/01/2024 13:15;1,261;Όχι
31/01/2024 13:30;1,243;Όχι
31/01/2024 13:45;1,225;Όχι
31/01/2024 14:00;1,191;Όχι
31/01/2024 14:15;1,15;Όχι
31/01/2024 14:30;1,094;Όχι
31/01/2024 14:45;1,041;Όχι
31/01/2024 15:00;0,985;Όχι
31/01/2024 15:15;0,924;Όχι
31/01/2024 15:30;0,85;Όχι
31/01/2024 15:45;0,774;Όχι
31/01/2024 16:00;0,686;Όχι
31/01/2024 16:15;0,589;Όχι
31/01/2024 16:30;0,48;Όχι
31/01/2024 16:45;0,356;Όχι
31/01/2024 17:00;0,265;Όχι
31/01/2024 17:15;0,165;Όχι
31/01/2024 17:30;0,078;Όχι
31/01/2024 17:45;0,014;Όχι
31/01/2024 18:00;0;Όχι
31/01/2024 18:15;0;Όχι
31/01/2024 18:30;0;Όχι
31/01/2024 18:45;0;Όχι
31/01/2024 19:00;0;Όχι
31/01/2024 19:15;0;Όχι
31/01/2024 19:30;0;Όχι
31/01/2024 19:45;0;Όχι
31/01/2024 20:00;0;Όχι
31/01/2024 20:15;0;Όχι
31/01/2024 20:30;0;Όχι
31/01/2024 20:45;0;Όχι
31/01/2024 21:00;0;Όχι
31/01/2024 21:15;0;Όχι
31/01/2024 21:30;0;Όχι
31/01/2024 21:45;0;Όχι
31/01/2024 22:00;0;Όχι
31/01/2024 22:15;0;Όχι
31/01/2024 22:30;0;Όχι
31/01/2024 22:45;0;Όχι
31/01/2024 23:00;0;Όχι
31/01/2024 23:15;0;Όχι
31/01/2024 23:30;0;Όχι
31/01/2024 23:45;0;Όχι
01/02/2024 00:00;0;Όχι
01/02/2024 00:15;0;Όχι
01/02/2024 00:30;0;Όχι
01/02/2024 00:45;0;Όχι
01/02/2024 01:00;0;Όχι
01/02/2024 01:15;0;Όχι
01/02/2024 01:30;0;Όχι
01/02/2024 01:45;0;Όχι
01/02/2024 02:00;0;Όχι
01/02/2024 02:15;0;Όχι
01/02/2024 02:30;0;Όχι
01/02/2024 02:45;0;Όχι
01/02/2024 03:00;0;Όχι
01/02/2024 03:15;0;Όχι
01/02/2024 03:30;0;Όχι
01/02/2024 03:45;0;Όχι
01/02/2024 04:00;0;Όχι
01/02/2024 04:15;0;Όχι
01/02/2024 04:30;0;Όχι
01/02/2024 04:45;0;Όχι
01/02/2024 05:00;0;Όχι
01/02/2024 05:15;0;Όχι
01/02/2024 05:30;0;Όχι
01/02/2024 05:45;0;Όχι
01/02/2024 06:00;0;Όχι
01/02/2024 06:15;0;Όχι
01/02/2024 06:30;0;Όχι
01/02/2024 06:45;0;Όχι
01/02/2024 07:00;0;Όχι
01/02/2024 07:15;0;Όχι
01/02/2024 07:30;0;Όχι
01/02/2024 07:45;0;Όχι
01/02/2024 08:00;0,025;Όχι
01/02/2024 08:15;0,104;Όχι
01/02/2024 08:30;0,199;Όχι
01/02/2024 08:45;0,305;Όχι
01/02/2024 09:00;0,427;Όχι
01/02/2024 09:15;0,539;Όχι
01/02/2024 09:30;0,624;Όχι
01/02/2024 09:45;0,71;Όχι
01/02/2024 10:00;0,796;Όχι
01/02/2024 10:15;0,872;Όχι
01/02/2024 10:30;0,937;Όχι
01/02/2024 10:45;1,001;Όχι
01/02/2024 11:00;1,051;Όχι
01/02/2024 11:15;1,101;Όχι
01/02/2024 11:30;1,135;Όχι
01/02/2024 11:45;1,181;Όχι
01/02/2024 12:00;1,212;Όχι
01/02/2024 12:15;1,223;Όχι
01/02/2024 12:30;1,234;Όχι
01/02/2024 12:45;1,229;Όχι
01/02/2024 13:00;1,228;Όχι
01/02/2024 13:15;1,229;Όχι
01/02/2024 13:30;1,199;Όχι
01/02/2024 13:45;1,185;Όχι
01/02/2024 14:00;1,149;Όχι
01/02/2024 14:15;1,119;Όχι
01/02/2024 14:30;1,064;Όχι
01/02/2024 14:45;1,014;Όχι
01/02/2024 15:00;0,957;Όχι
01/02/2024 15:15;0,888;Όχι
01/02/2024 15:30;0,814;Όχι
01/02/2024 15:45;0,732;Όχι
01/02/2024 16:00;0,646;Όχι
01/02/2024 16:15;0,563;Όχι
01/02/2024 16:30;0,464;Όχι
01/02/2024 16:45;0,353;Όχι
01/02/2024 17:00;0,219;Όχι
01/02/2024 17:15;0,146;Όχι
01/02/2024 17:30;0,066;Όχι
01/02/2024 17:45;0,009;Όχι
01/02/2024 18:00;0;Όχι
01/02/2024 18:15;0;Όχι
01/02/2024 18:30;0;Όχι
01/02/2024 18:45;0;Όχι
01/02/2024 19:00;0;Όχι
01/02/2024 19:15;0;Όχι
01/02/2024 19:30;0;Όχι
01/02/2024 19:45;0;Όχι
01/02/2024 20:00;0;Όχι
01/02/2024 20:15;0;Όχι
01/02/2024 20:30;0;Όχι
01/02/2024 20:45;0;Όχι
01/02/2024 21:00;0;Όχι
01/02/2024 21:15;0;Όχι
01/02/2024 21:30;0;Όχι
01/02/2024 21:45;0;Όχι
01/02/2024 22:00;0;Όχι
01/02/2024 22:15;0;Όχι
01/02/2024 22:30;0;Όχι
01/02/2024 22:45;0;Όχι
01/02/2024 23:00;0;Όχι
01/02/2024 23:15;0;Όχι
01/02/2024 23:30;0;Όχι
01/02/2024 23:45;0;Όχι
02/02/2024 00:00;0;Όχι
02/02/2024 00:15;0;Όχι
02/02/2024 00:30;0;Όχι
02/02/2024 00:45;0;Όχι
02/02/2024 01:00;0;Όχι
02/02/2024 01:15;0;Όχι
02/02/2024 01:30;0;Όχι
02/02/2024 01:45;0;Όχι
02/02/2024 02:00;0;Όχι
02/02/2024 02:15;0;Όχι
02/02/2024 02:30;0;Όχι
02/02/2024 02:45;0;Όχι
02/02/2024 03:00;0;Όχι
02/02/2024 03:15;0;Όχι
02/02/2024 03:30;0;Όχι
02/02/2024 03:45;0;Όχι
02/02/2024 04:00;0;Όχι
02/02/2024 04:15;0;Όχι
02/02/2024 04:30;0;Όχι
02/02/2024 04:45;0;Όχι
02/02/2024 05:00;0;Όχι
02/02/2024 05:15;0;Όχι
02/02/2024 05:30;0;Όχι
02/02/2024 05:45;0;Όχι
02/02/2024 06:00;0;Όχι
02/02/2024 06:15;0;Όχι
02/02/2024 06:30;0;Όχι
02/02/2024 06:45;0;Όχι
02/02/2024 07:00;0;Όχι
02/02/2024 07:15;0;Όχι
02/02/2024 07:30;0;Όχι
02/02/2024 07:45;0;Όχι
02/02/2024 08:00;0,033;Όχι
02/02/2024 08:15;0,07;Όχι
02/02/2024 08:30;0,11;Όχι
02/02/2024 08:45;0,137;Όχι
02/02/2024 09:00;0,141;Όχι
02/02/2024 09:15;0,188;Όχι
02/02/2024 09:30;0,247;Όχι
02/02/2024 09:45;0,279;Όχι
02/02/2024 10:00;0,302;Όχι
02/02/2024 10:15;0,312;Όχι
02/02/2024 10:30;0,363;Όχι
02/02/2024 10:45;0,466;Όχι
02/02/2024 11:00;0,444;Όχι
02/02/2024 11:15;0,458;Όχι
02/02/2024 11:30;0,446;Όχι
02/02/2024 11:45;0,51;Όχι
02/02/2024 12:00;0,629;Όχι
02/02/2024 12:15;0,889;Όχι
02/02/2024 12:30;0,683;Όχι
02/02/2024 12:45;0,627;Όχι
02/02/2024 13:00;0,651;Όχι
02/02/2024 13:15;0,607;Όχι
02/02/2024 13:30;0,536;Όχι
02/02/2024 13:45;0,603;Όχι
02/02/2024 14:00;0,8;Όχι
02/02/2024 14:15;0,786;Όχι
02/02/2024 14:30;1,108;Όχι
02/02/2024 14:45;1,08;Όχι
02/02/2024 15:00;1,012;Όχι
02/02/2024 15:15;0,963;Όχι
02/02/2024 15:30;0,87;Όχι
02/02/2024 15:45;0,767;Όχι
02/02/2024 16:00;0,692;Όχι
02/02/2024 16:15;0,587;Όχι
02/02/2024 16:30;0,479;Όχι
02/02/2024 16:45;0,378;Όχι
02/02/2024 17:00;0,234;Όχι
02/02/2024 17:15;0,095;Όχι
02/02/2024 17:30;0,025;Όχι
02/02/2024 17:45;0,003;Όχι
02/02/2024 18:00;0;Όχι
02/02/2024 18:15;0;Όχι
02/02/2024 18:30;0;Όχι
02/02/2024 18:45;0;Όχι
02/02/2024 19:00;0;Όχι
02/02/2024 19:15;0;Όχι
02/02/2024 19:30;0;Όχι
02/02/2024 19:45;0;Όχι
02/02/2024 20:00;0;Όχι
02/02/2024 20:15;0;Όχι
02/02/2024 20:30;0;Όχι
02/02/2024 20:45;0;Όχι
02/02/2024 21:00;0;Όχι
02/02/2024 21:15;0;Όχι
02/02/2024 21:30;0;Όχι
02/02/2024 21:45;0;Όχι
02/02/2024 22:00;0;Όχι
02/02/2024 22:15;0;Όχι
02/02/2024 22:30;0;Όχι
02/02/2024 22:45;0;Όχι
02/02/2024 23:00;0;Όχι
02/02/2024 23:15;0;Όχι
02/02/2024 23:30;0;Όχι
02/02/2024 23:45;0;Όχι
03/02/2024 00:00;0;Όχι
03/02/2024 00:15;0;Όχι
03/02/2024 00:30;0;Όχι
03/02/2024 00:45;0;Όχι
03/02/2024 01:00;0;Όχι
03/02/2024 01:15;0;Όχι
03/02/2024 01:30;0;Όχι
03/02/2024 01:45;0;Όχι
03/02/2024 02:00;0;Όχι
03/02/2024 02:15;0;Όχι
03/02/2024 02:30;0;Όχι
03/02/2024 02:45;0;Όχι
03/02/2024 03:00;0;Όχι
03/02/2024 03:15;0;Όχι
03/02/2024 03:30;0;Όχι
03/02/2024 03:45;0;Όχι
03/02/2024 04:00;0;Όχι
03/02/2024 04:15;0;Όχι
03/02/2024 04:30;0;Όχι
03/02/2024 04:45;0;Όχι
03/02/2024 05:00;0;Όχι
03/02/2024 05:15;0;Όχι
03/02/2024 05:30;0;Όχι
03/02/2024 05:45;0;Όχι
03/02/2024 06:00;0;Όχι
03/02/2024 06:15;0;Όχι
03/02/2024 06:30;0;Όχι
03/02/2024 06:45;0;Όχι
03/02/2024 07:00;0;Όχι
03/02/2024 07:15;0;Όχι
03/02/2024 07:30;0;Όχι
03/02/2024 07:45;0;Όχι
03/02/2024 08:00;0,025;Όχι
03/02/2024 08:15;0,101;Όχι
03/02/2024 08:30;0,195;Όχι
03/02/2024 08:45;0,297;Όχι
03/02/2024 09:00;0,402;Όχι
03/02/2024 09:15;0,504;Όχι
03/02/2024 09:30;0,602;Όχι
03/02/2024 09:45;0,691;Όχι
03/02/2024 10:00;0,779;Όχι
03/02/2024 10:15;0,863;Όχι
03/02/2024 10:30;0,94;Όχι
03/02/2024 10:45;1,002;Όχι
03/02/2024 11:00;1,06;Όχι
03/02/2024 11:15;1,106;Όχι
03/02/2024 11:30;1,149;Όχι
03/02/2024 11:45;1,188;Όχι
03/02/2024 12:00;1,213;Όχι
03/02/2024 12:15;1,23;Όχι
03/02/2024 12:30;1,228;Όχι
03/02/2024 12:45;1,239;Όχι
03/02/2024 13:00;1,237;Όχι
03/02/2024 13:15;1,07;Όχι
03/02/2024 13:30;1,181;Όχι
03/02/2024 13:45;1,221;Όχι
03/02/2024 14:00;1,12;Όχι
03/02/2024 14:15;1,158;Όχι
03/02/2024 14:30;1,184;Όχι
03/02/2024 14:45;0,454;Όχι
03/02/2024 15:00;0,582;Όχι
03/02/2024 15:15;0,936;Όχι
03/02/2024 15:30;0,84;Όχι
03/02/2024 15:45;0,736;Όχι
03/02/2024 16:00;0,684;Όχι
03/02/2024 16:15;0,592;Όχι
03/02/2024 16:30;0,509;Όχι
03/02/2024 16:45;0,394;Όχι
03/02/2024 17:00;0,271;Όχι
03/02/2024 17:15;0,174;Όχι
03/02/2024 17:30;0,093;Όχι
03/02/2024 17:45;0,019;Όχι
03/02/2024 18:00;0;Όχι
03/02/2024 18:15;0;Όχι
03/02/2024 18:30;0;Όχι
03/02/2024 18:45;0;Όχι
03/02/2024 19:00;0;Όχι
03/02/2024 19:15;0;Όχι
03/02/2024 19:30;0;Όχι
03/02/2024 19:45;0;Όχι
03/02/2024 20:00;0;Όχι
03/02/2024 20:15;0;Όχι
03/02/2024 20:30;0;Όχι
03/02/2024 20:45;0;Όχι
03/02/2024 21:00;0;Όχι
03/02/2024 21:15;0;Όχι
03/02/2024 21:30;0;Όχι
03/02/2024 21:45;0;Όχι
03/02/2024 22:00;0;Όχι
03/02/2024 22:15;0;Όχι
03/02/2024 22:30;0;Όχι
03/02/2024 22:45;0;Όχι
03/02/2024 23:00;0;Όχι
03/02/2024 23:15;0;Όχι
03/02/2024 23:30;0;Όχι
03/02/2024 23:45;0;Όχι
04/02/2024 00:00;0;Όχι
04/02/2024 00:15;0;Όχι
04/02/2024 00:30;0;Όχι
04/02/2024 00:45;0;Όχι
04/02/2024 01:00;0;Όχι
04/02/2024 01:15;0;Όχι
04/02/2024 01:30;0;Όχι
04/02/2024 01:45;0;Όχι
04/02/2024 02:00;0;Όχι
04/02/2024 02:15;0;Όχι
04/02/2024 02:30;0;Όχι
04/02/2024 02:45;0;Όχι
04/02/2024 03:00;0;Όχι
04/02/2024 03:15;0;Όχι
04/02/2024 03:30;0;Όχι
04/02/2024 03:45;0;Όχι
04/02/2024 04:00;0;Όχι
04/02/2024 04:15;0;Όχι
04/02/2024 04:30;0;Όχι
04/02/2024 04:45;0;Όχι
04/02/2024 05:00;0;Όχι
04/02/2024 05:15;0;Όχι
04/02/2024 05:30;0;Όχι
04/02/2024 05:45;0;Όχι
04/02/2024 06:00;0;Όχι
04/02/2024 06:15;0;Όχι
04/02/2024 06:30;0;Όχι
04/02/2024 06:45;0;Όχι
04/02/2024 07:00;0;Όχι
04/02/2024 07:15;0;Όχι
04/02/2024 07:30;0;Όχι
04/02/2024 07:45;0,001;Όχι
04/02/2024 08:00;0,046;Όχι
04/02/2024 08:15;0,09;Όχι
04/02/2024 08:30;0,107;Όχι
04/02/2024 08:45;0,162;Όχι
04/02/2024 09:00;0,299;Όχι
04/02/2024 09:15;0,44;Όχι
04/02/2024 09:30;0,437;Όχι
04/02/2024 09:45;0,291;Όχι
04/02/2024 10:00;0,572;Όχι
04/02/2024 10:15;0,675;Όχι
04/02/2024 10:30;0,851;Όχι
04/02/2024 10:45;0,751;Όχι
04/02/2024 11:00;0,641;Όχι
04/02/2024 11:15;0,955;Όχι
04/02/2024 11:30;0,967;Όχι
04/02/2024 11:45;0,954;Όχι
04/02/2024 12:00;1,178;Όχι
04/02/2024 12:15;1,228;Όχι
04/02/2024 12:30;1,028;Όχι
04/02/2024 12:45;1,21;Όχι
04/02/2024 13:00;1,225;Όχι
04/02/2024 13:15;1,211;Όχι
04/02/2024 13:30;1,063;Όχι
04/02/2024 13:45;1,13;Όχι
04/02/2024 14:00;1,163;Όχι
04/02/2024 14:15;1,117;Όχι
04/02/2024 14:30;1,074;Όχι
04/02/2024 14:45;1,013;Όχι
04/02/2024 15:00;0,967;Όχι
04/02/2024 15:15;0,907;Όχι
04/02/2024 15:30;0,827;Όχι
04/02/2024 15:45;0,71;Όχι
04/02/2024 16:00;0,604;Όχι
04/02/2024 16:15;0,469;Όχι
04/02/2024 16:30;0,354;Όχι
04/02/2024 16:45;0,303;Όχι
04/02/2024 17:00;0,229;Όχι
04/02/2024 17:15;0,108;Όχι
04/02/2024 17:30;0,095;Όχι
04/02/2024 17:45;0,027;Όχι
04/02/2024 18:00;0;Όχι
04/02/2024 18:15;0;Όχι
04/02/2024 18:30;0;Όχι
04/02/2024 18:45;0;Όχι
04/02/2024 19:00;0;Όχι
04/02/2024 19:15;0;Όχι
04/02/2024 19:30;0;Όχι
04/02/2024 19:45;0;Όχι
04/02/2024 20:00;0;Όχι
04/02/2024 20:15;0;Όχι
04/02/2024 20:30;0;Όχι
04/02/2024 20:45;0;Όχι
04/02/2024 21:00;0;Όχι
04/02/2024 21:15;0;Όχι
04/02/2024 21:30;0;Όχι
04/02/2024 21:45;0;Όχι
04/02/2024 22:00;0;Όχι
04/02/2024 22:15;0;Όχι
04/02/2024 22:30;0;Όχι
04/02/2024 22:45;0;Όχι
04/02/2024 23:00;0;Όχι
04/02/2024 23:15;0;Όχι
04/02/2024 23:30;0;Όχι
04/02/2024 23:45;0;Όχι
05/02/2024 00:00;0;Όχι
05/02/2024 00:15;0;Όχι
05/02/2024 00:30;0;Όχι
05/02/2024 00:45;0;Όχι
05/02/2024 01:00;0;Όχι
05/02/2024 01:15;0;Όχι
05/02/2024 01:30;0;Όχι
05/02/2024 01:45;0;Όχι
05/02/2024 02:00;0;Όχι
05/02/2024 02:15;0;Όχι
05/02/2024 02:30;0;Όχι
05/02/2024 02:45;0;Όχι
05/02/2024 03:00;0;Όχι
05/02/2024 03:15;0;Όχι
05/02/2024 03:30;0;Όχι
05/02/2024 03:45;0;Όχι
05/02/2024 04:00;0;Όχι
05/02/2024 04:15;0;Όχι
05/02/2024 04:30;0;Όχι
05/02/2024 04:45;0;Όχι
05/02/2024 05:00;0;Όχι
05/02/2024 05:15;0;Όχι
05/02/2024 05:30;0;Όχι
05/02/2024 05:45;0;Όχι
05/02/2024 06:00;0;Όχι
05/02/2024 06:15;0;Όχι
05/02/2024 06:30;0;Όχι
05/02/2024 06:45;0;Όχι
05/02/2024 07:00;0;Όχι
05/02/2024 07:15;0;Όχι
05/02/2024 07:30;0;Όχι
05/02/2024 07:45;0;Όχι
05/02/2024 08:00;0,01;Όχι
05/02/2024 08:15;0,039;Όχι
05/02/2024 08:30;0,069;Όχι
05/02/2024 08:45;0,254;Όχι
05/02/2024 09:00;0,185;Όχι
05/02/2024 09:15;0,504;Όχι
05/02/2024 09:30;0,629;Όχι
05/02/2024 09:45;0,756;Όχι
05/02/2024 10:00;0,585;Όχι
05/02/2024 10:15;0,455;Όχι
05/02/2024 10:30;0,236;Όχι
05/02/2024 10:45;0;Όχι
05/02/2024 11:00;0;Όχι
05/02/2024 11:15;0;Όχι
05/02/2024 11:30;0,644;Όχι
05/02/2024 11:45;0,837;Όχι
05/02/2024 12:00;0,954;Όχι
05/02/2024 12:15;0,813;Όχι
05/02/2024 12:30;0,981;Όχι
05/02/2024 12:45;1,22;Όχι
05/02/2024 13:00;0,864;Όχι
05/02/2024 13:15;0,417;Όχι
05/02/2024 13:30;0,44;Όχι
05/02/2024 13:45;0,976;Όχι
05/02/2024 14:00;1,027;Όχι
05/02/2024 14:15;0,583;Όχι
05/02/2024 14:30;0,47;Όχι
05/02/2024 14:45;0,451;Όχι
05/02/2024 15:00;0,521;Όχι
05/02/2024 15:15;0,396;Όχι
05/02/2024 15:30;0,353;Όχι
05/02/2024 15:45;0,3;Όχι
05/02/2024 16:00;0,275;Όχι
05/02/2024 16:15;0,236;Όχι
05/02/2024 16:30;0,471;Όχι
05/02/2024 16:45;0,24;Όχι
05/02/2024 17:00;0,163;Όχι
05/02/2024 17:15;0,128;Όχι
05/02/2024 17:30;0,063;Όχι
05/02/2024 17:45;0,019;Όχι
05/02/2024 18:00;0;Όχι
05/02/2024 18:15;0;Όχι
05/02/2024 18:30;0;Όχι
05/02/2024 18:45;0;Όχι
05/02/2024 19:00;0;Όχι
05/02/2024 19:15;0;Όχι
05/02/2024 19:30;0;Όχι
05/02/2024 19:45;0;Όχι
05/02/2024 20:00;0;Όχι
05/02/2024 20:15;0;Όχι
05/02/2024 20:30;0;Όχι
05/02/2024 20:45;0;Όχι
05/02/2024 21:00;0;Όχι
05/02/2024 21:15;0;Όχι
05/02/2024 21:30;0;Όχι
05/02/2024 21:45;0;Όχι
05/02/2024 22:00;0;Όχι
05/02/2024 22:15;0;Όχι
05/02/2024 22:30;0;Όχι
05/02/2024 22:45;0;Όχι
05/02/2024 23:00;0;Όχι
05/02/2024 23:15;0;Όχι
05/02/2024 23:30;0;Όχι
05/02/2024 23:45;0;Όχι
06/02/2024 00:00;0;Όχι
06/02/2024 00:15;0;Όχι
06/02/2024 00:30;0;Όχι
06/02/2024 00:45;0;Όχι
06/02/2024 01:00;0;Όχι
06/02/2024 01:15;0;Όχι
06/02/2024 01:30;0;Όχι
06/02/2024 01:45;0;Όχι
06/02/2024 02:00;0;Όχι
06/02/2024 02:15;0;Όχι
06/02/2024 02:30;0;Όχι
06/02/2024 02:45;0;Όχι
06/02/2024 03:00;0;Όχι
06/02/2024 03:15;0;Όχι
06/02/2024 03:30;0;Όχι
06/02/2024 03:45;0;Όχι
06/02/2024 04:00;0;Όχι
06/02/2024 04:15;0;Όχι
06/02/2024 04:30;0;Όχι
06/02/2024 04:45;0;Όχι
06/02/2024 05:00;0;Όχι
06/02/2024 05:15;0;Όχι
06/02/2024 05:30;0;Όχι
06/02/2024 05:45;0;Όχι
06/02/2024 06:00;0;Όχι
06/02/2024 06:15;0;Όχι
06/02/2024 06:30;0;Όχι
06/02/2024 06:45;0;Όχι
06/02/2024 07:00;0;Όχι
06/02/2024 07:15;0;Όχι
06/02/2024 07:30;0;Όχι
06/02/2024 07:45;0,003;Όχι
06/02/2024 08:00;0,058;Όχι
06/02/2024 08:15;0,125;Όχι
06/02/2024 08:30;0,221;Όχι
06/02/2024 08:45;0,335;Όχι
06/02/2024 09:00;0,394;Όχι
06/02/2024 09:15;0,454;Όχι
06/02/2024 09:30;0,559;Όχι
06/02/2024 09:45;0,672;Όχι
06/02/2024 10:00;0,716;Όχι
06/02/2024 10:15;0,854;Όχι
06/02/2024 10:30;0,914;Όχι
06/02/2024 10:45;0,958;Όχι
06/02/2024 11:00;1,026;Όχι
06/02/2024 11:15;1,06;Όχι
06/02/2024 11:30;1,104;Όχι
06/02/2024 11:45;1,126;Όχι
06/02/2024 12:00;1,152;Όχι
06/02/2024 12:15;1,168;Όχι
06/02/2024 12:30;1,19;Όχι
06/02/2024 12:45;1,205;Όχι
06/02/2024 13:00;1,198;Όχι
06/02/2024 13:15;1,183;Όχι
06/02/2024 13:30;1,167;Όχι
06/02/2024 13:45;1,147;Όχι
06/02/2024 14:00;1,119;Όχι
06/02/2024 14:15;1,087;Όχι
06/02/2024 14:30;1,053;Όχι
06/02/2024 14:45;0,995;Όχι
06/02/2024 15:00;0,941;Όχι
06/02/2024 15:15;0,896;Όχι
06/02/2024 15:30;0,825;Όχι
06/02/2024 15:45;0,747;Όχι
06/02/2024 16:00;0,674;Όχι
06/02/2024 16:15;0,592;Όχι
06/02/2024 16:30;0,5;Όχι
06/02/2024 16:45;0,399;Όχι
06/02/2024 17:00;0,295;Όχι
06/02/2024 17:15;0,19;Όχι
06/02/2024 17:30;0,114;Όχι
06/02/2024 17:45;0,033;Όχι
06/02/2024 18:00;0,001;Όχι
06/02/2024 18:15;0;Όχι
06/02/2024 18:30;0;Όχι
06/02/2024 18:45;0;Όχι
06/02/2024 19:00;0;Όχι
06/02/2024 19:15;0;Όχι
06/02/2024 19:30;0;Όχι
06/02/2024 19:45;0;Όχι
06/02/2024 20:00;0;Όχι
06/02/2024 20:15;0;Όχι
06/02/2024 20:30;0;Όχι
06/02/2024 20:45;0;Όχι
06/02/2024 21:00;0;Όχι
06/02/2024 21:15;0;Όχι
06/02/2024 21:30;0;Όχι
06/02/2024 21:45;0;Όχι
06/02/2024 22:00;0;Όχι
06/02/2024 22:15;0;Όχι
06/02/2024 22:30;0;Όχι
06/02/2024 22:45;0;Όχι
06/02/2024 23:00;0;Όχι
06/02/2024 23:15;0;Όχι
06/02/2024 23:30;0;Όχι
06/02/2024 23:45;0;Όχι
07/02/2024 00:00;0;Όχι
07/02/2024 00:15;0;Όχι
07/02/2024 00:30;0;Όχι
07/02/2024 00:45;0;Όχι
07/02/2024 01:00;0;Όχι
07/02/2024 01:15;0;Όχι
07/02/2024 01:30;0;Όχι
07/02/2024 01:45;0;Όχι
07/02/2024 02:00;0;Όχι
07/02/2024 02:15;0;Όχι
07/02/2024 02:30;0;Όχι
07/02/2024 02:45;0;Όχι
07/02/2024 03:00;0;Όχι
07/02/2024 03:15;0;Όχι
07/02/2024 03:30;0;Όχι
07/02/2024 03:45;0;Όχι
07/02/2024 04:00;0;Όχι
07/02/2024 04:15;0;Όχι
07/02/2024 04:30;0;Όχι
07/02/2024 04:45;0;Όχι
07/02/2024 05:00;0;Όχι
07/02/2024 05:15;0;Όχι
07/02/2024 05:30;0;Όχι
07/02/2024 05:45;0;Όχι
07/02/2024 06:00;0;Όχι
07/02/2024 06:15;0;Όχι
07/02/2024 06:30;0;Όχι
07/02/2024 06:45;0;Όχι
07/02/2024 07:00;0;Όχι
07/02/2024 07:15;0;Όχι
07/02/2024 07:30;0;Όχι
07/02/2024 07:45;0,001;Όχι
07/02/2024 08:00;0,052;Όχι
07/02/2024 08:15;0,134;Όχι
07/02/2024 08:30;0,246;Όχι
07/02/2024 08:45;0,369;Όχι
07/02/2024 09:00;0,467;Όχι
07/02/2024 09:15;0,511;Όχι
07/02/2024 09:30;0,605;Όχι
07/02/2024 09:45;0,715;Όχι
07/02/2024 10:00;0,395;Όχι
07/02/2024 10:15;0,673;Όχι
07/02/2024 10:30;0,86;Όχι
07/02/2024 10:45;0,772;Όχι
07/02/2024 11:00;0,509;Όχι
07/02/2024 11:15;0,51;Όχι
07/02/2024 11:30;0,885;Όχι
07/02/2024 11:45;0,718;Όχι
07/02/2024 12:00;0,664;Όχι
07/02/2024 12:15;1,073;Όχι
07/02/2024 12:30;1,123;Όχι
07/02/2024 12:45;1,186;Όχι
07/02/2024 13:00;1,068;Όχι
07/02/2024 13:15;1,157;Όχι
07/02/2024 13:30;1,092;Όχι
07/02/2024 13:45;1,076;Όχι
07/02/2024 14:00;0,832;Όχι
07/02/2024 14:15;0,964;Όχι
07/02/2024 14:30;0,798;Όχι
07/02/2024 14:45;0,783;Όχι
07/02/2024 15:00;0,656;Όχι
07/02/2024 15:15;0,398;Όχι
07/02/2024 15:30;0,34;Όχι
07/02/2024 15:45;0,265;Όχι
07/02/2024 16:00;0,184;Όχι
07/02/2024 16:15;0,142;Όχι
07/02/2024 16:30;0,139;Όχι
07/02/2024 16:45;0,116;Όχι
07/02/2024 17:00;0,085;Όχι
07/02/2024 17:15;0,069;Όχι
07/02/2024 17:30;0,031;Όχι
07/02/2024 17:45;0,007;Όχι
07/02/2024 18:00;0;Όχι
07/02/2024 18:15;0;Όχι
07/02/2024 18:30;0;Όχι
07/02/2024 18:45;0;Όχι
07/02/2024 19:00;0;Όχι
07/02/2024 19:15;0;Όχι
07/02/2024 19:30;0;Όχι
07/02/2024 19:45;0;Όχι
07/02/2024 20:00;0;Όχι
07/02/2024 20:15;0;Όχι
07/02/2024 20:30;0;Όχι
07/02/2024 20:45;0;Όχι
07/02/2024 21:00;0;Όχι
07/02/2024 21:15;0;Όχι
07/02/2024 21:30;0;Όχι
07/02/2024 21:45;0;Όχι
07/02/2024 22:00;0;Όχι
07/02/2024 22:15;0;Όχι
07/02/2024 22:30;0;Όχι
07/02/2024 22:45;0;Όχι
07/02/2024 23:00;0;Όχι
07/02/2024 23:15;0;Όχι
07/02/2024 23:30;0;Όχι
07/02/2024 23:45;0;Όχι
08/02/2024 00:00;0;Όχι
08/02/2024 00:15;0;Όχι
08/02/2024 00:30;0;Όχι
08/02/2024 00:45;0;Όχι
08/02/2024 01:00;0;Όχι
08/02/2024 01:15;0;Όχι
08/02/2024 01:30;0;Όχι
08/02/2024 01:45;0;Όχι
08/02/2024 02:00;0;Όχι
08/02/2024 02:15;0;Όχι
08/02/2024 02:30;0;Όχι
08/02/2024 02:45;0;Όχι
08/02/2024 03:00;0;Όχι
08/02/2024 03:15;0;Όχι
08/02/2024 03:30;0;Όχι
08/02/2024 03:45;0;Όχι
08/02/2024 04:00;0;Όχι
08/02/2024 04:15;0;Όχι
08/02/2024 04:30;0;Όχι
08/02/2024 04:45;0;Όχι
08/02/2024 05:00;0;Όχι
08/02/2024 05:15;0;Όχι
08/02/2024 05:30;0;Όχι
08/02/2024 05:45;0;Όχι
08/02/2024 06:00;0;Όχι
08/02/2024 06:15;0;Όχι
08/02/2024 06:30;0;Όχι
08/02/2024 06:45;0;Όχι
08/02/2024 07:00;0;Όχι
08/02/2024 07:15;0;Όχι
08/02/2024 07:30;0;Όχι
08/02/2024 07:45;0;Όχι
08/02/2024 08:00;0,016;Όχι
08/02/2024 08:15;0,02;Όχι
08/02/2024 08:30;0,035;Όχι
08/02/2024 08:45;0,069;Όχι
08/02/2024 09:00;0,104;Όχι
08/02/2024 09:15;0,139;Όχι
08/02/2024 09:30;0,184;Όχι
08/02/2024 09:45;0,245;Όχι
08/02/2024 10:00;0,314;Όχι
08/02/2024 10:15;0,362;Όχι
08/02/2024 10:30;0,361;Όχι
08/02/2024 10:45;0,345;Όχι
08/02/2024 11:00;0,362;Όχι
08/02/2024 11:15;0,424;Όχι
08/02/2024 11:30;0,464;Όχι
08/02/2024 11:45;0,584;Όχι
08/02/2024 12:00;0,535;Όχι
08/02/2024 12:15;0,758;Όχι
08/02/2024 12:30;0,825;Όχι
08/02/2024 12:45;1,082;Όχι
08/02/2024 13:00;1,234;Όχι
08/02/2024 13:15;1,164;Όχι
08/02/2024 13:30;1,172;Όχι
08/02/2024 13:45;1,154;Όχι
08/02/2024 14:00;1,117;Όχι
08/02/2024 14:15;1,083;Όχι
08/02/2024 14:30;1,025;Όχι
08/02/2024 14:45;0,929;Όχι
08/02/2024 15:00;0,877;Όχι
08/02/2024 15:15;0,843;Όχι
08/02/2024 15:30;0,791;Όχι
08/02/2024 15:45;0,703;Όχι
08/02/2024 16:00;0,633;Όχι
08/02/2024 16:15;0,538;Όχι
08/02/2024 16:30;0,436;Όχι
08/02/2024 16:45;0,333;Όχι
08/02/2024 17:00;0,255;Όχι
08/02/2024 17:15;0,168;Όχι
08/02/2024 17:30;0,07;Όχι
08/02/2024 17:45;0,021;Όχι
08/02/2024 18:00;0,001;Όχι
08/02/2024 18:15;0;Όχι
08/02/2024 18:30;0;Όχι
08/02/2024 18:45;0;Όχι
08/02/2024 19:00;0;Όχι
08/02/2024 19:15;0;Όχι
08/02/2024 19:30;0;Όχι
08/02/2024 19:45;0;Όχι
08/02/2024 20:00;0;Όχι
08/02/2024 20:15;0;Όχι
08/02/2024 20:30;0;Όχι
08/02/2024 20:45;0;Όχι
08/02/2024 21:00;0;Όχι
08/02/2024 21:15;0;Όχι
08/02/2024 21:30;0;Όχι
08/02/2024 21:45;0;Όχι
08/02/2024 22:00;0;Όχι
08/02/2024 22:15;0;Όχι
08/02/2024 22:30;0;Όχι
08/02/2024 22:45;0;Όχι
08/02/2024 23:00;0;Όχι
08/02/2024 23:15;0;Όχι
08/02/2024 23:30;0;Όχι
08/02/2024 23:45;0;Όχι
09/02/2024 00:00;0;Όχι
09/02/2024 00:15;0;Όχι
09/02/2024 00:30;0;Όχι
09/02/2024 00:45;0;Όχι
09/02/2024 01:00;0;Όχι
09/02/2024 01:15;0;Όχι
09/02/2024 01:30;0;Όχι
09/02/2024 01:45;0;Όχι
09/02/2024 02:00;0;Όχι
09/02/2024 02:15;0;Όχι
09/02/2024 02:30;0;Όχι
09/02/2024 02:45;0;Όχι
09/02/2024 03:00;0;Όχι
09/02/2024 03:15;0;Όχι
09/02/2024 03:30;0;Όχι
09/02/2024 03:45;0;Όχι
09/02/2024 04:00;0;Όχι
09/02/2024 04:15;0;Όχι
09/02/2024 04:30;0;Όχι
09/02/2024 04:45;0;Όχι
09/02/2024 05:00;0;Όχι
09/02/2024 05:15;0;Όχι
09/02/2024 05:30;0;Όχι
09/02/2024 05:45;0;Όχι
09/02/2024 06:00;0;Όχι
09/02/2024 06:15;0;Όχι
09/02/2024 06:30;0;Όχι
09/02/2024 06:45;0;Όχι
09/02/2024 07:00;0;Όχι
09/02/2024 07:15;0;Όχι
09/02/2024 07:30;0;Όχι
09/02/2024 07:45;0,006;Όχι
09/02/2024 08:00;0,05;Όχι
09/02/2024 08:15;0,127;Όχι
09/02/2024 08:30;0,209;Όχι
09/02/2024 08:45;0,316;Όχι
09/02/2024 09:00;0,416;Όχι
09/02/2024 09:15;0,498;Όχι
09/02/2024 09:30;0,594;Όχι
09/02/2024 09:45;0,683;Όχι
09/02/2024 10:00;0,769;Όχι
09/02/2024 10:15;0,842;Όχι
09/02/2024 10:30;0,912;Όχι
09/02/2024 10:45;0,974;Όχι
09/02/2024 11:00;1,022;Όχι
09/02/2024 11:15;1,063;Όχι
09/02/2024 11:30;1,101;Όχι
09/02/2024 11:45;1,128;Όχι
09/02/2024 12:00;1,157;Όχι
09/02/2024 12:15;1,174;Όχι
09/02/2024 12:30;1,164;Όχι
09/02/2024 12:45;1,189;Όχι
09/02/2024 13:00;1,197;Όχι
09/02/2024 13:15;1,118;Όχι
09/02/2024 13:30;1,197;Όχι
09/02/2024 13:45;1,152;Όχι
09/02/2024 14:00;1,108;Όχι
09/02/2024 14:15;1,003;Όχι
09/02/2024 14:30;0,974;Όχι
09/02/2024 14:45;0,953;Όχι
09/02/2024 15:00;0,982;Όχι
09/02/2024 15:15;0,897;Όχι
09/02/2024 15:30;0,89;Όχι
09/02/2024 15:45;0,562;Όχι
09/02/2024 16:00;0,332;Όχι
09/02/2024 16:15;0,578;Όχι
09/02/2024 16:30;0,423;Όχι
09/02/2024 16:45;0,35;Όχι
09/02/2024 17:00;0,267;Όχι
09/02/2024 17:15;0,105;Όχι
09/02/2024 17:30;0,026;Όχι
09/02/2024 17:45;0,01;Όχι
09/02/2024 18:00;0,001;Όχι
09/02/2024 18:15;0;Όχι
09/02/2024 18:30;0;Όχι
09/02/2024 18:45;0;Όχι
09/02/2024 19:00;0;Όχι
09/02/2024 19:15;0;Όχι
09/02/2024 19:30;0;Όχι
09/02/2024 19:45;0;Όχι
09/02/2024 20:00;0;Όχι
09/02/2024 20:15;0;Όχι
09/02/2024 20:30;0;Όχι
09/02/2024 20:45;0;Όχι
09/02/2024 21:00;0;Όχι
09/02/2024 21:15;0;Όχι
09/02/2024 21:30;0;Όχι
09/02/2024 21:45;0;Όχι
09/02/2024 22:00;0;Όχι
09/02/2024 22:15;0;Όχι
09/02/2024 22:30;0;Όχι
09/02/2024 22:45;0;Όχι
09/02/2024 23:00;0;Όχι
09/02/2024 23:15;0;Όχι
09/02/2024 23:30;0;Όχι
09/02/2024 23:45;0;Όχι
10/02/2024 00:00;0;Όχι
10/02/2024 00:15;0;Όχι
10/02/2024 00:30;0;Όχι
10/02/2024 00:45;0;Όχι
10/02/2024 01:00;0;Όχι
10/02/2024 01:15;0;Όχι
10/02/2024 01:30;0;Όχι
10/02/2024 01:45;0;Όχι
10/02/2024 02:00;0;Όχι
10/02/2024 02:15;0;Όχι
10/02/2024 02:30;0;Όχι
10/02/2024 02:45;0;Όχι
10/02/2024 03:00;0;Όχι
10/02/2024 03:15;0;Όχι
10/02/2024 03:30;0;Όχι
10/02/2024 03:45;0;Όχι
10/02/2024 04:00;0;Όχι
10/02/2024 04:15;0;Όχι
10/02/2024 04:30;0;Όχι
10/02/2024 04:45;0;Όχι
10/02/2024 05:00;0;Όχι
10/02/2024 05:15;0;Όχι
10/02/2024 05:30;0;Όχι
10/02/2024 05:45;0;Όχι
10/02/2024 06:00;0;Όχι
10/02/2024 06:15;0;Όχι
10/02/2024 06:30;0;Όχι
10/02/2024 06:45;0;Όχι
10/02/2024 07:00;0;Όχι
10/02/2024 07:15;0;Όχι
10/02/2024 07:30;0;Όχι
10/02/2024 07:45;0,004;Όχι
10/02/2024 08:00;0,035;Όχι
10/02/2024 08:15;0,101;Όχι
10/02/2024 08:30;0,193;Όχι
10/02/2024 08:45;0,35;Όχι
10/02/2024 09:00;0,324;Όχι
10/02/2024 09:15;0,369;Όχι
10/02/2024 09:30;0,4;Όχι
10/02/2024 09:45;0,345;Όχι
10/02/2024 10:00;0,311;Όχι
10/02/2024 10:15;0,384;Όχι
10/02/2024 10:30;0,322;Όχι
10/02/2024 10:45;0,335;Όχι
10/02/2024 11:00;0,41;Όχι
10/02/2024 11:15;0,47;Όχι
10/02/2024 11:30;0,457;Όχι
10/02/2024 11:45;0,486;Όχι
10/02/2024 12:00;0,781;Όχι
10/02/2024 12:15;0,678;Όχι
10/02/2024 12:30;0,505;Όχι
10/02/2024 12:45;0,499;Όχι
10/02/2024 13:00;0,302;Όχι
10/02/2024 13:15;0,199;Όχι
10/02/2024 13:30;0,206;Όχι
10/02/2024 13:45;0,379;Όχι
10/02/2024 14:00;0,287;Όχι
10/02/2024 14:15;0,194;Όχι
10/02/2024 14:30;0,131;Όχι
10/02/2024 14:45;0,18;Όχι
10/02/2024 15:00;0,17;Όχι
10/02/2024 15:15;0,137;Όχι
10/02/2024 15:30;0,167;Όχι
10/02/2024 15:45;0,118;Όχι
10/02/2024 16:00;0,08;Όχι
10/02/2024 16:15;0,055;Όχι
10/02/2024 16:30;0,048;Όχι
10/02/2024 16:45;0,011;Όχι
10/02/2024 17:00;0,004;Όχι
10/02/2024 17:15;0,005;Όχι
10/02/2024 17:30;0,001;Όχι
10/02/2024 17:45;0;Όχι
10/02/2024 18:00;0;Όχι
10/02/2024 18:15;0;Όχι
10/02/2024 18:30;0;Όχι
10/02/2024 18:45;0;Όχι
10/02/2024 19:00;0;Όχι
10/02/2024 19:15;0;Όχι
10/02/2024 19:30;0;Όχι
10/02/2024 19:45;0;Όχι
10/02/2024 20:00;0;Όχι
10/02/2024 20:15;0;Όχι
10/02/2024 20:30;0;Όχι
10/02/2024 20:45;0;Όχι
10/02/2024 21:00;0;Όχι
10/02/2024 21:15;0;Όχι
10/02/2024 21:30;0;Όχι
10/02/2024 21:45;0;Όχι
10/02/2024 22:00;0;Όχι
10/02/2024 22:15;0;Όχι
10/02/2024 22:30;0;Όχι
10/02/2024 22:45;0;Όχι
10/02/2024 23:00;0;Όχι
10/02/2024 23:15;0;Όχι
10/02/2024 23:30;0;Όχι
10/02/2024 23:45;0;Όχι
11/02/2024 00:00;0;Όχι
11/02/2024 00:15;0;Όχι
11/02/2024 00:30;0;Όχι
11/02/2024 00:45;0;Όχι
11/02/2024 01:00;0;Όχι
11/02/2024 01:15;0;Όχι
11/02/2024 01:30;0;Όχι
11/02/2024 01:45;0;Όχι
11/02/2024 02:00;0;Όχι
11/02/2024 02:15;0;Όχι
11/02/2024 02:30;0;Όχι
11/02/2024 02:45;0;Όχι
11/02/2024 03:00;0;Όχι
11/02/2024 03:15;0;Όχι
11/02/2024 03:30;0;Όχι
11/02/2024 03:45;0;Όχι
11/02/2024 04:00;0;Όχι
11/02/2024 04:15;0;Όχι
11/02/2024 04:30;0;Όχι
11/02/2024 04:45;0;Όχι
11/02/2024 05:00;0;Όχι
11/02/2024 05:15;0;Όχι
11/02/2024 05:30;0;Όχι
11/02/2024 05:45;0;Όχι
11/02/2024 06:00;0;Όχι
11/02/2024 06:15;0;Όχι
11/02/2024 06:30;0;Όχι
11/02/2024 06:45;0;Όχι
11/02/2024 07:00;0;Όχι
11/02/2024 07:15;0;Όχι
11/02/2024 07:30;0;Όχι
11/02/2024 07:45;0;Όχι
11/02/2024 08:00;0;Όχι
11/02/2024 08:15;0;Όχι
11/02/2024 08:30;0;Όχι
11/02/2024 08:45;0,007;Όχι
11/02/2024 09:00;0,023;Όχι
11/02/2024 09:15;0,041;Όχι
11/02/2024 09:30;0,046;Όχι
11/02/2024 09:45;0,047;Όχι
11/02/2024 10:00;0,043;Όχι
11/02/2024 10:15;0,093;Όχι
11/02/2024 10:30;0,116;Όχι
11/02/2024 10:45;0,092;Όχι
11/02/2024 11:00;0,059;Όχι
11/02/2024 11:15;0,081;Όχι
11/02/2024 11:30;0,131;Όχι
11/02/2024 11:45;0,204;Όχι
11/02/2024 12:00;0,326;Όχι
11/02/2024 12:15;0,294;Όχι
11/02/2024 12:30;0,198;Όχι
11/02/2024 12:45;0,182;Όχι
11/02/2024 13:00;0,157;Όχι
11/02/2024 13:15;0,149;Όχι
11/02/2024 13:30;0,19;Όχι
11/02/2024 13:45;0,21;Όχι
11/02/2024 14:00;0,097;Όχι
11/02/2024 14:15;0,107;Όχι
11/02/2024 14:30;0,209;Όχι
11/02/2024 14:45;0,094;Όχι
11/02/2024 15:00;0,126;Όχι
11/02/2024 15:15;0,142;Όχι
11/02/2024 15:30;0,189;Όχι
11/02/2024 15:45;0,151;Όχι
11/02/2024 16:00;0,05;Όχι
11/02/2024 16:15;0,083;Όχι
11/02/2024 16:30;0,04;Όχι
11/02/2024 16:45;0,012;Όχι
11/02/2024 17:00;0,006;Όχι
11/02/2024 17:15;0;Όχι
11/02/2024 17:30;0,002;Όχι
11/02/2024 17:45;0,009;Όχι
11/02/2024 18:00;0,002;Όχι
11/02/2024 18:15;0;Όχι
11/02/2024 18:30;0;Όχι
11/02/2024 18:45;0;Όχι
11/02/2024 19:00;0;Όχι
11/02/2024 19:15;0;Όχι
11/02/2024 19:30;0;Όχι
11/02/2024 19:45;0;Όχι
11/02/2024 20:00;0;Όχι
11/02/2024 20:15;0;Όχι
11/02/2024 20:30;0;Όχι
11/02/2024 20:45;0;Όχι
11/02/2024 21:00;0;Όχι
11/02/2024 21:15;0;Όχι
11/02/2024 21:30;0;Όχι
11/02/2024 21:45;0;Όχι
11/02/2024 22:00;0;Όχι
11/02/2024 22:15;0;Όχι
11/02/2024 22:30;0;Όχι
11/02/2024 22:45;0;Όχι
11/02/2024 23:00;0;Όχι
11/02/2024 23:15;0;Όχι
11/02/2024 23:30;0;Όχι
11/02/2024 23:45;0;Όχι
12/02/2024 00:00;0;Όχι
12/02/2024 00:15;0;Όχι
12/02/2024 00:30;0;Όχι
12/02/2024 00:45;0;Όχι
12/02/2024 01:00;0;Όχι
12/02/2024 01:15;0;Όχι
12/02/2024 01:30;0;Όχι
12/02/2024 01:45;0;Όχι
12/02/2024 02:00;0;Όχι
12/02/2024 02:15;0;Όχι
12/02/2024 02:30;0;Όχι
12/02/2024 02:45;0;Όχι
12/02/2024 03:00;0;Όχι
12/02/2024 03:15;0;Όχι
12/02/2024 03:30;0;Όχι
12/02/2024 03:45;0;Όχι
12/02/2024 04:00;0;Όχι
12/02/2024 04:15;0;Όχι
12/02/2024 04:30;0;Όχι
12/02/2024 04:45;0;Όχι
12/02/2024 05:00;0;Όχι
12/02/2024 05:15;0;Όχι
12/02/2024 05:30;0;Όχι
12/02/2024 05:45;0;Όχι
12/02/2024 06:00;0;Όχι
12/02/2024 06:15;0;Όχι
12/02/2024 06:30;0;Όχι
12/02/2024 06:45;0;Όχι
12/02/2024 07:00;0;Όχι
12/02/2024 07:15;0;Όχι
12/02/2024 07:30;0;Όχι
12/02/2024 07:45;0,001;Όχι
12/02/2024 08:00;0,02;Όχι
12/02/2024 08:15;0,029;Όχι
12/02/2024 08:30;0,03;Όχι
12/02/2024 08:45;0,08;Όχι
12/02/2024 09:00;0,139;Όχι
12/02/2024 09:15;0,149;Όχι
12/02/2024 09:30;0,125;Όχι
12/02/2024 09:45;0,118;Όχι
12/02/2024 10:00;0,132;Όχι
12/02/2024 10:15;0,184;Όχι
12/02/2024 10:30;0,307;Όχι
12/02/2024 10:45;0,46;Όχι
12/02/2024 11:00;0,541;Όχι
12/02/2024 11:15;0,648;Όχι
12/02/2024 11:30;0,666;Όχι
12/02/2024 11:45;0,398;Όχι
12/02/2024 12:00;0,397;Όχι
12/02/2024 12:15;0,484;Όχι
12/02/2024 12:30;1,297;Όχι
12/02/2024 12:45;0,667;Όχι
12/02/2024 13:00;0,827;Όχι
12/02/2024 13:15;0,729;Όχι
12/02/2024 13:30;1,164;Όχι
12/02/2024 13:45;1,176;Όχι
12/02/2024 14:00;1,154;Όχι
12/02/2024 14:15;1,146;Όχι
12/02/2024 14:30;1,103;Όχι
12/02/2024 14:45;1,054;Όχι
12/02/2024 15:00;0,999;Όχι
12/02/2024 15:15;0,952;Όχι
12/02/2024 15:30;0,881;Όχι
12/02/2024 15:45;0,8;Όχι
12/02/2024 16:00;0,719;Όχι
12/02/2024 16:15;0,628;Όχι
12/02/2024 16:30;0,532;Όχι
12/02/2024 16:45;0,432;Όχι
12/02/2024 17:00;0,327;Όχι
12/02/2024 17:15;0,23;Όχι
12/02/2024 17:30;0,136;Όχι
12/02/2024 17:45;0,043;Όχι
12/02/2024 18:00;0,007;Όχι
12/02/2024 18:15;0;Όχι
12/02/2024 18:30;0;Όχι
12/02/2024 18:45;0;Όχι
12/02/2024 19:00;0;Όχι
12/02/2024 19:15;0;Όχι
12/02/2024 19:30;0;Όχι
12/02/2024 19:45;0;Όχι
12/02/2024 20:00;0;Όχι
12/02/2024 20:15;0;Όχι
12/02/2024 20:30;0;Όχι
12/02/2024 20:45;0;Όχι
12/02/2024 21:00;0;Όχι
12/02/2024 21:15;0;Όχι
12/02/2024 21:30;0;Όχι
12/02/2024 21:45;0;Όχι
12/02/2024 22:00;0;Όχι
12/02/2024 22:15;0;Όχι
12/02/2024 22:30;0;Όχι
12/02/2024 22:45;0;Όχι
12/02/2024 23:00;0;Όχι
12/02/2024 23:15;0;Όχι
12/02/2024 23:30;0;Όχι
12/02/2024 23:45;0;Όχι
13/02/2024 00:00;0;Όχι
13/02/2024 00:15;0;Όχι
13/02/2024 00:30;0;Όχι
13/02/2024 00:45;0;Όχι
13/02/2024 01:00;0;Όχι
13/02/2024 01:15;0;Όχι
13/02/2024 01:30;0;Όχι
13/02/2024 01:45;0;Όχι
13/02/2024 02:00;0;Όχι
13/02/2024 02:15;0;Όχι
13/02/2024 02:30;0;Όχι
13/02/2024 02:45;0;Όχι
13/02/2024 03:00;0;Όχι
13/02/2024 03:15;0;Όχι
13/02/2024 03:30;0;Όχι
13/02/2024 03:45;0;Όχι
13/02/2024 04:00;0;Όχι
13/02/2024 04:15;0;Όχι
13/02/2024 04:30;0;Όχι
13/02/2024 04:45;0;Όχι
13/02/2024 05:00;0;Όχι
13/02/2024 05:15;0;Όχι
13/02/2024 05:30;0;Όχι
13/02/2024 05:45;0;Όχι
13/02/2024 06:00;0;Όχι
13/02/2024 06:15;0;Όχι
13/02/2024 06:30;0;Όχι
13/02/2024 06:45;0;Όχι
13/02/2024 07:00;0;Όχι
13/02/2024 07:15;0;Όχι
13/02/2024 07:30;0;Όχι
13/02/2024 07:45;0,017;Όχι
13/02/2024 08:00;0,078;Όχι
13/02/2024 08:15;0,162;Όχι
13/02/2024 08:30;0,339;Όχι
13/02/2024 08:45;0,345;Όχι
13/02/2024 09:00;0,479;Όχι
13/02/2024 09:15;0,565;Όχι
13/02/2024 09:30;0,678;Όχι
13/02/2024 09:45;0,475;Όχι
13/02/2024 10:00;0,499;Όχι
13/02/2024 10:15;0,842;Όχι
13/02/2024 10:30;0,972;Όχι
13/02/2024 10:45;1,201;Όχι
13/02/2024 11:00;1,311;Όχι
13/02/2024 11:15;1,376;Όχι
13/02/2024 11:30;1,055;Όχι
13/02/2024 11:45;0,683;Όχι
13/02/2024 12:00;1,198;Όχι
13/02/2024 12:15;1,36;Όχι
13/02/2024 12:30;1,337;Όχι
13/02/2024 12:45;1,458;Όχι
13/02/2024 13:00;1,431;Όχι
13/02/2024 13:15;1,365;Όχι
13/02/2024 13:30;1,445;Όχι
13/02/2024 13:45;1,214;Όχι
13/02/2024 14:00;1,09;Όχι
13/02/2024 14:15;0,951;Όχι
13/02/2024 14:30;1,238;Όχι
13/02/2024 14:45;1,196;Όχι
13/02/2024 15:00;1,094;Όχι
13/02/2024 15:15;0,789;Όχι
13/02/2024 15:30;0,894;Όχι
13/02/2024 15:45;0,846;Όχι
13/02/2024 16:00;0,804;Όχι
13/02/2024 16:15;0,491;Όχι
13/02/2024 16:30;0,548;Όχι
13/02/2024 16:45;0,444;Όχι
13/02/2024 17:00;0,355;Όχι
13/02/2024 17:15;0,228;Όχι
13/02/2024 17:30;0,165;Όχι
13/02/2024 17:45;0,034;Όχι
13/02/2024 18:00;0;Όχι
13/02/2024 18:15;0;Όχι
13/02/2024 18:30;0;Όχι
13/02/2024 18:45;0;Όχι
13/02/2024 19:00;0;Όχι
13/02/2024 19:15;0;Όχι
13/02/2024 19:30;0;Όχι
13/02/2024 19:45;0;Όχι
13/02/2024 20:00;0;Όχι
13/02/2024 20:15;0;Όχι
13/02/2024 20:30;0;Όχι
13/02/2024 20:45;0;Όχι
13/02/2024 21:00;0;Όχι
13/02/2024 21:15;0;Όχι
13/02/2024 21:30;0;Όχι
13/02/2024 21:45;0;Όχι
13/02/2024 22:00;0;Όχι
13/02/2024 22:15;0;Όχι
13/02/2024 22:30;0;Όχι
13/02/2024 22:45;0;Όχι
13/02/2024 23:00;0;Όχι
13/02/2024 23:15;0;Όχι
13/02/2024 23:30;0;Όχι
13/02/2024 23:45;0;Όχι
14/02/2024 00:00;0;Όχι
14/02/2024 00:15;0;Όχι
14/02/2024 00:30;0;Όχι
14/02/2024 00:45;0;Όχι
14/02/2024 01:00;0;Όχι
14/02/2024 01:15;0;Όχι
14/02/2024 01:30;0;Όχι
14/02/2024 01:45;0;Όχι
14/02/2024 02:00;0;Όχι
14/02/2024 02:15;0;Όχι
14/02/2024 02:30;0;Όχι
14/02/2024 02:45;0;Όχι
14/02/2024 03:00;0;Όχι
14/02/2024 03:15;0;Όχι
14/02/2024 03:30;0;Όχι
14/02/2024 03:45;0;Όχι
14/02/2024 04:00;0;Όχι
14/02/2024 04:15;0;Όχι
14/02/2024 04:30;0;Όχι
14/02/2024 04:45;0;Όχι
14/02/2024 05:00;0;Όχι
14/02/2024 05:15;0;Όχι
14/02/2024 05:30;0;Όχι
14/02/2024 05:45;0;Όχι
14/02/2024 06:00;0;Όχι
14/02/2024 06:15;0;Όχι
14/02/2024 06:30;0;Όχι
14/02/2024 06:45;0;Όχι
14/02/2024 07:00;0;Όχι
14/02/2024 07:15;0;Όχι
14/02/2024 07:30;0;Όχι
14/02/2024 07:45;0,009;Όχι
14/02/2024 08:00;0,03;Όχι
14/02/2024 08:15;0,054;Όχι
14/02/2024 08:30;0,162;Όχι
14/02/2024 08:45;0,375;Όχι
14/02/2024 09:00;0,547;Όχι
14/02/2024 09:15;0,284;Όχι
14/02/2024 09:30;0,251;Όχι
14/02/2024 09:45;0,245;Όχι
14/02/2024 10:00;0,31;Όχι
14/02/2024 10:15;0,516;Όχι
14/02/2024 10:30;1,257;Όχι
14/02/2024 10:45;0,666;Όχι
14/02/2024 11:00;1,153;Όχι
14/02/2024 11:15;0,979;Όχι
14/02/2024 11:30;1,318;Όχι
14/02/2024 11:45;1,383;Όχι
14/02/2024 12:00;0,905;Όχι
14/02/2024 12:15;1,37;Όχι
14/02/2024 12:30;1,371;Όχι
14/02/2024 12:45;1,408;Όχι
14/02/2024 13:00;1,368;Όχι
14/02/2024 13:15;1,369;Όχι
14/02/2024 13:30;1,434;Όχι
14/02/2024 13:45;1,545;Όχι
14/02/2024 14:00;1,055;Όχι
14/02/2024 14:15;1,173;Όχι
14/02/2024 14:30;0,963;Όχι
14/02/2024 14:45;0,474;Όχι
14/02/2024 15:00;0,67;Όχι
14/02/2024 15:15;0,46;Όχι
14/02/2024 15:30;0,666;Όχι
14/02/2024 15:45;0,391;Όχι
14/02/2024 16:00;0,327;Όχι
14/02/2024 16:15;0,3;Όχι
14/02/2024 16:30;0,602;Όχι
14/02/2024 16:45;0,328;Όχι
14/02/2024 17:00;0,295;Όχι
14/02/2024 17:15;0,224;Όχι
14/02/2024 17:30;0,189;Όχι
14/02/2024 17:45;0,085;Όχι
14/02/2024 18:00;0,011;Όχι
14/02/2024 18:15;0;Όχι
14/02/2024 18:30;0;Όχι
14/02/2024 18:45;0;Όχι
14/02/2024 19:00;0;Όχι
14/02/2024 19:15;0;Όχι
14/02/2024 19:30;0;Όχι
14/02/2024 19:45;0;Όχι
14/02/2024 20:00;0;Όχι
14/02/2024 20:15;0;Όχι
14/02/2024 20:30;0;Όχι
14/02/2024 20:45;0;Όχι
14/02/2024 21:00;0;Όχι
14/02/2024 21:15;0;Όχι
14/02/2024 21:30;0;Όχι
14/02/2024 21:45;0;Όχι
14/02/2024 22:00;0;Όχι
14/02/2024 22:15;0;Όχι
14/02/2024 22:30;0;Όχι
14/02/2024 22:45;0;Όχι
14/02/2024 23:00;0;Όχι
14/02/2024 23:15;0;Όχι
14/02/2024 23:30;0;Όχι
14/02/2024 23:45;0;Όχι
15/02/2024 00:00;0;Όχι
15/02/2024 00:15;0;Όχι
15/02/2024 00:30;0;Όχι
15/02/2024 00:45;0;Όχι
15/02/2024 01:00;0;Όχι
15/02/2024 01:15;0;Όχι
15/02/2024 01:30;0;Όχι
15/02/2024 01:45;0;Όχι
15/02/2024 02:00;0;Όχι
15/02/2024 02:15;0;Όχι
15/02/2024 02:30;0;Όχι
15/02/2024 02:45;0;Όχι
15/02/2024 03:00;0;Όχι
15/02/2024 03:15;0;Όχι
15/02/2024 03:30;0;Όχι
15/02/2024 03:45;0;Όχι
15/02/2024 04:00;0;Όχι
15/02/2024 04:15;0;Όχι
15/02/2024 04:30;0;Όχι
15/02/2024 04:45;0;Όχι
15/02/2024 05:00;0;Όχι
15/02/2024 05:15;0;Όχι
15/02/2024 05:30;0;Όχι
15/02/2024 05:45;0;Όχι
15/02/2024 06:00;0;Όχι
15/02/2024 06:15;0;Όχι
15/02/2024 06:30;0;Όχι
15/02/2024 06:45;0;Όχι
15/02/2024 07:00;0;Όχι
15/02/2024 07:15;0;Όχι
15/02/2024 07:30;0;Όχι
15/02/2024 07:45;0,007;Όχι
15/02/2024 08:00;0,015;Όχι
15/02/2024 08:15;0,094;Όχι
15/02/2024 08:30;0,252;Όχι
15/02/2024 08:45;0,136;Όχι
15/02/2024 09:00;0,116;Όχι
15/02/2024 09:15;0,175;Όχι
15/02/2024 09:30;0,707;Όχι
15/02/2024 09:45;0,742;Όχι
15/02/2024 10:00;0,885;Όχι
15/02/2024 10:15;0,848;Όχι
15/02/2024 10:30;1,034;Όχι
15/02/2024 10:45;1,101;Όχι
15/02/2024 11:00;1,162;Όχι
15/02/2024 11:15;1,215;Όχι
15/02/2024 11:30;1,26;Όχι
15/02/2024 11:45;1,291;Όχι
15/02/2024 12:00;1,326;Όχι
15/02/2024 12:15;1,345;Όχι
15/02/2024 12:30;1,359;Όχι
15/02/2024 12:45;1,362;Όχι
15/02/2024 13:00;1,361;Όχι
15/02/2024 13:15;1,347;Όχι
15/02/2024 13:30;1,327;Όχι
15/02/2024 13:45;1,302;Όχι
15/02/2024 14:00;1,267;Όχι
15/02/2024 14:15;1,236;Όχι
15/02/2024 14:30;1,192;Όχι
15/02/2024 14:45;1,141;Όχι
15/02/2024 15:00;1,084;Όχι
15/02/2024 15:15;1,015;Όχι
15/02/2024 15:30;0,942;Όχι
15/02/2024 15:45;0,86;Όχι
15/02/2024 16:00;0,767;Όχι
15/02/2024 16:15;0,675;Όχι
15/02/2024 16:30;0,576;Όχι
15/02/2024 16:45;0,472;Όχι
15/02/2024 17:00;0,364;Όχι
15/02/2024 17:15;0,261;Όχι
15/02/2024 17:30;0,159;Όχι
15/02/2024 17:45;0,072;Όχι
15/02/2024 18:00;0,01;Όχι
15/02/2024 18:15;0;Όχι
15/02/2024 18:30;0;Όχι
15/02/2024 18:45;0;Όχι
15/02/2024 19:00;0;Όχι
15/02/2024 19:15;0;Όχι
15/02/2024 19:30;0;Όχι
15/02/2024 19:45;0;Όχι
15/02/2024 20:00;0;Όχι
15/02/2024 20:15;0;Όχι
15/02/2024 20:30;0;Όχι
15/02/2024 20:45;0;Όχι
15/02/2024 21:00;0;Όχι
15/02/2024 21:15;0;Όχι
15/02/2024 21:30;0;Όχι
15/02/2024 21:45;0;Όχι
15/02/2024 22:00;0;Όχι
15/02/2024 22:15;0;Όχι
15/02/2024 22:30;0;Όχι
15/02/2024 22:45;0;Όχι
15/02/2024 23:00;0;Όχι
15/02/2024 23:15;0;Όχι
15/02/2024 23:30;0;Όχι
15/02/2024 23:45;0;Όχι
16/02/2024 00:00;0;Όχι
16/02/2024 00:15;0;Όχι
16/02/2024 00:30;0;Όχι
16/02/2024 00:45;0;Όχι
16/02/2024 01:00;0;Όχι
16/02/2024 01:15;0;Όχι
16/02/2024 01:30;0;Όχι
16/02/2024 01:45;0;Όχι
16/02/2024 02:00;0;Όχι
16/02/2024 02:15;0;Όχι
16/02/2024 02:30;0;Όχι
16/02/2024 02:45;0;Όχι
16/02/2024 03:00;0;Όχι
16/02/2024 03:15;0;Όχι
16/02/2024 03:30;0;Όχι
16/02/2024 03:45;0;Όχι
16/02/2024 04:00;0;Όχι
16/02/2024 04:15;0;Όχι
16/02/2024 04:30;0;Όχι
16/02/2024 04:45;0;Όχι
16/02/2024 05:00;0;Όχι
16/02/2024 05:15;0;Όχι
16/02/2024 05:30;0;Όχι
16/02/2024 05:45;0;Όχι
16/02/2024 06:00;0;Όχι
16/02/2024 06:15;0;Όχι
16/02/2024 06:30;0;Όχι
16/02/2024 06:45;0;Όχι
16/02/2024 07:00;0;Όχι
16/02/2024 07:15;0;Όχι
16/02/2024 07:30;0;Όχι
16/02/2024 07:45;0,017;Όχι
16/02/2024 08:00;0,077;Όχι
16/02/2024 08:15;0,156;Όχι
16/02/2024 08:30;0,248;Όχι
16/02/2024 08:45;0,353;Όχι
16/02/2024 09:00;0,469;Όχι
16/02/2024 09:15;0,569;Όχι
16/02/2024 09:30;0,657;Όχι
16/02/2024 09:45;0,774;Όχι
16/02/2024 10:00;0,513;Όχι
16/02/2024 10:15;0,94;Όχι
16/02/2024 10:30;1,009;Όχι
16/02/2024 10:45;1,077;Όχι
16/02/2024 11:00;1,128;Όχι
16/02/2024 11:15;1,174;Όχι
16/02/2024 11:30;1,219;Όχι
16/02/2024 11:45;1,248;Όχι
16/02/2024 12:00;1,268;Όχι
16/02/2024 12:15;1,288;Όχι
16/02/2024 12:30;1,301;Όχι
16/02/2024 12:45;1,295;Όχι
16/02/2024 13:00;1,291;Όχι
16/02/2024 13:15;1,275;Όχι
16/02/2024 13:30;1,254;Όχι
16/02/2024 13:45;1,229;Όχι
16/02/2024 14:00;1,209;Όχι
16/02/2024 14:15;1,174;Όχι
16/02/2024 14:30;1,134;Όχι
16/02/2024 14:45;1,066;Όχι
16/02/2024 15:00;0,989;Όχι
16/02/2024 15:15;0,941;Όχι
16/02/2024 15:30;0,891;Όχι
16/02/2024 15:45;0,821;Όχι
16/02/2024 16:00;0,738;Όχι
16/02/2024 16:15;0,647;Όχι
16/02/2024 16:30;0,553;Όχι
16/02/2024 16:45;0,459;Όχι
16/02/2024 17:00;0,343;Όχι
16/02/2024 17:15;0,258;Όχι
16/02/2024 17:30;0,156;Όχι
16/02/2024 17:45;0,074;Όχι
16/02/2024 18:00;0,013;Όχι
16/02/2024 18:15;0;Όχι
16/02/2024 18:30;0;Όχι
16/02/2024 18:45;0;Όχι
16/02/2024 19:00;0;Όχι
16/02/2024 19:15;0;Όχι
16/02/2024 19:30;0;Όχι
16/02/2024 19:45;0;Όχι
16/02/2024 20:00;0;Όχι
16/02/2024 20:15;0;Όχι
16/02/2024 20:30;0;Όχι
16/02/2024 20:45;0;Όχι
16/02/2024 21:00;0;Όχι
16/02/2024 21:15;0;Όχι
16/02/2024 21:30;0;Όχι
16/02/2024 21:45;0;Όχι
16/02/2024 22:00;0;Όχι
16/02/2024 22:15;0;Όχι
16/02/2024 22:30;0;Όχι
16/02/2024 22:45;0;Όχι
16/02/2024 23:00;0;Όχι
16/02/2024 23:15;0;Όχι
16/02/2024 23:30;0;Όχι
16/02/2024 23:45;0;Όχι
17/02/2024 00:00;0;Όχι
17/02/2024 00:15;0;Όχι
17/02/2024 00:30;0;Όχι
17/02/2024 00:45;0;Όχι
17/02/2024 01:00;0;Όχι
17/02/2024 01:15;0;Όχι
17/02/2024 01:30;0;Όχι
17/02/2024 01:45;0;Όχι
17/02/2024 02:00;0;Όχι
17/02/2024 02:15;0;Όχι
17/02/2024 02:30;0;Όχι
17/02/2024 02:45;0;Όχι
17/02/2024 03:00;0;Όχι
17/02/2024 03:15;0;Όχι
17/02/2024 03:30;0;Όχι
17/02/2024 03:45;0;Όχι
17/02/2024 04:00;0;Όχι
17/02/2024 04:15;0;Όχι
17/02/2024 04:30;0;Όχι
17/02/2024 04:45;0;Όχι
17/02/2024 05:00;0;Όχι
17/02/2024 05:15;0;Όχι
17/02/2024 05:30;0;Όχι
17/02/2024 05:45;0;Όχι
17/02/2024 06:00;0;Όχι
17/02/2024 06:15;0;Όχι
17/02/2024 06:30;0;Όχι
17/02/2024 06:45;0;Όχι
17/02/2024 07:00;0;Όχι
17/02/2024 07:15;0;Όχι
17/02/2024 07:30;0;Όχι
17/02/2024 07:45;0,016;Όχι
17/02/2024 08:00;0,076;Όχι
17/02/2024 08:15;0,157;Όχι
17/02/2024 08:30;0,254;Όχι
17/02/2024 08:45;0,341;Όχι
17/02/2024 09:00;0,446;Όχι
17/02/2024 09:15;0,541;Όχι
17/02/2024 09:30;0,637;Όχι
17/02/2024 09:45;0,725;Όχι
17/02/2024 10:00;0,812;Όχι
17/02/2024 10:15;0,888;Όχι
17/02/2024 10:30;0,955;Όχι
17/02/2024 10:45;1,016;Όχι
17/02/2024 11:00;1,067;Όχι
17/02/2024 11:15;1,111;Όχι
17/02/2024 11:30;1,147;Όχι
17/02/2024 11:45;1,187;Όχι
17/02/2024 12:00;1,211;Όχι
17/02/2024 12:15;1,225;Όχι
17/02/2024 12:30;1,235;Όχι
17/02/2024 12:45;1,253;Όχι
17/02/2024 13:00;1,22;Όχι
17/02/2024 13:15;1,219;Όχι
17/02/2024 13:30;1,22;Όχι
17/02/2024 13:45;1,206;Όχι
17/02/2024 14:00;1,19;Όχι
17/02/2024 14:15;1,148;Όχι
17/02/2024 14:30;1,101;Όχι
17/02/2024 14:45;1,06;Όχι
17/02/2024 15:00;0,987;Όχι
17/02/2024 15:15;0,932;Όχι
17/02/2024 15:30;0,85;Όχι
17/02/2024 15:45;0,789;Όχι
17/02/2024 16:00;0,69;Όχι
17/02/2024 16:15;0,597;Όχι
17/02/2024 16:30;0,484;Όχι
17/02/2024 16:45;0,384;Όχι
17/02/2024 17:00;0,302;Όχι
17/02/2024 17:15;0,211;Όχι
17/02/2024 17:30;0,121;Όχι
17/02/2024 17:45;0,062;Όχι
17/02/2024 18:00;0,016;Όχι
17/02/2024 18:15;0,001;Όχι
17/02/2024 18:30;0;Όχι
17/02/2024 18:45;0;Όχι
17/02/2024 19:00;0;Όχι
17/02/2024 19:15;0;Όχι
17/02/2024 19:30;0;Όχι
17/02/2024 19:45;0;Όχι
17/02/2024 20:00;0;Όχι
17/02/2024 20:15;0;Όχι
17/02/2024 20:30;0;Όχι
17/02/2024 20:45;0;Όχι
17/02/2024 21:00;0;Όχι
17/02/2024 21:15;0;Όχι
17/02/2024 21:30;0;Όχι
17/02/2024 21:45;0;Όχι
17/02/2024 22:00;0;Όχι
17/02/2024 22:15;0;Όχι
17/02/2024 22:30;0;Όχι
17/02/2024 22:45;0;Όχι
17/02/2024 23:00;0;Όχι
17/02/2024 23:15;0;Όχι
17/02/2024 23:30;0;Όχι
17/02/2024 23:45;0;Όχι
18/02/2024 00:00;0;Όχι
18/02/2024 00:15;0;Όχι
18/02/2024 00:30;0;Όχι
18/02/2024 00:45;0;Όχι
18/02/2024 01:00;0;Όχι
18/02/2024 01:15;0;Όχι
18/02/2024 01:30;0;Όχι
18/02/2024 01:45;0;Όχι
18/02/2024 02:00;0;Όχι
18/02/2024 02:15;0;Όχι
18/02/2024 02:30;0;Όχι
18/02/2024 02:45;0;Όχι
18/02/2024 03:00;0;Όχι
18/02/2024 03:15;0;Όχι
18/02/2024 03:30;0;Όχι
18/02/2024 03:45;0;Όχι
18/02/2024 04:00;0;Όχι
18/02/2024 04:15;0;Όχι
18/02/2024 04:30;0;Όχι
18/02/2024 04:45;0;Όχι
18/02/2024 05:00;0;Όχι
18/02/2024 05:15;0;Όχι
18/02/2024 05:30;0;Όχι
18/02/2024 05:45;0;Όχι
18/02/2024 06:00;0;Όχι
18/02/2024 06:15;0;Όχι
18/02/2024 06:30;0;Όχι
18/02/2024 06:45;0;Όχι
18/02/2024 07:00;0;Όχι
18/02/2024 07:15;0;Όχι
18/02/2024 07:30;0,002;Όχι
18/02/2024 07:45;0,027;Όχι
18/02/2024 08:00;0,074;Όχι
18/02/2024 08:15;0;Όχι
18/02/2024 08:30;0;Όχι
18/02/2024 08:45;0;Όχι
18/02/2024 09:00;0;Όχι
18/02/2024 09:15;0;Όχι
18/02/2024 09:30;0;Όχι
18/02/2024 09:45;0;Όχι
18/02/2024 10:00;0;Όχι
18/02/2024 10:15;0;Όχι
18/02/2024 10:30;0;Όχι
18/02/2024 10:45;0;Όχι
18/02/2024 11:00;0;Όχι
18/02/2024 11:15;0;Όχι
18/02/2024 11:30;0;Όχι
18/02/2024 11:45;0;Όχι
18/02/2024 12:00;0;Όχι
18/02/2024 12:15;0;Όχι
18/02/2024 12:30;0;Όχι
18/02/2024 12:45;0;Όχι
18/02/2024 13:00;0;Όχι
18/02/2024 13:15;0;Όχι
18/02/2024 13:30;0;Όχι
18/02/2024 13:45;0;Όχι
18/02/2024 14:00;1,201;Όχι
18/02/2024 14:15;1,23;Όχι
18/02/2024 14:30;1,257;Όχι
18/02/2024 14:45;0,653;Όχι
18/02/2024 15:00;0,507;Όχι
18/02/2024 15:15;1,04;Όχι
18/02/2024 15:30;1,096;Όχι
18/02/2024 15:45;0,946;Όχι
18/02/2024 16:00;0,896;Όχι
18/02/2024 16:15;0,729;Όχι
18/02/2024 16:30;0,572;Όχι
18/02/2024 16:45;0,246;Όχι
18/02/2024 17:00;0,297;Όχι
18/02/2024 17:15;0,199;Όχι
18/02/2024 17:30;0,152;Όχι
18/02/2024 17:45;0,072;Όχι
18/02/2024 18:00;0,005;Όχι
18/02/2024 18:15;0;Όχι
18/02/2024 18:30;0;Όχι
18/02/2024 18:45;0;Όχι
18/02/2024 19:00;0;Όχι
18/02/2024 19:15;0;Όχι
18/02/2024 19:30;0;Όχι
18/02/2024 19:45;0;Όχι
18/02/2024 20:00;0;Όχι
18/02/2024 20:15;0;Όχι
18/02/2024 20:30;0;Όχι
18/02/2024 20:45;0;Όχι
18/02/2024 21:00;0;Όχι
18/02/2024 21:15;0;Όχι
18/02/2024 21:30;0;Όχι
18/02/2024 21:45;0;Όχι
18/02/2024 22:00;0;Όχι
18/02/2024 22:15;0;Όχι
18/02/2024 22:30;0;Όχι
18/02/2024 22:45;0;Όχι
18/02/2024 23:00;0;Όχι
18/02/2024 23:15;0;Όχι
18/02/2024 23:30;0;Όχι
18/02/2024 23:45;0;Όχι
19/02/2024 00:00;0;Όχι
19/02/2024 00:15;0;Όχι
19/02/2024 00:30;0;Όχι
19/02/2024 00:45;0;Όχι
19/02/2024 01:00;0;Όχι
19/02/2024 01:15;0;Όχι
19/02/2024 01:30;0;Όχι
19/02/2024 01:45;0;Όχι
19/02/2024 02:00;0;Όχι
19/02/2024 02:15;0;Όχι
19/02/2024 02:30;0;Όχι
19/02/2024 02:45;0;Όχι
19/02/2024 03:00;0;Όχι
19/02/2024 03:15;0;Όχι
19/02/2024 03:30;0;Όχι
19/02/2024 03:45;0;Όχι
19/02/2024 04:00;0;Όχι
19/02/2024 04:15;0;Όχι
19/02/2024 04:30;0;Όχι
19/02/2024 04:45;0;Όχι
19/02/2024 05:00;0;Όχι
19/02/2024 05:15;0;Όχι
19/02/2024 05:30;0;Όχι
19/02/2024 05:45;0;Όχι
19/02/2024 06:00;0;Όχι
19/02/2024 06:15;0;Όχι
19/02/2024 06:30;0;Όχι
19/02/2024 06:45;0;Όχι
19/02/2024 07:00;0;Όχι
19/02/2024 07:15;0;Όχι
19/02/2024 07:30;0;Όχι
19/02/2024 07:45;0,003;Όχι
19/02/2024 08:00;0,019;Όχι
19/02/2024 08:15;0,041;Όχι
19/02/2024 08:30;0,074;Όχι
19/02/2024 08:45;0,112;Όχι
19/02/2024 09:00;0,158;Όχι
19/02/2024 09:15;0,189;Όχι
19/02/2024 09:30;0,243;Όχι
19/02/2024 09:45;0,311;Όχι
19/02/2024 10:00;0,395;Όχι
19/02/2024 10:15;0,637;Όχι
19/02/2024 10:30;0,945;Όχι
19/02/2024 10:45;1,09;Όχι
19/02/2024 11:00;0,997;Όχι
19/02/2024 11:15;0,385;Όχι
19/02/2024 11:30;0,437;Όχι
19/02/2024 11:45;0,994;Όχι
19/02/2024 12:00;0,794;Όχι
19/02/2024 12:15;0,682;Όχι
19/02/2024 12:30;0,42;Όχι
19/02/2024 12:45;0,477;Όχι
19/02/2024 13:00;1,265;Όχι
19/02/2024 13:15;0,934;Όχι
19/02/2024 13:30;1,403;Όχι
19/02/2024 13:45;1,408;Όχι
19/02/2024 14:00;1,315;Όχι
19/02/2024 14:15;1,136;Όχι
19/02/2024 14:30;1,414;Όχι
19/02/2024 14:45;1,195;Όχι
19/02/2024 15:00;0,94;Όχι
19/02/2024 15:15;0,626;Όχι
19/02/2024 15:30;0,697;Όχι
19/02/2024 15:45;0,52;Όχι
19/02/2024 16:00;0,612;Όχι
19/02/2024 16:15;0,634;Όχι
19/02/2024 16:30;0,459;Όχι
19/02/2024 16:45;0,155;Όχι
19/02/2024 17:00;0,21;Όχι
19/02/2024 17:15;0,24;Όχι
19/02/2024 17:30;0,129;Όχι
19/02/2024 17:45;0,06;Όχι
19/02/2024 18:00;0,007;Όχι
19/02/2024 18:15;0;Όχι
19/02/2024 18:30;0;Όχι
19/02/2024 18:45;0;Όχι
19/02/2024 19:00;0;Όχι
19/02/2024 19:15;0;Όχι
19/02/2024 19:30;0;Όχι
19/02/2024 19:45;0;Όχι
19/02/2024 20:00;0;Όχι
19/02/2024 20:15;0;Όχι
19/02/2024 20:30;0;Όχι
19/02/2024 20:45;0;Όχι
19/02/2024 21:00;0;Όχι
19/02/2024 21:15;0;Όχι
19/02/2024 21:30;0;Όχι
19/02/2024 21:45;0;Όχι
19/02/2024 22:00;0;Όχι
19/02/2024 22:15;0;Όχι
19/02/2024 22:30;0;Όχι
19/02/2024 22:45;0;Όχι
19/02/2024 23:00;0;Όχι
19/02/2024 23:15;0;Όχι
19/02/2024 23:30;0;Όχι
19/02/2024 23:45;0;Όχι
20/02/2024 00:00;0;Όχι
20/02/2024 00:15;0;Όχι
20/02/2024 00:30;0;Όχι
20/02/2024 00:45;0;Όχι
20/02/2024 01:00;0;Όχι
20/02/2024 01:15;0;Όχι
20/02/2024 01:30;0;Όχι
20/02/2024 01:45;0;Όχι
20/02/2024 02:00;0;Όχι
20/02/2024 02:15;0;Όχι
20/02/2024 02:30;0;Όχι
20/02/2024 02:45;0;Όχι
20/02/2024 03:00;0;Όχι
20/02/2024 03:15;0;Όχι
20/02/2024 03:30;0;Όχι
20/02/2024 03:45;0;Όχι
20/02/2024 04:00;0;Όχι
20/02/2024 04:15;0;Όχι
20/02/2024 04:30;0;Όχι
20/02/2024 04:45;0;Όχι
20/02/2024 05:00;0;Όχι
20/02/2024 05:15;0;Όχι
20/02/2024 05:30;0;Όχι
20/02/2024 05:45;0;Όχι
20/02/2024 06:00;0;Όχι
20/02/2024 06:15;0;Όχι
20/02/2024 06:30;0;Όχι
20/02/2024 06:45;0;Όχι
20/02/2024 07:00;0;Όχι
20/02/2024 07:15;0;Όχι
20/02/2024 07:30;0;Όχι
20/02/2024 07:45;0,001;Όχι
20/02/2024 08:00;0,007;Όχι
20/02/2024 08:15;0,013;Όχι
20/02/2024 08:30;0,014;Όχι
20/02/2024 08:45;0,02;Όχι
20/02/2024 09:00;0,023;Όχι
20/02/2024 09:15;0,028;Όχι
20/02/2024 09:30;0,027;Όχι
20/02/2024 09:45;0,037;Όχι
20/02/2024 10:00;0,073;Όχι
20/02/2024 10:15;0,172;Όχι
20/02/2024 10:30;0,275;Όχι
20/02/2024 10:45;0,279;Όχι
20/02/2024 11:00;0,319;Όχι
20/02/2024 11:15;0,322;Όχι
20/02/2024 11:30;0,307;Όχι
20/02/2024 11:45;0,292;Όχι
20/02/2024 12:00;0,332;Όχι
20/02/2024 12:15;0,362;Όχι
20/02/2024 12:30;0,335;Όχι
20/02/2024 12:45;0,342;Όχι
20/02/2024 13:00;0,391;Όχι
20/02/2024 13:15;0,428;Όχι
20/02/2024 13:30;0,445;Όχι
20/02/2024 13:45;0,421;Όχι
20/02/2024 14:00;0,364;Όχι
20/02/2024 14:15;0,414;Όχι
20/02/2024 14:30;0,76;Όχι
20/02/2024 14:45;0,676;Όχι
20/02/2024 15:00;0,651;Όχι
20/02/2024 15:15;0,636;Όχι
20/02/2024 15:30;0,402;Όχι
20/02/2024 15:45;0,777;Όχι
20/02/2024 16:00;0,5;Όχι
20/02/2024 16:15;0,66;Όχι
20/02/2024 16:30;0,335;Όχι
20/02/2024 16:45;0,111;Όχι
20/02/2024 17:00;0,158;Όχι
20/02/2024 17:15;0,091;Όχι
20/02/2024 17:30;0,054;Όχι
20/02/2024 17:45;0,037;Όχι
20/02/2024 18:00;0,01;Όχι
20/02/2024 18:15;0,001;Όχι
20/02/2024 18:30;0;Όχι
20/02/2024 18:45;0;Όχι
20/02/2024 19:00;0;Όχι
20/02/2024 19:15;0;Όχι
20/02/2024 19:30;0;Όχι
20/02/2024 19:45;0;Όχι
20/02/2024 20:00;0;Όχι
20/02/2024 20:15;0;Όχι
20/02/2024 20:30;0;Όχι
20/02/2024 20:45;0;Όχι
20/02/2024 21:00;0;Όχι
20/02/2024 21:15;0;Όχι
20/02/2024 21:30;0;Όχι
20/02/2024 21:45;0;Όχι
20/02/2024 22:00;0;Όχι
20/02/2024 22:15;0;Όχι
20/02/2024 22:30;0;Όχι
20/02/2024 22:45;0;Όχι
20/02/2024 23:00;0;Όχι
20/02/2024 23:15;0;Όχι
20/02/2024 23:30;0;Όχι
20/02/2024 23:45;0;Όχι
21/02/2024 00:00;0;Όχι
21/02/2024 00:15;0;Όχι
21/02/2024 00:30;0;Όχι
21/02/2024 00:45;0;Όχι
21/02/2024 01:00;0;Όχι
21/02/2024 01:15;0;Όχι
21/02/2024 01:30;0;Όχι
21/02/2024 01:45;0;Όχι
21/02/2024 02:00;0;Όχι
21/02/2024 02:15;0;Όχι
21/02/2024 02:30;0;Όχι
21/02/2024 02:45;0;Όχι
21/02/2024 03:00;0;Όχι
21/02/2024 03:15;0;Όχι
21/02/2024 03:30;0;Όχι
21/02/2024 03:45;0;Όχι
21/02/2024 04:00;0;Όχι
21/02/2024 04:15;0;Όχι
21/02/2024 04:30;0;Όχι
21/02/2024 04:45;0;Όχι
21/02/2024 05:00;0;Όχι
21/02/2024 05:15;0;Όχι
21/02/2024 05:30;0;Όχι
21/02/2024 05:45;0;Όχι
21/02/2024 06:00;0;Όχι
21/02/2024 06:15;0;Όχι
21/02/2024 06:30;0;Όχι
21/02/2024 06:45;0;Όχι
21/02/2024 07:00;0;Όχι
21/02/2024 07:15;0;Όχι
21/02/2024 07:30;0,005;Όχι
21/02/2024 07:45;0,041;Όχι
21/02/2024 08:00;0,111;Όχι
21/02/2024 08:15;0,205;Όχι
21/02/2024 08:30;0,31;Όχι
21/02/2024 08:45;0,416;Όχι
21/02/2024 09:00;0,507;Όχι
21/02/2024 09:15;0,611;Όχι
21/02/2024 09:30;0,706;Όχι
21/02/2024 09:45;0,785;Όχι
21/02/2024 10:00;0,864;Όχι
21/02/2024 10:15;0,942;Όχι
21/02/2024 10:30;1,017;Όχι
21/02/2024 10:45;1,083;Όχι
21/02/2024 11:00;1,135;Όχι
21/02/2024 11:15;1,174;Όχι
21/02/2024 11:30;1,212;Όχι
21/02/2024 11:45;1,236;Όχι
21/02/2024 12:00;1,261;Όχι
21/02/2024 12:15;1,295;Όχι
21/02/2024 12:30;1,308;Όχι
21/02/2024 12:45;1,296;Όχι
21/02/2024 13:00;1,294;Όχι
21/02/2024 13:15;1,277;Όχι
21/02/2024 13:30;1,271;Όχι
21/02/2024 13:45;1,262;Όχι
21/02/2024 14:00;1,239;Όχι
21/02/2024 14:15;1,194;Όχι
21/02/2024 14:30;1,165;Όχι
21/02/2024 14:45;1,089;Όχι
21/02/2024 15:00;1,161;Όχι
21/02/2024 15:15;1,151;Όχι
21/02/2024 15:30;0,893;Όχι
21/02/2024 15:45;0,325;Όχι
21/02/2024 16:00;0,218;Όχι
21/02/2024 16:15;0,198;Όχι
21/02/2024 16:30;0,146;Όχι
21/02/2024 16:45;0,261;Όχι
21/02/2024 17:00;0,362;Όχι
21/02/2024 17:15;0,214;Όχι
21/02/2024 17:30;0,178;Όχι
21/02/2024 17:45;0,089;Όχι
21/02/2024 18:00;0,023;Όχι
21/02/2024 18:15;0,001;Όχι
21/02/2024 18:30;0;Όχι
21/02/2024 18:45;0;Όχι
21/02/2024 19:00;0;Όχι
21/02/2024 19:15;0;Όχι
21/02/2024 19:30;0;Όχι
21/02/2024 19:45;0;Όχι
21/02/2024 20:00;0;Όχι
21/02/2024 20:15;0;Όχι
21/02/2024 20:30;0;Όχι
21/02/2024 20:45;0;Όχι
21/02/2024 21:00;0;Όχι
21/02/2024 21:15;0;Όχι
21/02/2024 21:30;0;Όχι
21/02/2024 21:45;0;Όχι
21/02/2024 22:00;0;Όχι
21/02/2024 22:15;0;Όχι
21/02/2024 22:30;0;Όχι
21/02/2024 22:45;0;Όχι
21/02/2024 23:00;0;Όχι
21/02/2024 23:15;0;Όχι
21/02/2024 23:30;0;Όχι
21/02/2024 23:45;0;Όχι
22/02/2024 00:00;0;Όχι
22/02/2024 00:15;0;Όχι
22/02/2024 00:30;0;Όχι
22/02/2024 00:45;0;Όχι
22/02/2024 01:00;0;Όχι
22/02/2024 01:15;0;Όχι
22/02/2024 01:30;0;Όχι
22/02/2024 01:45;0;Όχι
22/02/2024 02:00;0;Όχι
22/02/2024 02:15;0;Όχι
22/02/2024 02:30;0;Όχι
22/02/2024 02:45;0;Όχι
22/02/2024 03:00;0;Όχι
22/02/2024 03:15;0;Όχι
22/02/2024 03:30;0;Όχι
22/02/2024 03:45;0;Όχι
22/02/2024 04:00;0;Όχι
22/02/2024 04:15;0;Όχι
22/02/2024 04:30;0;Όχι
22/02/2024 04:45;0;Όχι
22/02/2024 05:00;0;Όχι
22/02/2024 05:15;0;Όχι
22/02/2024 05:30;0;Όχι
22/02/2024 05:45;0;Όχι
22/02/2024 06:00;0;Όχι
22/02/2024 06:15;0;Όχι
22/02/2024 06:30;0;Όχι
22/02/2024 06:45;0;Όχι
22/02/2024 07:00;0;Όχι
22/02/2024 07:15;0;Όχι
22/02/2024 07:30;0,005;Όχι
22/02/2024 07:45;0,039;Όχι
22/02/2024 08:00;0,094;Όχι
22/02/2024 08:15;0,174;Όχι
22/02/2024 08:30;0,269;Όχι
22/02/2024 08:45;0,354;Όχι
22/02/2024 09:00;0,448;Όχι
22/02/2024 09:15;0,556;Όχι
22/02/2024 09:30;0,647;Όχι
22/02/2024 09:45;0,735;Όχι
22/02/2024 10:00;0,819;Όχι
22/02/2024 10:15;0,897;Όχι
22/02/2024 10:30;0,97;Όχι
22/02/2024 10:45;1,027;Όχι
22/02/2024 11:00;1,093;Όχι
22/02/2024 11:15;1,14;Όχι
22/02/2024 11:30;1,173;Όχι
22/02/2024 11:45;1,217;Όχι
22/02/2024 12:00;1,246;Όχι
22/02/2024 12:15;1,273;Όχι
22/02/2024 12:30;1,297;Όχι
22/02/2024 12:45;1,301;Όχι
22/02/2024 13:00;1,31;Όχι
22/02/2024 13:15;1,153;Όχι
22/02/2024 13:30;1,243;Όχι
22/02/2024 13:45;1,219;Όχι
22/02/2024 14:00;1,241;Όχι
22/02/2024 14:15;1,178;Όχι
22/02/2024 14:30;1,211;Όχι
22/02/2024 14:45;1,137;Όχι
22/02/2024 15:00;1,083;Όχι
22/02/2024 15:15;1,018;Όχι
22/02/2024 15:30;0,947;Όχι
22/02/2024 15:45;0,86;Όχι
22/02/2024 16:00;0,776;Όχι
22/02/2024 16:15;0,68;Όχι
22/02/2024 16:30;0,576;Όχι
22/02/2024 16:45;0,472;Όχι
22/02/2024 17:00;0,368;Όχι
22/02/2024 17:15;0,265;Όχι
22/02/2024 17:30;0,122;Όχι
22/02/2024 17:45;0,065;Όχι
22/02/2024 18:00;0,021;Όχι
22/02/2024 18:15;0,001;Όχι
22/02/2024 18:30;0;Όχι
22/02/2024 18:45;0;Όχι
22/02/2024 19:00;0;Όχι
22/02/2024 19:15;0;Όχι
22/02/2024 19:30;0;Όχι
22/02/2024 19:45;0;Όχι
22/02/2024 20:00;0;Όχι
22/02/2024 20:15;0;Όχι
22/02/2024 20:30;0;Όχι
22/02/2024 20:45;0;Όχι
22/02/2024 21:00;0;Όχι
22/02/2024 21:15;0;Όχι
22/02/2024 21:30;0;Όχι
22/02/2024 21:45;0;Όχι
22/02/2024 22:00;0;Όχι
22/02/2024 22:15;0;Όχι
22/02/2024 22:30;0;Όχι
22/02/2024 22:45;0;Όχι
22/02/2024 23:00;0;Όχι
22/02/2024 23:15;0;Όχι
22/02/2024 23:30;0;Όχι
22/02/2024 23:45;0;Όχι
23/02/2024 00:00;0;Όχι
23/02/2024 00:15;0;Όχι
23/02/2024 00:30;0;Όχι
23/02/2024 00:45;0;Όχι
23/02/2024 01:00;0;Όχι
23/02/2024 01:15;0;Όχι
23/02/2024 01:30;0;Όχι
23/02/2024 01:45;0;Όχι
23/02/2024 02:00;0;Όχι
23/02/2024 02:15;0;Όχι
23/02/2024 02:30;0;Όχι
23/02/2024 02:45;0;Όχι
23/02/2024 03:00;0;Όχι
23/02/2024 03:15;0;Όχι
23/02/2024 03:30;0;Όχι
23/02/2024 03:45;0;Όχι
23/02/2024 04:00;0;Όχι
23/02/2024 04:15;0;Όχι
23/02/2024 04:30;0;Όχι
23/02/2024 04:45;0;Όχι
23/02/2024 05:00;0;Όχι
23/02/2024 05:15;0;Όχι
23/02/2024 05:30;0;Όχι
23/02/2024 05:45;0;Όχι
23/02/2024 06:00;0;Όχι
23/02/2024 06:15;0;Όχι
23/02/2024 06:30;0;Όχι
23/02/2024 06:45;0;Όχι
23/02/2024 07:00;0;Όχι
23/02/2024 07:15;0;Όχι
23/02/2024 07:30;0,004;Όχι
23/02/2024 07:45;0,031;Όχι
23/02/2024 08:00;0,067;Όχι
23/02/2024 08:15;0,074;Όχι
23/02/2024 08:30;0,078;Όχι
23/02/2024 08:45;0,183;Όχι
23/02/2024 09:00;0,167;Όχι
23/02/2024 09:15;0,199;Όχι
23/02/2024 09:30;0,303;Όχι
23/02/2024 09:45;0,638;Όχι
23/02/2024 10:00;0,482;Όχι
23/02/2024 10:15;0,682;Όχι
23/02/2024 10:30;0,635;Όχι
23/02/2024 10:45;1,029;Όχι
23/02/2024 11:00;1,044;Όχι
23/02/2024 11:15;1,114;Όχι
23/02/2024 11:30;1,176;Όχι
23/02/2024 11:45;0,88;Όχι
23/02/2024 12:00;1,187;Όχι
23/02/2024 12:15;1,31;Όχι
23/02/2024 12:30;1,307;Όχι
23/02/2024 12:45;1,218;Όχι
23/02/2024 13:00;1,053;Όχι
23/02/2024 13:15;1,196;Όχι
23/02/2024 13:30;0,836;Όχι
23/02/2024 13:45;1,368;Όχι
23/02/2024 14:00;1,194;Όχι
23/02/2024 14:15;1,191;Όχι
23/02/2024 14:30;1,226;Όχι
23/02/2024 14:45;1,047;Όχι
23/02/2024 15:00;1,14;Όχι
23/02/2024 15:15;0,68;Όχι
23/02/2024 15:30;0,65;Όχι
23/02/2024 15:45;0,967;Όχι
23/02/2024 16:00;0,4;Όχι
23/02/2024 16:15;0,286;Όχι
23/02/2024 16:30;0,174;Όχι
23/02/2024 16:45;0,129;Όχι
23/02/2024 17:00;0,159;Όχι
23/02/2024 17:15;0,072;Όχι
23/02/2024 17:30;0,039;Όχι
23/02/2024 17:45;0,021;Όχι
23/02/2024 18:00;0,007;Όχι
23/02/2024 18:15;0,001;Όχι
23/02/2024 18:30;0;Όχι
23/02/2024 18:45;0;Όχι
23/02/2024 19:00;0;Όχι
23/02/2024 19:15;0;Όχι
23/02/2024 19:30;0;Όχι
23/02/2024 19:45;0;Όχι
23/02/2024 20:00;0;Όχι
23/02/2024 20:15;0;Όχι
23/02/2024 20:30;0;Όχι
23/02/2024 20:45;0;Όχι
23/02/2024 21:00;0;Όχι
23/02/2024 21:15;0;Όχι
23/02/2024 21:30;0;Όχι
23/02/2024 21:45;0;Όχι
23/02/2024 22:00;0;Όχι
23/02/2024 22:15;0;Όχι
23/02/2024 22:30;0;Όχι
23/02/2024 22:45;0;Όχι
23/02/2024 23:00;0;Όχι
23/02/2024 23:15;0;Όχι
23/02/2024 23:30;0;Όχι
23/02/2024 23:45;0;Όχι
24/02/2024 00:00;0;Όχι
24/02/2024 00:15;0;Όχι
24/02/2024 00:30;0;Όχι
24/02/2024 00:45;0;Όχι
24/02/2024 01:00;0;Όχι
24/02/2024 01:15;0;Όχι
24/02/2024 01:30;0;Όχι
24/02/2024 01:45;0;Όχι
24/02/2024 02:00;0;Όχι
24/02/2024 02:15;0;Όχι
24/02/2024 02:30;0;Όχι
24/02/2024 02:45;0;Όχι
24/02/2024 03:00;0;Όχι
24/02/2024 03:15;0;Όχι
24/02/2024 03:30;0;Όχι
24/02/2024 03:45;0;Όχι
24/02/2024 04:00;0;Όχι
24/02/2024 04:15;0;Όχι
24/02/2024 04:30;0;Όχι
24/02/2024 04:45;0;Όχι
24/02/2024 05:00;0;Όχι
24/02/2024 05:15;0;Όχι
24/02/2024 05:30;0;Όχι
24/02/2024 05:45;0;Όχι
24/02/2024 06:00;0;Όχι
24/02/2024 06:15;0;Όχι
24/02/2024 06:30;0;Όχι
24/02/2024 06:45;0;Όχι
24/02/2024 07:00;0;Όχι
24/02/2024 07:15;0;Όχι
24/02/2024 07:30;0,018;Όχι
24/02/2024 07:45;0,073;Όχι
24/02/2024 08:00;0,155;Όχι
24/02/2024 08:15;0,304;Όχι
24/02/2024 08:30;0,399;Όχι
24/02/2024 08:45;0,488;Όχι
24/02/2024 09:00;0,21;Όχι
24/02/2024 09:15;0,43;Όχι
24/02/2024 09:30;0,636;Όχι
24/02/2024 09:45;0,809;Όχι
24/02/2024 10:00;0,884;Όχι
24/02/2024 10:15;0,947;Όχι
24/02/2024 10:30;1,04;Όχι
24/02/2024 10:45;1,144;Όχι
24/02/2024 11:00;1,099;Όχι
24/02/2024 11:15;0,905;Όχι
24/02/2024 11:30;0,524;Όχι
24/02/2024 11:45;1,146;Όχι
24/02/2024 12:00;1,184;Όχι
24/02/2024 12:15;1,35;Όχι
24/02/2024 12:30;1,351;Όχι
24/02/2024 12:45;1,327;Όχι
24/02/2024 13:00;1,323;Όχι
24/02/2024 13:15;1,11;Όχι
24/02/2024 13:30;1,292;Όχι
24/02/2024 13:45;0,512;Όχι
24/02/2024 14:00;0,976;Όχι
24/02/2024 14:15;0,672;Όχι
24/02/2024 14:30;0,513;Όχι
24/02/2024 14:45;0,43;Όχι
24/02/2024 15:00;0,509;Όχι
24/02/2024 15:15;0,541;Όχι
24/02/2024 15:30;0,259;Όχι
24/02/2024 15:45;0,164;Όχι
24/02/2024 16:00;0,083;Όχι
24/02/2024 16:15;0,107;Όχι
24/02/2024 16:30;0,211;Όχι
24/02/2024 16:45;0,224;Όχι
24/02/2024 17:00;0,154;Όχι
24/02/2024 17:15;0,091;Όχι
24/02/2024 17:30;0,047;Όχι
24/02/2024 17:45;0,023;Όχι
24/02/2024 18:00;0,009;Όχι
24/02/2024 18:15;0;Όχι
24/02/2024 18:30;0;Όχι
24/02/2024 18:45;0;Όχι
24/02/2024 19:00;0;Όχι
24/02/2024 19:15;0;Όχι
24/02/2024 19:30;0;Όχι
24/02/2024 19:45;0;Όχι
24/02/2024 20:00;0;Όχι
24/02/2024 20:15;0;Όχι
24/02/2024 20:30;0;Όχι
24/02/2024 20:45;0;Όχι
24/02/2024 21:00;0;Όχι
24/02/2024 21:15;0;Όχι
24/02/2024 21:30;0;Όχι
24/02/2024 21:45;0;Όχι
24/02/2024 22:00;0;Όχι
24/02/2024 22:15;0;Όχι
24/02/2024 22:30;0;Όχι
24/02/2024 22:45;0;Όχι
24/02/2024 23:00;0;Όχι
24/02/2024 23:15;0;Όχι
24/02/2024 23:30;0;Όχι
24/02/2024 23:45;0;Όχι
25/02/2024 00:00;0;Όχι
25/02/2024 00:15;0;Όχι
25/02/2024 00:30;0;Όχι
25/02/2024 00:45;0;Όχι
25/02/2024 01:00;0;Όχι
25/02/2024 01:15;0;Όχι
25/02/2024 01:30;0;Όχι
25/02/2024 01:45;0;Όχι
25/02/2024 02:00;0;Όχι
25/02/2024 02:15;0;Όχι
25/02/2024 02:30;0;Όχι
25/02/2024 02:45;0;Όχι
25/02/2024 03:00;0;Όχι
25/02/2024 03:15;0;Όχι
25/02/2024 03:30;0;Όχι
25/02/2024 03:45;0;Όχι
25/02/2024 04:00;0;Όχι
25/02/2024 04:15;0;Όχι
25/02/2024 04:30;0;Όχι
25/02/2024 04:45;0;Όχι
25/02/2024 05:00;0;Όχι
25/02/2024 05:15;0;Όχι
25/02/2024 05:30;0;Όχι
25/02/2024 05:45;0;Όχι
25/02/2024 06:00;0;Όχι
25/02/2024 06:15;0;Όχι
25/02/2024 06:30;0;Όχι
25/02/2024 06:45;0;Όχι
25/02/2024 07:00;0;Όχι
25/02/2024 07:15;0;Όχι
25/02/2024 07:30;0;Όχι
25/02/2024 07:45;0,009;Όχι
25/02/2024 08:00;0,021;Όχι
25/02/2024 08:15;0,05;Όχι
25/02/2024 08:30;0,161;Όχι
25/02/2024 08:45;0,214;Όχι
25/02/2024 09:00;0,143;Όχι
25/02/2024 09:15;0,148;Όχι
25/02/2024 09:30;0,129;Όχι
25/02/2024 09:45;0,149;Όχι
25/02/2024 10:00;0,288;Όχι
25/02/2024 10:15;0,655;Όχι
25/02/2024 10:30;0,568;Όχι
25/02/2024 10:45;0,354;Όχι
25/02/2024 11:00;0,216;Όχι
25/02/2024 11:15;0,148;Όχι
25/02/2024 11:30;0,142;Όχι
25/02/2024 11:45;0,138;Όχι
25/02/2024 12:00;0,209;Όχι
25/02/2024 12:15;0,184;Όχι
25/02/2024 12:30;0,208;Όχι
25/02/2024 12:45;0,183;Όχι
25/02/2024 13:00;0,175;Όχι
25/02/2024 13:15;0,218;Όχι
25/02/2024 13:30;0,191;Όχι
25/02/2024 13:45;0,217;Όχι
25/02/2024 14:00;0,126;Όχι
25/02/2024 14:15;0,151;Όχι
25/02/2024 14:30;0,147;Όχι
25/02/2024 14:45;0,222;Όχι
25/02/2024 15:00;0,339;Όχι
25/02/2024 15:15;0,436;Όχι
25/02/2024 15:30;0,837;Όχι
25/02/2024 15:45;0,358;Όχι
25/02/2024 16:00;0,214;Όχι
25/02/2024 16:15;0,168;Όχι
25/02/2024 16:30;0,236;Όχι
25/02/2024 16:45;0,242;Όχι
25/02/2024 17:00;0,198;Όχι
25/02/2024 17:15;0,099;Όχι
25/02/2024 17:30;0,076;Όχι
25/02/2024 17:45;0,043;Όχι
25/02/2024 18:00;0,017;Όχι
25/02/2024 18:15;0,001;Όχι
25/02/2024 18:30;0;Όχι
25/02/2024 18:45;0;Όχι
25/02/2024 19:00;0;Όχι
25/02/2024 19:15;0;Όχι
25/02/2024 19:30;0;Όχι
25/02/2024 19:45;0;Όχι
25/02/2024 20:00;0;Όχι
25/02/2024 20:15;0;Όχι
25/02/2024 20:30;0;Όχι
25/02/2024 20:45;0;Όχι
25/02/2024 21:00;0;Όχι
25/02/2024 21:15;0;Όχι
25/02/2024 21:30;0;Όχι
25/02/2024 21:45;0;Όχι
25/02/2024 22:00;0;Όχι
25/02/2024 22:15;0;Όχι
25/02/2024 22:30;0;Όχι
25/02/2024 22:45;0;Όχι
25/02/2024 23:00;0;Όχι
25/02/2024 23:15;0;Όχι
25/02/2024 23:30;0;Όχι
25/02/2024 23:45;0;Όχι
26/02/2024 00:00;0;Όχι
26/02/2024 00:15;0;Όχι
26/02/2024 00:30;0;Όχι
26/02/2024 00:45;0;Όχι
26/02/2024 01:00;0;Όχι
26/02/2024 01:15;0;Όχι
26/02/2024 01:30;0;Όχι
26/02/2024 01:45;0;Όχι
26/02/2024 02:00;0;Όχι
26/02/2024 02:15;0;Όχι
26/02/2024 02:30;0;Όχι
26/02/2024 02:45;0;Όχι
26/02/2024 03:00;0;Όχι
26/02/2024 03:15;0;Όχι
26/02/2024 03:30;0;Όχι
26/02/2024 03:45;0;Όχι
26/02/2024 04:00;0;Όχι
26/02/2024 04:15;0;Όχι
26/02/2024 04:30;0;Όχι
26/02/2024 04:45;0;Όχι
26/02/2024 05:00;0;Όχι
26/02/2024 05:15;0;Όχι
26/02/2024 05:30;0;Όχι
26/02/2024 05:45;0;Όχι
26/02/2024 06:00;0;Όχι
26/02/2024 06:15;0;Όχι
26/02/2024 06:30;0;Όχι
26/02/2024 06:45;0;Όχι
26/02/2024 07:00;0;Όχι
26/02/2024 07:15;0;Όχι
26/02/2024 07:30;0;Όχι
26/02/2024 07:45;0,002;Όχι
26/02/2024 08:00;0,008;Όχι
26/02/2024 08:15;0,016;Όχι
26/02/2024 08:30;0,019;Όχι
26/02/2024 08:45;0,022;Όχι
26/02/2024 09:00;0,026;Όχι
26/02/2024 09:15;0,052;Όχι
26/02/2024 09:30;0,111;Όχι
26/02/2024 09:45;0,093;Όχι
26/02/2024 10:00;0,22;Όχι
26/02/2024 10:15;0,285;Όχι
26/02/2024 10:30;0,257;Όχι
26/02/2024 10:45;0,36;Όχι
26/02/2024 11:00;0,379;Όχι
26/02/2024 11:15;0,4;Όχι
26/02/2024 11:30;0,265;Όχι
26/02/2024 11:45;0,29;Όχι
26/02/2024 12:00;0,423;Όχι
26/02/2024 12:15;0,405;Όχι
26/02/2024 12:30;0,309;Όχι
26/02/2024 12:45;0,251;Όχι
26/02/2024 13:00;0,311;Όχι
26/02/2024 13:15;0,394;Όχι
26/02/2024 13:30;0,599;Όχι
26/02/2024 13:45;1,093;Όχι
26/02/2024 14:00;0,667;Όχι
26/02/2024 14:15;0,848;Όχι
26/02/2024 14:30;1,019;Όχι
26/02/2024 14:45;1,107;Όχι
26/02/2024 15:00;1,005;Όχι
26/02/2024 15:15;0,314;Όχι
26/02/2024 15:30;0,072;Όχι
26/02/2024 15:45;0,108;Όχι
26/02/2024 16:00;0,316;Όχι
26/02/2024 16:15;0,322;Όχι
26/02/2024 16:30;0,274;Όχι
26/02/2024 16:45;0,098;Όχι
26/02/2024 17:00;0,057;Όχι
26/02/2024 17:15;0,041;Όχι
26/02/2024 17:30;0,027;Όχι
26/02/2024 17:45;0,03;Όχι
26/02/2024 18:00;0,008;Όχι
26/02/2024 18:15;0;Όχι
26/02/2024 18:30;0;Όχι
26/02/2024 18:45;0;Όχι
26/02/2024 19:00;0;Όχι
26/02/2024 19:15;0;Όχι
26/02/2024 19:30;0;Όχι
26/02/2024 19:45;0;Όχι
26/02/2024 20:00;0;Όχι
26/02/2024 20:15;0;Όχι
26/02/2024 20:30;0;Όχι
26/02/2024 20:45;0;Όχι
26/02/2024 21:00;0;Όχι
26/02/2024 21:15;0;Όχι
26/02/2024 21:30;0;Όχι
26/02/2024 21:45;0;Όχι
26/02/2024 22:00;0;Όχι
26/02/2024 22:15;0;Όχι
26/02/2024 22:30;0;Όχι
26/02/2024 22:45;0;Όχι
26/02/2024 23:00;0;Όχι
26/02/2024 23:15;0;Όχι
26/02/2024 23:30;0;Όχι
26/02/2024 23:45;0;Όχι
27/02/2024 00:00;0;Όχι
27/02/2024 00:15;0;Όχι
27/02/2024 00:30;0;Όχι
27/02/2024 00:45;0;Όχι
27/02/2024 01:00;0;Όχι
27/02/2024 01:15;0;Όχι
27/02/2024 01:30;0;Όχι
27/02/2024 01:45;0;Όχι
27/02/2024 02:00;0;Όχι
27/02/2024 02:15;0;Όχι
27/02/2024 02:30;0;Όχι
27/02/2024 02:45;0;Όχι
27/02/2024 03:00;0;Όχι
27/02/2024 03:15;0;Όχι
27/02/2024 03:30;0;Όχι
27/02/2024 03:45;0;Όχι
27/02/2024 04:00;0;Όχι
27/02/2024 04:15;0;Όχι
27/02/2024 04:30;0;Όχι
27/02/2024 04:45;0;Όχι
27/02/2024 05:00;0;Όχι
27/02/2024 05:15;0;Όχι
27/02/2024 05:30;0;Όχι
27/02/2024 05:45;0;Όχι
27/02/2024 06:00;0;Όχι
27/02/2024 06:15;0;Όχι
27/02/2024 06:30;0;Όχι
27/02/2024 06:45;0;Όχι
27/02/2024 07:00;0;Όχι
27/02/2024 07:15;0,002;Όχι
27/02/2024 07:30;0,021;Όχι
27/02/2024 07:45;0,064;Όχι
27/02/2024 08:00;0,134;Όχι
27/02/2024 08:15;0,216;Όχι
27/02/2024 08:30;0,305;Όχι
27/02/2024 08:45;0,391;Όχι
27/02/2024 09:00;0,479;Όχι
27/02/2024 09:15;0,573;Όχι
27/02/2024 09:30;0,668;Όχι
27/02/2024 09:45;0,752;Όχι
27/02/2024 10:00;0,828;Όχι
27/02/2024 10:15;0,899;Όχι
27/02/2024 10:30;0,961;Όχι
27/02/2024 10:45;1,026;Όχι
27/02/2024 11:00;1,089;Όχι
27/02/2024 11:15;1,122;Όχι
27/02/2024 11:30;1,149;Όχι
27/02/2024 11:45;1,178;Όχι
27/02/2024 12:00;1,211;Όχι
27/02/2024 12:15;1,031;Όχι
27/02/2024 12:30;1,092;Όχι
27/02/2024 12:45;1,31;Όχι
27/02/2024 13:00;1,293;Όχι
27/02/2024 13:15;1,337;Όχι
27/02/2024 13:30;1,3;Όχι
27/02/2024 13:45;1,071;Όχι
27/02/2024 14:00;1,254;Όχι
27/02/2024 14:15;1,138;Όχι
27/02/2024 14:30;1,228;Όχι
27/02/2024 14:45;1,129;Όχι
27/02/2024 15:00;1,001;Όχι
27/02/2024 15:15;0,879;Όχι
27/02/2024 15:30;0,934;Όχι
27/02/2024 15:45;0,752;Όχι
27/02/2024 16:00;0,673;Όχι
27/02/2024 16:15;0,467;Όχι
27/02/2024 16:30;0,458;Όχι
27/02/2024 16:45;0,45;Όχι
27/02/2024 17:00;0,356;Όχι
27/02/2024 17:15;0,213;Όχι
27/02/2024 17:30;0,058;Όχι
27/02/2024 17:45;0,029;Όχι
27/02/2024 18:00;0,009;Όχι
27/02/2024 18:15;0,001;Όχι
27/02/2024 18:30;0;Όχι
27/02/2024 18:45;0;Όχι
27/02/2024 19:00;0;Όχι
27/02/2024 19:15;0;Όχι
27/02/2024 19:30;0;Όχι
27/02/2024 19:45;0;Όχι
27/02/2024 20:00;0;Όχι
27/02/2024 20:15;0;Όχι
27/02/2024 20:30;0;Όχι
27/02/2024 20:45;0;Όχι
27/02/2024 21:00;0;Όχι
27/02/2024 21:15;0;Όχι
27/02/2024 21:30;0;Όχι
27/02/2024 21:45;0;Όχι
27/02/2024 22:00;0;Όχι
27/02/2024 22:15;0;Όχι
27/02/2024 22:30;0;Όχι
27/02/2024 22:45;0;Όχι
27/02/2024 23:00;0;Όχι
27/02/2024 23:15;0;Όχι
27/02/2024 23:30;0;Όχι
27/02/2024 23:45;0;Όχι
28/02/2024 00:00;0;Όχι
28/02/2024 00:15;0;Όχι
28/02/2024 00:30;0;Όχι
28/02/2024 00:45;0;Όχι
28/02/2024 01:00;0;Όχι
28/02/2024 01:15;0;Όχι
28/02/2024 01:30;0;Όχι
28/02/2024 01:45;0;Όχι
28/02/2024 02:00;0;Όχι
28/02/2024 02:15;0;Όχι
28/02/2024 02:30;0;Όχι
28/02/2024 02:45;0;Όχι
28/02/2024 03:00;0;Όχι
28/02/2024 03:15;0;Όχι
28/02/2024 03:30;0;Όχι
28/02/2024 03:45;0;Όχι
28/02/2024 04:00;0;Όχι
28/02/2024 04:15;0;Όχι
28/02/2024 04:30;0;Όχι
28/02/2024 04:45;0;Όχι
28/02/2024 05:00;0;Όχι
28/02/2024 05:15;0;Όχι
28/02/2024 05:30;0;Όχι
28/02/2024 05:45;0;Όχι
28/02/2024 06:00;0;Όχι
28/02/2024 06:15;0;Όχι
28/02/2024 06:30;0;Όχι
28/02/2024 06:45;0;Όχι
28/02/2024 07:00;0;Όχι
28/02/2024 07:15;0;Όχι
28/02/2024 07:30;0;Όχι
28/02/2024 07:45;0;Όχι
28/02/2024 08:00;0,01;Όχι
28/02/2024 08:15;0,034;Όχι
28/02/2024 08:30;0,024;Όχι
28/02/2024 08:45;0,027;Όχι
28/02/2024 09:00;0,052;Όχι
28/02/2024 09:15;0,076;Όχι
28/02/2024 09:30;0,082;Όχι
28/02/2024 09:45;0,161;Όχι
28/02/2024 10:00;0,162;Όχι
28/02/2024 10:15;0,186;Όχι
28/02/2024 10:30;0,183;Όχι
28/02/2024 10:45;0,232;Όχι
28/02/2024 11:00;0,314;Όχι
28/02/2024 11:15;0,048;Όχι
28/02/2024 11:30;0,164;Όχι
28/02/2024 11:45;0,32;Όχι
28/02/2024 12:00;0,176;Όχι
28/02/2024 12:15;0,208;Όχι
28/02/2024 12:30;0,305;Όχι
28/02/2024 12:45;0,376;Όχι
28/02/2024 13:00;0,54;Όχι
28/02/2024 13:15;0,495;Όχι
28/02/2024 13:30;0,544;Όχι
28/02/2024 13:45;0,525;Όχι
28/02/2024 14:00;0,363;Όχι
28/02/2024 14:15;0,475;Όχι
28/02/2024 14:30;0,625;Όχι
28/02/2024 14:45;0,388;Όχι
28/02/2024 15:00;0,366;Όχι
28/02/2024 15:15;0,354;Όχι
28/02/2024 15:30;0,297;Όχι
28/02/2024 15:45;0,226;Όχι
28/02/2024 16:00;0,212;Όχι
28/02/2024 16:15;0,177;Όχι
28/02/2024 16:30;0,153;Όχι
28/02/2024 16:45;0,12;Όχι
28/02/2024 17:00;0,097;Όχι
28/02/2024 17:15;0,08;Όχι
28/02/2024 17:30;0,056;Όχι
28/02/2024 17:45;0,023;Όχι
28/02/2024 18:00;0,002;Όχι
28/02/2024 18:15;0;Όχι
28/02/2024 18:30;0;Όχι
28/02/2024 18:45;0;Όχι
28/02/2024 19:00;0;Όχι
28/02/2024 19:15;0;Όχι
28/02/2024 19:30;0;Όχι
28/02/2024 19:45;0;Όχι
28/02/2024 20:00;0;Όχι
28/02/2024 20:15;0;Όχι
28/02/2024 20:30;0;Όχι
28/02/2024 20:45;0;Όχι
28/02/2024 21:00;0;Όχι
28/02/2024 21:15;0;Όχι
28/02/2024 21:30;0;Όχι
28/02/2024 21:45;0;Όχι
28/02/2024 22:00;0;Όχι
28/02/2024 22:15;0;Όχι
28/02/2024 22:30;0;Όχι
28/02/2024 22:45;0;Όχι
28/02/2024 23:00;0;Όχι
28/02/2024 23:15;0;Όχι
28/02/2024 23:30;0;Όχι
28/02/2024 23:45;0;Όχι
29/02/2024 00:00;0;Όχι
29/02/2024 00:15;0;Όχι
29/02/2024 00:30;0;Όχι
29/02/2024 00:45;0;Όχι
29/02/2024 01:00;0;Όχι
29/02/2024 01:15;0;Όχι
29/02/2024 01:30;0;Όχι
29/02/2024 01:45;0;Όχι
29/02/2024 02:00;0;Όχι
29/02/2024 02:15;0;Όχι
29/02/2024 02:30;0;Όχι
29/02/2024 02:45;0;Όχι
29/02/2024 03:00;0;Όχι
29/02/2024 03:15;0;Όχι
29/02/2024 03:30;0;Όχι
29/02/2024 03:45;0;Όχι
29/02/2024 04:00;0;Όχι
29/02/2024 04:15;0;Όχι
29/02/2024 04:30;0;Όχι
29/02/2024 04:45;0;Όχι
29/02/2024 05:00;0;Όχι
29/02/2024 05:15;0;Όχι
29/02/2024 05:30;0;Όχι
29/02/2024 05:45;0;Όχι
29/02/2024 06:00;0;Όχι
29/02/2024 06:15;0;Όχι
29/02/2024 06:30;0;Όχι
29/02/2024 06:45;0;Όχι
29/02/2024 07:00;0;Όχι
29/02/2024 07:15;0;Όχι
29/02/2024 07:30;0;Όχι
29/02/2024 07:45;0;Όχι
29/02/2024 08:00;0,007;Όχι
29/02/2024 08:15;0,02;Όχι
29/02/2024 08:30;0,016;Όχι
29/02/2024 08:45;0,056;Όχι
29/02/2024 09:00;0,125;Όχι
29/02/2024 09:15;0,263;Όχι
29/02/2024 09:30;0,395;Όχι
29/02/2024 09:45;0,387;Όχι
29/02/2024 10:00;0,531;Όχι
29/02/2024 10:15;0,599;Όχι
29/02/2024 10:30;0,389;Όχι
29/02/2024 10:45;0,396;Όχι
29/02/2024 11:00;0,489;Όχι
29/02/2024 11:15;0,444;Όχι
29/02/2024 11:30;0,578;Όχι
29/02/2024 11:45;0,829;Όχι
29/02/2024 12:00;1,047;Όχι
29/02/2024 12:15;0,821;Όχι
29/02/2024 12:30;0,843;Όχι
29/02/2024 12:45;0,692;Όχι
29/02/2024 13:00;0,671;Όχι
29/02/2024 13:15;0,912;Όχι
29/02/2024 13:30;0,839;Όχι
29/02/2024 13:45;0,338;Όχι
29/02/2024 14:00;0,186;Όχι
29/02/2024 14:15;0,29;Όχι
29/02/2024 14:30;0,783;Όχι
29/02/2024 14:45;0,744;Όχι
29/02/2024 15:00;0,713;Όχι
29/02/2024 15:15;0,688;Όχι
29/02/2024 15:30;0,525;Όχι
29/02/2024 15:45;0,313;Όχι
29/02/2024 16:00;0,252;Όχι
29/02/2024 16:15;0,217;Όχι
29/02/2024 16:30;0,166;Όχι
29/02/2024 16:45;0,126;Όχι
29/02/2024 17:00;0,079;Όχι
29/02/2024 17:15;0,044;Όχι
29/02/2024 17:30;0,022;Όχι
29/02/2024 17:45;0,012;Όχι
29/02/2024 18:00;0,003;Όχι
29/02/2024 18:15;0;Όχι
29/02/2024 18:30;0;Όχι
29/02/2024 18:45;0;Όχι
29/02/2024 19:00;0;Όχι
29/02/2024 19:15;0;Όχι
29/02/2024 19:30;0;Όχι
29/02/2024 19:45;0;Όχι
29/02/2024 20:00;0;Όχι
29/02/2024 20:15;0;Όχι
29/02/2024 20:30;0;Όχι
29/02/2024 20:45;0;Όχι
29/02/2024 21:00;0;Όχι
29/02/2024 21:15;0;Όχι
29/02/2024 21:30;0;Όχι
29/02/2024 21:45;0;Όχι
29/02/2024 22:00;0;Όχι
29/02/2024 22:15;0;Όχι
29/02/2024 22:30;0;Όχι
29/02/2024 22:45;0;Όχι
29/02/2024 23:00;0;Όχι
29/02/2024 23:15;0;Όχι
29/02/2024 23:30;0;Όχι
29/02/2024 23:45;0;Όχι
01/03/2024 00:00;0;Όχι
01/03/2024 00:15;0;Όχι
01/03/2024 00:30;0;Όχι
01/03/2024 00:45;0;Όχι
01/03/2024 01:00;0;Όχι
01/03/2024 01:15;0;Όχι
01/03/2024 01:30;0;Όχι
01/03/2024 01:45;0;Όχι
01/03/2024 02:00;0;Όχι
01/03/2024 02:15;0;Όχι
01/03/2024 02:30;0;Όχι
01/03/2024 02:45;0;Όχι
01/03/2024 03:00;0;Όχι
01/03/2024 03:15;0;Όχι
01/03/2024 03:30;0;Όχι
01/03/2024 03:45;0;Όχι
01/03/2024 04:00;0;Όχι
01/03/2024 04:15;0;Όχι
01/03/2024 04:30;0;Όχι
01/03/2024 04:45;0;Όχι
01/03/2024 05:00;0;Όχι
01/03/2024 05:15;0;Όχι
01/03/2024 05:30;0;Όχι
01/03/2024 05:45;0;Όχι
01/03/2024 06:00;0;Όχι
01/03/2024 06:15;0;Όχι
01/03/2024 06:30;0;Όχι
01/03/2024 06:45;0;Όχι
01/03/2024 07:00;0;Όχι
01/03/2024 07:15;0;Όχι
01/03/2024 07:30;0;Όχι
01/03/2024 07:45;0;Όχι
01/03/2024 08:00;0,002;Όχι
01/03/2024 08:15;0,007;Όχι
01/03/2024 08:30;0,014;Όχι
01/03/2024 08:45;0,014;Όχι
01/03/2024 09:00;0,012;Όχι
01/03/2024 09:15;0,011;Όχι
01/03/2024 09:30;0,033;Όχι
01/03/2024 09:45;0,052;Όχι
01/03/2024 10:00;0,011;Όχι
01/03/2024 10:15;0,005;Όχι
01/03/2024 10:30;0,009;Όχι
01/03/2024 10:45;0,025;Όχι
01/03/2024 11:00;0,06;Όχι
01/03/2024 11:15;0,089;Όχι
01/03/2024 11:30;0,135;Όχι
01/03/2024 11:45;0,1;Όχι
01/03/2024 12:00;0,047;Όχι
01/03/2024 12:15;0,08;Όχι
01/03/2024 12:30;0,094;Όχι
01/03/2024 12:45;0,073;Όχι
01/03/2024 13:00;0,074;Όχι
01/03/2024 13:15;0,029;Όχι
01/03/2024 13:30;0,036;Όχι
01/03/2024 13:45;0,044;Όχι
01/03/2024 14:00;0,027;Όχι
01/03/2024 14:15;0,028;Όχι
01/03/2024 14:30;0,05;Όχι
01/03/2024 14:45;0,035;Όχι
01/03/2024 15:00;0,053;Όχι
01/03/2024 15:15;0,048;Όχι
01/03/2024 15:30;0,017;Όχι
01/03/2024 15:45;0,027;Όχι
01/03/2024 16:00;0,016;Όχι
01/03/2024 16:15;0,025;Όχι
01/03/2024 16:30;0,034;Όχι
01/03/2024 16:45;0,02;Όχι
01/03/2024 17:00;0,023;Όχι
01/03/2024 17:15;0,009;Όχι
01/03/2024 17:30;0,003;Όχι
01/03/2024 17:45;0,004;Όχι
01/03/2024 18:00;0,001;Όχι
01/03/2024 18:15;0;Όχι
01/03/2024 18:30;0;Όχι
01/03/2024 18:45;0;Όχι
01/03/2024 19:00;0;Όχι
01/03/2024 19:15;0;Όχι
01/03/2024 19:30;0;Όχι
01/03/2024 19:45;0;Όχι
01/03/2024 20:00;0;Όχι
01/03/2024 20:15;0;Όχι
01/03/2024 20:30;0;Όχι
01/03/2024 20:45;0;Όχι
01/03/2024 21:00;0;Όχι
01/03/2024 21:15;0;Όχι
01/03/2024 21:30;0;Όχι
01/03/2024 21:45;0;Όχι
01/03/2024 22:00;0;Όχι
01/03/2024 22:15;0;Όχι
01/03/2024 22:30;0;Όχι
01/03/2024 22:45;0;Όχι
01/03/2024 23:00;0;Όχι
01/03/2024 23:15;0;Όχι
01/03/2024 23:30;0;Όχι
01/03/2024 23:45;0;Όχι
02/03/2024 00:00;0;Όχι
02/03/2024 00:15;0;Όχι
02/03/2024 00:30;0;Όχι
02/03/2024 00:45;0;Όχι
02/03/2024 01:00;0;Όχι
02/03/2024 01:15;0;Όχι
02/03/2024 01:30;0;Όχι
02/03/2024 01:45;0;Όχι
02/03/2024 02:00;0;Όχι
02/03/2024 02:15;0;Όχι
02/03/2024 02:30;0;Όχι
02/03/2024 02:45;0;Όχι
02/03/2024 03:00;0;Όχι
02/03/2024 03:15;0;Όχι
02/03/2024 03:30;0;Όχι
02/03/2024 03:45;0;Όχι
02/03/2024 04:00;0;Όχι
02/03/2024 04:15;0;Όχι
02/03/2024 04:30;0;Όχι
02/03/2024 04:45;0;Όχι
02/03/2024 05:00;0;Όχι
02/03/2024 05:15;0;Όχι
02/03/2024 05:30;0;Όχι
02/03/2024 05:45;0;Όχι
02/03/2024 06:00;0;Όχι
02/03/2024 06:15;0;Όχι
02/03/2024 06:30;0;Όχι
02/03/2024 06:45;0;Όχι
02/03/2024 07:00;0;Όχι
02/03/2024 07:15;0;Όχι
02/03/2024 07:30;0,01;Όχι
02/03/2024 07:45;0,034;Όχι
02/03/2024 08:00;0,073;Όχι
02/03/2024 08:15;0,063;Όχι
02/03/2024 08:30;0,06;Όχι
02/03/2024 08:45;0,131;Όχι
02/03/2024 09:00;0,19;Όχι
02/03/2024 09:15;0,206;Όχι
02/03/2024 09:30;0,206;Όχι
02/03/2024 09:45;0,252;Όχι
02/03/2024 10:00;0,476;Όχι
02/03/2024 10:15;0,61;Όχι
02/03/2024 10:30;0,655;Όχι
02/03/2024 10:45;1,2;Όχι
02/03/2024 11:00;1,005;Όχι
02/03/2024 11:15;1,005;Όχι
02/03/2024 11:30;1,261;Όχι
02/03/2024 11:45;1,351;Όχι
02/03/2024 12:00;1,148;Όχι
02/03/2024 12:15;1,364;Όχι
02/03/2024 12:30;1,125;Όχι
02/03/2024 12:45;1,147;Όχι
02/03/2024 13:00;0,41;Όχι
02/03/2024 13:15;1,413;Όχι
02/03/2024 13:30;1,273;Όχι
02/03/2024 13:45;1,313;Όχι
02/03/2024 14:00;1,26;Όχι
02/03/2024 14:15;1,215;Όχι
02/03/2024 14:30;1,166;Όχι
02/03/2024 14:45;1,113;Όχι
02/03/2024 15:00;1,055;Όχι
02/03/2024 15:15;0,989;Όχι
02/03/2024 15:30;0,939;Όχι
02/03/2024 15:45;0,875;Όχι
02/03/2024 16:00;0,8;Όχι
02/03/2024 16:15;0,703;Όχι
02/03/2024 16:30;0,67;Όχι
02/03/2024 16:45;0,571;Όχι
02/03/2024 17:00;0,307;Όχι
02/03/2024 17:15;0,107;Όχι
02/03/2024 17:30;0,14;Όχι
02/03/2024 17:45;0,18;Όχι
02/03/2024 18:00;0,053;Όχι
02/03/2024 18:15;0,002;Όχι
02/03/2024 18:30;0;Όχι
02/03/2024 18:45;0;Όχι
02/03/2024 19:00;0;Όχι
02/03/2024 19:15;0;Όχι
02/03/2024 19:30;0;Όχι
02/03/2024 19:45;0;Όχι
02/03/2024 20:00;0;Όχι
02/03/2024 20:15;0;Όχι
02/03/2024 20:30;0;Όχι
02/03/2024 20:45;0;Όχι
02/03/2024 21:00;0;Όχι
02/03/2024 21:15;0;Όχι
02/03/2024 21:30;0;Όχι
02/03/2024 21:45;0;Όχι
02/03/2024 22:00;0;Όχι
02/03/2024 22:15;0;Όχι
02/03/2024 22:30;0;Όχι
02/03/2024 22:45;0;Όχι
02/03/2024 23:00;0;Όχι
02/03/2024 23:15;0;Όχι
02/03/2024 23:30;0;Όχι
02/03/2024 23:45;0;Όχι
03/03/2024 00:00;0;Όχι
03/03/2024 00:15;0;Όχι
03/03/2024 00:30;0;Όχι
03/03/2024 00:45;0;Όχι
03/03/2024 01:00;0;Όχι
03/03/2024 01:15;0;Όχι
03/03/2024 01:30;0;Όχι
03/03/2024 01:45;0;Όχι
03/03/2024 02:00;0;Όχι
03/03/2024 02:15;0;Όχι
03/03/2024 02:30;0;Όχι
03/03/2024 02:45;0;Όχι
03/03/2024 03:00;0;Όχι
03/03/2024 03:15;0;Όχι
03/03/2024 03:30;0;Όχι
03/03/2024 03:45;0;Όχι
03/03/2024 04:00;0;Όχι
03/03/2024 04:15;0;Όχι
03/03/2024 04:30;0;Όχι
03/03/2024 04:45;0;Όχι
03/03/2024 05:00;0;Όχι
03/03/2024 05:15;0;Όχι
03/03/2024 05:30;0;Όχι
03/03/2024 05:45;0;Όχι
03/03/2024 06:00;0;Όχι
03/03/2024 06:15;0;Όχι
03/03/2024 06:30;0;Όχι
03/03/2024 06:45;0;Όχι
03/03/2024 07:00;0;Όχι
03/03/2024 07:15;0,006;Όχι
03/03/2024 07:30;0,042;Όχι
03/03/2024 07:45;0,101;Όχι
03/03/2024 08:00;0,182;Όχι
03/03/2024 08:15;0,277;Όχι
03/03/2024 08:30;0,374;Όχι
03/03/2024 08:45;0,46;Όχι
03/03/2024 09:00;0,576;Όχι
03/03/2024 09:15;0,656;Όχι
03/03/2024 09:30;0,726;Όχι
03/03/2024 09:45;0,847;Όχι
03/03/2024 10:00;0,902;Όχι
03/03/2024 10:15;0,985;Όχι
03/03/2024 10:30;1,049;Όχι
03/03/2024 10:45;1,094;Όχι
03/03/2024 11:00;1,15;Όχι
03/03/2024 11:15;1,207;Όχι
03/03/2024 11:30;1,242;Όχι
03/03/2024 11:45;1,28;Όχι
03/03/2024 12:00;1,313;Όχι
03/03/2024 12:15;1,332;Όχι
03/03/2024 12:30;1,354;Όχι
03/03/2024 12:45;1,21;Όχι
03/03/2024 13:00;1,188;Όχι
03/03/2024 13:15;1,384;Όχι
03/03/2024 13:30;1,371;Όχι
03/03/2024 13:45;1,358;Όχι
03/03/2024 14:00;1,331;Όχι
03/03/2024 14:15;1,301;Όχι
03/03/2024 14:30;1,258;Όχι
03/03/2024 14:45;1,202;Όχι
03/03/2024 15:00;1,143;Όχι
03/03/2024 15:15;1,075;Όχι
03/03/2024 15:30;1,001;Όχι
03/03/2024 15:45;0,923;Όχι
03/03/2024 16:00;0,841;Όχι
03/03/2024 16:15;0,745;Όχι
03/03/2024 16:30;0,641;Όχι
03/03/2024 16:45;0,547;Όχι
03/03/2024 17:00;0,438;Όχι
03/03/2024 17:15;0,328;Όχι
03/03/2024 17:30;0,226;Όχι
03/03/2024 17:45;0,143;Όχι
03/03/2024 18:00;0,063;Όχι
03/03/2024 18:15;0,008;Όχι
03/03/2024 18:30;0;Όχι
03/03/2024 18:45;0;Όχι
03/03/2024 19:00;0;Όχι
03/03/2024 19:15;0;Όχι
03/03/2024 19:30;0;Όχι
03/03/2024 19:45;0;Όχι
03/03/2024 20:00;0;Όχι
03/03/2024 20:15;0;Όχι
03/03/2024 20:30;0;Όχι
03/03/2024 20:45;0;Όχι
03/03/2024 21:00;0;Όχι
03/03/2024 21:15;0;Όχι
03/03/2024 21:30;0;Όχι
03/03/2024 21:45;0;Όχι
03/03/2024 22:00;0;Όχι
03/03/2024 22:15;0;Όχι
03/03/2024 22:30;0;Όχι
03/03/2024 22:45;0;Όχι
03/03/2024 23:00;0;Όχι
03/03/2024 23:15;0;Όχι
03/03/2024 23:30;0;Όχι
03/03/2024 23:45;0;Όχι
04/03/2024 00:00;0;Όχι
04/03/2024 00:15;0;Όχι
04/03/2024 00:30;0;Όχι
04/03/2024 00:45;0;Όχι
04/03/2024 01:00;0;Όχι
04/03/2024 01:15;0;Όχι
04/03/2024 01:30;0;Όχι
04/03/2024 01:45;0;Όχι
04/03/2024 02:00;0;Όχι
04/03/2024 02:15;0;Όχι
04/03/2024 02:30;0;Όχι
04/03/2024 02:45;0;Όχι
04/03/2024 03:00;0;Όχι
04/03/2024 03:15;0;Όχι
04/03/2024 03:30;0;Όχι
04/03/2024 03:45;0;Όχι
04/03/2024 04:00;0;Όχι
04/03/2024 04:15;0;Όχι
04/03/2024 04:30;0;Όχι
04/03/2024 04:45;0;Όχι
04/03/2024 05:00;0;Όχι
04/03/2024 05:15;0;Όχι
04/03/2024 05:30;0;Όχι
04/03/2024 05:45;0;Όχι
04/03/2024 06:00;0;Όχι
04/03/2024 06:15;0;Όχι
04/03/2024 06:30;0;Όχι
04/03/2024 06:45;0;Όχι
04/03/2024 07:00;0;Όχι
04/03/2024 07:15;0,001;Όχι
04/03/2024 07:30;0,016;Όχι
04/03/2024 07:45;0,045;Όχι
04/03/2024 08:00;0,065;Όχι
04/03/2024 08:15;0,091;Όχι
04/03/2024 08:30;0,169;Όχι
04/03/2024 08:45;0,168;Όχι
04/03/2024 09:00;0,237;Όχι
04/03/2024 09:15;0,349;Όχι
04/03/2024 09:30;0,287;Όχι
04/03/2024 09:45;0,656;Όχι
04/03/2024 10:00;0,555;Όχι
04/03/2024 10:15;0,514;Όχι
04/03/2024 10:30;0,64;Όχι
04/03/2024 10:45;0,845;Όχι
04/03/2024 11:00;0,614;Όχι
04/03/2024 11:15;0,28;Όχι
04/03/2024 11:30;0,298;Όχι
04/03/2024 11:45;0,678;Όχι
04/03/2024 12:00;0,544;Όχι
04/03/2024 12:15;0,479;Όχι
04/03/2024 12:30;0,989;Όχι
04/03/2024 12:45;0,84;Όχι
04/03/2024 13:00;0,433;Όχι
04/03/2024 13:15;0,963;Όχι
04/03/2024 13:30;0,904;Όχι
04/03/2024 13:45;0,503;Όχι
04/03/2024 14:00;0,478;Όχι
04/03/2024 14:15;0,783;Όχι
04/03/2024 14:30;1,034;Όχι
04/03/2024 14:45;0,627;Όχι
04/03/2024 15:00;0,351;Όχι
04/03/2024 15:15;0,732;Όχι
04/03/2024 15:30;1,053;Όχι
04/03/2024 15:45;1,087;Όχι
04/03/2024 16:00;0,988;Όχι
04/03/2024 16:15;0,783;Όχι
04/03/2024 16:30;0,661;Όχι
04/03/2024 16:45;0,222;Όχι
04/03/2024 17:00;0,157;Όχι
04/03/2024 17:15;0,117;Όχι
04/03/2024 17:30;0,089;Όχι
04/03/2024 17:45;0,05;Όχι
04/03/2024 18:00;0,026;Όχι
04/03/2024 18:15;0,006;Όχι
04/03/2024 18:30;0;Όχι
04/03/2024 18:45;0;Όχι
04/03/2024 19:00;0;Όχι
04/03/2024 19:15;0;Όχι
04/03/2024 19:30;0;Όχι
04/03/2024 19:45;0;Όχι
04/03/2024 20:00;0;Όχι
04/03/2024 20:15;0;Όχι
04/03/2024 20:30;0;Όχι
04/03/2024 20:45;0;Όχι
04/03/2024 21:00;0;Όχι
04/03/2024 21:15;0;Όχι
04/03/2024 21:30;0;Όχι
04/03/2024 21:45;0;Όχι
04/03/2024 22:00;0;Όχι
04/03/2024 22:15;0;Όχι
04/03/2024 22:30;0;Όχι
04/03/2024 22:45;0;Όχι
04/03/2024 23:00;0;Όχι
04/03/2024 23:15;0;Όχι
04/03/2024 23:30;0;Όχι
04/03/2024 23:45;0;Όχι
05/03/2024 00:00;0;Όχι
05/03/2024 00:15;0;Όχι
05/03/2024 00:30;0;Όχι
05/03/2024 00:45;0;Όχι
05/03/2024 01:00;0;Όχι
05/03/2024 01:15;0;Όχι
05/03/2024 01:30;0;Όχι
05/03/2024 01:45;0;Όχι
05/03/2024 02:00;0;Όχι
05/03/2024 02:15;0;Όχι
05/03/2024 02:30;0;Όχι
05/03/2024 02:45;0;Όχι
05/03/2024 03:00;0;Όχι
05/03/2024 03:15;0;Όχι
05/03/2024 03:30;0;Όχι
05/03/2024 03:45;0;Όχι
05/03/2024 04:00;0;Όχι
05/03/2024 04:15;0;Όχι
05/03/2024 04:30;0;Όχι
05/03/2024 04:45;0;Όχι
05/03/2024 05:00;0;Όχι
05/03/2024 05:15;0;Όχι
05/03/2024 05:30;0;Όχι
05/03/2024 05:45;0;Όχι
05/03/2024 06:00;0;Όχι
05/03/2024 06:15;0;Όχι
05/03/2024 06:30;0;Όχι
05/03/2024 06:45;0;Όχι
05/03/2024 07:00;0;Όχι
05/03/2024 07:15;0;Όχι
05/03/2024 07:30;0;Όχι
05/03/2024 07:45;0;Όχι
05/03/2024 08:00;0;Όχι
05/03/2024 08:15;0,007;Όχι
05/03/2024 08:30;0,019;Όχι
05/03/2024 08:45;0,026;Όχι
05/03/2024 09:00;0,032;Όχι
05/03/2024 09:15;0,044;Όχι
05/03/2024 09:30;0,043;Όχι
05/03/2024 09:45;0,051;Όχι
05/03/2024 10:00;0,05;Όχι
05/03/2024 10:15;0,059;Όχι
05/03/2024 10:30;0,079;Όχι
05/03/2024 10:45;0,082;Όχι
05/03/2024 11:00;0,11;Όχι
05/03/2024 11:15;0,07;Όχι
05/03/2024 11:30;0,13;Όχι
05/03/2024 11:45;0,181;Όχι
05/03/2024 12:00;0,189;Όχι
05/03/2024 12:15;0,2;Όχι
05/03/2024 12:30;0,232;Όχι
05/03/2024 12:45;0,259;Όχι
05/03/2024 13:00;0,152;Όχι
05/03/2024 13:15;0,102;Όχι
05/03/2024 13:30;0,138;Όχι
05/03/2024 13:45;0,219;Όχι
05/03/2024 14:00;0,211;Όχι
05/03/2024 14:15;0,284;Όχι
05/03/2024 14:30;0,417;Όχι
05/03/2024 14:45;0,606;Όχι
05/03/2024 15:00;0,4;Όχι
05/03/2024 15:15;0,482;Όχι
05/03/2024 15:30;0,499;Όχι
05/03/2024 15:45;0,57;Όχι
05/03/2024 16:00;0,701;Όχι
05/03/2024 16:15;0,737;Όχι
05/03/2024 16:30;0,694;Όχι
05/03/2024 16:45;0,572;Όχι
05/03/2024 17:00;0,428;Όχι
05/03/2024 17:15;0,447;Όχι
05/03/2024 17:30;0,255;Όχι
05/03/2024 17:45;0,058;Όχι
05/03/2024 18:00;0,025;Όχι
05/03/2024 18:15;0,008;Όχι
05/03/2024 18:30;0,001;Όχι
05/03/2024 18:45;0;Όχι
05/03/2024 19:00;0;Όχι
05/03/2024 19:15;0;Όχι
05/03/2024 19:30;0;Όχι
05/03/2024 19:45;0;Όχι
05/03/2024 20:00;0;Όχι
05/03/2024 20:15;0;Όχι
05/03/2024 20:30;0;Όχι
05/03/2024 20:45;0;Όχι
05/03/2024 21:00;0;Όχι
05/03/2024 21:15;0;Όχι
05/03/2024 21:30;0;Όχι
05/03/2024 21:45;0;Όχι
05/03/2024 22:00;0;Όχι
05/03/2024 22:15;0;Όχι
05/03/2024 22:30;0;Όχι
05/03/2024 22:45;0;Όχι
05/03/2024 23:00;0;Όχι
05/03/2024 23:15;0;Όχι
05/03/2024 23:30;0;Όχι
05/03/2024 23:45;0;Όχι
06/03/2024 00:00;0;Όχι
06/03/2024 00:15;0;Όχι
06/03/2024 00:30;0;Όχι
06/03/2024 00:45;0;Όχι
06/03/2024 01:00;0;Όχι
06/03/2024 01:15;0;Όχι
06/03/2024 01:30;0;Όχι
06/03/2024 01:45;0;Όχι
06/03/2024 02:00;0;Όχι
06/03/2024 02:15;0;Όχι
06/03/2024 02:30;0;Όχι
06/03/2024 02:45;0;Όχι
06/03/2024 03:00;0;Όχι
06/03/2024 03:15;0;Όχι
06/03/2024 03:30;0;Όχι
06/03/2024 03:45;0;Όχι
06/03/2024 04:00;0;Όχι
06/03/2024 04:15;0;Όχι
06/03/2024 04:30;0;Όχι
06/03/2024 04:45;0;Όχι
06/03/2024 05:00;0;Όχι
06/03/2024 05:15;0;Όχι
06/03/2024 05:30;0;Όχι
06/03/2024 05:45;0;Όχι
06/03/2024 06:00;0;Όχι
06/03/2024 06:15;0;Όχι
06/03/2024 06:30;0;Όχι
06/03/2024 06:45;0;Όχι
06/03/2024 07:00;0;Όχι
06/03/2024 07:15;0,006;Όχι
06/03/2024 07:30;0,032;Όχι
06/03/2024 07:45;0,085;Όχι
06/03/2024 08:00;0,167;Όχι
06/03/2024 08:15;0,274;Όχι
06/03/2024 08:30;0,336;Όχι
06/03/2024 08:45;0,193;Όχι
06/03/2024 09:00;0,46;Όχι
06/03/2024 09:15;0,637;Όχι
06/03/2024 09:30;0,769;Όχι
06/03/2024 09:45;0,487;Όχι
06/03/2024 10:00;0,734;Όχι
06/03/2024 10:15;0,872;Όχι
06/03/2024 10:30;1,044;Όχι
06/03/2024 10:45;1,084;Όχι
06/03/2024 11:00;1,143;Όχι
06/03/2024 11:15;1,186;Όχι
06/03/2024 11:30;1,226;Όχι
06/03/2024 11:45;1,253;Όχι
06/03/2024 12:00;1,334;Όχι
06/03/2024 12:15;1,287;Όχι
06/03/2024 12:30;1,394;Όχι
06/03/2024 12:45;1,051;Όχι
06/03/2024 13:00;1,331;Όχι
06/03/2024 13:15;1,335;Όχι
06/03/2024 13:30;1,365;Όχι
06/03/2024 13:45;1,253;Όχι
06/03/2024 14:00;1,166;Όχι
06/03/2024 14:15;1,248;Όχι
06/03/2024 14:30;1,251;Όχι
06/03/2024 14:45;1,222;Όχι
06/03/2024 15:00;1,098;Όχι
06/03/2024 15:15;1,02;Όχι
06/03/2024 15:30;0,803;Όχι
06/03/2024 15:45;0,826;Όχι
06/03/2024 16:00;0,73;Όχι
06/03/2024 16:15;0,613;Όχι
06/03/2024 16:30;0,451;Όχι
06/03/2024 16:45;0,469;Όχι
06/03/2024 17:00;0,281;Όχι
06/03/2024 17:15;0,147;Όχι
06/03/2024 17:30;0,106;Όχι
06/03/2024 17:45;0,088;Όχι
06/03/2024 18:00;0,051;Όχι
06/03/2024 18:15;0,013;Όχι
06/03/2024 18:30;0,001;Όχι
06/03/2024 18:45;0;Όχι
06/03/2024 19:00;0;Όχι
06/03/2024 19:15;0;Όχι
06/03/2024 19:30;0;Όχι
06/03/2024 19:45;0;Όχι
06/03/2024 20:00;0;Όχι
06/03/2024 20:15;0;Όχι
06/03/2024 20:30;0;Όχι
06/03/2024 20:45;0;Όχι
06/03/2024 21:00;0;Όχι
06/03/2024 21:15;0;Όχι
06/03/2024 21:30;0;Όχι
06/03/2024 21:45;0;Όχι
06/03/2024 22:00;0;Όχι
06/03/2024 22:15;0;Όχι
06/03/2024 22:30;0;Όχι
06/03/2024 22:45;0;Όχι
06/03/2024 23:00;0;Όχι
06/03/2024 23:15;0;Όχι
06/03/2024 23:30;0;Όχι
06/03/2024 23:45;0;Όχι
07/03/2024 00:00;0;Όχι
07/03/2024 00:15;0;Όχι
07/03/2024 00:30;0;Όχι
07/03/2024 00:45;0;Όχι
07/03/2024 01:00;0;Όχι
07/03/2024 01:15;0;Όχι
07/03/2024 01:30;0;Όχι
07/03/2024 01:45;0;Όχι
07/03/2024 02:00;0;Όχι
07/03/2024 02:15;0;Όχι
07/03/2024 02:30;0;Όχι
07/03/2024 02:45;0;Όχι
07/03/2024 03:00;0;Όχι
07/03/2024 03:15;0;Όχι
07/03/2024 03:30;0;Όχι
07/03/2024 03:45;0;Όχι
07/03/2024 04:00;0;Όχι
07/03/2024 04:15;0;Όχι
07/03/2024 04:30;0;Όχι
07/03/2024 04:45;0;Όχι
07/03/2024 05:00;0;Όχι
07/03/2024 05:15;0;Όχι
07/03/2024 05:30;0;Όχι
07/03/2024 05:45;0;Όχι
07/03/2024 06:00;0;Όχι
07/03/2024 06:15;0;Όχι
07/03/2024 06:30;0;Όχι
07/03/2024 06:45;0;Όχι
07/03/2024 07:00;0;Όχι
07/03/2024 07:15;0,003;Όχι
07/03/2024 07:30;0,05;Όχι
07/03/2024 07:45;0,106;Όχι
07/03/2024 08:00;0,086;Όχι
07/03/2024 08:15;0,17;Όχι
07/03/2024 08:30;0,288;Όχι
07/03/2024 08:45;0,611;Όχι
07/03/2024 09:00;0,48;Όχι
07/03/2024 09:15;0,769;Όχι
07/03/2024 09:30;0,768;Όχι
07/03/2024 09:45;0,827;Όχι
07/03/2024 10:00;0,698;Όχι
07/03/2024 10:15;0,393;Όχι
07/03/2024 10:30;0,79;Όχι
07/03/2024 10:45;1,097;Όχι
07/03/2024 11:00;1,212;Όχι
07/03/2024 11:15;0,598;Όχι
07/03/2024 11:30;0,649;Όχι
07/03/2024 11:45;0,467;Όχι
07/03/2024 12:00;0,168;Όχι
07/03/2024 12:15;0,218;Όχι
07/03/2024 12:30;0,301;Όχι
07/03/2024 12:45;0,189;Όχι
07/03/2024 13:00;0,165;Όχι
07/03/2024 13:15;0,115;Όχι
07/03/2024 13:30;0,269;Όχι
07/03/2024 13:45;1,139;Όχι
07/03/2024 14:00;1,382;Όχι
07/03/2024 14:15;1,335;Όχι
07/03/2024 14:30;1,285;Όχι
07/03/2024 14:45;1,281;Όχι
07/03/2024 15:00;0,448;Όχι
07/03/2024 15:15;0,755;Όχι
07/03/2024 15:30;0,778;Όχι
07/03/2024 15:45;0,277;Όχι
07/03/2024 16:00;0,296;Όχι
07/03/2024 16:15;0,14;Όχι
07/03/2024 16:30;0,043;Όχι
07/03/2024 16:45;0,019;Όχι
07/03/2024 17:00;0,039;Όχι
07/03/2024 17:15;0,269;Όχι
07/03/2024 17:30;0,17;Όχι
07/03/2024 17:45;0,04;Όχι
07/03/2024 18:00;0,006;Όχι
07/03/2024 18:15;0,003;Όχι
07/03/2024 18:30;0;Όχι
07/03/2024 18:45;0;Όχι
07/03/2024 19:00;0;Όχι
07/03/2024 19:15;0;Όχι
07/03/2024 19:30;0;Όχι
07/03/2024 19:45;0;Όχι
07/03/2024 20:00;0;Όχι
07/03/2024 20:15;0;Όχι
07/03/2024 20:30;0;Όχι
07/03/2024 20:45;0;Όχι
07/03/2024 21:00;0;Όχι
07/03/2024 21:15;0;Όχι
07/03/2024 21:30;0;Όχι
07/03/2024 21:45;0;Όχι
07/03/2024 22:00;0;Όχι
07/03/2024 22:15;0;Όχι
07/03/2024 22:30;0;Όχι
07/03/2024 22:45;0;Όχι
07/03/2024 23:00;0;Όχι
07/03/2024 23:15;0;Όχι
07/03/2024 23:30;0;Όχι
07/03/2024 23:45;0;Όχι
08/03/2024 00:00;0;Όχι
08/03/2024 00:15;0;Όχι
08/03/2024 00:30;0;Όχι
08/03/2024 00:45;0;Όχι
08/03/2024 01:00;0;Όχι
08/03/2024 01:15;0;Όχι
08/03/2024 01:30;0;Όχι
08/03/2024 01:45;0;Όχι
08/03/2024 02:00;0;Όχι
08/03/2024 02:15;0;Όχι
08/03/2024 02:30;0;Όχι
08/03/2024 02:45;0;Όχι
08/03/2024 03:00;0;Όχι
08/03/2024 03:15;0;Όχι
08/03/2024 03:30;0;Όχι
08/03/2024 03:45;0;Όχι
08/03/2024 04:00;0;Όχι
08/03/2024 04:15;0;Όχι
08/03/2024 04:30;0;Όχι
08/03/2024 04:45;0;Όχι
08/03/2024 05:00;0;Όχι
08/03/2024 05:15;0;Όχι
08/03/2024 05:30;0;Όχι
08/03/2024 05:45;0;Όχι
08/03/2024 06:00;0;Όχι
08/03/2024 06:15;0;Όχι
08/03/2024 06:30;0;Όχι
08/03/2024 06:45;0;Όχι
08/03/2024 07:00;0;Όχι
08/03/2024 07:15;0,013;Όχι
08/03/2024 07:30;0,027;Όχι
08/03/2024 07:45;0,044;Όχι
08/03/2024 08:00;0,203;Όχι
08/03/2024 08:15;0,248;Όχι
08/03/2024 08:30;0,469;Όχι
08/03/2024 08:45;0,553;Όχι
08/03/2024 09:00;0,66;Όχι
08/03/2024 09:15;0,764;Όχι
08/03/2024 09:30;0,857;Όχι
08/03/2024 09:45;0,94;Όχι
08/03/2024 10:00;1,013;Όχι
08/03/2024 10:15;1,101;Όχι
08/03/2024 10:30;1,296;Όχι
08/03/2024 10:45;1,235;Όχι
08/03/2024 11:00;1,25;Όχι
08/03/2024 11:15;1,305;Όχι
08/03/2024 11:30;1,349;Όχι
08/03/2024 11:45;1,378;Όχι
08/03/2024 12:00;1,391;Όχι
08/03/2024 12:15;1,402;Όχι
08/03/2024 12:30;1,417;Όχι
08/03/2024 12:45;1,396;Όχι
08/03/2024 13:00;1,393;Όχι
08/03/2024 13:15;1,387;Όχι
08/03/2024 13:30;1,376;Όχι
08/03/2024 13:45;1,351;Όχι
08/03/2024 14:00;1,321;Όχι
08/03/2024 14:15;1,295;Όχι
08/03/2024 14:30;1,246;Όχι
08/03/2024 14:45;1,197;Όχι
08/03/2024 15:00;1,087;Όχι
08/03/2024 15:15;1,1;Όχι
08/03/2024 15:30;0,999;Όχι
08/03/2024 15:45;1,103;Όχι
08/03/2024 16:00;0,79;Όχι
08/03/2024 16:15;0,803;Όχι
08/03/2024 16:30;0,707;Όχι
08/03/2024 16:45;0,607;Όχι
08/03/2024 17:00;0,42;Όχι
08/03/2024 17:15;0,343;Όχι
08/03/2024 17:30;0,281;Όχι
08/03/2024 17:45;0,196;Όχι
08/03/2024 18:00;0,107;Όχι
08/03/2024 18:15;0,026;Όχι
08/03/2024 18:30;0;Όχι
08/03/2024 18:45;0;Όχι
08/03/2024 19:00;0;Όχι
08/03/2024 19:15;0;Όχι
08/03/2024 19:30;0;Όχι
08/03/2024 19:45;0;Όχι
08/03/2024 20:00;0;Όχι
08/03/2024 20:15;0;Όχι
08/03/2024 20:30;0;Όχι
08/03/2024 20:45;0;Όχι
08/03/2024 21:00;0;Όχι
08/03/2024 21:15;0;Όχι
08/03/2024 21:30;0;Όχι
08/03/2024 21:45;0;Όχι
08/03/2024 22:00;0;Όχι
08/03/2024 22:15;0;Όχι
08/03/2024 22:30;0;Όχι
08/03/2024 22:45;0;Όχι
08/03/2024 23:00;0;Όχι
08/03/2024 23:15;0;Όχι
08/03/2024 23:30;0;Όχι
08/03/2024 23:45;0;Όχι
09/03/2024 00:00;0;Όχι
09/03/2024 00:15;0;Όχι
09/03/2024 00:30;0;Όχι
09/03/2024 00:45;0;Όχι
09/03/2024 01:00;0;Όχι
09/03/2024 01:15;0;Όχι
09/03/2024 01:30;0;Όχι
09/03/2024 01:45;0;Όχι
09/03/2024 02:00;0;Όχι
09/03/2024 02:15;0;Όχι
09/03/2024 02:30;0;Όχι
09/03/2024 02:45;0;Όχι
09/03/2024 03:00;0;Όχι
09/03/2024 03:15;0;Όχι
09/03/2024 03:30;0;Όχι
09/03/2024 03:45;0;Όχι
09/03/2024 04:00;0;Όχι
09/03/2024 04:15;0;Όχι
09/03/2024 04:30;0;Όχι
09/03/2024 04:45;0;Όχι
09/03/2024 05:00;0;Όχι
09/03/2024 05:15;0;Όχι
09/03/2024 05:30;0;Όχι
09/03/2024 05:45;0;Όχι
09/03/2024 06:00;0;Όχι
09/03/2024 06:15;0;Όχι
09/03/2024 06:30;0;Όχι
09/03/2024 06:45;0;Όχι
09/03/2024 07:00;0;Όχι
09/03/2024 07:15;0;Όχι
09/03/2024 07:30;0,003;Όχι
09/03/2024 07:45;0,018;Όχι
09/03/2024 08:00;0,03;Όχι
09/03/2024 08:15;0,037;Όχι
09/03/2024 08:30;0,037;Όχι
09/03/2024 08:45;0,045;Όχι
09/03/2024 09:00;0,033;Όχι
09/03/2024 09:15;0,075;Όχι
09/03/2024 09:30;0,127;Όχι
09/03/2024 09:45;0,121;Όχι
09/03/2024 10:00;0,229;Όχι
09/03/2024 10:15;0,242;Όχι
09/03/2024 10:30;0,382;Όχι
09/03/2024 10:45;0,311;Όχι
09/03/2024 11:00;0,242;Όχι
09/03/2024 11:15;0,232;Όχι
09/03/2024 11:30;0,236;Όχι
09/03/2024 11:45;0,339;Όχι
09/03/2024 12:00;0,523;Όχι
09/03/2024 12:15;0,882;Όχι
09/03/2024 12:30;0,684;Όχι
09/03/2024 12:45;0,681;Όχι
09/03/2024 13:00;0,668;Όχι
09/03/2024 13:15;0,374;Όχι
09/03/2024 13:30;0,257;Όχι
09/03/2024 13:45;0,247;Όχι
09/03/2024 14:00;0,256;Όχι
09/03/2024 14:15;0,371;Όχι
09/03/2024 14:30;0,403;Όχι
09/03/2024 14:45;0,561;Όχι
09/03/2024 15:00;0,426;Όχι
09/03/2024 15:15;0,227;Όχι
09/03/2024 15:30;0,227;Όχι
09/03/2024 15:45;0,307;Όχι
09/03/2024 16:00;0,332;Όχι
09/03/2024 16:15;0,16;Όχι
09/03/2024 16:30;0,238;Όχι
09/03/2024 16:45;0,091;Όχι
09/03/2024 17:00;0,012;Όχι
09/03/2024 17:15;0,003;Όχι
09/03/2024 17:30;0,001;Όχι
09/03/2024 17:45;0;Όχι
09/03/2024 18:00;0;Όχι
09/03/2024 18:15;0;Όχι
09/03/2024 18:30;0;Όχι
09/03/2024 18:45;0;Όχι
09/03/2024 19:00;0;Όχι
09/03/2024 19:15;0;Όχι
09/03/2024 19:30;0;Όχι
09/03/2024 19:45;0;Όχι
09/03/2024 20:00;0;Όχι
09/03/2024 20:15;0;Όχι
09/03/2024 20:30;0;Όχι
09/03/2024 20:45;0;Όχι
09/03/2024 21:00;0;Όχι
09/03/2024 21:15;0;Όχι
09/03/2024 21:30;0;Όχι
09/03/2024 21:45;0;Όχι
09/03/2024 22:00;0;Όχι
09/03/2024 22:15;0;Όχι
09/03/2024 22:30;0;Όχι
09/03/2024 22:45;0;Όχι
09/03/2024 23:00;0;Όχι
09/03/2024 23:15;0;Όχι
09/03/2024 23:30;0;Όχι
09/03/2024 23:45;0;Όχι
10/03/2024 00:00;0;Όχι
10/03/2024 00:15;0;Όχι
10/03/2024 00:30;0;Όχι
10/03/2024 00:45;0;Όχι
10/03/2024 01:00;0;Όχι
10/03/2024 01:15;0;Όχι
10/03/2024 01:30;0;Όχι
10/03/2024 01:45;0;Όχι
10/03/2024 02:00;0;Όχι
10/03/2024 02:15;0;Όχι
10/03/2024 02:30;0;Όχι
10/03/2024 02:45;0;Όχι
10/03/2024 03:00;0;Όχι
10/03/2024 03:15;0;Όχι
10/03/2024 03:30;0;Όχι
10/03/2024 03:45;0;Όχι
10/03/2024 04:00;0;Όχι
10/03/2024 04:15;0;Όχι
10/03/2024 04:30;0;Όχι
10/03/2024 04:45;0;Όχι
10/03/2024 05:00;0;Όχι
10/03/2024 05:15;0;Όχι
10/03/2024 05:30;0;Όχι
10/03/2024 05:45;0;Όχι
10/03/2024 06:00;0;Όχι
10/03/2024 06:15;0;Όχι
10/03/2024 06:30;0;Όχι
10/03/2024 06:45;0;Όχι
10/03/2024 07:00;0;Όχι
10/03/2024 07:15;0,002;Όχι
10/03/2024 07:30;0,012;Όχι
10/03/2024 07:45;0,031;Όχι
10/03/2024 08:00;0,055;Όχι
10/03/2024 08:15;0,097;Όχι
10/03/2024 08:30;0,131;Όχι
10/03/2024 08:45;0,146;Όχι
10/03/2024 09:00;0,208;Όχι
10/03/2024 09:15;0,226;Όχι
10/03/2024 09:30;0,243;Όχι
10/03/2024 09:45;0,534;Όχι
10/03/2024 10:00;0,851;Όχι
10/03/2024 10:15;0,54;Όχι
10/03/2024 10:30;0,385;Όχι
10/03/2024 10:45;0,319;Όχι
10/03/2024 11:00;0,48;Όχι
10/03/2024 11:15;0,859;Όχι
10/03/2024 11:30;0,524;Όχι
10/03/2024 11:45;0,264;Όχι
10/03/2024 12:00;0,318;Όχι
10/03/2024 12:15;0,558;Όχι
10/03/2024 12:30;0,695;Όχι
10/03/2024 12:45;0,654;Όχι
10/03/2024 13:00;0,764;Όχι
10/03/2024 13:15;0,826;Όχι
10/03/2024 13:30;0,869;Όχι
10/03/2024 13:45;0,898;Όχι
10/03/2024 14:00;1,17;Όχι
10/03/2024 14:15;1,176;Όχι
10/03/2024 14:30;1,216;Όχι
10/03/2024 14:45;1,081;Όχι
10/03/2024 15:00;0,843;Όχι
10/03/2024 15:15;1,042;Όχι
10/03/2024 15:30;0,724;Όχι
10/03/2024 15:45;0,835;Όχι
10/03/2024 16:00;0,758;Όχι
10/03/2024 16:15;0,663;Όχι
10/03/2024 16:30;0,475;Όχι
10/03/2024 16:45;0,372;Όχι
10/03/2024 17:00;0,293;Όχι
10/03/2024 17:15;0,175;Όχι
10/03/2024 17:30;0,086;Όχι
10/03/2024 17:45;0,063;Όχι
10/03/2024 18:00;0,031;Όχι
10/03/2024 18:15;0,019;Όχι
10/03/2024 18:30;0,003;Όχι
10/03/2024 18:45;0;Όχι
10/03/2024 19:00;0;Όχι
10/03/2024 19:15;0;Όχι
10/03/2024 19:30;0;Όχι
10/03/2024 19:45;0;Όχι
10/03/2024 20:00;0;Όχι
10/03/2024 20:15;0;Όχι
10/03/2024 20:30;0;Όχι
10/03/2024 20:45;0;Όχι
10/03/2024 21:00;0;Όχι
10/03/2024 21:15;0;Όχι
10/03/2024 21:30;0;Όχι
10/03/2024 21:45;0;Όχι
10/03/2024 22:00;0;Όχι
10/03/2024 22:15;0;Όχι
10/03/2024 22:30;0;Όχι
10/03/2024 22:45;0;Όχι
10/03/2024 23:00;0;Όχι
10/03/2024 23:15;0;Όχι
10/03/2024 23:30;0;Όχι
10/03/2024 23:45;0;Όχι
11/03/2024 00:00;0;Όχι
11/03/2024 00:15;0;Όχι
11/03/2024 00:30;0;Όχι
11/03/2024 00:45;0;Όχι
11/03/2024 01:00;0;Όχι
11/03/2024 01:15;0;Όχι
11/03/2024 01:30;0;Όχι
11/03/2024 01:45;0;Όχι
11/03/2024 02:00;0;Όχι
11/03/2024 02:15;0;Όχι
11/03/2024 02:30;0;Όχι
11/03/2024 02:45;0;Όχι
11/03/2024 03:00;0;Όχι
11/03/2024 03:15;0;Όχι
11/03/2024 03:30;0;Όχι
11/03/2024 03:45;0;Όχι
11/03/2024 04:00;0;Όχι
11/03/2024 04:15;0;Όχι
11/03/2024 04:30;0;Όχι
11/03/2024 04:45;0;Όχι
11/03/2024 05:00;0;Όχι
11/03/2024 05:15;0;Όχι
11/03/2024 05:30;0;Όχι
11/03/2024 05:45;0;Όχι
11/03/2024 06:00;0;Όχι
11/03/2024 06:15;0;Όχι
11/03/2024 06:30;0;Όχι
11/03/2024 06:45;0;Όχι
11/03/2024 07:00;0;Όχι
11/03/2024 07:15;0;Όχι
11/03/2024 07:30;0,012;Όχι
11/03/2024 07:45;0,03;Όχι
11/03/2024 08:00;0,043;Όχι
11/03/2024 08:15;0,097;Όχι
11/03/2024 08:30;0,159;Όχι
11/03/2024 08:45;0,261;Όχι
11/03/2024 09:00;0,152;Όχι
11/03/2024 09:15;0,132;Όχι
11/03/2024 09:30;0,086;Όχι
11/03/2024 09:45;0,094;Όχι
11/03/2024 10:00;0,123;Όχι
11/03/2024 10:15;0,152;Όχι
11/03/2024 10:30;0,191;Όχι
11/03/2024 10:45;0,186;Όχι
11/03/2024 11:00;0,252;Όχι
11/03/2024 11:15;0,212;Όχι
11/03/2024 11:30;0,167;Όχι
11/03/2024 11:45;0,298;Όχι
11/03/2024 12:00;0,317;Όχι
11/03/2024 12:15;0,286;Όχι
11/03/2024 12:30;0,394;Όχι
11/03/2024 12:45;0,397;Όχι
11/03/2024 13:00;0,362;Όχι
11/03/2024 13:15;0,399;Όχι
11/03/2024 13:30;0,388;Όχι
11/03/2024 13:45;0,414;Όχι
11/03/2024 14:00;0,4;Όχι
11/03/2024 14:15;0,39;Όχι
11/03/2024 14:30;0,249;Όχι
11/03/2024 14:45;0,16;Όχι
11/03/2024 15:00;0,172;Όχι
11/03/2024 15:15;0,178;Όχι
11/03/2024 15:30;0,131;Όχι
11/03/2024 15:45;0,135;Όχι
11/03/2024 16:00;0,169;Όχι
11/03/2024 16:15;0,132;Όχι
11/03/2024 16:30;0,174;Όχι
11/03/2024 16:45;0,205;Όχι
11/03/2024 17:00;0,151;Όχι
11/03/2024 17:15;0,106;Όχι
11/03/2024 17:30;0,078;Όχι
11/03/2024 17:45;0,074;Όχι
11/03/2024 18:00;0,039;Όχι
11/03/2024 18:15;0,007;Όχι
11/03/2024 18:30;0;Όχι
11/03/2024 18:45;0;Όχι
11/03/2024 19:00;0;Όχι
11/03/2024 19:15;0;Όχι
11/03/2024 19:30;0;Όχι
11/03/2024 19:45;0;Όχι
11/03/2024 20:00;0;Όχι
11/03/2024 20:15;0;Όχι
11/03/2024 20:30;0;Όχι
11/03/2024 20:45;0;Όχι
11/03/2024 21:00;0;Όχι
11/03/2024 21:15;0;Όχι
11/03/2024 21:30;0;Όχι
11/03/2024 21:45;0;Όχι
11/03/2024 22:00;0;Όχι
11/03/2024 22:15;0;Όχι
11/03/2024 22:30;0;Όχι
11/03/2024 22:45;0;Όχι
11/03/2024 23:00;0;Όχι
11/03/2024 23:15;0;Όχι
11/03/2024 23:30;0;Όχι
11/03/2024 23:45;0;Όχι
12/03/2024 00:00;0;Όχι
12/03/2024 00:15;0;Όχι
12/03/2024 00:30;0;Όχι
12/03/2024 00:45;0;Όχι
12/03/2024 01:00;0;Όχι
12/03/2024 01:15;0;Όχι
12/03/2024 01:30;0;Όχι
12/03/2024 01:45;0;Όχι
12/03/2024 02:00;0;Όχι
12/03/2024 02:15;0;Όχι
12/03/2024 02:30;0;Όχι
12/03/2024 02:45;0;Όχι
12/03/2024 03:00;0;Όχι
12/03/2024 03:15;0;Όχι
12/03/2024 03:30;0;Όχι
12/03/2024 03:45;0;Όχι
12/03/2024 04:00;0;Όχι
12/03/2024 04:15;0;Όχι
12/03/2024 04:30;0;Όχι
12/03/2024 04:45;0;Όχι
12/03/2024 05:00;0;Όχι
12/03/2024 05:15;0;Όχι
12/03/2024 05:30;0;Όχι
12/03/2024 05:45;0;Όχι
12/03/2024 06:00;0;Όχι
12/03/2024 06:15;0;Όχι
12/03/2024 06:30;0;Όχι
12/03/2024 06:45;0;Όχι
12/03/2024 07:00;0,003;Όχι
12/03/2024 07:15;0,029;Όχι
12/03/2024 07:30;0,074;Όχι
12/03/2024 07:45;0,171;Όχι
12/03/2024 08:00;0,275;Όχι
12/03/2024 08:15;0,443;Όχι
12/03/2024 08:30;0,514;Όχι
12/03/2024 08:45;0,575;Όχι
12/03/2024 09:00;0,668;Όχι
12/03/2024 09:15;0,746;Όχι
12/03/2024 09:30;0,626;Όχι
12/03/2024 09:45;0,398;Όχι
12/03/2024 10:00;0,441;Όχι
12/03/2024 10:15;0,413;Όχι
12/03/2024 10:30;0,675;Όχι
12/03/2024 10:45;0,671;Όχι
12/03/2024 11:00;0,501;Όχι
12/03/2024 11:15;0,277;Όχι
12/03/2024 11:30;0,281;Όχι
12/03/2024 11:45;0,455;Όχι
12/03/2024 12:00;0,59;Όχι
12/03/2024 12:15;1,007;Όχι
12/03/2024 12:30;1,279;Όχι
12/03/2024 12:45;1,419;Όχι
12/03/2024 13:00;1,408;Όχι
12/03/2024 13:15;1,101;Όχι
12/03/2024 13:30;1,076;Όχι
12/03/2024 13:45;0,543;Όχι
12/03/2024 14:00;0,295;Όχι
12/03/2024 14:15;0,138;Όχι
12/03/2024 14:30;0,021;Όχι
12/03/2024 14:45;0,012;Όχι
12/03/2024 15:00;0,053;Όχι
12/03/2024 15:15;0,138;Όχι
12/03/2024 15:30;0,231;Όχι
12/03/2024 15:45;0,353;Όχι
12/03/2024 16:00;0,797;Όχι
12/03/2024 16:15;0,451;Όχι
12/03/2024 16:30;0,759;Όχι
12/03/2024 16:45;0,614;Όχι
12/03/2024 17:00;0,542;Όχι
12/03/2024 17:15;0,214;Όχι
12/03/2024 17:30;0,095;Όχι
12/03/2024 17:45;0,165;Όχι
12/03/2024 18:00;0,103;Όχι
12/03/2024 18:15;0,033;Όχι
12/03/2024 18:30;0,008;Όχι
12/03/2024 18:45;0;Όχι
12/03/2024 19:00;0;Όχι
12/03/2024 19:15;0;Όχι
12/03/2024 19:30;0;Όχι
12/03/2024 19:45;0;Όχι
12/03/2024 20:00;0;Όχι
12/03/2024 20:15;0;Όχι
12/03/2024 20:30;0;Όχι
12/03/2024 20:45;0;Όχι
12/03/2024 21:00;0;Όχι
12/03/2024 21:15;0;Όχι
12/03/2024 21:30;0;Όχι
12/03/2024 21:45;0;Όχι
12/03/2024 22:00;0;Όχι
12/03/2024 22:15;0;Όχι
12/03/2024 22:30;0;Όχι
12/03/2024 22:45;0;Όχι
12/03/2024 23:00;0;Όχι
12/03/2024 23:15;0;Όχι
12/03/2024 23:30;0;Όχι
12/03/2024 23:45;0;Όχι
13/03/2024 00:00;0;Όχι
13/03/2024 00:15;0;Όχι
13/03/2024 00:30;0;Όχι
13/03/2024 00:45;0;Όχι
13/03/2024 01:00;0;Όχι
13/03/2024 01:15;0;Όχι
13/03/2024 01:30;0;Όχι
13/03/2024 01:45;0;Όχι
13/03/2024 02:00;0;Όχι
13/03/2024 02:15;0;Όχι
13/03/2024 02:30;0;Όχι
13/03/2024 02:45;0;Όχι
13/03/2024 03:00;0;Όχι
13/03/2024 03:15;0;Όχι
13/03/2024 03:30;0;Όχι
13/03/2024 03:45;0;Όχι
13/03/2024 04:00;0;Όχι
13/03/2024 04:15;0;Όχι
13/03/2024 04:30;0;Όχι
13/03/2024 04:45;0;Όχι
13/03/2024 05:00;0;Όχι
13/03/2024 05:15;0;Όχι
13/03/2024 05:30;0;Όχι
13/03/2024 05:45;0;Όχι
13/03/2024 06:00;0;Όχι
13/03/2024 06:15;0;Όχι
13/03/2024 06:30;0;Όχι
13/03/2024 06:45;0;Όχι
13/03/2024 07:00;0;Όχι
13/03/2024 07:15;0,015;Όχι
13/03/2024 07:30;0,061;Όχι
13/03/2024 07:45;0,185;Όχι
13/03/2024 08:00;0,289;Όχι
13/03/2024 08:15;0,38;Όχι
13/03/2024 08:30;0,486;Όχι
13/03/2024 08:45;0,59;Όχι
13/03/2024 09:00;0,697;Όχι
13/03/2024 09:15;0,792;Όχι
13/03/2024 09:30;0,879;Όχι
13/03/2024 09:45;0,968;Όχι
13/03/2024 10:00;1,039;Όχι
13/03/2024 10:15;1,113;Όχι
13/03/2024 10:30;1,18;Όχι
13/03/2024 10:45;1,235;Όχι
13/03/2024 11:00;1,284;Όχι
13/03/2024 11:15;1,326;Όχι
13/03/2024 11:30;1,368;Όχι
13/03/2024 11:45;1,404;Όχι
13/03/2024 12:00;1,436;Όχι
13/03/2024 12:15;1,465;Όχι
13/03/2024 12:30;1,475;Όχι
13/03/2024 12:45;1,484;Όχι
13/03/2024 13:00;1,472;Όχι
13/03/2024 13:15;1,456;Όχι
13/03/2024 13:30;1,438;Όχι
13/03/2024 13:45;1,415;Όχι
13/03/2024 14:00;1,403;Όχι
13/03/2024 14:15;1,326;Όχι
13/03/2024 14:30;1,457;Όχι
13/03/2024 14:45;1,332;Όχι
13/03/2024 15:00;0,912;Όχι
13/03/2024 15:15;1,206;Όχι
13/03/2024 15:30;0,962;Όχι
13/03/2024 15:45;0,462;Όχι
13/03/2024 16:00;0,844;Όχι
13/03/2024 16:15;0,685;Όχι
13/03/2024 16:30;0,819;Όχι
13/03/2024 16:45;0,665;Όχι
13/03/2024 17:00;0,509;Όχι
13/03/2024 17:15;0,165;Όχι
13/03/2024 17:30;0,378;Όχι
13/03/2024 17:45;0,238;Όχι
13/03/2024 18:00;0,124;Όχι
13/03/2024 18:15;0,045;Όχι
13/03/2024 18:30;0,008;Όχι
13/03/2024 18:45;0;Όχι
13/03/2024 19:00;0;Όχι
13/03/2024 19:15;0;Όχι
13/03/2024 19:30;0;Όχι
13/03/2024 19:45;0;Όχι
13/03/2024 20:00;0;Όχι
13/03/2024 20:15;0;Όχι
13/03/2024 20:30;0;Όχι
13/03/2024 20:45;0;Όχι
13/03/2024 21:00;0;Όχι
13/03/2024 21:15;0;Όχι
13/03/2024 21:30;0;Όχι
13/03/2024 21:45;0;Όχι
13/03/2024 22:00;0;Όχι
13/03/2024 22:15;0;Όχι
13/03/2024 22:30;0;Όχι
13/03/2024 22:45;0;Όχι
13/03/2024 23:00;0;Όχι
13/03/2024 23:15;0;Όχι
13/03/2024 23:30;0;Όχι
13/03/2024 23:45;0;Όχι
14/03/2024 00:00;0;Όχι
14/03/2024 00:15;0;Όχι
14/03/2024 00:30;0;Όχι
14/03/2024 00:45;0;Όχι
14/03/2024 01:00;0;Όχι
14/03/2024 01:15;0;Όχι
14/03/2024 01:30;0;Όχι
14/03/2024 01:45;0;Όχι
14/03/2024 02:00;0;Όχι
14/03/2024 02:15;0;Όχι
14/03/2024 02:30;0;Όχι
14/03/2024 02:45;0;Όχι
14/03/2024 03:00;0;Όχι
14/03/2024 03:15;0;Όχι
14/03/2024 03:30;0;Όχι
14/03/2024 03:45;0;Όχι
14/03/2024 04:00;0;Όχι
14/03/2024 04:15;0;Όχι
14/03/2024 04:30;0;Όχι
14/03/2024 04:45;0;Όχι
14/03/2024 05:00;0;Όχι
14/03/2024 05:15;0;Όχι
14/03/2024 05:30;0;Όχι
14/03/2024 05:45;0;Όχι
14/03/2024 06:00;0;Όχι
14/03/2024 06:15;0;Όχι
14/03/2024 06:30;0;Όχι
14/03/2024 06:45;0;Όχι
14/03/2024 07:00;0;Όχι
14/03/2024 07:15;0,01;Όχι
14/03/2024 07:30;0,045;Όχι
14/03/2024 07:45;0,071;Όχι
14/03/2024 08:00;0,131;Όχι
14/03/2024 08:15;0,31;Όχι
14/03/2024 08:30;0,226;Όχι
14/03/2024 08:45;0,17;Όχι
14/03/2024 09:00;0,146;Όχι
14/03/2024 09:15;0,199;Όχι
14/03/2024 09:30;0,248;Όχι
14/03/2024 09:45;0,343;Όχι
14/03/2024 10:00;0,704;Όχι
14/03/2024 10:15;1,094;Όχι
14/03/2024 10:30;1,2;Όχι
14/03/2024 10:45;1,238;Όχι
14/03/2024 11:00;1,144;Όχι
14/03/2024 11:15;0,929;Όχι
14/03/2024 11:30;0,924;Όχι
14/03/2024 11:45;1,071;Όχι
14/03/2024 12:00;1,051;Όχι
14/03/2024 12:15;1,487;Όχι
14/03/2024 12:30;1,474;Όχι
14/03/2024 12:45;1,462;Όχι
14/03/2024 13:00;1,447;Όχι
14/03/2024 13:15;1,436;Όχι
14/03/2024 13:30;1,415;Όχι
14/03/2024 13:45;1,399;Όχι
14/03/2024 14:00;1,266;Όχι
14/03/2024 14:15;1,417;Όχι
14/03/2024 14:30;0,938;Όχι
14/03/2024 14:45;1,269;Όχι
14/03/2024 15:00;0,521;Όχι
14/03/2024 15:15;0,548;Όχι
14/03/2024 15:30;0,384;Όχι
14/03/2024 15:45;0,349;Όχι
14/03/2024 16:00;0,247;Όχι
14/03/2024 16:15;0,214;Όχι
14/03/2024 16:30;0,24;Όχι
14/03/2024 16:45;0,487;Όχι
14/03/2024 17:00;0,627;Όχι
14/03/2024 17:15;0,385;Όχι
14/03/2024 17:30;0,275;Όχι
14/03/2024 17:45;0,182;Όχι
14/03/2024 18:00;0,056;Όχι
14/03/2024 18:15;0,016;Όχι
14/03/2024 18:30;0,003;Όχι
14/03/2024 18:45;0;Όχι
14/03/2024 19:00;0;Όχι
14/03/2024 19:15;0;Όχι
14/03/2024 19:30;0;Όχι
14/03/2024 19:45;0;Όχι
14/03/2024 20:00;0;Όχι
14/03/2024 20:15;0;Όχι
14/03/2024 20:30;0;Όχι
14/03/2024 20:45;0;Όχι
14/03/2024 21:00;0;Όχι
14/03/2024 21:15;0;Όχι
14/03/2024 21:30;0;Όχι
14/03/2024 21:45;0;Όχι
14/03/2024 22:00;0;Όχι
14/03/2024 22:15;0;Όχι
14/03/2024 22:30;0;Όχι
14/03/2024 22:45;0;Όχι
14/03/2024 23:00;0;Όχι
14/03/2024 23:15;0;Όχι
14/03/2024 23:30;0;Όχι
14/03/2024 23:45;0;Όχι
15/03/2024 00:00;0;Όχι
15/03/2024 00:15;0;Όχι
15/03/2024 00:30;0;Όχι
15/03/2024 00:45;0;Όχι
15/03/2024 01:00;0;Όχι
15/03/2024 01:15;0;Όχι
15/03/2024 01:30;0;Όχι
15/03/2024 01:45;0;Όχι
15/03/2024 02:00;0;Όχι
15/03/2024 02:15;0;Όχι
15/03/2024 02:30;0;Όχι
15/03/2024 02:45;0;Όχι
15/03/2024 03:00;0;Όχι
15/03/2024 03:15;0;Όχι
15/03/2024 03:30;0;Όχι
15/03/2024 03:45;0;Όχι
15/03/2024 04:00;0;Όχι
15/03/2024 04:15;0;Όχι
15/03/2024 04:30;0;Όχι
15/03/2024 04:45;0;Όχι
15/03/2024 05:00;0;Όχι
15/03/2024 05:15;0;Όχι
15/03/2024 05:30;0;Όχι
15/03/2024 05:45;0;Όχι
15/03/2024 06:00;0;Όχι
15/03/2024 06:15;0;Όχι
15/03/2024 06:30;0;Όχι
15/03/2024 06:45;0;Όχι
15/03/2024 07:00;0,011;Όχι
15/03/2024 07:15;0,048;Όχι
15/03/2024 07:30;0,111;Όχι
15/03/2024 07:45;0,188;Όχι
15/03/2024 08:00;0,274;Όχι
15/03/2024 08:15;0,366;Όχι
15/03/2024 08:30;0,47;Όχι
15/03/2024 08:45;0,582;Όχι
15/03/2024 09:00;0,675;Όχι
15/03/2024 09:15;0,773;Όχι
15/03/2024 09:30;0,872;Όχι
15/03/2024 09:45;0,951;Όχι
15/03/2024 10:00;1,023;Όχι
15/03/2024 10:15;1,084;Όχι
15/03/2024 10:30;1,146;Όχι
15/03/2024 10:45;1,201;Όχι
15/03/2024 11:00;1,245;Όχι
15/03/2024 11:15;1,283;Όχι
15/03/2024 11:30;1,307;Όχι
15/03/2024 11:45;1,241;Όχι
15/03/2024 12:00;0,84;Όχι
15/03/2024 12:15;0,684;Όχι
15/03/2024 12:30;0,676;Όχι
15/03/2024 12:45;0,649;Όχι
15/03/2024 13:00;0,54;Όχι
15/03/2024 13:15;0,617;Όχι
15/03/2024 13:30;1,026;Όχι
15/03/2024 13:45;1,084;Όχι
15/03/2024 14:00;1,517;Όχι
15/03/2024 14:15;1,219;Όχι
15/03/2024 14:30;1,235;Όχι
15/03/2024 14:45;1,202;Όχι
15/03/2024 15:00;1,145;Όχι
15/03/2024 15:15;1,089;Όχι
15/03/2024 15:30;1,014;Όχι
15/03/2024 15:45;0,952;Όχι
15/03/2024 16:00;0,895;Όχι
15/03/2024 16:15;0,817;Όχι
15/03/2024 16:30;0,714;Όχι
15/03/2024 16:45;0,611;Όχι
15/03/2024 17:00;0,505;Όχι
15/03/2024 17:15;0,4;Όχι
15/03/2024 17:30;0,302;Όχι
15/03/2024 17:45;0,177;Όχι
15/03/2024 18:00;0,117;Όχι
15/03/2024 18:15;0,067;Όχι
15/03/2024 18:30;0,017;Όχι
15/03/2024 18:45;0,001;Όχι
15/03/2024 19:00;0;Όχι
15/03/2024 19:15;0;Όχι
15/03/2024 19:30;0;Όχι
15/03/2024 19:45;0;Όχι
15/03/2024 20:00;0;Όχι
15/03/2024 20:15;0;Όχι
15/03/2024 20:30;0;Όχι
15/03/2024 20:45;0;Όχι
15/03/2024 21:00;0;Όχι
15/03/2024 21:15;0;Όχι
15/03/2024 21:30;0;Όχι
15/03/2024 21:45;0;Όχι
15/03/2024 22:00;0;Όχι
15/03/2024 22:15;0;Όχι
15/03/2024 22:30;0;Όχι
15/03/2024 22:45;0;Όχι
15/03/2024 23:00;0;Όχι
15/03/2024 23:15;0;Όχι
15/03/2024 23:30;0;Όχι
15/03/2024 23:45;0;Όχι
16/03/2024 00:00;0;Όχι
16/03/2024 00:15;0;Όχι
16/03/2024 00:30;0;Όχι
16/03/2024 00:45;0;Όχι
16/03/2024 01:00;0;Όχι
16/03/2024 01:15;0;Όχι
16/03/2024 01:30;0;Όχι
16/03/2024 01:45;0;Όχι
16/03/2024 02:00;0;Όχι
16/03/2024 02:15;0;Όχι
16/03/2024 02:30;0;Όχι
16/03/2024 02:45;0;Όχι
16/03/2024 03:00;0;Όχι
16/03/2024 03:15;0;Όχι
16/03/2024 03:30;0;Όχι
16/03/2024 03:45;0;Όχι
16/03/2024 04:00;0;Όχι
16/03/2024 04:15;0;Όχι
16/03/2024 04:30;0;Όχι
16/03/2024 04:45;0;Όχι
16/03/2024 05:00;0;Όχι
16/03/2024 05:15;0;Όχι
16/03/2024 05:30;0;Όχι
16/03/2024 05:45;0;Όχι
16/03/2024 06:00;0;Όχι
16/03/2024 06:15;0;Όχι
16/03/2024 06:30;0;Όχι
16/03/2024 06:45;0;Όχι
16/03/2024 07:00;0,011;Όχι
16/03/2024 07:15;0,046;Όχι
16/03/2024 07:30;0,082;Όχι
16/03/2024 07:45;0,156;Όχι
16/03/2024 08:00;0,122;Όχι
16/03/2024 08:15;0,071;Όχι
16/03/2024 08:30;0,176;Όχι
16/03/2024 08:45;0,28;Όχι
16/03/2024 09:00;0,332;Όχι
16/03/2024 09:15;0,406;Όχι
16/03/2024 09:30;0,452;Όχι
16/03/2024 09:45;0,439;Όχι
16/03/2024 10:00;0,679;Όχι
16/03/2024 10:15;0,93;Όχι
16/03/2024 10:30;0,89;Όχι
16/03/2024 10:45;0,98;Όχι
16/03/2024 11:00;0,975;Όχι
16/03/2024 11:15;0,783;Όχι
16/03/2024 11:30;1,086;Όχι
16/03/2024 11:45;1,146;Όχι
16/03/2024 12:00;0,891;Όχι
16/03/2024 12:15;0,718;Όχι
16/03/2024 12:30;0,863;Όχι
16/03/2024 12:45;0,631;Όχι
16/03/2024 13:00;1,361;Όχι
16/03/2024 13:15;1,041;Όχι
16/03/2024 13:30;1,112;Όχι
16/03/2024 13:45;1,195;Όχι
16/03/2024 14:00;1,227;Όχι
16/03/2024 14:15;1,093;Όχι
16/03/2024 14:30;1,29;Όχι
16/03/2024 14:45;1,189;Όχι
16/03/2024 15:00;0,955;Όχι
16/03/2024 15:15;1,036;Όχι
16/03/2024 15:30;1,004;Όχι
16/03/2024 15:45;0,873;Όχι
16/03/2024 16:00;0,791;Όχι
16/03/2024 16:15;0,707;Όχι
16/03/2024 16:30;0,437;Όχι
16/03/2024 16:45;0,333;Όχι
16/03/2024 17:00;0,344;Όχι
16/03/2024 17:15;0,279;Όχι
16/03/2024 17:30;0,179;Όχι
16/03/2024 17:45;0,114;Όχι
16/03/2024 18:00;0,07;Όχι
16/03/2024 18:15;0,03;Όχι
16/03/2024 18:30;0,006;Όχι
16/03/2024 18:45;0;Όχι
16/03/2024 19:00;0;Όχι
16/03/2024 19:15;0;Όχι
16/03/2024 19:30;0;Όχι
16/03/2024 19:45;0;Όχι
16/03/2024 20:00;0;Όχι
16/03/2024 20:15;0;Όχι
16/03/2024 20:30;0;Όχι
16/03/2024 20:45;0;Όχι
16/03/2024 21:00;0;Όχι
16/03/2024 21:15;0;Όχι
16/03/2024 21:30;0;Όχι
16/03/2024 21:45;0;Όχι
16/03/2024 22:00;0;Όχι
16/03/2024 22:15;0;Όχι
16/03/2024 22:30;0;Όχι
16/03/2024 22:45;0;Όχι
16/03/2024 23:00;0;Όχι
16/03/2024 23:15;0;Όχι
16/03/2024 23:30;0;Όχι
16/03/2024 23:45;0;Όχι
17/03/2024 00:00;0;Όχι
17/03/2024 00:15;0;Όχι
17/03/2024 00:30;0;Όχι
17/03/2024 00:45;0;Όχι
17/03/2024 01:00;0;Όχι
17/03/2024 01:15;0;Όχι
17/03/2024 01:30;0;Όχι
17/03/2024 01:45;0;Όχι
17/03/2024 02:00;0;Όχι
17/03/2024 02:15;0;Όχι
17/03/2024 02:30;0;Όχι
17/03/2024 02:45;0;Όχι
17/03/2024 03:00;0;Όχι
17/03/2024 03:15;0;Όχι
17/03/2024 03:30;0;Όχι
17/03/2024 03:45;0;Όχι
17/03/2024 04:00;0;Όχι
17/03/2024 04:15;0;Όχι
17/03/2024 04:30;0;Όχι
17/03/2024 04:45;0;Όχι
17/03/2024 05:00;0;Όχι
17/03/2024 05:15;0;Όχι
17/03/2024 05:30;0;Όχι
17/03/2024 05:45;0;Όχι
17/03/2024 06:00;0;Όχι
17/03/2024 06:15;0;Όχι
17/03/2024 06:30;0;Όχι
17/03/2024 06:45;0;Όχι
17/03/2024 07:00;0,008;Όχι
17/03/2024 07:15;0,041;Όχι
17/03/2024 07:30;0,088;Όχι
17/03/2024 07:45;0,126;Όχι
17/03/2024 08:00;0,109;Όχι
17/03/2024 08:15;0,19;Όχι
17/03/2024 08:30;0,219;Όχι
17/03/2024 08:45;0,153;Όχι
17/03/2024 09:00;0,193;Όχι
17/03/2024 09:15;0,229;Όχι
17/03/2024 09:30;0,397;Όχι
17/03/2024 09:45;0,494;Όχι
17/03/2024 10:00;0,511;Όχι
17/03/2024 10:15;0,512;Όχι
17/03/2024 10:30;0,654;Όχι
17/03/2024 10:45;0,928;Όχι
17/03/2024 11:00;0,662;Όχι
17/03/2024 11:15;0,363;Όχι
17/03/2024 11:30;0,564;Όχι
17/03/2024 11:45;1,246;Όχι
17/03/2024 12:00;1,35;Όχι
17/03/2024 12:15;1,284;Όχι
17/03/2024 12:30;0,668;Όχι
17/03/2024 12:45;0,873;Όχι
17/03/2024 13:00;1,468;Όχι
17/03/2024 13:15;1,449;Όχι
17/03/2024 13:30;0,954;Όχι
17/03/2024 13:45;1,231;Όχι
17/03/2024 14:00;0,55;Όχι
17/03/2024 14:15;1,156;Όχι
17/03/2024 14:30;1,211;Όχι
17/03/2024 14:45;1,009;Όχι
17/03/2024 15:00;1,038;Όχι
17/03/2024 15:15;0,626;Όχι
17/03/2024 15:30;0,299;Όχι
17/03/2024 15:45;0,437;Όχι
17/03/2024 16:00;0,878;Όχι
17/03/2024 16:15;0,782;Όχι
17/03/2024 16:30;0,707;Όχι
17/03/2024 16:45;0,71;Όχι
17/03/2024 17:00;0,128;Όχι
17/03/2024 17:15;0,031;Όχι
17/03/2024 17:30;0,045;Όχι
17/03/2024 17:45;0,195;Όχι
17/03/2024 18:00;0,156;Όχι
17/03/2024 18:15;0,037;Όχι
17/03/2024 18:30;0,002;Όχι
17/03/2024 18:45;0;Όχι
17/03/2024 19:00;0;Όχι
17/03/2024 19:15;0;Όχι
17/03/2024 19:30;0;Όχι
17/03/2024 19:45;0;Όχι
17/03/2024 20:00;0;Όχι
17/03/2024 20:15;0;Όχι
17/03/2024 20:30;0;Όχι
17/03/2024 20:45;0;Όχι
17/03/2024 21:00;0;Όχι
17/03/2024 21:15;0;Όχι
17/03/2024 21:30;0;Όχι
17/03/2024 21:45;0;Όχι
17/03/2024 22:00;0;Όχι
17/03/2024 22:15;0;Όχι
17/03/2024 22:30;0;Όχι
17/03/2024 22:45;0;Όχι
17/03/2024 23:00;0;Όχι
17/03/2024 23:15;0;Όχι
17/03/2024 23:30;0;Όχι
17/03/2024 23:45;0;Όχι
18/03/2024 00:00;0;Όχι
18/03/2024 00:15;0;Όχι
18/03/2024 00:30;0;Όχι
18/03/2024 00:45;0;Όχι
18/03/2024 01:00;0;Όχι
18/03/2024 01:15;0;Όχι
18/03/2024 01:30;0;Όχι
18/03/2024 01:45;0;Όχι
18/03/2024 02:00;0;Όχι
18/03/2024 02:15;0;Όχι
18/03/2024 02:30;0;Όχι
18/03/2024 02:45;0;Όχι
18/03/2024 03:00;0;Όχι
18/03/2024 03:15;0;Όχι
18/03/2024 03:30;0;Όχι
18/03/2024 03:45;0;Όχι
18/03/2024 04:00;0;Όχι
18/03/2024 04:15;0;Όχι
18/03/2024 04:30;0;Όχι
18/03/2024 04:45;0;Όχι
18/03/2024 05:00;0;Όχι
18/03/2024 05:15;0;Όχι
18/03/2024 05:30;0;Όχι
18/03/2024 05:45;0;Όχι
18/03/2024 06:00;0;Όχι
18/03/2024 06:15;0;Όχι
18/03/2024 06:30;0;Όχι
18/03/2024 06:45;0,001;Όχι
18/03/2024 07:00;0,021;Όχι
18/03/2024 07:15;0,068;Όχι
18/03/2024 07:30;0,142;Όχι
18/03/2024 07:45;0,244;Όχι
18/03/2024 08:00;0,365;Όχι
18/03/2024 08:15;0,465;Όχι
18/03/2024 08:30;0,559;Όχι
18/03/2024 08:45;0,621;Όχι
18/03/2024 09:00;0,763;Όχι
18/03/2024 09:15;0,7;Όχι
18/03/2024 09:30;0,945;Όχι
18/03/2024 09:45;1,021;Όχι
18/03/2024 10:00;1,123;Όχι
18/03/2024 10:15;1,077;Όχι
18/03/2024 10:30;1,107;Όχι
18/03/2024 10:45;1,076;Όχι
18/03/2024 11:00;1,335;Όχι
18/03/2024 11:15;1,193;Όχι
18/03/2024 11:30;1,398;Όχι
18/03/2024 11:45;1,405;Όχι
18/03/2024 12:00;1,453;Όχι
18/03/2024 12:15;1,452;Όχι
18/03/2024 12:30;1,459;Όχι
18/03/2024 12:45;1,447;Όχι
18/03/2024 13:00;1,414;Όχι
18/03/2024 13:15;1,41;Όχι
18/03/2024 13:30;1,159;Όχι
18/03/2024 13:45;1,257;Όχι
18/03/2024 14:00;1,161;Όχι
18/03/2024 14:15;1,062;Όχι
18/03/2024 14:30;0,927;Όχι
18/03/2024 14:45;1,233;Όχι
18/03/2024 15:00;1,219;Όχι
18/03/2024 15:15;1,138;Όχι
18/03/2024 15:30;1,067;Όχι
18/03/2024 15:45;0,611;Όχι
18/03/2024 16:00;0,911;Όχι
18/03/2024 16:15;0,869;Όχι
18/03/2024 16:30;0,757;Όχι
18/03/2024 16:45;0,376;Όχι
18/03/2024 17:00;0,469;Όχι
18/03/2024 17:15;0,457;Όχι
18/03/2024 17:30;0,261;Όχι
18/03/2024 17:45;0,238;Όχι
18/03/2024 18:00;0,142;Όχι
18/03/2024 18:15;0,061;Όχι
18/03/2024 18:30;0,01;Όχι
18/03/2024 18:45;0;Όχι
18/03/2024 19:00;0;Όχι
18/03/2024 19:15;0;Όχι
18/03/2024 19:30;0;Όχι
18/03/2024 19:45;0;Όχι
18/03/2024 20:00;0;Όχι
18/03/2024 20:15;0;Όχι
18/03/2024 20:30;0;Όχι
18/03/2024 20:45;0;Όχι
18/03/2024 21:00;0;Όχι
18/03/2024 21:15;0;Όχι
18/03/2024 21:30;0;Όχι
18/03/2024 21:45;0;Όχι
18/03/2024 22:00;0;Όχι
18/03/2024 22:15;0;Όχι
18/03/2024 22:30;0;Όχι
18/03/2024 22:45;0;Όχι
18/03/2024 23:00;0;Όχι
18/03/2024 23:15;0;Όχι
18/03/2024 23:30;0;Όχι
18/03/2024 23:45;0;Όχι
19/03/2024 00:00;0;Όχι
19/03/2024 00:15;0;Όχι
19/03/2024 00:30;0;Όχι
19/03/2024 00:45;0;Όχι
19/03/2024 01:00;0;Όχι
19/03/2024 01:15;0;Όχι
19/03/2024 01:30;0;Όχι
19/03/2024 01:45;0;Όχι
19/03/2024 02:00;0;Όχι
19/03/2024 02:15;0;Όχι
19/03/2024 02:30;0;Όχι
19/03/2024 02:45;0;Όχι
19/03/2024 03:00;0;Όχι
19/03/2024 03:15;0;Όχι
19/03/2024 03:30;0;Όχι
19/03/2024 03:45;0;Όχι
19/03/2024 04:00;0;Όχι
19/03/2024 04:15;0;Όχι
19/03/2024 04:30;0;Όχι
19/03/2024 04:45;0;Όχι
19/03/2024 05:00;0;Όχι
19/03/2024 05:15;0;Όχι
19/03/2024 05:30;0;Όχι
19/03/2024 05:45;0;Όχι
19/03/2024 06:00;0;Όχι
19/03/2024 06:15;0;Όχι
19/03/2024 06:30;0;Όχι
19/03/2024 06:45;0;Όχι
19/03/2024 07:00;0,008;Όχι
19/03/2024 07:15;0,037;Όχι
19/03/2024 07:30;0,07;Όχι
19/03/2024 07:45;0,109;Όχι
19/03/2024 08:00;0,186;Όχι
19/03/2024 08:15;0,259;Όχι
19/03/2024 08:30;0,248;Όχι
19/03/2024 08:45;0,249;Όχι
19/03/2024 09:00;0,289;Όχι
19/03/2024 09:15;0,275;Όχι
19/03/2024 09:30;0,343;Όχι
19/03/2024 09:45;0,413;Όχι
19/03/2024 10:00;0,444;Όχι
19/03/2024 10:15;0,462;Όχι
19/03/2024 10:30;0,52;Όχι
19/03/2024 10:45;0,571;Όχι
19/03/2024 11:00;0,569;Όχι
19/03/2024 11:15;0,71;Όχι
19/03/2024 11:30;0,813;Όχι
19/03/2024 11:45;0,842;Όχι
19/03/2024 12:00;1,05;Όχι
19/03/2024 12:15;1,152;Όχι
19/03/2024 12:30;1,227;Όχι
19/03/2024 12:45;1,157;Όχι
19/03/2024 13:00;0,92;Όχι
19/03/2024 13:15;0,979;Όχι
19/03/2024 13:30;1,003;Όχι
19/03/2024 13:45;0,906;Όχι
19/03/2024 14:00;0,825;Όχι
19/03/2024 14:15;0,469;Όχι
19/03/2024 14:30;0,556;Όχι
19/03/2024 14:45;0,501;Όχι
19/03/2024 15:00;0,426;Όχι
19/03/2024 15:15;0,367;Όχι
19/03/2024 15:30;0,309;Όχι
19/03/2024 15:45;0,191;Όχι
19/03/2024 16:00;0,146;Όχι
19/03/2024 16:15;0,109;Όχι
19/03/2024 16:30;0,073;Όχι
19/03/2024 16:45;0,048;Όχι
19/03/2024 17:00;0,031;Όχι
19/03/2024 17:15;0,02;Όχι
19/03/2024 17:30;0,013;Όχι
19/03/2024 17:45;0,009;Όχι
19/03/2024 18:00;0,005;Όχι
19/03/2024 18:15;0,001;Όχι
19/03/2024 18:30;0;Όχι
19/03/2024 18:45;0;Όχι
19/03/2024 19:00;0;Όχι
19/03/2024 19:15;0;Όχι
19/03/2024 19:30;0;Όχι
19/03/2024 19:45;0;Όχι
19/03/2024 20:00;0;Όχι
19/03/2024 20:15;0;Όχι
19/03/2024 20:30;0;Όχι
19/03/2024 20:45;0;Όχι
19/03/2024 21:00;0;Όχι
19/03/2024 21:15;0;Όχι
19/03/2024 21:30;0;Όχι
19/03/2024 21:45;0;Όχι
19/03/2024 22:00;0;Όχι
19/03/2024 22:15;0;Όχι
19/03/2024 22:30;0;Όχι
19/03/2024 22:45;0;Όχι
19/03/2024 23:00;0;Όχι
19/03/2024 23:15;0;Όχι
19/03/2024 23:30;0;Όχι
19/03/2024 23:45;0;Όχι
20/03/2024 00:00;0;Όχι
20/03/2024 00:15;0;Όχι
20/03/2024 00:30;0;Όχι
20/03/2024 00:45;0;Όχι
20/03/2024 01:00;0;Όχι
20/03/2024 01:15;0;Όχι
20/03/2024 01:30;0;Όχι
20/03/2024 01:45;0;Όχι
20/03/2024 02:00;0;Όχι
20/03/2024 02:15;0;Όχι
20/03/2024 02:30;0;Όχι
20/03/2024 02:45;0;Όχι
20/03/2024 03:00;0;Όχι
20/03/2024 03:15;0;Όχι
20/03/2024 03:30;0;Όχι
20/03/2024 03:45;0;Όχι
20/03/2024 04:00;0;Όχι
20/03/2024 04:15;0;Όχι
20/03/2024 04:30;0;Όχι
20/03/2024 04:45;0;Όχι
20/03/2024 05:00;0;Όχι
20/03/2024 05:15;0;Όχι
20/03/2024 05:30;0;Όχι
20/03/2024 05:45;0;Όχι
20/03/2024 06:00;0;Όχι
20/03/2024 06:15;0;Όχι
20/03/2024 06:30;0;Όχι
20/03/2024 06:45;0,003;Όχι
20/03/2024 07:00;0,029;Όχι
20/03/2024 07:15;0,06;Όχι
20/03/2024 07:30;0,131;Όχι
20/03/2024 07:45;0,233;Όχι
20/03/2024 08:00;0,334;Όχι
20/03/2024 08:15;0,469;Όχι
20/03/2024 08:30;0,599;Όχι
20/03/2024 08:45;0,685;Όχι
20/03/2024 09:00;0,773;Όχι
20/03/2024 09:15;0,877;Όχι
20/03/2024 09:30;0,953;Όχι
20/03/2024 09:45;1,039;Όχι
20/03/2024 10:00;1,153;Όχι
20/03/2024 10:15;1,192;Όχι
20/03/2024 10:30;1,255;Όχι
20/03/2024 10:45;1,322;Όχι
20/03/2024 11:00;1,365;Όχι
20/03/2024 11:15;1,408;Όχι
20/03/2024 11:30;1,443;Όχι
20/03/2024 11:45;1,466;Όχι
20/03/2024 12:00;1,476;Όχι
20/03/2024 12:15;1,49;Όχι
20/03/2024 12:30;1,496;Όχι
20/03/2024 12:45;1,503;Όχι
20/03/2024 13:00;1,483;Όχι
20/03/2024 13:15;1,464;Όχι
20/03/2024 13:30;1,448;Όχι
20/03/2024 13:45;1,431;Όχι
20/03/2024 14:00;1,401;Όχι
20/03/2024 14:15;1,35;Όχι
20/03/2024 14:30;1,32;Όχι
20/03/2024 14:45;1,265;Όχι
20/03/2024 15:00;1,209;Όχι
20/03/2024 15:15;1,144;Όχι
20/03/2024 15:30;1,073;Όχι
20/03/2024 15:45;0,997;Όχι
20/03/2024 16:00;0,915;Όχι
20/03/2024 16:15;0,822;Όχι
20/03/2024 16:30;0,731;Όχι
20/03/2024 16:45;0,627;Όχι
20/03/2024 17:00;0,525;Όχι
20/03/2024 17:15;0,419;Όχι
20/03/2024 17:30;0,314;Όχι
20/03/2024 17:45;0,214;Όχι
20/03/2024 18:00;0,13;Όχι
20/03/2024 18:15;0,063;Όχι
20/03/2024 18:30;0,02;Όχι
20/03/2024 18:45;0,003;Όχι
20/03/2024 19:00;0;Όχι
20/03/2024 19:15;0;Όχι
20/03/2024 19:30;0;Όχι
20/03/2024 19:45;0;Όχι
20/03/2024 20:00;0;Όχι
20/03/2024 20:15;0;Όχι
20/03/2024 20:30;0;Όχι
20/03/2024 20:45;0;Όχι
20/03/2024 21:00;0;Όχι
20/03/2024 21:15;0;Όχι
20/03/2024 21:30;0;Όχι
20/03/2024 21:45;0;Όχι
20/03/2024 22:00;0;Όχι
20/03/2024 22:15;0;Όχι
20/03/2024 22:30;0;Όχι
20/03/2024 22:45;0;Όχι
20/03/2024 23:00;0;Όχι
20/03/2024 23:15;0;Όχι
20/03/2024 23:30;0;Όχι
20/03/2024 23:45;0;Όχι
21/03/2024 00:00;0;Όχι
21/03/2024 00:15;0;Όχι
21/03/2024 00:30;0;Όχι
21/03/2024 00:45;0;Όχι
21/03/2024 01:00;0;Όχι
21/03/2024 01:15;0;Όχι
21/03/2024 01:30;0;Όχι
21/03/2024 01:45;0;Όχι
21/03/2024 02:00;0;Όχι
21/03/2024 02:15;0;Όχι
21/03/2024 02:30;0;Όχι
21/03/2024 02:45;0;Όχι
21/03/2024 03:00;0;Όχι
21/03/2024 03:15;0;Όχι
21/03/2024 03:30;0;Όχι
21/03/2024 03:45;0;Όχι
21/03/2024 04:00;0;Όχι
21/03/2024 04:15;0;Όχι
21/03/2024 04:30;0;Όχι
21/03/2024 04:45;0;Όχι
21/03/2024 05:00;0;Όχι
21/03/2024 05:15;0;Όχι
21/03/2024 05:30;0;Όχι
21/03/2024 05:45;0;Όχι
21/03/2024 06:00;0;Όχι
21/03/2024 06:15;0;Όχι
21/03/2024 06:30;0;Όχι
21/03/2024 06:45;0,005;Όχι
21/03/2024 07:00;0,039;Όχι
21/03/2024 07:15;0,1;Όχι
21/03/2024 07:30;0,167;Όχι
21/03/2024 07:45;0,254;Όχι
21/03/2024 08:00;0,258;Όχι
21/03/2024 08:15;0,323;Όχι
21/03/2024 08:30;0,479;Όχι
21/03/2024 08:45;0,65;Όχι
21/03/2024 09:00;0,751;Όχι
21/03/2024 09:15;0,84;Όχι
21/03/2024 09:30;0,919;Όχι
21/03/2024 09:45;1,007;Όχι
21/03/2024 10:00;1,094;Όχι
21/03/2024 10:15;1,164;Όχι
21/03/2024 10:30;1,229;Όχι
21/03/2024 10:45;1,278;Όχι
21/03/2024 11:00;1,324;Όχι
21/03/2024 11:15;1,356;Όχι
21/03/2024 11:30;1,38;Όχι
21/03/2024 11:45;1,395;Όχι
21/03/2024 12:00;1,413;Όχι
21/03/2024 12:15;1,422;Όχι
21/03/2024 12:30;1,422;Όχι
21/03/2024 12:45;1,431;Όχι
21/03/2024 13:00;1,43;Όχι
21/03/2024 13:15;1,423;Όχι
21/03/2024 13:30;1,404;Όχι
21/03/2024 13:45;1,383;Όχι
21/03/2024 14:00;1,368;Όχι
21/03/2024 14:15;1,26;Όχι
21/03/2024 14:30;0,989;Όχι
21/03/2024 14:45;1,258;Όχι
21/03/2024 15:00;1,183;Όχι
21/03/2024 15:15;1,047;Όχι
21/03/2024 15:30;0,924;Όχι
21/03/2024 15:45;0,881;Όχι
21/03/2024 16:00;0,894;Όχι
21/03/2024 16:15;0,802;Όχι
21/03/2024 16:30;0,719;Όχι
21/03/2024 16:45;0,631;Όχι
21/03/2024 17:00;0,355;Όχι
21/03/2024 17:15;0,269;Όχι
21/03/2024 17:30;0,257;Όχι
21/03/2024 17:45;0,243;Όχι
21/03/2024 18:00;0,151;Όχι
21/03/2024 18:15;0,066;Όχι
21/03/2024 18:30;0,02;Όχι
21/03/2024 18:45;0,002;Όχι
21/03/2024 19:00;0;Όχι
21/03/2024 19:15;0;Όχι
21/03/2024 19:30;0;Όχι
21/03/2024 19:45;0;Όχι
21/03/2024 20:00;0;Όχι
21/03/2024 20:15;0;Όχι
21/03/2024 20:30;0;Όχι
21/03/2024 20:45;0;Όχι
21/03/2024 21:00;0;Όχι
21/03/2024 21:15;0;Όχι
21/03/2024 21:30;0;Όχι
21/03/2024 21:45;0;Όχι
21/03/2024 22:00;0;Όχι
21/03/2024 22:15;0;Όχι
21/03/2024 22:30;0;Όχι
21/03/2024 22:45;0;Όχι
21/03/2024 23:00;0;Όχι
21/03/2024 23:15;0;Όχι
21/03/2024 23:30;0;Όχι
21/03/2024 23:45;0;Όχι
22/03/2024 00:00;0;Όχι
22/03/2024 00:15;0;Όχι
22/03/2024 00:30;0;Όχι
22/03/2024 00:45;0;Όχι
22/03/2024 01:00;0;Όχι
22/03/2024 01:15;0;Όχι
22/03/2024 01:30;0;Όχι
22/03/2024 01:45;0;Όχι
22/03/2024 02:00;0;Όχι
22/03/2024 02:15;0;Όχι
22/03/2024 02:30;0;Όχι
22/03/2024 02:45;0;Όχι
22/03/2024 03:00;0;Όχι
22/03/2024 03:15;0;Όχι
22/03/2024 03:30;0;Όχι
22/03/2024 03:45;0;Όχι
22/03/2024 04:00;0;Όχι
22/03/2024 04:15;0;Όχι
22/03/2024 04:30;0;Όχι
22/03/2024 04:45;0;Όχι
22/03/2024 05:00;0;Όχι
22/03/2024 05:15;0;Όχι
22/03/2024 05:30;0;Όχι
22/03/2024 05:45;0;Όχι
22/03/2024 06:00;0;Όχι
22/03/2024 06:15;0;Όχι
22/03/2024 06:30;0;Όχι
22/03/2024 06:45;0,003;Όχι
22/03/2024 07:00;0,024;Όχι
22/03/2024 07:15;0,053;Όχι
22/03/2024 07:30;0,095;Όχι
22/03/2024 07:45;0,144;Όχι
22/03/2024 08:00;0,191;Όχι
22/03/2024 08:15;0,225;Όχι
22/03/2024 08:30;0,38;Όχι
22/03/2024 08:45;0,543;Όχι
22/03/2024 09:00;0,572;Όχι
22/03/2024 09:15;0,61;Όχι
22/03/2024 09:30;0,679;Όχι
22/03/2024 09:45;0,773;Όχι
22/03/2024 10:00;0,916;Όχι
22/03/2024 10:15;0,923;Όχι
22/03/2024 10:30;0,747;Όχι
22/03/2024 10:45;0,858;Όχι
22/03/2024 11:00;1,047;Όχι
22/03/2024 11:15;1,163;Όχι
22/03/2024 11:30;1,195;Όχι
22/03/2024 11:45;0,953;Όχι
22/03/2024 12:00;1,323;Όχι
22/03/2024 12:15;1,004;Όχι
22/03/2024 12:30;1,285;Όχι
22/03/2024 12:45;1,353;Όχι
22/03/2024 13:00;1,233;Όχι
22/03/2024 13:15;1,32;Όχι
22/03/2024 13:30;1,271;Όχι
22/03/2024 13:45;1,296;Όχι
22/03/2024 14:00;1,363;Όχι
22/03/2024 14:15;1,358;Όχι
22/03/2024 14:30;1,343;Όχι
22/03/2024 14:45;1,326;Όχι
22/03/2024 15:00;1,252;Όχι
22/03/2024 15:15;1,168;Όχι
22/03/2024 15:30;0,936;Όχι
22/03/2024 15:45;1,031;Όχι
22/03/2024 16:00;0,952;Όχι
22/03/2024 16:15;0,907;Όχι
22/03/2024 16:30;0,887;Όχι
22/03/2024 16:45;0,79;Όχι
22/03/2024 17:00;0,538;Όχι
22/03/2024 17:15;0,262;Όχι
22/03/2024 17:30;0,168;Όχι
22/03/2024 17:45;0,114;Όχι
22/03/2024 18:00;0,05;Όχι
22/03/2024 18:15;0,035;Όχι
22/03/2024 18:30;0,002;Όχι
22/03/2024 18:45;0;Όχι
22/03/2024 19:00;0;Όχι
22/03/2024 19:15;0;Όχι
22/03/2024 19:30;0;Όχι
22/03/2024 19:45;0;Όχι
22/03/2024 20:00;0;Όχι
22/03/2024 20:15;0;Όχι
22/03/2024 20:30;0;Όχι
22/03/2024 20:45;0;Όχι
22/03/2024 21:00;0;Όχι
22/03/2024 21:15;0;Όχι
22/03/2024 21:30;0;Όχι
22/03/2024 21:45;0;Όχι
22/03/2024 22:00;0;Όχι
22/03/2024 22:15;0;Όχι
22/03/2024 22:30;0;Όχι
22/03/2024 22:45;0;Όχι
22/03/2024 23:00;0;Όχι
22/03/2024 23:15;0;Όχι
22/03/2024 23:30;0;Όχι
22/03/2024 23:45;0;Όχι
23/03/2024 00:00;0;Όχι
23/03/2024 00:15;0;Όχι
23/03/2024 00:30;0;Όχι
23/03/2024 00:45;0;Όχι
23/03/2024 01:00;0;Όχι
23/03/2024 01:15;0;Όχι
23/03/2024 01:30;0;Όχι
23/03/2024 01:45;0;Όχι
23/03/2024 02:00;0;Όχι
23/03/2024 02:15;0;Όχι
23/03/2024 02:30;0;Όχι
23/03/2024 02:45;0;Όχι
23/03/2024 03:00;0;Όχι
23/03/2024 03:15;0;Όχι
23/03/2024 03:30;0;Όχι
23/03/2024 03:45;0;Όχι
23/03/2024 04:00;0;Όχι
23/03/2024 04:15;0;Όχι
23/03/2024 04:30;0;Όχι
23/03/2024 04:45;0;Όχι
23/03/2024 05:00;0;Όχι
23/03/2024 05:15;0;Όχι
23/03/2024 05:30;0;Όχι
23/03/2024 05:45;0;Όχι
23/03/2024 06:00;0;Όχι
23/03/2024 06:15;0;Όχι
23/03/2024 06:30;0;Όχι
23/03/2024 06:45;0,007;Όχι
23/03/2024 07:00;0,035;Όχι
23/03/2024 07:15;0,088;Όχι
23/03/2024 07:30;0,159;Όχι
23/03/2024 07:45;0,246;Όχι
23/03/2024 08:00;0,341;Όχι
23/03/2024 08:15;0,432;Όχι
23/03/2024 08:30;0,524;Όχι
23/03/2024 08:45;0,623;Όχι
23/03/2024 09:00;0,716;Όχι
23/03/2024 09:15;0,813;Όχι
23/03/2024 09:30;0,899;Όχι
23/03/2024 09:45;0,976;Όχι
23/03/2024 10:00;1,053;Όχι
23/03/2024 10:15;0,978;Όχι
23/03/2024 10:30;1,189;Όχι
23/03/2024 10:45;1,251;Όχι
23/03/2024 11:00;1,32;Όχι
23/03/2024 11:15;1,134;Όχι
23/03/2024 11:30;1,13;Όχι
23/03/2024 11:45;1,428;Όχι
23/03/2024 12:00;1,406;Όχι
23/03/2024 12:15;1,303;Όχι
23/03/2024 12:30;1,436;Όχι
23/03/2024 12:45;1,459;Όχι
23/03/2024 13:00;1,432;Όχι
23/03/2024 13:15;1,447;Όχι
23/03/2024 13:30;1,439;Όχι
23/03/2024 13:45;1,399;Όχι
23/03/2024 14:00;1,384;Όχι
23/03/2024 14:15;1,372;Όχι
23/03/2024 14:30;1,329;Όχι
23/03/2024 14:45;1,288;Όχι
23/03/2024 15:00;1,229;Όχι
23/03/2024 15:15;1,166;Όχι
23/03/2024 15:30;1,092;Όχι
23/03/2024 15:45;1,01;Όχι
23/03/2024 16:00;0,918;Όχι
23/03/2024 16:15;0,83;Όχι
23/03/2024 16:30;0,693;Όχι
23/03/2024 16:45;0,628;Όχι
23/03/2024 17:00;0,531;Όχι
23/03/2024 17:15;0,423;Όχι
23/03/2024 17:30;0,317;Όχι
23/03/2024 17:45;0,218;Όχι
23/03/2024 18:00;0,133;Όχι
23/03/2024 18:15;0,068;Όχι
23/03/2024 18:30;0,015;Όχι
23/03/2024 18:45;0;Όχι
23/03/2024 19:00;0;Όχι
23/03/2024 19:15;0;Όχι
23/03/2024 19:30;0;Όχι
23/03/2024 19:45;0;Όχι
23/03/2024 20:00;0;Όχι
23/03/2024 20:15;0;Όχι
23/03/2024 20:30;0;Όχι
23/03/2024 20:45;0;Όχι
23/03/2024 21:00;0;Όχι
23/03/2024 21:15;0;Όχι
23/03/2024 21:30;0;Όχι
23/03/2024 21:45;0;Όχι
23/03/2024 22:00;0;Όχι
23/03/2024 22:15;0;Όχι
23/03/2024 22:30;0;Όχι
23/03/2024 22:45;0;Όχι
23/03/2024 23:00;0;Όχι
23/03/2024 23:15;0;Όχι
23/03/2024 23:30;0;Όχι
23/03/2024 23:45;0;Όχι
24/03/2024 00:00;0;Όχι
24/03/2024 00:15;0;Όχι
24/03/2024 00:30;0;Όχι
24/03/2024 00:45;0;Όχι
24/03/2024 01:00;0;Όχι
24/03/2024 01:15;0;Όχι
24/03/2024 01:30;0;Όχι
24/03/2024 01:45;0;Όχι
24/03/2024 02:00;0;Όχι
24/03/2024 02:15;0;Όχι
24/03/2024 02:30;0;Όχι
24/03/2024 02:45;0;Όχι
24/03/2024 03:00;0;Όχι
24/03/2024 03:15;0;Όχι
24/03/2024 03:30;0;Όχι
24/03/2024 03:45;0;Όχι
24/03/2024 04:00;0;Όχι
24/03/2024 04:15;0;Όχι
24/03/2024 04:30;0;Όχι
24/03/2024 04:45;0;Όχι
24/03/2024 05:00;0;Όχι
24/03/2024 05:15;0;Όχι
24/03/2024 05:30;0;Όχι
24/03/2024 05:45;0;Όχι
24/03/2024 06:00;0;Όχι
24/03/2024 06:15;0;Όχι
24/03/2024 06:30;0;Όχι
24/03/2024 06:45;0,008;Όχι
24/03/2024 07:00;0,019;Όχι
24/03/2024 07:15;0,046;Όχι
24/03/2024 07:30;0,116;Όχι
24/03/2024 07:45;0,228;Όχι
24/03/2024 08:00;0,321;Όχι
24/03/2024 08:15;0,44;Όχι
24/03/2024 08:30;0,54;Όχι
24/03/2024 08:45;0,647;Όχι
24/03/2024 09:00;0,746;Όχι
24/03/2024 09:15;0,839;Όχι
24/03/2024 09:30;0,883;Όχι
24/03/2024 09:45;0,981;Όχι
24/03/2024 10:00;1,056;Όχι
24/03/2024 10:15;1,113;Όχι
24/03/2024 10:30;1,127;Όχι
24/03/2024 10:45;1,241;Όχι
24/03/2024 11:00;1,281;Όχι
24/03/2024 11:15;1,326;Όχι
24/03/2024 11:30;1,357;Όχι
24/03/2024 11:45;1,397;Όχι
24/03/2024 12:00;1,423;Όχι
24/03/2024 12:15;1,419;Όχι
24/03/2024 12:30;1,419;Όχι
24/03/2024 12:45;1,407;Όχι
24/03/2024 13:00;1,425;Όχι
24/03/2024 13:15;1,421;Όχι
24/03/2024 13:30;1,407;Όχι
24/03/2024 13:45;1,409;Όχι
24/03/2024 14:00;1,4;Όχι
24/03/2024 14:15;1,339;Όχι
24/03/2024 14:30;0,974;Όχι
24/03/2024 14:45;0,805;Όχι
24/03/2024 15:00;1,039;Όχι
24/03/2024 15:15;1,215;Όχι
24/03/2024 15:30;0,94;Όχι
24/03/2024 15:45;0,57;Όχι
24/03/2024 16:00;0,697;Όχι
24/03/2024 16:15;0,73;Όχι
24/03/2024 16:30;0,649;Όχι
24/03/2024 16:45;0,444;Όχι
24/03/2024 17:00;0,421;Όχι
24/03/2024 17:15;0,345;Όχι
24/03/2024 17:30;0,218;Όχι
24/03/2024 17:45;0,123;Όχι
24/03/2024 18:00;0,092;Όχι
24/03/2024 18:15;0,06;Όχι
24/03/2024 18:30;0,034;Όχι
24/03/2024 18:45;0,009;Όχι
24/03/2024 19:00;0,001;Όχι
24/03/2024 19:15;0;Όχι
24/03/2024 19:30;0;Όχι
24/03/2024 19:45;0;Όχι
24/03/2024 20:00;0;Όχι
24/03/2024 20:15;0;Όχι
24/03/2024 20:30;0;Όχι
24/03/2024 20:45;0;Όχι
24/03/2024 21:00;0;Όχι
24/03/2024 21:15;0;Όχι
24/03/2024 21:30;0;Όχι
24/03/2024 21:45;0;Όχι
24/03/2024 22:00;0;Όχι
24/03/2024 22:15;0;Όχι
24/03/2024 22:30;0;Όχι
24/03/2024 22:45;0;Όχι
24/03/2024 23:00;0;Όχι
24/03/2024 23:15;0;Όχι
24/03/2024 23:30;0;Όχι
24/03/2024 23:45;0;Όχι
25/03/2024 00:00;0;Όχι
25/03/2024 00:15;0;Όχι
25/03/2024 00:30;0;Όχι
25/03/2024 00:45;0;Όχι
25/03/2024 01:00;0;Όχι
25/03/2024 01:15;0;Όχι
25/03/2024 01:30;0;Όχι
25/03/2024 01:45;0;Όχι
25/03/2024 02:00;0;Όχι
25/03/2024 02:15;0;Όχι
25/03/2024 02:30;0;Όχι
25/03/2024 02:45;0;Όχι
25/03/2024 03:00;0;Όχι
25/03/2024 03:15;0;Όχι
25/03/2024 03:30;0;Όχι
25/03/2024 03:45;0;Όχι
25/03/2024 04:00;0;Όχι
25/03/2024 04:15;0;Όχι
25/03/2024 04:30;0;Όχι
25/03/2024 04:45;0;Όχι
25/03/2024 05:00;0;Όχι
25/03/2024 05:15;0;Όχι
25/03/2024 05:30;0;Όχι
25/03/2024 05:45;0;Όχι
25/03/2024 06:00;0;Όχι
25/03/2024 06:15;0;Όχι
25/03/2024 06:30;0;Όχι
25/03/2024 06:45;0;Όχι
25/03/2024 07:00;0,004;Όχι
25/03/2024 07:15;0,032;Όχι
25/03/2024 07:30;0,063;Όχι
25/03/2024 07:45;0,172;Όχι
25/03/2024 08:00;0,276;Όχι
25/03/2024 08:15;0,368;Όχι
25/03/2024 08:30;0,446;Όχι
25/03/2024 08:45;0,576;Όχι
25/03/2024 09:00;0,795;Όχι
25/03/2024 09:15;0,9;Όχι
25/03/2024 09:30;0,992;Όχι
25/03/2024 09:45;1,08;Όχι
25/03/2024 10:00;1,147;Όχι
25/03/2024 10:15;0,717;Όχι
25/03/2024 10:30;0,497;Όχι
25/03/2024 10:45;0,845;Όχι
25/03/2024 11:00;0,605;Όχι
25/03/2024 11:15;0,759;Όχι
25/03/2024 11:30;0,69;Όχι
25/03/2024 11:45;0,637;Όχι
25/03/2024 12:00;0,386;Όχι
25/03/2024 12:15;0,534;Όχι
25/03/2024 12:30;1,484;Όχι
25/03/2024 12:45;1,235;Όχι
25/03/2024 13:00;1,703;Όχι
25/03/2024 13:15;1,444;Όχι
25/03/2024 13:30;1,567;Όχι
25/03/2024 13:45;1,524;Όχι
25/03/2024 14:00;1,496;Όχι
25/03/2024 14:15;1,477;Όχι
25/03/2024 14:30;1,411;Όχι
25/03/2024 14:45;1,325;Όχι
25/03/2024 15:00;1,299;Όχι
25/03/2024 15:15;1,245;Όχι
25/03/2024 15:30;1,183;Όχι
25/03/2024 15:45;1,063;Όχι
25/03/2024 16:00;0,967;Όχι
25/03/2024 16:15;0,876;Όχι
25/03/2024 16:30;0,779;Όχι
25/03/2024 16:45;0,678;Όχι
25/03/2024 17:00;0,567;Όχι
25/03/2024 17:15;0,457;Όχι
25/03/2024 17:30;0,349;Όχι
25/03/2024 17:45;0,246;Όχι
25/03/2024 18:00;0,154;Όχι
25/03/2024 18:15;0,08;Όχι
25/03/2024 18:30;0,015;Όχι
25/03/2024 18:45;0,002;Όχι
25/03/2024 19:00;0;Όχι
25/03/2024 19:15;0;Όχι
25/03/2024 19:30;0;Όχι
25/03/2024 19:45;0;Όχι
25/03/2024 20:00;0;Όχι
25/03/2024 20:15;0;Όχι
25/03/2024 20:30;0;Όχι
25/03/2024 20:45;0;Όχι
25/03/2024 21:00;0;Όχι
25/03/2024 21:15;0;Όχι
25/03/2024 21:30;0;Όχι
25/03/2024 21:45;0;Όχι
25/03/2024 22:00;0;Όχι
25/03/2024 22:15;0;Όχι
25/03/2024 22:30;0;Όχι
25/03/2024 22:45;0;Όχι
25/03/2024 23:00;0;Όχι
25/03/2024 23:15;0;Όχι
25/03/2024 23:30;0;Όχι
25/03/2024 23:45;0;Όχι
26/03/2024 00:00;0;Όχι
26/03/2024 00:15;0;Όχι
26/03/2024 00:30;0;Όχι
26/03/2024 00:45;0;Όχι
26/03/2024 01:00;0;Όχι
26/03/2024 01:15;0;Όχι
26/03/2024 01:30;0;Όχι
26/03/2024 01:45;0;Όχι
26/03/2024 02:00;0;Όχι
26/03/2024 02:15;0;Όχι
26/03/2024 02:30;0;Όχι
26/03/2024 02:45;0;Όχι
26/03/2024 03:00;0;Όχι
26/03/2024 03:15;0;Όχι
26/03/2024 03:30;0;Όχι
26/03/2024 03:45;0;Όχι
26/03/2024 04:00;0;Όχι
26/03/2024 04:15;0;Όχι
26/03/2024 04:30;0;Όχι
26/03/2024 04:45;0;Όχι
26/03/2024 05:00;0;Όχι
26/03/2024 05:15;0;Όχι
26/03/2024 05:30;0;Όχι
26/03/2024 05:45;0;Όχι
26/03/2024 06:00;0;Όχι
26/03/2024 06:15;0;Όχι
26/03/2024 06:30;0;Όχι
26/03/2024 06:45;0,004;Όχι
26/03/2024 07:00;0,016;Όχι
26/03/2024 07:15;0,047;Όχι
26/03/2024 07:30;0,07;Όχι
26/03/2024 07:45;0,084;Όχι
26/03/2024 08:00;0,093;Όχι
26/03/2024 08:15;0,091;Όχι
26/03/2024 08:30;0,067;Όχι
26/03/2024 08:45;0,179;Όχι
26/03/2024 09:00;0,17;Όχι
26/03/2024 09:15;0,146;Όχι
26/03/2024 09:30;0,134;Όχι
26/03/2024 09:45;0,295;Όχι
26/03/2024 10:00;0,311;Όχι
26/03/2024 10:15;0,374;Όχι
26/03/2024 10:30;0,392;Όχι
26/03/2024 10:45;0,392;Όχι
26/03/2024 11:00;0,417;Όχι
26/03/2024 11:15;0,478;Όχι
26/03/2024 11:30;0,429;Όχι
26/03/2024 11:45;0,423;Όχι
26/03/2024 12:00;0,377;Όχι
26/03/2024 12:15;0,362;Όχι
26/03/2024 12:30;0,361;Όχι
26/03/2024 12:45;0,287;Όχι
26/03/2024 13:00;0,25;Όχι
26/03/2024 13:15;0,245;Όχι
26/03/2024 13:30;0,181;Όχι
26/03/2024 13:45;0,13;Όχι
26/03/2024 14:00;0,12;Όχι
26/03/2024 14:15;0,122;Όχι
26/03/2024 14:30;0,123;Όχι
26/03/2024 14:45;0,118;Όχι
26/03/2024 15:00;0,145;Όχι
26/03/2024 15:15;0,155;Όχι
26/03/2024 15:30;0,273;Όχι
26/03/2024 15:45;0,371;Όχι
26/03/2024 16:00;0,271;Όχι
26/03/2024 16:15;0,236;Όχι
26/03/2024 16:30;0,354;Όχι
26/03/2024 16:45;0,212;Όχι
26/03/2024 17:00;0,093;Όχι
26/03/2024 17:15;0,095;Όχι
26/03/2024 17:30;0,064;Όχι
26/03/2024 17:45;0,058;Όχι
26/03/2024 18:00;0,046;Όχι
26/03/2024 18:15;0,021;Όχι
26/03/2024 18:30;0,001;Όχι
26/03/2024 18:45;0;Όχι
26/03/2024 19:00;0;Όχι
26/03/2024 19:15;0;Όχι
26/03/2024 19:30;0;Όχι
26/03/2024 19:45;0;Όχι
26/03/2024 20:00;0;Όχι
26/03/2024 20:15;0;Όχι
26/03/2024 20:30;0;Όχι
26/03/2024 20:45;0;Όχι
26/03/2024 21:00;0;Όχι
26/03/2024 21:15;0;Όχι
26/03/2024 21:30;0;Όχι
26/03/2024 21:45;0;Όχι
26/03/2024 22:00;0;Όχι
26/03/2024 22:15;0;Όχι
26/03/2024 22:30;0;Όχι
26/03/2024 22:45;0;Όχι
26/03/2024 23:00;0;Όχι
26/03/2024 23:15;0;Όχι
26/03/2024 23:30;0;Όχι
26/03/2024 23:45;0;Όχι
27/03/2024 00:00;0;Όχι
27/03/2024 00:15;0;Όχι
27/03/2024 00:30;0;Όχι
27/03/2024 00:45;0;Όχι
27/03/2024 01:00;0;Όχι
27/03/2024 01:15;0;Όχι
27/03/2024 01:30;0;Όχι
27/03/2024 01:45;0;Όχι
27/03/2024 02:00;0;Όχι
27/03/2024 02:15;0;Όχι
27/03/2024 02:30;0;Όχι
27/03/2024 02:45;0;Όχι
27/03/2024 03:00;0;Όχι
27/03/2024 03:15;0;Όχι
27/03/2024 03:30;0;Όχι
27/03/2024 03:45;0;Όχι
27/03/2024 04:00;0;Όχι
27/03/2024 04:15;0;Όχι
27/03/2024 04:30;0;Όχι
27/03/2024 04:45;0;Όχι
27/03/2024 05:00;0;Όχι
27/03/2024 05:15;0;Όχι
27/03/2024 05:30;0;Όχι
27/03/2024 05:45;0;Όχι
27/03/2024 06:00;0;Όχι
27/03/2024 06:15;0;Όχι
27/03/2024 06:30;0;Όχι
27/03/2024 06:45;0;Όχι
27/03/2024 07:00;0;Όχι
27/03/2024 07:15;0,005;Όχι
27/03/2024 07:30;0,01;Όχι
27/03/2024 07:45;0,014;Όχι
27/03/2024 08:00;0,029;Όχι
27/03/2024 08:15;0,041;Όχι
27/03/2024 08:30;0,049;Όχι
27/03/2024 08:45;0,063;Όχι
27/03/2024 09:00;0,087;Όχι
27/03/2024 09:15;0,133;Όχι
27/03/2024 09:30;0,16;Όχι
27/03/2024 09:45;0,137;Όχι
27/03/2024 10:00;0,168;Όχι
27/03/2024 10:15;0,181;Όχι
27/03/2024 10:30;0,212;Όχι
27/03/2024 10:45;0,245;Όχι
27/03/2024 11:00;0,257;Όχι
27/03/2024 11:15;0,279;Όχι
27/03/2024 11:30;0,334;Όχι
27/03/2024 11:45;0,366;Όχι
27/03/2024 12:00;0,384;Όχι
27/03/2024 12:15;0,333;Όχι
27/03/2024 12:30;0,335;Όχι
27/03/2024 12:45;0,605;Όχι
27/03/2024 13:00;0,755;Όχι
27/03/2024 13:15;0,763;Όχι
27/03/2024 13:30;0,857;Όχι
27/03/2024 13:45;0,596;Όχι
27/03/2024 14:00;0,623;Όχι
27/03/2024 14:15;0,607;Όχι
27/03/2024 14:30;0,786;Όχι
27/03/2024 14:45;1,041;Όχι
27/03/2024 15:00;0,508;Όχι
27/03/2024 15:15;0,389;Όχι
27/03/2024 15:30;0,305;Όχι
27/03/2024 15:45;0,369;Όχι
27/03/2024 16:00;0,334;Όχι
27/03/2024 16:15;0,346;Όχι
27/03/2024 16:30;0,276;Όχι
27/03/2024 16:45;0,231;Όχι
27/03/2024 17:00;0,174;Όχι
27/03/2024 17:15;0,175;Όχι
27/03/2024 17:30;0,14;Όχι
27/03/2024 17:45;0,135;Όχι
27/03/2024 18:00;0,062;Όχι
27/03/2024 18:15;0,022;Όχι
27/03/2024 18:30;0,003;Όχι
27/03/2024 18:45;0;Όχι
27/03/2024 19:00;0;Όχι
27/03/2024 19:15;0;Όχι
27/03/2024 19:30;0;Όχι
27/03/2024 19:45;0;Όχι
27/03/2024 20:00;0;Όχι
27/03/2024 20:15;0;Όχι
27/03/2024 20:30;0;Όχι
27/03/2024 20:45;0;Όχι
27/03/2024 21:00;0;Όχι
27/03/2024 21:15;0;Όχι
27/03/2024 21:30;0;Όχι
27/03/2024 21:45;0;Όχι
27/03/2024 22:00;0;Όχι
27/03/2024 22:15;0;Όχι
27/03/2024 22:30;0;Όχι
27/03/2024 22:45;0;Όχι
27/03/2024 23:00;0;Όχι
27/03/2024 23:15;0;Όχι
27/03/2024 23:30;0;Όχι
27/03/2024 23:45;0;Όχι
28/03/2024 00:00;0;Όχι
28/03/2024 00:15;0;Όχι
28/03/2024 00:30;0;Όχι
28/03/2024 00:45;0;Όχι
28/03/2024 01:00;0;Όχι
28/03/2024 01:15;0;Όχι
28/03/2024 01:30;0;Όχι
28/03/2024 01:45;0;Όχι
28/03/2024 02:00;0;Όχι
28/03/2024 02:15;0;Όχι
28/03/2024 02:30;0;Όχι
28/03/2024 02:45;0;Όχι
28/03/2024 03:00;0;Όχι
28/03/2024 03:15;0;Όχι
28/03/2024 03:30;0;Όχι
28/03/2024 03:45;0;Όχι
28/03/2024 04:00;0;Όχι
28/03/2024 04:15;0;Όχι
28/03/2024 04:30;0;Όχι
28/03/2024 04:45;0;Όχι
28/03/2024 05:00;0;Όχι
28/03/2024 05:15;0;Όχι
28/03/2024 05:30;0;Όχι
28/03/2024 05:45;0;Όχι
28/03/2024 06:00;0;Όχι
28/03/2024 06:15;0;Όχι
28/03/2024 06:30;0;Όχι
28/03/2024 06:45;0,003;Όχι
28/03/2024 07:00;0,029;Όχι
28/03/2024 07:15;0,056;Όχι
28/03/2024 07:30;0,091;Όχι
28/03/2024 07:45;0,113;Όχι
28/03/2024 08:00;0,147;Όχι
28/03/2024 08:15;0,2;Όχι
28/03/2024 08:30;0,254;Όχι
28/03/2024 08:45;0,258;Όχι
28/03/2024 09:00;0,297;Όχι
28/03/2024 09:15;0,342;Όχι
28/03/2024 09:30;0,351;Όχι
28/03/2024 09:45;0,675;Όχι
28/03/2024 10:00;0,807;Όχι
28/03/2024 10:15;0,707;Όχι
28/03/2024 10:30;1,084;Όχι
28/03/2024 10:45;1,189;Όχι
28/03/2024 11:00;1,222;Όχι
28/03/2024 11:15;1,265;Όχι
28/03/2024 11:30;1,296;Όχι
28/03/2024 11:45;1,303;Όχι
28/03/2024 12:00;1,314;Όχι
28/03/2024 12:15;1,341;Όχι
28/03/2024 12:30;1,353;Όχι
28/03/2024 12:45;1,358;Όχι
28/03/2024 13:00;1,367;Όχι
28/03/2024 13:15;1,354;Όχι
28/03/2024 13:30;1,348;Όχι
28/03/2024 13:45;1,339;Όχι
28/03/2024 14:00;1,315;Όχι
28/03/2024 14:15;1,285;Όχι
28/03/2024 14:30;1,223;Όχι
28/03/2024 14:45;1,205;Όχι
28/03/2024 15:00;1,082;Όχι
28/03/2024 15:15;1,079;Όχι
28/03/2024 15:30;0,983;Όχι
28/03/2024 15:45;0,841;Όχι
28/03/2024 16:00;0,734;Όχι
28/03/2024 16:15;0,774;Όχι
28/03/2024 16:30;0,667;Όχι
28/03/2024 16:45;0,504;Όχι
28/03/2024 17:00;0,472;Όχι
28/03/2024 17:15;0,474;Όχι
28/03/2024 17:30;0,351;Όχι
28/03/2024 17:45;0,239;Όχι
28/03/2024 18:00;0,144;Όχι
28/03/2024 18:15;0,078;Όχι
28/03/2024 18:30;0,033;Όχι
28/03/2024 18:45;0,008;Όχι
28/03/2024 19:00;0;Όχι
28/03/2024 19:15;0;Όχι
28/03/2024 19:30;0;Όχι
28/03/2024 19:45;0;Όχι
28/03/2024 20:00;0;Όχι
28/03/2024 20:15;0;Όχι
28/03/2024 20:30;0;Όχι
28/03/2024 20:45;0;Όχι
28/03/2024 21:00;0;Όχι
28/03/2024 21:15;0;Όχι
28/03/2024 21:30;0;Όχι
28/03/2024 21:45;0;Όχι
28/03/2024 22:00;0;Όχι
28/03/2024 22:15;0;Όχι
28/03/2024 22:30;0;Όχι
28/03/2024 22:45;0;Όχι
28/03/2024 23:00;0;Όχι
28/03/2024 23:15;0;Όχι
28/03/2024 23:30;0;Όχι
28/03/2024 23:45;0;Όχι
29/03/2024 00:00;0;Όχι
29/03/2024 00:15;0;Όχι
29/03/2024 00:30;0;Όχι
29/03/2024 00:45;0;Όχι
29/03/2024 01:00;0;Όχι
29/03/2024 01:15;0;Όχι
29/03/2024 01:30;0;Όχι
29/03/2024 01:45;0;Όχι
29/03/2024 02:00;0;Όχι
29/03/2024 02:15;0;Όχι
29/03/2024 02:30;0;Όχι
29/03/2024 02:45;0;Όχι
29/03/2024 03:00;0;Όχι
29/03/2024 03:15;0;Όχι
29/03/2024 03:30;0;Όχι
29/03/2024 03:45;0;Όχι
29/03/2024 04:00;0;Όχι
29/03/2024 04:15;0;Όχι
29/03/2024 04:30;0;Όχι
29/03/2024 04:45;0;Όχι
29/03/2024 05:00;0;Όχι
29/03/2024 05:15;0;Όχι
29/03/2024 05:30;0;Όχι
29/03/2024 05:45;0;Όχι
29/03/2024 06:00;0;Όχι
29/03/2024 06:15;0;Όχι
29/03/2024 06:30;0,002;Όχι
29/03/2024 06:45;0,019;Όχι
29/03/2024 07:00;0,059;Όχι
29/03/2024 07:15;0,124;Όχι
29/03/2024 07:30;0,206;Όχι
29/03/2024 07:45;0,302;Όχι
29/03/2024 08:00;0,388;Όχι
29/03/2024 08:15;0,487;Όχι
29/03/2024 08:30;0,589;Όχι
29/03/2024 08:45;0,681;Όχι
29/03/2024 09:00;0,774;Όχι
29/03/2024 09:15;0,748;Όχι
29/03/2024 09:30;0,938;Όχι
29/03/2024 09:45;1,004;Όχι
29/03/2024 10:00;1,077;Όχι
29/03/2024 10:15;1,139;Όχι
29/03/2024 10:30;1,182;Όχι
29/03/2024 10:45;1,225;Όχι
29/03/2024 11:00;1,274;Όχι
29/03/2024 11:15;1,313;Όχι
29/03/2024 11:30;1,336;Όχι
29/03/2024 11:45;1,361;Όχι
29/03/2024 12:00;1,387;Όχι
29/03/2024 12:15;1,285;Όχι
29/03/2024 12:30;1,394;Όχι
29/03/2024 12:45;1,381;Όχι
29/03/2024 13:00;1,374;Όχι
29/03/2024 13:15;1,363;Όχι
29/03/2024 13:30;1,347;Όχι
29/03/2024 13:45;1,324;Όχι
29/03/2024 14:00;1,294;Όχι
29/03/2024 14:15;1,114;Όχι
29/03/2024 14:30;1,236;Όχι
29/03/2024 14:45;1,16;Όχι
29/03/2024 15:00;1,111;Όχι
29/03/2024 15:15;1,04;Όχι
29/03/2024 15:30;0,986;Όχι
29/03/2024 15:45;0,928;Όχι
29/03/2024 16:00;0,856;Όχι
29/03/2024 16:15;0,828;Όχι
29/03/2024 16:30;0,681;Όχι
29/03/2024 16:45;0,554;Όχι
29/03/2024 17:00;0,513;Όχι
29/03/2024 17:15;0,322;Όχι
29/03/2024 17:30;0,323;Όχι
29/03/2024 17:45;0,122;Όχι
29/03/2024 18:00;0,051;Όχι
29/03/2024 18:15;0,042;Όχι
29/03/2024 18:30;0,013;Όχι
29/03/2024 18:45;0,001;Όχι
29/03/2024 19:00;0;Όχι
29/03/2024 19:15;0;Όχι
29/03/2024 19:30;0;Όχι
29/03/2024 19:45;0;Όχι
29/03/2024 20:00;0;Όχι
29/03/2024 20:15;0;Όχι
29/03/2024 20:30;0;Όχι
29/03/2024 20:45;0;Όχι
29/03/2024 21:00;0;Όχι
29/03/2024 21:15;0;Όχι
29/03/2024 21:30;0;Όχι
29/03/2024 21:45;0;Όχι
29/03/2024 22:00;0;Όχι
29/03/2024 22:15;0;Όχι
29/03/2024 22:30;0;Όχι
29/03/2024 22:45;0;Όχι
29/03/2024 23:00;0;Όχι
29/03/2024 23:15;0;Όχι
29/03/2024 23:30;0;Όχι
29/03/2024 23:45;0;Όχι
30/03/2024 00:00;0;Όχι
30/03/2024 00:15;0;Όχι
30/03/2024 00:30;0;Όχι
30/03/2024 00:45;0;Όχι
30/03/2024 01:00;0;Όχι
30/03/2024 01:15;0;Όχι
30/03/2024 01:30;0;Όχι
30/03/2024 01:45;0;Όχι
30/03/2024 02:00;0;Όχι
30/03/2024 02:15;0;Όχι
30/03/2024 02:30;0;Όχι
30/03/2024 02:45;0;Όχι
30/03/2024 03:00;0;Όχι
30/03/2024 03:15;0;Όχι
30/03/2024 03:30;0;Όχι
30/03/2024 03:45;0;Όχι
30/03/2024 04:00;0;Όχι
30/03/2024 04:15;0;Όχι
30/03/2024 04:30;0;Όχι
30/03/2024 04:45;0;Όχι
30/03/2024 05:00;0;Όχι
30/03/2024 05:15;0;Όχι
30/03/2024 05:30;0;Όχι
30/03/2024 05:45;0;Όχι
30/03/2024 06:00;0;Όχι
30/03/2024 06:15;0;Όχι
30/03/2024 06:30;0;Όχι
30/03/2024 06:45;0,014;Όχι
30/03/2024 07:00;0,045;Όχι
30/03/2024 07:15;0,088;Όχι
30/03/2024 07:30;0,198;Όχι
30/03/2024 07:45;0,31;Όχι
30/03/2024 08:00;0,347;Όχι
30/03/2024 08:15;0,498;Όχι
30/03/2024 08:30;0,575;Όχι
30/03/2024 08:45;0,673;Όχι
30/03/2024 09:00;0,773;Όχι
30/03/2024 09:15;0,861;Όχι
30/03/2024 09:30;0,933;Όχι
30/03/2024 09:45;0,999;Όχι
30/03/2024 10:00;1,067;Όχι
30/03/2024 10:15;1,127;Όχι
30/03/2024 10:30;1,18;Όχι
30/03/2024 10:45;1,229;Όχι
30/03/2024 11:00;1,268;Όχι
30/03/2024 11:15;1,323;Όχι
30/03/2024 11:30;1,353;Όχι
30/03/2024 11:45;1,388;Όχι
30/03/2024 12:00;1,433;Όχι
30/03/2024 12:15;1,44;Όχι
30/03/2024 12:30;1,451;Όχι
30/03/2024 12:45;1,465;Όχι
30/03/2024 13:00;1,459;Όχι
30/03/2024 13:15;1,454;Όχι
30/03/2024 13:30;1,427;Όχι
30/03/2024 13:45;1,401;Όχι
30/03/2024 14:00;1,372;Όχι
30/03/2024 14:15;1,341;Όχι
30/03/2024 14:30;1,306;Όχι
30/03/2024 14:45;1,263;Όχι
30/03/2024 15:00;1,215;Όχι
30/03/2024 15:15;1,147;Όχι
30/03/2024 15:30;1,075;Όχι
30/03/2024 15:45;1,003;Όχι
30/03/2024 16:00;0,92;Όχι
30/03/2024 16:15;0,816;Όχι
30/03/2024 16:30;0,734;Όχι
30/03/2024 16:45;0,634;Όχι
30/03/2024 17:00;0,535;Όχι
30/03/2024 17:15;0,431;Όχι
30/03/2024 17:30;0,329;Όχι
30/03/2024 17:45;0,23;Όχι
30/03/2024 18:00;0,135;Όχι
30/03/2024 18:15;0,072;Όχι
30/03/2024 18:30;0,038;Όχι
30/03/2024 18:45;0,011;Όχι
30/03/2024 19:00;0,001;Όχι
30/03/2024 19:15;0;Όχι
30/03/2024 19:30;0;Όχι
30/03/2024 19:45;0;Όχι
30/03/2024 20:00;0;Όχι
30/03/2024 20:15;0;Όχι
30/03/2024 20:30;0;Όχι
30/03/2024 20:45;0;Όχι
30/03/2024 21:00;0;Όχι
30/03/2024 21:15;0;Όχι
30/03/2024 21:30;0;Όχι
30/03/2024 21:45;0;Όχι
30/03/2024 22:00;0;Όχι
30/03/2024 22:15;0;Όχι
30/03/2024 22:30;0;Όχι
30/03/2024 22:45;0;Όχι
30/03/2024 23:00;0;Όχι
30/03/2024 23:15;0;Όχι
30/03/2024 23:30;0;Όχι
30/03/2024 23:45;0;Όχι
31/03/2024 00:00;0;Όχι
31/03/2024 00:15;0;Όχι
31/03/2024 00:30;0;Όχι
31/03/2024 00:45;0;Όχι
31/03/2024 01:00;0;Όχι
31/03/2024 01:15;0;Όχι
31/03/2024 01:30;0;Όχι
31/03/2024 01:45;0;Όχι
31/03/2024 02:00;0;Όχι
31/03/2024 02:15;0;Όχι
31/03/2024 02:30;0;Όχι
31/03/2024 02:45;0;Όχι
31/03/2024 03:00;0;Όχι
31/03/2024 03:15;0;Όχι
31/03/2024 03:30;0;Όχι
31/03/2024 03:45;0;Όχι
31/03/2024 04:00;0;Όχι
31/03/2024 04:15;0;Όχι
31/03/2024 04:30;0;Όχι
31/03/2024 04:45;0;Όχι
31/03/2024 05:00;0;Όχι
31/03/2024 05:15;0;Όχι
31/03/2024 05:30;0;Όχι
31/03/2024 05:45;0;Όχι
31/03/2024 06:00;0;Όχι
31/03/2024 06:15;0;Όχι
31/03/2024 06:30;0;Όχι
31/03/2024 06:45;0;Όχι
31/03/2024 07:00;0;Όχι
31/03/2024 07:15;0;Όχι
31/03/2024 07:30;0;Όχι
31/03/2024 07:45;0,004;Όχι
31/03/2024 08:00;0,016;Όχι
31/03/2024 08:15;0,03;Όχι
31/03/2024 08:30;0,061;Όχι
31/03/2024 08:45;0,1;Όχι
31/03/2024 09:00;0,131;Όχι
31/03/2024 09:15;0,14;Όχι
31/03/2024 09:30;0,163;Όχι
31/03/2024 09:45;0,192;Όχι
31/03/2024 10:00;0,257;Όχι
31/03/2024 10:15;0,282;Όχι
31/03/2024 10:30;0,372;Όχι
31/03/2024 10:45;0,406;Όχι
31/03/2024 11:00;0,484;Όχι
31/03/2024 11:15;0,591;Όχι
31/03/2024 11:30;0,588;Όχι
31/03/2024 11:45;0,734;Όχι
31/03/2024 12:00;0,792;Όχι
31/03/2024 12:15;0,679;Όχι
31/03/2024 12:30;0,744;Όχι
31/03/2024 12:45;0,624;Όχι
31/03/2024 13:00;0,8;Όχι
31/03/2024 13:15;1,159;Όχι
31/03/2024 13:30;1,128;Όχι
31/03/2024 13:45;1,265;Όχι
31/03/2024 14:00;1,222;Όχι
31/03/2024 14:15;1,231;Όχι
31/03/2024 14:30;1,2;Όχι
31/03/2024 14:45;1,162;Όχι
31/03/2024 15:00;1,168;Όχι
31/03/2024 15:15;1,122;Όχι
31/03/2024 15:30;1,098;Όχι
31/03/2024 15:45;1,053;Όχι
31/03/2024 16:00;0,986;Όχι
31/03/2024 16:15;0,899;Όχι
31/03/2024 16:30;0,713;Όχι
31/03/2024 16:45;0,521;Όχι
31/03/2024 17:00;0,406;Όχι
31/03/2024 17:15;0,575;Όχι
31/03/2024 17:30;0,46;Όχι
31/03/2024 17:45;0,377;Όχι
31/03/2024 18:00;0,306;Όχι
31/03/2024 18:15;0,271;Όχι
31/03/2024 18:30;0,205;Όχι
31/03/2024 18:45;0,171;Όχι
31/03/2024 19:00;0,113;Όχι
31/03/2024 19:15;0,079;Όχι
31/03/2024 19:30;0,031;Όχι
31/03/2024 19:45;0,009;Όχι
31/03/2024 20:00;0;Όχι
31/03/2024 20:15;0;Όχι
31/03/2024 20:30;0;Όχι
31/03/2024 20:45;0;Όχι
31/03/2024 21:00;0;Όχι
31/03/2024 21:15;0;Όχι
31/03/2024 21:30;0;Όχι
31/03/2024 21:45;0;Όχι
31/03/2024 22:00;0;Όχι
31/03/2024 22:15;0;Όχι
31/03/2024 22:30;0;Όχι
31/03/2024 22:45;0;Όχι
31/03/2024 23:00;0;Όχι
31/03/2024 23:15;0;Όχι
31/03/2024 23:30;0;Όχι
31/03/2024 23:45;0;Όχι
01/04/2024 00:00;0;Όχι
01/04/2024 00:15;0;Όχι
01/04/2024 00:30;0;Όχι
01/04/2024 00:45;0;Όχι
01/04/2024 01:00;0;Όχι
01/04/2024 01:15;0;Όχι
01/04/2024 01:30;0;Όχι
01/04/2024 01:45;0;Όχι
01/04/2024 02:00;0;Όχι
01/04/2024 02:15;0;Όχι
01/04/2024 02:30;0;Όχι
01/04/2024 02:45;0;Όχι
01/04/2024 03:00;0;Όχι
01/04/2024 03:15;0;Όχι
01/04/2024 03:30;0;Όχι
01/04/2024 03:45;0;Όχι
01/04/2024 04:00;0;Όχι
01/04/2024 04:15;0;Όχι
01/04/2024 04:30;0;Όχι
01/04/2024 04:45;0;Όχι
01/04/2024 05:00;0;Όχι
01/04/2024 05:15;0;Όχι
01/04/2024 05:30;0;Όχι
01/04/2024 05:45;0;Όχι
01/04/2024 06:00;0;Όχι
01/04/2024 06:15;0;Όχι
01/04/2024 06:30;0;Όχι
01/04/2024 06:45;0;Όχι
01/04/2024 07:00;0;Όχι
01/04/2024 07:15;0;Όχι
01/04/2024 07:30;0;Όχι
01/04/2024 07:45;0,007;Όχι
01/04/2024 08:00;0,019;Όχι
01/04/2024 08:15;0,036;Όχι
01/04/2024 08:30;0,077;Όχι
01/04/2024 08:45;0,118;Όχι
01/04/2024 09:00;0,182;Όχι
01/04/2024 09:15;0,208;Όχι
01/04/2024 09:30;0,196;Όχι
01/04/2024 09:45;0,295;Όχι
01/04/2024 10:00;0,299;Όχι
01/04/2024 10:15;0,343;Όχι
01/04/2024 10:30;0,376;Όχι
01/04/2024 10:45;0,472;Όχι
01/04/2024 11:00;0,724;Όχι
01/04/2024 11:15;1,105;Όχι
01/04/2024 11:30;0,998;Όχι
01/04/2024 11:45;1,11;Όχι
01/04/2024 12:00;0,94;Όχι
01/04/2024 12:15;0,964;Όχι
01/04/2024 12:30;1,252;Όχι
01/04/2024 12:45;1,307;Όχι
01/04/2024 13:00;1,194;Όχι
01/04/2024 13:15;1,106;Όχι
01/04/2024 13:30;0,977;Όχι
01/04/2024 13:45;1,294;Όχι
01/04/2024 14:00;1,445;Όχι
01/04/2024 14:15;1,395;Όχι
01/04/2024 14:30;1,338;Όχι
01/04/2024 14:45;1,383;Όχι
01/04/2024 15:00;1,183;Όχι
01/04/2024 15:15;1,227;Όχι
01/04/2024 15:30;1,22;Όχι
01/04/2024 15:45;1,153;Όχι
01/04/2024 16:00;1,128;Όχι
01/04/2024 16:15;1,129;Όχι
01/04/2024 16:30;0,929;Όχι
01/04/2024 16:45;0,78;Όχι
01/04/2024 17:00;0,822;Όχι
01/04/2024 17:15;0,706;Όχι
01/04/2024 17:30;0,585;Όχι
01/04/2024 17:45;0,496;Όχι
01/04/2024 18:00;0,467;Όχι
01/04/2024 18:15;0,277;Όχι
01/04/2024 18:30;0,164;Όχι
01/04/2024 18:45;0,12;Όχι
01/04/2024 19:00;0,091;Όχι
01/04/2024 19:15;0,063;Όχι
01/04/2024 19:30;0,043;Όχι
01/04/2024 19:45;0,024;Όχι
01/04/2024 20:00;0,001;Όχι
01/04/2024 20:15;0;Όχι
01/04/2024 20:30;0;Όχι
01/04/2024 20:45;0;Όχι
01/04/2024 21:00;0;Όχι
01/04/2024 21:15;0;Όχι
01/04/2024 21:30;0;Όχι
01/04/2024 21:45;0;Όχι
01/04/2024 22:00;0;Όχι
01/04/2024 22:15;0;Όχι
01/04/2024 22:30;0;Όχι
01/04/2024 22:45;0;Όχι
01/04/2024 23:00;0;Όχι
01/04/2024 23:15;0;Όχι
01/04/2024 23:30;0;Όχι
01/04/2024 23:45;0;Όχι
02/04/2024 00:00;0;Όχι
02/04/2024 00:15;0;Όχι
02/04/2024 00:30;0;Όχι
02/04/2024 00:45;0;Όχι
02/04/2024 01:00;0;Όχι
02/04/2024 01:15;0;Όχι
02/04/2024 01:30;0;Όχι
02/04/2024 01:45;0;Όχι
02/04/2024 02:00;0;Όχι
02/04/2024 02:15;0;Όχι
02/04/2024 02:30;0;Όχι
02/04/2024 02:45;0;Όχι
02/04/2024 03:00;0;Όχι
02/04/2024 03:15;0;Όχι
02/04/2024 03:30;0;Όχι
02/04/2024 03:45;0;Όχι
02/04/2024 04:00;0;Όχι
02/04/2024 04:15;0;Όχι
02/04/2024 04:30;0;Όχι
02/04/2024 04:45;0;Όχι
02/04/2024 05:00;0;Όχι
02/04/2024 05:15;0;Όχι
02/04/2024 05:30;0;Όχι
02/04/2024 05:45;0;Όχι
02/04/2024 06:00;0;Όχι
02/04/2024 06:15;0;Όχι
02/04/2024 06:30;0;Όχι
02/04/2024 06:45;0;Όχι
02/04/2024 07:00;0;Όχι
02/04/2024 07:15;0;Όχι
02/04/2024 07:30;0;Όχι
02/04/2024 07:45;0,009;Όχι
02/04/2024 08:00;0,04;Όχι
02/04/2024 08:15;0,068;Όχι
02/04/2024 08:30;0,098;Όχι
02/04/2024 08:45;0,129;Όχι
02/04/2024 09:00;0,165;Όχι
02/04/2024 09:15;0,175;Όχι
02/04/2024 09:30;0,26;Όχι
02/04/2024 09:45;0,451;Όχι
02/04/2024 10:00;0,412;Όχι
02/04/2024 10:15;0,312;Όχι
02/04/2024 10:30;0,469;Όχι
02/04/2024 10:45;0,624;Όχι
02/04/2024 11:00;0,739;Όχι
02/04/2024 11:15;0,834;Όχι
02/04/2024 11:30;0,737;Όχι
02/04/2024 11:45;0,763;Όχι
02/04/2024 12:00;0,855;Όχι
02/04/2024 12:15;0,943;Όχι
02/04/2024 12:30;1,221;Όχι
02/04/2024 12:45;1,15;Όχι
02/04/2024 13:00;1,341;Όχι
02/04/2024 13:15;1,315;Όχι
02/04/2024 13:30;1,331;Όχι
02/04/2024 13:45;1,269;Όχι
02/04/2024 14:00;1,307;Όχι
02/04/2024 14:15;0,996;Όχι
02/04/2024 14:30;1,084;Όχι
02/04/2024 14:45;1,217;Όχι
02/04/2024 15:00;1,245;Όχι
02/04/2024 15:15;1,2;Όχι
02/04/2024 15:30;1,162;Όχι
02/04/2024 15:45;1,134;Όχι
02/04/2024 16:00;1,087;Όχι
02/04/2024 16:15;1,037;Όχι
02/04/2024 16:30;0,96;Όχι
02/04/2024 16:45;0,896;Όχι
02/04/2024 17:00;0,724;Όχι
02/04/2024 17:15;0,472;Όχι
02/04/2024 17:30;0,392;Όχι
02/04/2024 17:45;0,577;Όχι
02/04/2024 18:00;0,483;Όχι
02/04/2024 18:15;0,382;Όχι
02/04/2024 18:30;0,301;Όχι
02/04/2024 18:45;0,207;Όχι
02/04/2024 19:00;0,141;Όχι
02/04/2024 19:15;0,072;Όχι
02/04/2024 19:30;0,04;Όχι
02/04/2024 19:45;0,021;Όχι
02/04/2024 20:00;0,003;Όχι
02/04/2024 20:15;0;Όχι
02/04/2024 20:30;0;Όχι
02/04/2024 20:45;0;Όχι
02/04/2024 21:00;0;Όχι
02/04/2024 21:15;0;Όχι
02/04/2024 21:30;0;Όχι
02/04/2024 21:45;0;Όχι
02/04/2024 22:00;0;Όχι
02/04/2024 22:15;0;Όχι
02/04/2024 22:30;0;Όχι
02/04/2024 22:45;0;Όχι
02/04/2024 23:00;0;Όχι
02/04/2024 23:15;0;Όχι
02/04/2024 23:30;0;Όχι
02/04/2024 23:45;0;Όχι
03/04/2024 00:00;0;Όχι
03/04/2024 00:15;0;Όχι
03/04/2024 00:30;0;Όχι
03/04/2024 00:45;0;Όχι
03/04/2024 01:00;0;Όχι
03/04/2024 01:15;0;Όχι
03/04/2024 01:30;0;Όχι
03/04/2024 01:45;0;Όχι
03/04/2024 02:00;0;Όχι
03/04/2024 02:15;0;Όχι
03/04/2024 02:30;0;Όχι
03/04/2024 02:45;0;Όχι
03/04/2024 03:00;0;Όχι
03/04/2024 03:15;0;Όχι
03/04/2024 03:30;0;Όχι
03/04/2024 03:45;0;Όχι
03/04/2024 04:00;0;Όχι
03/04/2024 04:15;0;Όχι
03/04/2024 04:30;0;Όχι
03/04/2024 04:45;0;Όχι
03/04/2024 05:00;0;Όχι
03/04/2024 05:15;0;Όχι
03/04/2024 05:30;0;Όχι
03/04/2024 05:45;0;Όχι
03/04/2024 06:00;0;Όχι
03/04/2024 06:15;0;Όχι
03/04/2024 06:30;0;Όχι
03/04/2024 06:45;0;Όχι
03/04/2024 07:00;0;Όχι
03/04/2024 07:15;0;Όχι
03/04/2024 07:30;0,006;Όχι
03/04/2024 07:45;0,029;Όχι
03/04/2024 08:00;0,072;Όχι
03/04/2024 08:15;0,139;Όχι
03/04/2024 08:30;0,224;Όχι
03/04/2024 08:45;0,321;Όχι
03/04/2024 09:00;0,423;Όχι
03/04/2024 09:15;0,518;Όχι
03/04/2024 09:30;0,649;Όχι
03/04/2024 09:45;0,693;Όχι
03/04/2024 10:00;0,831;Όχι
03/04/2024 10:15;0,92;Όχι
03/04/2024 10:30;1,015;Όχι
03/04/2024 10:45;1,041;Όχι
03/04/2024 11:00;1,103;Όχι
03/04/2024 11:15;1,161;Όχι
03/04/2024 11:30;1,176;Όχι
03/04/2024 11:45;1,214;Όχι
03/04/2024 12:00;1,453;Όχι
03/04/2024 12:15;1,292;Όχι
03/04/2024 12:30;1,177;Όχι
03/04/2024 12:45;1,461;Όχι
03/04/2024 13:00;1,192;Όχι
03/04/2024 13:15;1,422;Όχι
03/04/2024 13:30;1,361;Όχι
03/04/2024 13:45;1,243;Όχι
03/04/2024 14:00;1,231;Όχι
03/04/2024 14:15;1,478;Όχι
03/04/2024 14:30;1,445;Όχι
03/04/2024 14:45;1,391;Όχι
03/04/2024 15:00;1,257;Όχι
03/04/2024 15:15;1,29;Όχι
03/04/2024 15:30;1,284;Όχι
03/04/2024 15:45;1,236;Όχι
03/04/2024 16:00;1,083;Όχι
03/04/2024 16:15;1,017;Όχι
03/04/2024 16:30;0,948;Όχι
03/04/2024 16:45;0,898;Όχι
03/04/2024 17:00;0,733;Όχι
03/04/2024 17:15;0,779;Όχι
03/04/2024 17:30;0,632;Όχι
03/04/2024 17:45;0,48;Όχι
03/04/2024 18:00;0,454;Όχι
03/04/2024 18:15;0,396;Όχι
03/04/2024 18:30;0,357;Όχι
03/04/2024 18:45;0,161;Όχι
03/04/2024 19:00;0,163;Όχι
03/04/2024 19:15;0,084;Όχι
03/04/2024 19:30;0,044;Όχι
03/04/2024 19:45;0,014;Όχι
03/04/2024 20:00;0,001;Όχι
03/04/2024 20:15;0;Όχι
03/04/2024 20:30;0;Όχι
03/04/2024 20:45;0;Όχι
03/04/2024 21:00;0;Όχι
03/04/2024 21:15;0;Όχι
03/04/2024 21:30;0;Όχι
03/04/2024 21:45;0;Όχι
03/04/2024 22:00;0;Όχι
03/04/2024 22:15;0;Όχι
03/04/2024 22:30;0;Όχι
03/04/2024 22:45;0;Όχι
03/04/2024 23:00;0;Όχι
03/04/2024 23:15;0;Όχι
03/04/2024 23:30;0;Όχι
03/04/2024 23:45;0;Όχι
04/04/2024 00:00;0;Όχι
04/04/2024 00:15;0;Όχι
04/04/2024 00:30;0;Όχι
04/04/2024 00:45;0;Όχι
04/04/2024 01:00;0;Όχι
04/04/2024 01:15;0;Όχι
04/04/2024 01:30;0;Όχι
04/04/2024 01:45;0;Όχι
04/04/2024 02:00;0;Όχι
04/04/2024 02:15;0;Όχι
04/04/2024 02:30;0;Όχι
04/04/2024 02:45;0;Όχι
04/04/2024 03:00;0;Όχι
04/04/2024 03:15;0;Όχι
04/04/2024 03:30;0;Όχι
04/04/2024 03:45;0;Όχι
04/04/2024 04:00;0;Όχι
04/04/2024 04:15;0;Όχι
04/04/2024 04:30;0;Όχι
04/04/2024 04:45;0;Όχι
04/04/2024 05:00;0;Όχι
04/04/2024 05:15;0;Όχι
04/04/2024 05:30;0;Όχι
04/04/2024 05:45;0;Όχι
04/04/2024 06:00;0;Όχι
04/04/2024 06:15;0;Όχι
04/04/2024 06:30;0;Όχι
04/04/2024 06:45;0;Όχι
04/04/2024 07:00;0;Όχι
04/04/2024 07:15;0;Όχι
04/04/2024 07:30;0,01;Όχι
04/04/2024 07:45;0,037;Όχι
04/04/2024 08:00;0,09;Όχι
04/04/2024 08:15;0,163;Όχι
04/04/2024 08:30;0,249;Όχι
04/04/2024 08:45;0,339;Όχι
04/04/2024 09:00;0,42;Όχι
04/04/2024 09:15;0,511;Όχι
04/04/2024 09:30;0,613;Όχι
04/04/2024 09:45;0,706;Όχι
04/04/2024 10:00;0,789;Όχι
04/04/2024 10:15;0,875;Όχι
04/04/2024 10:30;0,949;Όχι
04/04/2024 10:45;1,014;Όχι
04/04/2024 11:00;1,083;Όχι
04/04/2024 11:15;1,157;Όχι
04/04/2024 11:30;1,218;Όχι
04/04/2024 11:45;1,277;Όχι
04/04/2024 12:00;1,325;Όχι
04/04/2024 12:15;1,357;Όχι
04/04/2024 12:30;1,38;Όχι
04/04/2024 12:45;1,413;Όχι
04/04/2024 13:00;1,42;Όχι
04/04/2024 13:15;1,435;Όχι
04/04/2024 13:30;1,438;Όχι
04/04/2024 13:45;1,421;Όχι
04/04/2024 14:00;1,413;Όχι
04/04/2024 14:15;1,418;Όχι
04/04/2024 14:30;1,405;Όχι
04/04/2024 14:45;1,381;Όχι
04/04/2024 15:00;1,346;Όχι
04/04/2024 15:15;1,309;Όχι
04/04/2024 15:30;1,27;Όχι
04/04/2024 15:45;1,225;Όχι
04/04/2024 16:00;1,174;Όχι
04/04/2024 16:15;1,108;Όχι
04/04/2024 16:30;1,048;Όχι
04/04/2024 16:45;0,982;Όχι
04/04/2024 17:00;0,902;Όχι
04/04/2024 17:15;0,82;Όχι
04/04/2024 17:30;0,732;Όχι
04/04/2024 17:45;0,641;Όχι
04/04/2024 18:00;0,542;Όχι
04/04/2024 18:15;0,441;Όχι
04/04/2024 18:30;0,344;Όχι
04/04/2024 18:45;0,25;Όχι
04/04/2024 19:00;0,164;Όχι
04/04/2024 19:15;0,093;Όχι
04/04/2024 19:30;0,042;Όχι
04/04/2024 19:45;0,012;Όχι
04/04/2024 20:00;0,001;Όχι
04/04/2024 20:15;0;Όχι
04/04/2024 20:30;0;Όχι
04/04/2024 20:45;0;Όχι
04/04/2024 21:00;0;Όχι
04/04/2024 21:15;0;Όχι
04/04/2024 21:30;0;Όχι
04/04/2024 21:45;0;Όχι
04/04/2024 22:00;0;Όχι
04/04/2024 22:15;0;Όχι
04/04/2024 22:30;0;Όχι
04/04/2024 22:45;0;Όχι
04/04/2024 23:00;0;Όχι
04/04/2024 23:15;0;Όχι
04/04/2024 23:30;0;Όχι
04/04/2024 23:45;0;Όχι
05/04/2024 00:00;0;Όχι
05/04/2024 00:15;0;Όχι
05/04/2024 00:30;0;Όχι
05/04/2024 00:45;0;Όχι
05/04/2024 01:00;0;Όχι
05/04/2024 01:15;0;Όχι
05/04/2024 01:30;0;Όχι
05/04/2024 01:45;0;Όχι
05/04/2024 02:00;0;Όχι
05/04/2024 02:15;0;Όχι
05/04/2024 02:30;0;Όχι
05/04/2024 02:45;0;Όχι
05/04/2024 03:00;0;Όχι
05/04/2024 03:15;0;Όχι
05/04/2024 03:30;0;Όχι
05/04/2024 03:45;0;Όχι
05/04/2024 04:00;0;Όχι
05/04/2024 04:15;0;Όχι
05/04/2024 04:30;0;Όχι
05/04/2024 04:45;0;Όχι
05/04/2024 05:00;0;Όχι
05/04/2024 05:15;0;Όχι
05/04/2024 05:30;0;Όχι
05/04/2024 05:45;0;Όχι
05/04/2024 06:00;0;Όχι
05/04/2024 06:15;0;Όχι
05/04/2024 06:30;0;Όχι
05/04/2024 06:45;0;Όχι
05/04/2024 07:00;0;Όχι
05/04/2024 07:15;0,005;Όχι
05/04/2024 07:30;0,034;Όχι
05/04/2024 07:45;0,098;Όχι
05/04/2024 08:00;0,159;Όχι
05/04/2024 08:15;0,155;Όχι
05/04/2024 08:30;0,104;Όχι
05/04/2024 08:45;0,19;Όχι
05/04/2024 09:00;0,395;Όχι
05/04/2024 09:15;0,508;Όχι
05/04/2024 09:30;0,61;Όχι
05/04/2024 09:45;0,699;Όχι
05/04/2024 10:00;0,781;Όχι
05/04/2024 10:15;0,862;Όχι
05/04/2024 10:30;0,937;Όχι
05/04/2024 10:45;1,007;Όχι
05/04/2024 11:00;1,07;Όχι
05/04/2024 11:15;1,123;Όχι
05/04/2024 11:30;1,173;Όχι
05/04/2024 11:45;1,219;Όχι
05/04/2024 12:00;1,251;Όχι
05/04/2024 12:15;1,288;Όχι
05/04/2024 12:30;1,317;Όχι
05/04/2024 12:45;1,346;Όχι
05/04/2024 13:00;1,358;Όχι
05/04/2024 13:15;1,367;Όχι
05/04/2024 13:30;1,373;Όχι
05/04/2024 13:45;1,364;Όχι
05/04/2024 14:00;1,359;Όχι
05/04/2024 14:15;1,339;Όχι
05/04/2024 14:30;1,33;Όχι
05/04/2024 14:45;1,305;Όχι
05/04/2024 15:00;1,289;Όχι
05/04/2024 15:15;1,261;Όχι
05/04/2024 15:30;1,217;Όχι
05/04/2024 15:45;1,175;Όχι
05/04/2024 16:00;1,096;Όχι
05/04/2024 16:15;1,06;Όχι
05/04/2024 16:30;1,013;Όχι
05/04/2024 16:45;0,938;Όχι
05/04/2024 17:00;0,871;Όχι
05/04/2024 17:15;0,795;Όχι
05/04/2024 17:30;0,712;Όχι
05/04/2024 17:45;0,622;Όχι
05/04/2024 18:00;0,527;Όχι
05/04/2024 18:15;0,422;Όχι
05/04/2024 18:30;0,321;Όχι
05/04/2024 18:45;0,227;Όχι
05/04/2024 19:00;0,151;Όχι
05/04/2024 19:15;0,085;Όχι
05/04/2024 19:30;0,036;Όχι
05/04/2024 19:45;0,006;Όχι
05/04/2024 20:00;0,001;Όχι
05/04/2024 20:15;0;Όχι
05/04/2024 20:30;0;Όχι
05/04/2024 20:45;0;Όχι
05/04/2024 21:00;0;Όχι
05/04/2024 21:15;0;Όχι
05/04/2024 21:30;0;Όχι
05/04/2024 21:45;0;Όχι
05/04/2024 22:00;0;Όχι
05/04/2024 22:15;0;Όχι
05/04/2024 22:30;0;Όχι
05/04/2024 22:45;0;Όχι
05/04/2024 23:00;0;Όχι
05/04/2024 23:15;0;Όχι
05/04/2024 23:30;0;Όχι
05/04/2024 23:45;0;Όχι
06/04/2024 00:00;0;Όχι
06/04/2024 00:15;0;Όχι
06/04/2024 00:30;0;Όχι
06/04/2024 00:45;0;Όχι
06/04/2024 01:00;0;Όχι
06/04/2024 01:15;0;Όχι
06/04/2024 01:30;0;Όχι
06/04/2024 01:45;0;Όχι
06/04/2024 02:00;0;Όχι
06/04/2024 02:15;0;Όχι
06/04/2024 02:30;0;Όχι
06/04/2024 02:45;0;Όχι
06/04/2024 03:00;0;Όχι
06/04/2024 03:15;0;Όχι
06/04/2024 03:30;0;Όχι
06/04/2024 03:45;0;Όχι
06/04/2024 04:00;0;Όχι
06/04/2024 04:15;0;Όχι
06/04/2024 04:30;0;Όχι
06/04/2024 04:45;0;Όχι
06/04/2024 05:00;0;Όχι
06/04/2024 05:15;0;Όχι
06/04/2024 05:30;0;Όχι
06/04/2024 05:45;0;Όχι
06/04/2024 06:00;0;Όχι
06/04/2024 06:15;0;Όχι
06/04/2024 06:30;0;Όχι
06/04/2024 06:45;0;Όχι
06/04/2024 07:00;0;Όχι
06/04/2024 07:15;0,001;Όχι
06/04/2024 07:30;0,01;Όχι
06/04/2024 07:45;0,045;Όχι
06/04/2024 08:00;0,099;Όχι
06/04/2024 08:15;0,164;Όχι
06/04/2024 08:30;0,235;Όχι
06/04/2024 08:45;0,323;Όχι
06/04/2024 09:00;0,401;Όχι
06/04/2024 09:15;0,502;Όχι
06/04/2024 09:30;0,601;Όχι
06/04/2024 09:45;0,694;Όχι
06/04/2024 10:00;0,776;Όχι
06/04/2024 10:15;0,854;Όχι
06/04/2024 10:30;0,929;Όχι
06/04/2024 10:45;0,998;Όχι
06/04/2024 11:00;1,055;Όχι
06/04/2024 11:15;1,11;Όχι
06/04/2024 11:30;1,162;Όχι
06/04/2024 11:45;1,201;Όχι
06/04/2024 12:00;1,242;Όχι
06/04/2024 12:15;1,266;Όχι
06/04/2024 12:30;1,291;Όχι
06/04/2024 12:45;1,313;Όχι
06/04/2024 13:00;1,327;Όχι
06/04/2024 13:15;1,257;Όχι
06/04/2024 13:30;1,122;Όχι
06/04/2024 13:45;1,348;Όχι
06/04/2024 14:00;1,302;Όχι
06/04/2024 14:15;1,292;Όχι
06/04/2024 14:30;1,301;Όχι
06/04/2024 14:45;1,285;Όχι
06/04/2024 15:00;1,042;Όχι
06/04/2024 15:15;1,091;Όχι
06/04/2024 15:30;1,088;Όχι
06/04/2024 15:45;1,072;Όχι
06/04/2024 16:00;1,17;Όχι
06/04/2024 16:15;1,062;Όχι
06/04/2024 16:30;1,021;Όχι
06/04/2024 16:45;0,851;Όχι
06/04/2024 17:00;0,661;Όχι
06/04/2024 17:15;0,737;Όχι
06/04/2024 17:30;0,563;Όχι
06/04/2024 17:45;0,56;Όχι
06/04/2024 18:00;0,515;Όχι
06/04/2024 18:15;0,412;Όχι
06/04/2024 18:30;0,291;Όχι
06/04/2024 18:45;0,215;Όχι
06/04/2024 19:00;0,134;Όχι
06/04/2024 19:15;0,069;Όχι
06/04/2024 19:30;0,034;Όχι
06/04/2024 19:45;0,011;Όχι
06/04/2024 20:00;0,001;Όχι
06/04/2024 20:15;0;Όχι
06/04/2024 20:30;0;Όχι
06/04/2024 20:45;0;Όχι
06/04/2024 21:00;0;Όχι
06/04/2024 21:15;0;Όχι
06/04/2024 21:30;0;Όχι
06/04/2024 21:45;0;Όχι
06/04/2024 22:00;0;Όχι
06/04/2024 22:15;0;Όχι
06/04/2024 22:30;0;Όχι
06/04/2024 22:45;0;Όχι
06/04/2024 23:00;0;Όχι
06/04/2024 23:15;0;Όχι
06/04/2024 23:30;0;Όχι
06/04/2024 23:45;0;Όχι
07/04/2024 00:00;0;Όχι
07/04/2024 00:15;0;Όχι
07/04/2024 00:30;0;Όχι
07/04/2024 00:45;0;Όχι
07/04/2024 01:00;0;Όχι
07/04/2024 01:15;0;Όχι
07/04/2024 01:30;0;Όχι
07/04/2024 01:45;0;Όχι
07/04/2024 02:00;0;Όχι
07/04/2024 02:15;0;Όχι
07/04/2024 02:30;0;Όχι
07/04/2024 02:45;0;Όχι
07/04/2024 03:00;0;Όχι
07/04/2024 03:15;0;Όχι
07/04/2024 03:30;0;Όχι
07/04/2024 03:45;0;Όχι
07/04/2024 04:00;0;Όχι
07/04/2024 04:15;0;Όχι
07/04/2024 04:30;0;Όχι
07/04/2024 04:45;0;Όχι
07/04/2024 05:00;0;Όχι
07/04/2024 05:15;0;Όχι
07/04/2024 05:30;0;Όχι
07/04/2024 05:45;0;Όχι
07/04/2024 06:00;0;Όχι
07/04/2024 06:15;0;Όχι
07/04/2024 06:30;0;Όχι
07/04/2024 06:45;0;Όχι
07/04/2024 07:00;0;Όχι
07/04/2024 07:15;0;Όχι
07/04/2024 07:30;0,007;Όχι
07/04/2024 07:45;0,024;Όχι
07/04/2024 08:00;0,036;Όχι
07/04/2024 08:15;0,055;Όχι
07/04/2024 08:30;0,054;Όχι
07/04/2024 08:45;0,162;Όχι
07/04/2024 09:00;0,147;Όχι
07/04/2024 09:15;0,145;Όχι
07/04/2024 09:30;0,155;Όχι
07/04/2024 09:45;0,172;Όχι
07/04/2024 10:00;0,169;Όχι
07/04/2024 10:15;0,172;Όχι
07/04/2024 10:30;0,257;Όχι
07/04/2024 10:45;0,355;Όχι
07/04/2024 11:00;0,591;Όχι
07/04/2024 11:15;0,944;Όχι
07/04/2024 11:30;1,116;Όχι
07/04/2024 11:45;1,197;Όχι
07/04/2024 12:00;1,316;Όχι
07/04/2024 12:15;1,332;Όχι
07/04/2024 12:30;1,057;Όχι
07/04/2024 12:45;1,023;Όχι
07/04/2024 13:00;0,963;Όχι
07/04/2024 13:15;0,741;Όχι
07/04/2024 13:30;1,135;Όχι
07/04/2024 13:45;1,583;Όχι
07/04/2024 14:00;1,543;Όχι
07/04/2024 14:15;0,505;Όχι
07/04/2024 14:30;0,735;Όχι
07/04/2024 14:45;0,961;Όχι
07/04/2024 15:00;0,716;Όχι
07/04/2024 15:15;0,627;Όχι
07/04/2024 15:30;0,277;Όχι
07/04/2024 15:45;0,643;Όχι
07/04/2024 16:00;0,641;Όχι
07/04/2024 16:15;0,717;Όχι
07/04/2024 16:30;1,029;Όχι
07/04/2024 16:45;1,013;Όχι
07/04/2024 17:00;0,811;Όχι
07/04/2024 17:15;0,612;Όχι
07/04/2024 17:30;0,753;Όχι
07/04/2024 17:45;0,501;Όχι
07/04/2024 18:00;0,499;Όχι
07/04/2024 18:15;0,444;Όχι
07/04/2024 18:30;0,341;Όχι
07/04/2024 18:45;0,242;Όχι
07/04/2024 19:00;0,169;Όχι
07/04/2024 19:15;0,103;Όχι
07/04/2024 19:30;0,031;Όχι
07/04/2024 19:45;0,01;Όχι
07/04/2024 20:00;0,001;Όχι
07/04/2024 20:15;0;Όχι
07/04/2024 20:30;0;Όχι
07/04/2024 20:45;0;Όχι
07/04/2024 21:00;0;Όχι
07/04/2024 21:15;0;Όχι
07/04/2024 21:30;0;Όχι
07/04/2024 21:45;0;Όχι
07/04/2024 22:00;0;Όχι
07/04/2024 22:15;0;Όχι
07/04/2024 22:30;0;Όχι
07/04/2024 22:45;0;Όχι
07/04/2024 23:00;0;Όχι
07/04/2024 23:15;0;Όχι
07/04/2024 23:30;0;Όχι
07/04/2024 23:45;0;Όχι
08/04/2024 00:00;0;Όχι
08/04/2024 00:15;0;Όχι
08/04/2024 00:30;0;Όχι
08/04/2024 00:45;0;Όχι
08/04/2024 01:00;0;Όχι
08/04/2024 01:15;0;Όχι
08/04/2024 01:30;0;Όχι
08/04/2024 01:45;0;Όχι
08/04/2024 02:00;0;Όχι
08/04/2024 02:15;0;Όχι
08/04/2024 02:30;0;Όχι
08/04/2024 02:45;0;Όχι
08/04/2024 03:00;0;Όχι
08/04/2024 03:15;0;Όχι
08/04/2024 03:30;0;Όχι
08/04/2024 03:45;0;Όχι
08/04/2024 04:00;0;Όχι
08/04/2024 04:15;0;Όχι
08/04/2024 04:30;0;Όχι
08/04/2024 04:45;0;Όχι
08/04/2024 05:00;0;Όχι
08/04/2024 05:15;0;Όχι
08/04/2024 05:30;0;Όχι
08/04/2024 05:45;0;Όχι
08/04/2024 06:00;0;Όχι
08/04/2024 06:15;0;Όχι
08/04/2024 06:30;0;Όχι
08/04/2024 06:45;0;Όχι
08/04/2024 07:00;0;Όχι
08/04/2024 07:15;0,001;Όχι
08/04/2024 07:30;0,016;Όχι
08/04/2024 07:45;0,047;Όχι
08/04/2024 08:00;0,1;Όχι
08/04/2024 08:15;0,175;Όχι
08/04/2024 08:30;0,26;Όχι
08/04/2024 08:45;0,346;Όχι
08/04/2024 09:00;0,422;Όχι
08/04/2024 09:15;0,518;Όχι
08/04/2024 09:30;0,611;Όχι
08/04/2024 09:45;0,701;Όχι
08/04/2024 10:00;0,787;Όχι
08/04/2024 10:15;0,867;Όχι
08/04/2024 10:30;0,944;Όχι
08/04/2024 10:45;1,018;Όχι
08/04/2024 11:00;1,093;Όχι
08/04/2024 11:15;1,156;Όχι
08/04/2024 11:30;1,191;Όχι
08/04/2024 11:45;1,249;Όχι
08/04/2024 12:00;1,282;Όχι
08/04/2024 12:15;1,322;Όχι
08/04/2024 12:30;1,339;Όχι
08/04/2024 12:45;1,358;Όχι
08/04/2024 13:00;1,36;Όχι
08/04/2024 13:15;1,379;Όχι
08/04/2024 13:30;1,024;Όχι
08/04/2024 13:45;1,219;Όχι
08/04/2024 14:00;1,424;Όχι
08/04/2024 14:15;1,392;Όχι
08/04/2024 14:30;1,349;Όχι
08/04/2024 14:45;1,334;Όχι
08/04/2024 15:00;1,305;Όχι
08/04/2024 15:15;1,263;Όχι
08/04/2024 15:30;1,095;Όχι
08/04/2024 15:45;1,024;Όχι
08/04/2024 16:00;1,052;Όχι
08/04/2024 16:15;1,058;Όχι
08/04/2024 16:30;1,026;Όχι
08/04/2024 16:45;0,972;Όχι
08/04/2024 17:00;0,901;Όχι
08/04/2024 17:15;0,818;Όχι
08/04/2024 17:30;0,733;Όχι
08/04/2024 17:45;0,638;Όχι
08/04/2024 18:00;0,54;Όχι
08/04/2024 18:15;0,442;Όχι
08/04/2024 18:30;0,346;Όχι
08/04/2024 18:45;0,261;Όχι
08/04/2024 19:00;0,177;Όχι
08/04/2024 19:15;0,103;Όχι
08/04/2024 19:30;0,048;Όχι
08/04/2024 19:45;0,016;Όχι
08/04/2024 20:00;0,002;Όχι
08/04/2024 20:15;0;Όχι
08/04/2024 20:30;0;Όχι
08/04/2024 20:45;0;Όχι
08/04/2024 21:00;0;Όχι
08/04/2024 21:15;0;Όχι
08/04/2024 21:30;0;Όχι
08/04/2024 21:45;0;Όχι
08/04/2024 22:00;0;Όχι
08/04/2024 22:15;0;Όχι
08/04/2024 22:30;0;Όχι
08/04/2024 22:45;0;Όχι
08/04/2024 23:00;0;Όχι
08/04/2024 23:15;0;Όχι
08/04/2024 23:30;0;Όχι
08/04/2024 23:45;0;Όχι
09/04/2024 00:00;0;Όχι
09/04/2024 00:15;0;Όχι
09/04/2024 00:30;0;Όχι
09/04/2024 00:45;0;Όχι
09/04/2024 01:00;0;Όχι
09/04/2024 01:15;0;Όχι
09/04/2024 01:30;0;Όχι
09/04/2024 01:45;0;Όχι
09/04/2024 02:00;0;Όχι
09/04/2024 02:15;0;Όχι
09/04/2024 02:30;0;Όχι
09/04/2024 02:45;0;Όχι
09/04/2024 03:00;0;Όχι
09/04/2024 03:15;0;Όχι
09/04/2024 03:30;0;Όχι
09/04/2024 03:45;0;Όχι
09/04/2024 04:00;0;Όχι
09/04/2024 04:15;0;Όχι
09/04/2024 04:30;0;Όχι
09/04/2024 04:45;0;Όχι
09/04/2024 05:00;0;Όχι
09/04/2024 05:15;0;Όχι
09/04/2024 05:30;0;Όχι
09/04/2024 05:45;0;Όχι
09/04/2024 06:00;0;Όχι
09/04/2024 06:15;0;Όχι
09/04/2024 06:30;0;Όχι
09/04/2024 06:45;0;Όχι
09/04/2024 07:00;0;Όχι
09/04/2024 07:15;0,003;Όχι
09/04/2024 07:30;0,018;Όχι
09/04/2024 07:45;0,05;Όχι
09/04/2024 08:00;0,107;Όχι
09/04/2024 08:15;0,183;Όχι
09/04/2024 08:30;0,269;Όχι
09/04/2024 08:45;0,346;Όχι
09/04/2024 09:00;0,433;Όχι
09/04/2024 09:15;0,53;Όχι
09/04/2024 09:30;0,624;Όχι
09/04/2024 09:45;0,715;Όχι
09/04/2024 10:00;0,8;Όχι
09/04/2024 10:15;0,878;Όχι
09/04/2024 10:30;0,951;Όχι
09/04/2024 10:45;1,012;Όχι
09/04/2024 11:00;1,088;Όχι
09/04/2024 11:15;1,146;Όχι
09/04/2024 11:30;1,207;Όχι
09/04/2024 11:45;1,269;Όχι
09/04/2024 12:00;1,315;Όχι
09/04/2024 12:15;1,358;Όχι
09/04/2024 12:30;1,375;Όχι
09/04/2024 12:45;1,403;Όχι
09/04/2024 13:00;1,445;Όχι
09/04/2024 13:15;1,447;Όχι
09/04/2024 13:30;1,446;Όχι
09/04/2024 13:45;1,458;Όχι
09/04/2024 14:00;1,456;Όχι
09/04/2024 14:15;1,43;Όχι
09/04/2024 14:30;1,417;Όχι
09/04/2024 14:45;1,389;Όχι
09/04/2024 15:00;1,366;Όχι
09/04/2024 15:15;1,348;Όχι
09/04/2024 15:30;1,308;Όχι
09/04/2024 15:45;1,261;Όχι
09/04/2024 16:00;1,215;Όχι
09/04/2024 16:15;1,163;Όχι
09/04/2024 16:30;1,09;Όχι
09/04/2024 16:45;1,016;Όχι
09/04/2024 17:00;0,932;Όχι
09/04/2024 17:15;0,844;Όχι
09/04/2024 17:30;0,75;Όχι
09/04/2024 17:45;0,651;Όχι
09/04/2024 18:00;0,546;Όχι
09/04/2024 18:15;0,445;Όχι
09/04/2024 18:30;0,35;Όχι
09/04/2024 18:45;0,254;Όχι
09/04/2024 19:00;0,17;Όχι
09/04/2024 19:15;0,101;Όχι
09/04/2024 19:30;0,049;Όχι
09/04/2024 19:45;0,015;Όχι
09/04/2024 20:00;0,002;Όχι
09/04/2024 20:15;0;Όχι
09/04/2024 20:30;0;Όχι
09/04/2024 20:45;0;Όχι
09/04/2024 21:00;0;Όχι
09/04/2024 21:15;0;Όχι
09/04/2024 21:30;0;Όχι
09/04/2024 21:45;0;Όχι
09/04/2024 22:00;0;Όχι
09/04/2024 22:15;0;Όχι
09/04/2024 22:30;0;Όχι
09/04/2024 22:45;0;Όχι
09/04/2024 23:00;0;Όχι
09/04/2024 23:15;0;Όχι
09/04/2024 23:30;0;Όχι
09/04/2024 23:45;0;Όχι
10/04/2024 00:00;0;Όχι
10/04/2024 00:15;0;Όχι
10/04/2024 00:30;0;Όχι
10/04/2024 00:45;0;Όχι
10/04/2024 01:00;0;Όχι
10/04/2024 01:15;0;Όχι
10/04/2024 01:30;0;Όχι
10/04/2024 01:45;0;Όχι
10/04/2024 02:00;0;Όχι
10/04/2024 02:15;0;Όχι
10/04/2024 02:30;0;Όχι
10/04/2024 02:45;0;Όχι
10/04/2024 03:00;0;Όχι
10/04/2024 03:15;0;Όχι
10/04/2024 03:30;0;Όχι
10/04/2024 03:45;0;Όχι
10/04/2024 04:00;0;Όχι
10/04/2024 04:15;0;Όχι
10/04/2024 04:30;0;Όχι
10/04/2024 04:45;0;Όχι
10/04/2024 05:00;0;Όχι
10/04/2024 05:15;0;Όχι
10/04/2024 05:30;0;Όχι
10/04/2024 05:45;0;Όχι
10/04/2024 06:00;0;Όχι
10/04/2024 06:15;0;Όχι
10/04/2024 06:30;0;Όχι
10/04/2024 06:45;0;Όχι
10/04/2024 07:00;0;Όχι
10/04/2024 07:15;0,004;Όχι
10/04/2024 07:30;0,02;Όχι
10/04/2024 07:45;0,049;Όχι
10/04/2024 08:00;0,106;Όχι
10/04/2024 08:15;0,17;Όχι
10/04/2024 08:30;0,267;Όχι
10/04/2024 08:45;0,346;Όχι
10/04/2024 09:00;0,43;Όχι
10/04/2024 09:15;0,519;Όχι
10/04/2024 09:30;0,613;Όχι
10/04/2024 09:45;0,699;Όχι
10/04/2024 10:00;0,786;Όχι
10/04/2024 10:15;0,866;Όχι
10/04/2024 10:30;0,941;Όχι
10/04/2024 10:45;1,008;Όχι
10/04/2024 11:00;1,078;Όχι
10/04/2024 11:15;1,137;Όχι
10/04/2024 11:30;1,194;Όχι
10/04/2024 11:45;1,247;Όχι
10/04/2024 12:00;1,308;Όχι
10/04/2024 12:15;1,335;Όχι
10/04/2024 12:30;1,374;Όχι
10/04/2024 12:45;1,423;Όχι
10/04/2024 13:00;1,443;Όχι
10/04/2024 13:15;1,453;Όχι
10/04/2024 13:30;1,458;Όχι
10/04/2024 13:45;1,462;Όχι
10/04/2024 14:00;1,456;Όχι
10/04/2024 14:15;1,441;Όχι
10/04/2024 14:30;1,424;Όχι
10/04/2024 14:45;1,399;Όχι
10/04/2024 15:00;1,37;Όχι
10/04/2024 15:15;1,328;Όχι
10/04/2024 15:30;1,287;Όχι
10/04/2024 15:45;1,242;Όχι
10/04/2024 16:00;1,189;Όχι
10/04/2024 16:15;1,127;Όχι
10/04/2024 16:30;1,062;Όχι
10/04/2024 16:45;0,991;Όχι
10/04/2024 17:00;0,911;Όχι
10/04/2024 17:15;0,824;Όχι
10/04/2024 17:30;0,736;Όχι
10/04/2024 17:45;0,642;Όχι
10/04/2024 18:00;0,542;Όχι
10/04/2024 18:15;0,449;Όχι
10/04/2024 18:30;0,352;Όχι
10/04/2024 18:45;0,258;Όχι
10/04/2024 19:00;0,15;Όχι
10/04/2024 19:15;0,1;Όχι
10/04/2024 19:30;0,046;Όχι
10/04/2024 19:45;0,01;Όχι
10/04/2024 20:00;0,001;Όχι
10/04/2024 20:15;0;Όχι
10/04/2024 20:30;0;Όχι
10/04/2024 20:45;0;Όχι
10/04/2024 21:00;0;Όχι
10/04/2024 21:15;0;Όχι
10/04/2024 21:30;0;Όχι
10/04/2024 21:45;0;Όχι
10/04/2024 22:00;0;Όχι
10/04/2024 22:15;0;Όχι
10/04/2024 22:30;0;Όχι
10/04/2024 22:45;0;Όχι
10/04/2024 23:00;0;Όχι
10/04/2024 23:15;0;Όχι
10/04/2024 23:30;0;Όχι
10/04/2024 23:45;0;Όχι
11/04/2024 00:00;0;Όχι
11/04/2024 00:15;0;Όχι
11/04/2024 00:30;0;Όχι
11/04/2024 00:45;0;Όχι
11/04/2024 01:00;0;Όχι
11/04/2024 01:15;0;Όχι
11/04/2024 01:30;0;Όχι
11/04/2024 01:45;0;Όχι
11/04/2024 02:00;0;Όχι
11/04/2024 02:15;0;Όχι
11/04/2024 02:30;0;Όχι
11/04/2024 02:45;0;Όχι
11/04/2024 03:00;0;Όχι
11/04/2024 03:15;0;Όχι
11/04/2024 03:30;0;Όχι
11/04/2024 03:45;0;Όχι
11/04/2024 04:00;0;Όχι
11/04/2024 04:15;0;Όχι
11/04/2024 04:30;0;Όχι
11/04/2024 04:45;0;Όχι
11/04/2024 05:00;0;Όχι
11/04/2024 05:15;0;Όχι
11/04/2024 05:30;0;Όχι
11/04/2024 05:45;0;Όχι
11/04/2024 06:00;0;Όχι
11/04/2024 06:15;0;Όχι
11/04/2024 06:30;0;Όχι
11/04/2024 06:45;0;Όχι
11/04/2024 07:00;0;Όχι
11/04/2024 07:15;0,005;Όχι
11/04/2024 07:30;0,023;Όχι
11/04/2024 07:45;0,056;Όχι
11/04/2024 08:00;0,113;Όχι
11/04/2024 08:15;0,186;Όχι
11/04/2024 08:30;0,258;Όχι
11/04/2024 08:45;0,332;Όχι
11/04/2024 09:00;0,42;Όχι
11/04/2024 09:15;0,515;Όχι
11/04/2024 09:30;0,606;Όχι
11/04/2024 09:45;0,692;Όχι
11/04/2024 10:00;0,773;Όχι
11/04/2024 10:15;0,852;Όχι
11/04/2024 10:30;0,921;Όχι
11/04/2024 10:45;0,987;Όχι
11/04/2024 11:00;1,047;Όχι
11/04/2024 11:15;1,103;Όχι
11/04/2024 11:30;1,153;Όχι
11/04/2024 11:45;1,196;Όχι
11/04/2024 12:00;1,239;Όχι
11/04/2024 12:15;1,27;Όχι
11/04/2024 12:30;1,294;Όχι
11/04/2024 12:45;1,322;Όχι
11/04/2024 13:00;1,357;Όχι
11/04/2024 13:15;1,376;Όχι
11/04/2024 13:30;1,368;Όχι
11/04/2024 13:45;1,355;Όχι
11/04/2024 14:00;1,347;Όχι
11/04/2024 14:15;1,334;Όχι
11/04/2024 14:30;1,329;Όχι
11/04/2024 14:45;1,298;Όχι
11/04/2024 15:00;1,286;Όχι
11/04/2024 15:15;1,295;Όχι
11/04/2024 15:30;1,26;Όχι
11/04/2024 15:45;1,219;Όχι
11/04/2024 16:00;1,167;Όχι
11/04/2024 16:15;1,106;Όχι
11/04/2024 16:30;1,034;Όχι
11/04/2024 16:45;0,96;Όχι
11/04/2024 17:00;0,885;Όχι
11/04/2024 17:15;0,804;Όχι
11/04/2024 17:30;0,715;Όχι
11/04/2024 17:45;0,623;Όχι
11/04/2024 18:00;0,525;Όχι
11/04/2024 18:15;0,426;Όχι
11/04/2024 18:30;0,333;Όχι
11/04/2024 18:45;0,243;Όχι
11/04/2024 19:00;0,165;Όχι
11/04/2024 19:15;0,101;Όχι
11/04/2024 19:30;0,053;Όχι
11/04/2024 19:45;0,022;Όχι
11/04/2024 20:00;0,004;Όχι
11/04/2024 20:15;0;Όχι
11/04/2024 20:30;0;Όχι
11/04/2024 20:45;0;Όχι
11/04/2024 21:00;0;Όχι
11/04/2024 21:15;0;Όχι
11/04/2024 21:30;0;Όχι
11/04/2024 21:45;0;Όχι
11/04/2024 22:00;0;Όχι
11/04/2024 22:15;0;Όχι
11/04/2024 22:30;0;Όχι
11/04/2024 22:45;0;Όχι
11/04/2024 23:00;0;Όχι
11/04/2024 23:15;0;Όχι
11/04/2024 23:30;0;Όχι
11/04/2024 23:45;0;Όχι
12/04/2024 00:00;0;Όχι
12/04/2024 00:15;0;Όχι
12/04/2024 00:30;0;Όχι
12/04/2024 00:45;0;Όχι
12/04/2024 01:00;0;Όχι
12/04/2024 01:15;0;Όχι
12/04/2024 01:30;0;Όχι
12/04/2024 01:45;0;Όχι
12/04/2024 02:00;0;Όχι
12/04/2024 02:15;0;Όχι
12/04/2024 02:30;0;Όχι
12/04/2024 02:45;0;Όχι
12/04/2024 03:00;0;Όχι
12/04/2024 03:15;0;Όχι
12/04/2024 03:30;0;Όχι
12/04/2024 03:45;0;Όχι
12/04/2024 04:00;0;Όχι
12/04/2024 04:15;0;Όχι
12/04/2024 04:30;0;Όχι
12/04/2024 04:45;0;Όχι
12/04/2024 05:00;0;Όχι
12/04/2024 05:15;0;Όχι
12/04/2024 05:30;0;Όχι
12/04/2024 05:45;0;Όχι
12/04/2024 06:00;0;Όχι
12/04/2024 06:15;0;Όχι
12/04/2024 06:30;0;Όχι
12/04/2024 06:45;0;Όχι
12/04/2024 07:00;0;Όχι
12/04/2024 07:15;0,004;Όχι
12/04/2024 07:30;0,024;Όχι
12/04/2024 07:45;0,055;Όχι
12/04/2024 08:00;0,1;Όχι
12/04/2024 08:15;0,153;Όχι
12/04/2024 08:30;0,221;Όχι
12/04/2024 08:45;0,3;Όχι
12/04/2024 09:00;0,381;Όχι
12/04/2024 09:15;0,472;Όχι
12/04/2024 09:30;0,563;Όχι
12/04/2024 09:45;0,653;Όχι
12/04/2024 10:00;0,736;Όχι
12/04/2024 10:15;0,816;Όχι
12/04/2024 10:30;0,899;Όχι
12/04/2024 10:45;0,977;Όχι
12/04/2024 11:00;1,047;Όχι
12/04/2024 11:15;1,106;Όχι
12/04/2024 11:30;1,16;Όχι
12/04/2024 11:45;1,196;Όχι
12/04/2024 12:00;1,23;Όχι
12/04/2024 12:15;1,256;Όχι
12/04/2024 12:30;1,281;Όχι
12/04/2024 12:45;1,305;Όχι
12/04/2024 13:00;1,322;Όχι
12/04/2024 13:15;1,317;Όχι
12/04/2024 13:30;1,327;Όχι
12/04/2024 13:45;1,326;Όχι
12/04/2024 14:00;1,306;Όχι
12/04/2024 14:15;1,311;Όχι
12/04/2024 14:30;1,272;Όχι
12/04/2024 14:45;1,236;Όχι
12/04/2024 15:00;1,222;Όχι
12/04/2024 15:15;1,189;Όχι
12/04/2024 15:30;1,154;Όχι
12/04/2024 15:45;1,107;Όχι
12/04/2024 16:00;0,995;Όχι
12/04/2024 16:15;0,995;Όχι
12/04/2024 16:30;0,947;Όχι
12/04/2024 16:45;0,879;Όχι
12/04/2024 17:00;0,804;Όχι
12/04/2024 17:15;0,715;Όχι
12/04/2024 17:30;0,629;Όχι
12/04/2024 17:45;0,55;Όχι
12/04/2024 18:00;0,465;Όχι
12/04/2024 18:15;0,387;Όχι
12/04/2024 18:30;0,299;Όχι
12/04/2024 18:45;0,218;Όχι
12/04/2024 19:00;0,155;Όχι
12/04/2024 19:15;0,096;Όχι
12/04/2024 19:30;0,055;Όχι
12/04/2024 19:45;0,025;Όχι
12/04/2024 20:00;0,004;Όχι
12/04/2024 20:15;0;Όχι
12/04/2024 20:30;0;Όχι
12/04/2024 20:45;0;Όχι
12/04/2024 21:00;0;Όχι
12/04/2024 21:15;0;Όχι
12/04/2024 21:30;0;Όχι
12/04/2024 21:45;0;Όχι
12/04/2024 22:00;0;Όχι
12/04/2024 22:15;0;Όχι
12/04/2024 22:30;0;Όχι
12/04/2024 22:45;0;Όχι
12/04/2024 23:00;0;Όχι
12/04/2024 23:15;0;Όχι
12/04/2024 23:30;0;Όχι
12/04/2024 23:45;0;Όχι
13/04/2024 00:00;0;Όχι
13/04/2024 00:15;0;Όχι
13/04/2024 00:30;0;Όχι
13/04/2024 00:45;0;Όχι
13/04/2024 01:00;0;Όχι
13/04/2024 01:15;0;Όχι
13/04/2024 01:30;0;Όχι
13/04/2024 01:45;0;Όχι
13/04/2024 02:00;0;Όχι
13/04/2024 02:15;0;Όχι
13/04/2024 02:30;0;Όχι
13/04/2024 02:45;0;Όχι
13/04/2024 03:00;0;Όχι
13/04/2024 03:15;0;Όχι
13/04/2024 03:30;0;Όχι
13/04/2024 03:45;0;Όχι
13/04/2024 04:00;0;Όχι
13/04/2024 04:15;0;Όχι
13/04/2024 04:30;0;Όχι
13/04/2024 04:45;0;Όχι
13/04/2024 05:00;0;Όχι
13/04/2024 05:15;0;Όχι
13/04/2024 05:30;0;Όχι
13/04/2024 05:45;0;Όχι
13/04/2024 06:00;0;Όχι
13/04/2024 06:15;0;Όχι
13/04/2024 06:30;0;Όχι
13/04/2024 06:45;0;Όχι
13/04/2024 07:00;0;Όχι
13/04/2024 07:15;0,008;Όχι
13/04/2024 07:30;0,027;Όχι
13/04/2024 07:45;0,054;Όχι
13/04/2024 08:00;0,096;Όχι
13/04/2024 08:15;0,152;Όχι
13/04/2024 08:30;0,221;Όχι
13/04/2024 08:45;0,298;Όχι
13/04/2024 09:00;0,38;Όχι
13/04/2024 09:15;0,467;Όχι
13/04/2024 09:30;0,552;Όχι
13/04/2024 09:45;0,635;Όχι
13/04/2024 10:00;0,722;Όχι
13/04/2024 10:15;0,805;Όχι
13/04/2024 10:30;0,884;Όχι
13/04/2024 10:45;0,953;Όχι
13/04/2024 11:00;1,02;Όχι
13/04/2024 11:15;1,07;Όχι
13/04/2024 11:30;1,118;Όχι
13/04/2024 11:45;1,163;Όχι
13/04/2024 12:00;1,196;Όχι
13/04/2024 12:15;1,231;Όχι
13/04/2024 12:30;1,261;Όχι
13/04/2024 12:45;1,291;Όχι
13/04/2024 13:00;1,318;Όχι
13/04/2024 13:15;1,309;Όχι
13/04/2024 13:30;1,302;Όχι
13/04/2024 13:45;1,304;Όχι
13/04/2024 14:00;1,303;Όχι
13/04/2024 14:15;1,283;Όχι
13/04/2024 14:30;1,276;Όχι
13/04/2024 14:45;1,235;Όχι
13/04/2024 15:00;1,221;Όχι
13/04/2024 15:15;1,188;Όχι
13/04/2024 15:30;1,16;Όχι
13/04/2024 15:45;1,117;Όχι
13/04/2024 16:00;1,059;Όχι
13/04/2024 16:15;1,004;Όχι
13/04/2024 16:30;0,945;Όχι
13/04/2024 16:45;0,861;Όχι
13/04/2024 17:00;0,788;Όχι
13/04/2024 17:15;0,715;Όχι
13/04/2024 17:30;0,633;Όχι
13/04/2024 17:45;0,565;Όχι
13/04/2024 18:00;0,498;Όχι
13/04/2024 18:15;0,378;Όχι
13/04/2024 18:30;0,251;Όχι
13/04/2024 18:45;0,195;Όχι
13/04/2024 19:00;0,195;Όχι
13/04/2024 19:15;0,101;Όχι
13/04/2024 19:30;0,047;Όχι
13/04/2024 19:45;0,03;Όχι
13/04/2024 20:00;0,008;Όχι
13/04/2024 20:15;0;Όχι
13/04/2024 20:30;0;Όχι
13/04/2024 20:45;0;Όχι
13/04/2024 21:00;0;Όχι
13/04/2024 21:15;0;Όχι
13/04/2024 21:30;0;Όχι
13/04/2024 21:45;0;Όχι
13/04/2024 22:00;0;Όχι
13/04/2024 22:15;0;Όχι
13/04/2024 22:30;0;Όχι
13/04/2024 22:45;0;Όχι
13/04/2024 23:00;0;Όχι
13/04/2024 23:15;0;Όχι
13/04/2024 23:30;0;Όχι
13/04/2024 23:45;0;Όχι
14/04/2024 00:00;0;Όχι
14/04/2024 00:15;0;Όχι
14/04/2024 00:30;0;Όχι
14/04/2024 00:45;0;Όχι
14/04/2024 01:00;0;Όχι
14/04/2024 01:15;0;Όχι
14/04/2024 01:30;0;Όχι
14/04/2024 01:45;0;Όχι
14/04/2024 02:00;0;Όχι
14/04/2024 02:15;0;Όχι
14/04/2024 02:30;0;Όχι
14/04/2024 02:45;0;Όχι
14/04/2024 03:00;0;Όχι
14/04/2024 03:15;0;Όχι
14/04/2024 03:30;0;Όχι
14/04/2024 03:45;0;Όχι
14/04/2024 04:00;0;Όχι
14/04/2024 04:15;0;Όχι
14/04/2024 04:30;0;Όχι
14/04/2024 04:45;0;Όχι
14/04/2024 05:00;0;Όχι
14/04/2024 05:15;0;Όχι
14/04/2024 05:30;0;Όχι
14/04/2024 05:45;0;Όχι
14/04/2024 06:00;0;Όχι
14/04/2024 06:15;0;Όχι
14/04/2024 06:30;0;Όχι
14/04/2024 06:45;0;Όχι
14/04/2024 07:00;0;Όχι
14/04/2024 07:15;0,007;Όχι
14/04/2024 07:30;0,025;Όχι
14/04/2024 07:45;0,056;Όχι
14/04/2024 08:00;0,108;Όχι
14/04/2024 08:15;0,172;Όχι
14/04/2024 08:30;0,241;Όχι
14/04/2024 08:45;0,322;Όχι
14/04/2024 09:00;0,415;Όχι
14/04/2024 09:15;0,506;Όχι
14/04/2024 09:30;0,597;Όχι
14/04/2024 09:45;0,686;Όχι
14/04/2024 10:00;0,765;Όχι
14/04/2024 10:15;0,841;Όχι
14/04/2024 10:30;0,921;Όχι
14/04/2024 10:45;0,995;Όχι
14/04/2024 11:00;1,071;Όχι
14/04/2024 11:15;1,126;Όχι
14/04/2024 11:30;1,176;Όχι
14/04/2024 11:45;1,231;Όχι
14/04/2024 12:00;1,27;Όχι
14/04/2024 12:15;1,308;Όχι
14/04/2024 12:30;1,322;Όχι
14/04/2024 12:45;1,342;Όχι
14/04/2024 13:00;1,355;Όχι
14/04/2024 13:15;1,374;Όχι
14/04/2024 13:30;1,385;Όχι
14/04/2024 13:45;1,383;Όχι
14/04/2024 14:00;1,361;Όχι
14/04/2024 14:15;1,336;Όχι
14/04/2024 14:30;1,311;Όχι
14/04/2024 14:45;1,299;Όχι
14/04/2024 15:00;1,27;Όχι
14/04/2024 15:15;1,225;Όχι
14/04/2024 15:30;1,197;Όχι
14/04/2024 15:45;1,144;Όχι
14/04/2024 16:00;1,105;Όχι
14/04/2024 16:15;1,047;Όχι
14/04/2024 16:30;0,986;Όχι
14/04/2024 16:45;0,919;Όχι
14/04/2024 17:00;0,847;Όχι
14/04/2024 17:15;0,764;Όχι
14/04/2024 17:30;0,677;Όχι
14/04/2024 17:45;0,604;Όχι
14/04/2024 18:00;0,519;Όχι
14/04/2024 18:15;0,428;Όχι
14/04/2024 18:30;0,335;Όχι
14/04/2024 18:45;0,249;Όχι
14/04/2024 19:00;0,169;Όχι
14/04/2024 19:15;0,103;Όχι
14/04/2024 19:30;0,057;Όχι
14/04/2024 19:45;0,024;Όχι
14/04/2024 20:00;0,007;Όχι
14/04/2024 20:15;0,001;Όχι
14/04/2024 20:30;0;Όχι
14/04/2024 20:45;0;Όχι
14/04/2024 21:00;0;Όχι
14/04/2024 21:15;0;Όχι
14/04/2024 21:30;0;Όχι
14/04/2024 21:45;0;Όχι
14/04/2024 22:00;0;Όχι
14/04/2024 22:15;0;Όχι
14/04/2024 22:30;0;Όχι
14/04/2024 22:45;0;Όχι
14/04/2024 23:00;0;Όχι
14/04/2024 23:15;0;Όχι
14/04/2024 23:30;0;Όχι
14/04/2024 23:45;0;Όχι
15/04/2024 00:00;0;Όχι
15/04/2024 00:15;0;Όχι
15/04/2024 00:30;0;Όχι
15/04/2024 00:45;0;Όχι
15/04/2024 01:00;0;Όχι
15/04/2024 01:15;0;Όχι
15/04/2024 01:30;0;Όχι
15/04/2024 01:45;0;Όχι
15/04/2024 02:00;0;Όχι
15/04/2024 02:15;0;Όχι
15/04/2024 02:30;0;Όχι
15/04/2024 02:45;0;Όχι
15/04/2024 03:00;0;Όχι
15/04/2024 03:15;0;Όχι
15/04/2024 03:30;0;Όχι
15/04/2024 03:45;0;Όχι
15/04/2024 04:00;0;Όχι
15/04/2024 04:15;0;Όχι
15/04/2024 04:30;0;Όχι
15/04/2024 04:45;0;Όχι
15/04/2024 05:00;0;Όχι
15/04/2024 05:15;0;Όχι
15/04/2024 05:30;0;Όχι
15/04/2024 05:45;0;Όχι
15/04/2024 06:00;0;Όχι
15/04/2024 06:15;0;Όχι
15/04/2024 06:30;0;Όχι
15/04/2024 06:45;0;Όχι
15/04/2024 07:00;0;Όχι
15/04/2024 07:15;0,012;Όχι
15/04/2024 07:30;0,032;Όχι
15/04/2024 07:45;0,071;Όχι
15/04/2024 08:00;0,126;Όχι
15/04/2024 08:15;0,19;Όχι
15/04/2024 08:30;0,256;Όχι
15/04/2024 08:45;0,338;Όχι
15/04/2024 09:00;0,428;Όχι
15/04/2024 09:15;0,518;Όχι
15/04/2024 09:30;0,604;Όχι
15/04/2024 09:45;0,684;Όχι
15/04/2024 10:00;0,764;Όχι
15/04/2024 10:15;0,84;Όχι
15/04/2024 10:30;0,908;Όχι
15/04/2024 10:45;0,972;Όχι
15/04/2024 11:00;1,029;Όχι
15/04/2024 11:15;1,087;Όχι
15/04/2024 11:30;1,145;Όχι
15/04/2024 11:45;1,183;Όχι
15/04/2024 12:00;1,234;Όχι
15/04/2024 12:15;1,266;Όχι
15/04/2024 12:30;1,315;Όχι
15/04/2024 12:45;1,336;Όχι
15/04/2024 13:00;1,355;Όχι
15/04/2024 13:15;1,363;Όχι
15/04/2024 13:30;1,373;Όχι
15/04/2024 13:45;1,387;Όχι
15/04/2024 14:00;1,382;Όχι
15/04/2024 14:15;1,369;Όχι
15/04/2024 14:30;1,364;Όχι
15/04/2024 14:45;1,341;Όχι
15/04/2024 15:00;1,304;Όχι
15/04/2024 15:15;1,269;Όχι
15/04/2024 15:30;1,219;Όχι
15/04/2024 15:45;1,172;Όχι
15/04/2024 16:00;1,123;Όχι
15/04/2024 16:15;0,736;Όχι
15/04/2024 16:30;0,894;Όχι
15/04/2024 16:45;0,883;Όχι
15/04/2024 17:00;0,676;Όχι
15/04/2024 17:15;0,35;Όχι
15/04/2024 17:30;0,286;Όχι
15/04/2024 17:45;0,311;Όχι
15/04/2024 18:00;0,311;Όχι
15/04/2024 18:15;0,319;Όχι
15/04/2024 18:30;0,22;Όχι
15/04/2024 18:45;0,269;Όχι
15/04/2024 19:00;0,192;Όχι
15/04/2024 19:15;0,149;Όχι
15/04/2024 19:30;0,081;Όχι
15/04/2024 19:45;0,03;Όχι
15/04/2024 20:00;0,006;Όχι
15/04/2024 20:15;0;Όχι
15/04/2024 20:30;0;Όχι
15/04/2024 20:45;0;Όχι
15/04/2024 21:00;0;Όχι
15/04/2024 21:15;0;Όχι
15/04/2024 21:30;0;Όχι
15/04/2024 21:45;0;Όχι
15/04/2024 22:00;0;Όχι
15/04/2024 22:15;0;Όχι
15/04/2024 22:30;0;Όχι
15/04/2024 22:45;0;Όχι
15/04/2024 23:00;0;Όχι
15/04/2024 23:15;0;Όχι
15/04/2024 23:30;0;Όχι
15/04/2024 23:45;0;Όχι
16/04/2024 00:00;0;Όχι
16/04/2024 00:15;0;Όχι
16/04/2024 00:30;0;Όχι
16/04/2024 00:45;0;Όχι
16/04/2024 01:00;0;Όχι
16/04/2024 01:15;0;Όχι
16/04/2024 01:30;0;Όχι
16/04/2024 01:45;0;Όχι
16/04/2024 02:00;0;Όχι
16/04/2024 02:15;0;Όχι
16/04/2024 02:30;0;Όχι
16/04/2024 02:45;0;Όχι
16/04/2024 03:00;0;Όχι
16/04/2024 03:15;0;Όχι
16/04/2024 03:30;0;Όχι
16/04/2024 03:45;0;Όχι
16/04/2024 04:00;0;Όχι
16/04/2024 04:15;0;Όχι
16/04/2024 04:30;0;Όχι
16/04/2024 04:45;0;Όχι
16/04/2024 05:00;0;Όχι
16/04/2024 05:15;0;Όχι
16/04/2024 05:30;0;Όχι
16/04/2024 05:45;0;Όχι
16/04/2024 06:00;0;Όχι
16/04/2024 06:15;0;Όχι
16/04/2024 06:30;0;Όχι
16/04/2024 06:45;0;Όχι
16/04/2024 07:00;0;Όχι
16/04/2024 07:15;0,011;Όχι
16/04/2024 07:30;0,037;Όχι
16/04/2024 07:45;0,076;Όχι
16/04/2024 08:00;0,125;Όχι
16/04/2024 08:15;0,228;Όχι
16/04/2024 08:30;0,267;Όχι
16/04/2024 08:45;0,278;Όχι
16/04/2024 09:00;0,329;Όχι
16/04/2024 09:15;0,356;Όχι
16/04/2024 09:30;0,522;Όχι
16/04/2024 09:45;0,4;Όχι
16/04/2024 10:00;0,474;Όχι
16/04/2024 10:15;0,619;Όχι
16/04/2024 10:30;0,627;Όχι
16/04/2024 10:45;0,59;Όχι
16/04/2024 11:00;0,556;Όχι
16/04/2024 11:15;0,482;Όχι
16/04/2024 11:30;0,881;Όχι
16/04/2024 11:45;0,974;Όχι
16/04/2024 12:00;0,779;Όχι
16/04/2024 12:15;1,155;Όχι
16/04/2024 12:30;0,733;Όχι
16/04/2024 12:45;1,122;Όχι
16/04/2024 13:00;1,104;Όχι
16/04/2024 13:15;0,766;Όχι
16/04/2024 13:30;0,667;Όχι
16/04/2024 13:45;0,524;Όχι
16/04/2024 14:00;0,428;Όχι
16/04/2024 14:15;0,447;Όχι
16/04/2024 14:30;0,375;Όχι
16/04/2024 14:45;0,447;Όχι
16/04/2024 15:00;0,412;Όχι
16/04/2024 15:15;0,508;Όχι
16/04/2024 15:30;0,406;Όχι
16/04/2024 15:45;0,504;Όχι
16/04/2024 16:00;0,644;Όχι
16/04/2024 16:15;0,524;Όχι
16/04/2024 16:30;0,549;Όχι
16/04/2024 16:45;0,415;Όχι
16/04/2024 17:00;0,406;Όχι
16/04/2024 17:15;0,433;Όχι
16/04/2024 17:30;0,357;Όχι
16/04/2024 17:45;0,266;Όχι
16/04/2024 18:00;0,367;Όχι
16/04/2024 18:15;0,266;Όχι
16/04/2024 18:30;0,135;Όχι
16/04/2024 18:45;0,092;Όχι
16/04/2024 19:00;0,048;Όχι
16/04/2024 19:15;0,026;Όχι
16/04/2024 19:30;0,011;Όχι
16/04/2024 19:45;0,003;Όχι
16/04/2024 20:00;0,001;Όχι
16/04/2024 20:15;0;Όχι
16/04/2024 20:30;0;Όχι
16/04/2024 20:45;0;Όχι
16/04/2024 21:00;0;Όχι
16/04/2024 21:15;0;Όχι
16/04/2024 21:30;0;Όχι
16/04/2024 21:45;0;Όχι
16/04/2024 22:00;0;Όχι
16/04/2024 22:15;0;Όχι
16/04/2024 22:30;0;Όχι
16/04/2024 22:45;0;Όχι
16/04/2024 23:00;0;Όχι
16/04/2024 23:15;0;Όχι
16/04/2024 23:30;0;Όχι
16/04/2024 23:45;0;Όχι
17/04/2024 00:00;0;Όχι
17/04/2024 00:15;0;Όχι
17/04/2024 00:30;0;Όχι
17/04/2024 00:45;0;Όχι
17/04/2024 01:00;0;Όχι
17/04/2024 01:15;0;Όχι
17/04/2024 01:30;0;Όχι
17/04/2024 01:45;0;Όχι
17/04/2024 02:00;0;Όχι
17/04/2024 02:15;0;Όχι
17/04/2024 02:30;0;Όχι
17/04/2024 02:45;0;Όχι
17/04/2024 03:00;0;Όχι
17/04/2024 03:15;0;Όχι
17/04/2024 03:30;0;Όχι
17/04/2024 03:45;0;Όχι
17/04/2024 04:00;0;Όχι
17/04/2024 04:15;0;Όχι
17/04/2024 04:30;0;Όχι
17/04/2024 04:45;0;Όχι
17/04/2024 05:00;0;Όχι
17/04/2024 05:15;0;Όχι
17/04/2024 05:30;0;Όχι
17/04/2024 05:45;0;Όχι
17/04/2024 06:00;0;Όχι
17/04/2024 06:15;0;Όχι
17/04/2024 06:30;0;Όχι
17/04/2024 06:45;0;Όχι
17/04/2024 07:00;0;Όχι
17/04/2024 07:15;0,012;Όχι
17/04/2024 07:30;0,033;Όχι
17/04/2024 07:45;0,051;Όχι
17/04/2024 08:00;0,071;Όχι
17/04/2024 08:15;0,107;Όχι
17/04/2024 08:30;0,133;Όχι
17/04/2024 08:45;0,17;Όχι
17/04/2024 09:00;0,289;Όχι
17/04/2024 09:15;0,36;Όχι
17/04/2024 09:30;0,235;Όχι
17/04/2024 09:45;0,284;Όχι
17/04/2024 10:00;0,619;Όχι
17/04/2024 10:15;0,817;Όχι
17/04/2024 10:30;0,807;Όχι
17/04/2024 10:45;0,814;Όχι
17/04/2024 11:00;0,76;Όχι
17/04/2024 11:15;0,932;Όχι
17/04/2024 11:30;0,707;Όχι
17/04/2024 11:45;1,113;Όχι
17/04/2024 12:00;0,543;Όχι
17/04/2024 12:15;0,621;Όχι
17/04/2024 12:30;0,968;Όχι
17/04/2024 12:45;1,434;Όχι
17/04/2024 13:00;1,25;Όχι
17/04/2024 13:15;1,133;Όχι
17/04/2024 13:30;1,281;Όχι
17/04/2024 13:45;1,153;Όχι
17/04/2024 14:00;1,168;Όχι
17/04/2024 14:15;0,237;Όχι
17/04/2024 14:30;0,307;Όχι
17/04/2024 14:45;0,585;Όχι
17/04/2024 15:00;0,292;Όχι
17/04/2024 15:15;0,289;Όχι
17/04/2024 15:30;0,762;Όχι
17/04/2024 15:45;0,251;Όχι
17/04/2024 16:00;0,095;Όχι
17/04/2024 16:15;0,043;Όχι
17/04/2024 16:30;0,016;Όχι
17/04/2024 16:45;0,231;Όχι
17/04/2024 17:00;0,775;Όχι
17/04/2024 17:15;0,63;Όχι
17/04/2024 17:30;0,259;Όχι
17/04/2024 17:45;0,725;Όχι
17/04/2024 18:00;0,299;Όχι
17/04/2024 18:15;0,096;Όχι
17/04/2024 18:30;0,064;Όχι
17/04/2024 18:45;0,21;Όχι
17/04/2024 19:00;0,167;Όχι
17/04/2024 19:15;0,107;Όχι
17/04/2024 19:30;0,043;Όχι
17/04/2024 19:45;0,005;Όχι
17/04/2024 20:00;0,001;Όχι
17/04/2024 20:15;0;Όχι
17/04/2024 20:30;0;Όχι
17/04/2024 20:45;0;Όχι
17/04/2024 21:00;0;Όχι
17/04/2024 21:15;0;Όχι
17/04/2024 21:30;0;Όχι
17/04/2024 21:45;0;Όχι
17/04/2024 22:00;0;Όχι
17/04/2024 22:15;0;Όχι
17/04/2024 22:30;0;Όχι
17/04/2024 22:45;0;Όχι
17/04/2024 23:00;0;Όχι
17/04/2024 23:15;0;Όχι
17/04/2024 23:30;0;Όχι
17/04/2024 23:45;0;Όχι
18/04/2024 00:00;0;Όχι
18/04/2024 00:15;0;Όχι
18/04/2024 00:30;0;Όχι
18/04/2024 00:45;0;Όχι
18/04/2024 01:00;0;Όχι
18/04/2024 01:15;0;Όχι
18/04/2024 01:30;0;Όχι
18/04/2024 01:45;0;Όχι
18/04/2024 02:00;0;Όχι
18/04/2024 02:15;0;Όχι
18/04/2024 02:30;0;Όχι
18/04/2024 02:45;0;Όχι
18/04/2024 03:00;0;Όχι
18/04/2024 03:15;0;Όχι
18/04/2024 03:30;0;Όχι
18/04/2024 03:45;0;Όχι
18/04/2024 04:00;0;Όχι
18/04/2024 04:15;0;Όχι
18/04/2024 04:30;0;Όχι
18/04/2024 04:45;0;Όχι
18/04/2024 05:00;0;Όχι
18/04/2024 05:15;0;Όχι
18/04/2024 05:30;0;Όχι
18/04/2024 05:45;0;Όχι
18/04/2024 06:00;0;Όχι
18/04/2024 06:15;0;Όχι
18/04/2024 06:30;0;Όχι
18/04/2024 06:45;0;Όχι
18/04/2024 07:00;0,001;Όχι
18/04/2024 07:15;0,021;Όχι
18/04/2024 07:30;0,027;Όχι
18/04/2024 07:45;0,057;Όχι
18/04/2024 08:00;0,129;Όχι
18/04/2024 08:15;0,209;Όχι
18/04/2024 08:30;0,301;Όχι
18/04/2024 08:45;0,4;Όχι
18/04/2024 09:00;0,508;Όχι
18/04/2024 09:15;0,614;Όχι
18/04/2024 09:30;0,71;Όχι
18/04/2024 09:45;0,808;Όχι
18/04/2024 10:00;0,903;Όχι
18/04/2024 10:15;0,991;Όχι
18/04/2024 10:30;1,074;Όχι
18/04/2024 10:45;1,151;Όχι
18/04/2024 11:00;1,224;Όχι
18/04/2024 11:15;1,279;Όχι
18/04/2024 11:30;1,33;Όχι
18/04/2024 11:45;1,383;Όχι
18/04/2024 12:00;1,445;Όχι
18/04/2024 12:15;1,455;Όχι
18/04/2024 12:30;1,482;Όχι
18/04/2024 12:45;1,517;Όχι
18/04/2024 13:00;1,339;Όχι
18/04/2024 13:15;0,469;Όχι
18/04/2024 13:30;0,492;Όχι
18/04/2024 13:45;1,182;Όχι
18/04/2024 14:00;1,023;Όχι
18/04/2024 14:15;1,667;Όχι
18/04/2024 14:30;1,357;Όχι
18/04/2024 14:45;1,224;Όχι
18/04/2024 15:00;1,456;Όχι
18/04/2024 15:15;1,401;Όχι
18/04/2024 15:30;1,35;Όχι
18/04/2024 15:45;1,231;Όχι
18/04/2024 16:00;1,263;Όχι
18/04/2024 16:15;1,18;Όχι
18/04/2024 16:30;1,107;Όχι
18/04/2024 16:45;0,928;Όχι
18/04/2024 17:00;0,319;Όχι
18/04/2024 17:15;0,215;Όχι
18/04/2024 17:30;0,273;Όχι
18/04/2024 17:45;0,193;Όχι
18/04/2024 18:00;0,173;Όχι
18/04/2024 18:15;0,134;Όχι
18/04/2024 18:30;0,116;Όχι
18/04/2024 18:45;0,116;Όχι
18/04/2024 19:00;0,137;Όχι
18/04/2024 19:15;0,061;Όχι
18/04/2024 19:30;0,027;Όχι
18/04/2024 19:45;0,019;Όχι
18/04/2024 20:00;0,005;Όχι
18/04/2024 20:15;0;Όχι
18/04/2024 20:30;0;Όχι
18/04/2024 20:45;0;Όχι
18/04/2024 21:00;0;Όχι
18/04/2024 21:15;0;Όχι
18/04/2024 21:30;0;Όχι
18/04/2024 21:45;0;Όχι
18/04/2024 22:00;0;Όχι
18/04/2024 22:15;0;Όχι
18/04/2024 22:30;0;Όχι
18/04/2024 22:45;0;Όχι
18/04/2024 23:00;0;Όχι
18/04/2024 23:15;0;Όχι
18/04/2024 23:30;0;Όχι
18/04/2024 23:45;0;Όχι
19/04/2024 00:00;0;Όχι
19/04/2024 00:15;0;Όχι
19/04/2024 00:30;0;Όχι
19/04/2024 00:45;0;Όχι
19/04/2024 01:00;0;Όχι
19/04/2024 01:15;0;Όχι
19/04/2024 01:30;0;Όχι
19/04/2024 01:45;0;Όχι
19/04/2024 02:00;0;Όχι
19/04/2024 02:15;0;Όχι
19/04/2024 02:30;0;Όχι
19/04/2024 02:45;0;Όχι
19/04/2024 03:00;0;Όχι
19/04/2024 03:15;0;Όχι
19/04/2024 03:30;0;Όχι
19/04/2024 03:45;0;Όχι
19/04/2024 04:00;0;Όχι
19/04/2024 04:15;0;Όχι
19/04/2024 04:30;0;Όχι
19/04/2024 04:45;0;Όχι
19/04/2024 05:00;0;Όχι
19/04/2024 05:15;0;Όχι
19/04/2024 05:30;0;Όχι
19/04/2024 05:45;0;Όχι
19/04/2024 06:00;0;Όχι
19/04/2024 06:15;0;Όχι
19/04/2024 06:30;0;Όχι
19/04/2024 06:45;0;Όχι
19/04/2024 07:00;0;Όχι
19/04/2024 07:15;0,004;Όχι
19/04/2024 07:30;0,026;Όχι
19/04/2024 07:45;0,045;Όχι
19/04/2024 08:00;0,093;Όχι
19/04/2024 08:15;0,169;Όχι
19/04/2024 08:30;0,287;Όχι
19/04/2024 08:45;0,23;Όχι
19/04/2024 09:00;0,318;Όχι
19/04/2024 09:15;0,575;Όχι
19/04/2024 09:30;0,707;Όχι
19/04/2024 09:45;0,799;Όχι
19/04/2024 10:00;0,891;Όχι
19/04/2024 10:15;0,98;Όχι
19/04/2024 10:30;1,059;Όχι
19/04/2024 10:45;0,968;Όχι
19/04/2024 11:00;1,137;Όχι
19/04/2024 11:15;1,241;Όχι
19/04/2024 11:30;1,272;Όχι
19/04/2024 11:45;1,06;Όχι
19/04/2024 12:00;1,261;Όχι
19/04/2024 12:15;1,122;Όχι
19/04/2024 12:30;1,054;Όχι
19/04/2024 12:45;1,208;Όχι
19/04/2024 13:00;0,965;Όχι
19/04/2024 13:15;0,861;Όχι
19/04/2024 13:30;1,174;Όχι
19/04/2024 13:45;0,831;Όχι
19/04/2024 14:00;1,28;Όχι
19/04/2024 14:15;0,778;Όχι
19/04/2024 14:30;0,746;Όχι
19/04/2024 14:45;0,584;Όχι
19/04/2024 15:00;0,64;Όχι
19/04/2024 15:15;1,301;Όχι
19/04/2024 15:30;0,89;Όχι
19/04/2024 15:45;0,401;Όχι
19/04/2024 16:00;0,413;Όχι
19/04/2024 16:15;0,442;Όχι
19/04/2024 16:30;0,397;Όχι
19/04/2024 16:45;0,344;Όχι
19/04/2024 17:00;0,128;Όχι
19/04/2024 17:15;0,063;Όχι
19/04/2024 17:30;0,094;Όχι
19/04/2024 17:45;0,148;Όχι
19/04/2024 18:00;0,114;Όχι
19/04/2024 18:15;0,09;Όχι
19/04/2024 18:30;0,079;Όχι
19/04/2024 18:45;0,062;Όχι
19/04/2024 19:00;0,025;Όχι
19/04/2024 19:15;0,014;Όχι
19/04/2024 19:30;0,006;Όχι
19/04/2024 19:45;0,001;Όχι
19/04/2024 20:00;0;Όχι
19/04/2024 20:15;0;Όχι
19/04/2024 20:30;0;Όχι
19/04/2024 20:45;0;Όχι
19/04/2024 21:00;0;Όχι
19/04/2024 21:15;0;Όχι
19/04/2024 21:30;0;Όχι
19/04/2024 21:45;0;Όχι
19/04/2024 22:00;0;Όχι
19/04/2024 22:15;0;Όχι
19/04/2024 22:30;0;Όχι
19/04/2024 22:45;0;Όχι
19/04/2024 23:00;0;Όχι
19/04/2024 23:15;0;Όχι
19/04/2024 23:30;0;Όχι
19/04/2024 23:45;0;Όχι
20/04/2024 00:00;0;Όχι
20/04/2024 00:15;0;Όχι
20/04/2024 00:30;0;Όχι
20/04/2024 00:45;0;Όχι
20/04/2024 01:00;0;Όχι
20/04/2024 01:15;0;Όχι
20/04/2024 01:30;0;Όχι
20/04/2024 01:45;0;Όχι
20/04/2024 02:00;0;Όχι
20/04/2024 02:15;0;Όχι
20/04/2024 02:30;0;Όχι
20/04/2024 02:45;0;Όχι
20/04/2024 03:00;0;Όχι
20/04/2024 03:15;0;Όχι
20/04/2024 03:30;0;Όχι
20/04/2024 03:45;0;Όχι
20/04/2024 04:00;0;Όχι
20/04/2024 04:15;0;Όχι
20/04/2024 04:30;0;Όχι
20/04/2024 04:45;0;Όχι
20/04/2024 05:00;0;Όχι
20/04/2024 05:15;0;Όχι
20/04/2024 05:30;0;Όχι
20/04/2024 05:45;0;Όχι
20/04/2024 06:00;0;Όχι
20/04/2024 06:15;0;Όχι
20/04/2024 06:30;0;Όχι
20/04/2024 06:45;0;Όχι
20/04/2024 07:00;0,001;Όχι
20/04/2024 07:15;0,014;Όχι
20/04/2024 07:30;0,025;Όχι
20/04/2024 07:45;0,034;Όχι
20/04/2024 08:00;0,042;Όχι
20/04/2024 08:15;0,104;Όχι
20/04/2024 08:30;0,163;Όχι
20/04/2024 08:45;0,231;Όχι
20/04/2024 09:00;0,219;Όχι
20/04/2024 09:15;0,332;Όχι
20/04/2024 09:30;0,3;Όχι
20/04/2024 09:45;0,579;Όχι
20/04/2024 10:00;0,731;Όχι
20/04/2024 10:15;0,797;Όχι
20/04/2024 10:30;1,099;Όχι
20/04/2024 10:45;1,213;Όχι
20/04/2024 11:00;1,206;Όχι
20/04/2024 11:15;1,249;Όχι
20/04/2024 11:30;1,298;Όχι
20/04/2024 11:45;1,334;Όχι
20/04/2024 12:00;1,364;Όχι
20/04/2024 12:15;1,384;Όχι
20/04/2024 12:30;1,408;Όχι
20/04/2024 12:45;1,434;Όχι
20/04/2024 13:00;1,45;Όχι
20/04/2024 13:15;1,451;Όχι
20/04/2024 13:30;1,468;Όχι
20/04/2024 13:45;1,452;Όχι
20/04/2024 14:00;1,462;Όχι
20/04/2024 14:15;1,442;Όχι
20/04/2024 14:30;1,427;Όχι
20/04/2024 14:45;1,4;Όχι
20/04/2024 15:00;1,362;Όχι
20/04/2024 15:15;1,323;Όχι
20/04/2024 15:30;1,292;Όχι
20/04/2024 15:45;1,291;Όχι
20/04/2024 16:00;1,051;Όχι
20/04/2024 16:15;0,6;Όχι
20/04/2024 16:30;1,039;Όχι
20/04/2024 16:45;1,076;Όχι
20/04/2024 17:00;0,973;Όχι
20/04/2024 17:15;0,343;Όχι
20/04/2024 17:30;0,276;Όχι
20/04/2024 17:45;0,715;Όχι
20/04/2024 18:00;0,323;Όχι
20/04/2024 18:15;0,503;Όχι
20/04/2024 18:30;0,305;Όχι
20/04/2024 18:45;0,137;Όχι
20/04/2024 19:00;0,13;Όχι
20/04/2024 19:15;0,094;Όχι
20/04/2024 19:30;0,014;Όχι
20/04/2024 19:45;0,003;Όχι
20/04/2024 20:00;0;Όχι
20/04/2024 20:15;0;Όχι
20/04/2024 20:30;0;Όχι
20/04/2024 20:45;0;Όχι
20/04/2024 21:00;0;Όχι
20/04/2024 21:15;0;Όχι
20/04/2024 21:30;0;Όχι
20/04/2024 21:45;0;Όχι
20/04/2024 22:00;0;Όχι
20/04/2024 22:15;0;Όχι
20/04/2024 22:30;0;Όχι
20/04/2024 22:45;0;Όχι
20/04/2024 23:00;0;Όχι
20/04/2024 23:15;0;Όχι
20/04/2024 23:30;0;Όχι
20/04/2024 23:45;0;Όχι
21/04/2024 00:00;0;Όχι
21/04/2024 00:15;0;Όχι
21/04/2024 00:30;0;Όχι
21/04/2024 00:45;0;Όχι
21/04/2024 01:00;0;Όχι
21/04/2024 01:15;0;Όχι
21/04/2024 01:30;0;Όχι
21/04/2024 01:45;0;Όχι
21/04/2024 02:00;0;Όχι
21/04/2024 02:15;0;Όχι
21/04/2024 02:30;0;Όχι
21/04/2024 02:45;0;Όχι
21/04/2024 03:00;0;Όχι
21/04/2024 03:15;0;Όχι
21/04/2024 03:30;0;Όχι
21/04/2024 03:45;0;Όχι
21/04/2024 04:00;0;Όχι
21/04/2024 04:15;0;Όχι
21/04/2024 04:30;0;Όχι
21/04/2024 04:45;0;Όχι
21/04/2024 05:00;0;Όχι
21/04/2024 05:15;0;Όχι
21/04/2024 05:30;0;Όχι
21/04/2024 05:45;0;Όχι
21/04/2024 06:00;0;Όχι
21/04/2024 06:15;0;Όχι
21/04/2024 06:30;0;Όχι
21/04/2024 06:45;0;Όχι
21/04/2024 07:00;0,005;Όχι
21/04/2024 07:15;0,022;Όχι
21/04/2024 07:30;0,052;Όχι
21/04/2024 07:45;0,106;Όχι
21/04/2024 08:00;0,159;Όχι
21/04/2024 08:15;0,228;Όχι
21/04/2024 08:30;0,209;Όχι
21/04/2024 08:45;0,317;Όχι
21/04/2024 09:00;0,474;Όχι
21/04/2024 09:15;0,309;Όχι
21/04/2024 09:30;0,549;Όχι
21/04/2024 09:45;0,313;Όχι
21/04/2024 10:00;0,782;Όχι
21/04/2024 10:15;1,008;Όχι
21/04/2024 10:30;0,999;Όχι
21/04/2024 10:45;0,588;Όχι
21/04/2024 11:00;0,637;Όχι
21/04/2024 11:15;0,64;Όχι
21/04/2024 11:30;1,263;Όχι
21/04/2024 11:45;1,37;Όχι
21/04/2024 12:00;1,038;Όχι
21/04/2024 12:15;1,095;Όχι
21/04/2024 12:30;1,64;Όχι
21/04/2024 12:45;1,236;Όχι
21/04/2024 13:00;0,94;Όχι
21/04/2024 13:15;0,829;Όχι
21/04/2024 13:30;0,377;Όχι
21/04/2024 13:45;0,373;Όχι
21/04/2024 14:00;0,565;Όχι
21/04/2024 14:15;0,476;Όχι
21/04/2024 14:30;0,469;Όχι
21/04/2024 14:45;0,338;Όχι
21/04/2024 15:00;0,26;Όχι
21/04/2024 15:15;0,524;Όχι
21/04/2024 15:30;0,322;Όχι
21/04/2024 15:45;0,276;Όχι
21/04/2024 16:00;0,176;Όχι
21/04/2024 16:15;0,102;Όχι
21/04/2024 16:30;0,069;Όχι
21/04/2024 16:45;0,008;Όχι
21/04/2024 17:00;0,024;Όχι
21/04/2024 17:15;0,012;Όχι
21/04/2024 17:30;0,014;Όχι
21/04/2024 17:45;0,035;Όχι
21/04/2024 18:00;0,066;Όχι
21/04/2024 18:15;0,147;Όχι
21/04/2024 18:30;0,438;Όχι
21/04/2024 18:45;0,432;Όχι
21/04/2024 19:00;0,16;Όχι
21/04/2024 19:15;0,149;Όχι
21/04/2024 19:30;0,073;Όχι
21/04/2024 19:45;0,032;Όχι
21/04/2024 20:00;0,012;Όχι
21/04/2024 20:15;0,002;Όχι
21/04/2024 20:30;0;Όχι
21/04/2024 20:45;0;Όχι
21/04/2024 21:00;0;Όχι
21/04/2024 21:15;0;Όχι
21/04/2024 21:30;0;Όχι
21/04/2024 21:45;0;Όχι
21/04/2024 22:00;0;Όχι
21/04/2024 22:15;0;Όχι
21/04/2024 22:30;0;Όχι
21/04/2024 22:45;0;Όχι
21/04/2024 23:00;0;Όχι
21/04/2024 23:15;0;Όχι
21/04/2024 23:30;0;Όχι
21/04/2024 23:45;0;Όχι
22/04/2024 00:00;0;Όχι
22/04/2024 00:15;0;Όχι
22/04/2024 00:30;0;Όχι
22/04/2024 00:45;0;Όχι
22/04/2024 01:00;0;Όχι
22/04/2024 01:15;0;Όχι
22/04/2024 01:30;0;Όχι
22/04/2024 01:45;0;Όχι
22/04/2024 02:00;0;Όχι
22/04/2024 02:15;0;Όχι
22/04/2024 02:30;0;Όχι
22/04/2024 02:45;0;Όχι
22/04/2024 03:00;0;Όχι
22/04/2024 03:15;0;Όχι
22/04/2024 03:30;0;Όχι
22/04/2024 03:45;0;Όχι
22/04/2024 04:00;0;Όχι
22/04/2024 04:15;0;Όχι
22/04/2024 04:30;0;Όχι
22/04/2024 04:45;0;Όχι
22/04/2024 05:00;0;Όχι
22/04/2024 05:15;0;Όχι
22/04/2024 05:30;0;Όχι
22/04/2024 05:45;0;Όχι
22/04/2024 06:00;0;Όχι
22/04/2024 06:15;0;Όχι
22/04/2024 06:30;0;Όχι
22/04/2024 06:45;0;Όχι
22/04/2024 07:00;0,008;Όχι
22/04/2024 07:15;0,031;Όχι
22/04/2024 07:30;0,062;Όχι
22/04/2024 07:45;0,105;Όχι
22/04/2024 08:00;0,179;Όχι
22/04/2024 08:15;0,264;Όχι
22/04/2024 08:30;0,312;Όχι
22/04/2024 08:45;0,343;Όχι
22/04/2024 09:00;0,325;Όχι
22/04/2024 09:15;0,364;Όχι
22/04/2024 09:30;0,453;Όχι
22/04/2024 09:45;0,483;Όχι
22/04/2024 10:00;0,622;Όχι
22/04/2024 10:15;0,721;Όχι
22/04/2024 10:30;0,932;Όχι
22/04/2024 10:45;1,023;Όχι
22/04/2024 11:00;1,209;Όχι
22/04/2024 11:15;1,001;Όχι
22/04/2024 11:30;0,774;Όχι
22/04/2024 11:45;0,851;Όχι
22/04/2024 12:00;0,875;Όχι
22/04/2024 12:15;0,804;Όχι
22/04/2024 12:30;0,709;Όχι
22/04/2024 12:45;0,897;Όχι
22/04/2024 13:00;0,917;Όχι
22/04/2024 13:15;1,111;Όχι
22/04/2024 13:30;0,892;Όχι
22/04/2024 13:45;0,713;Όχι
22/04/2024 14:00;0,544;Όχι
22/04/2024 14:15;0,429;Όχι
22/04/2024 14:30;0,446;Όχι
22/04/2024 14:45;0,399;Όχι
22/04/2024 15:00;0,43;Όχι
22/04/2024 15:15;0,579;Όχι
22/04/2024 15:30;0,446;Όχι
22/04/2024 15:45;0,553;Όχι
22/04/2024 16:00;0,432;Όχι
22/04/2024 16:15;0,271;Όχι
22/04/2024 16:30;0,263;Όχι
22/04/2024 16:45;0,288;Όχι
22/04/2024 17:00;0,24;Όχι
22/04/2024 17:15;0,201;Όχι
22/04/2024 17:30;0,154;Όχι
22/04/2024 17:45;0,131;Όχι
22/04/2024 18:00;0,126;Όχι
22/04/2024 18:15;0,106;Όχι
22/04/2024 18:30;0,063;Όχι
22/04/2024 18:45;0,032;Όχι
22/04/2024 19:00;0,025;Όχι
22/04/2024 19:15;0,013;Όχι
22/04/2024 19:30;0,004;Όχι
22/04/2024 19:45;0,003;Όχι
22/04/2024 20:00;0,002;Όχι
22/04/2024 20:15;0;Όχι
22/04/2024 20:30;0;Όχι
22/04/2024 20:45;0;Όχι
22/04/2024 21:00;0;Όχι
22/04/2024 21:15;0;Όχι
22/04/2024 21:30;0;Όχι
22/04/2024 21:45;0;Όχι
22/04/2024 22:00;0;Όχι
22/04/2024 22:15;0;Όχι
22/04/2024 22:30;0;Όχι
22/04/2024 22:45;0;Όχι
22/04/2024 23:00;0;Όχι
22/04/2024 23:15;0;Όχι
22/04/2024 23:30;0;Όχι
22/04/2024 23:45;0;Όχι
23/04/2024 00:00;0;Όχι
23/04/2024 00:15;0;Όχι
23/04/2024 00:30;0;Όχι
23/04/2024 00:45;0;Όχι
23/04/2024 01:00;0;Όχι
23/04/2024 01:15;0;Όχι
23/04/2024 01:30;0;Όχι
23/04/2024 01:45;0;Όχι
23/04/2024 02:00;0;Όχι
23/04/2024 02:15;0;Όχι
23/04/2024 02:30;0;Όχι
23/04/2024 02:45;0;Όχι
23/04/2024 03:00;0;Όχι
23/04/2024 03:15;0;Όχι
23/04/2024 03:30;0;Όχι
23/04/2024 03:45;0;Όχι
23/04/2024 04:00;0;Όχι
23/04/2024 04:15;0;Όχι
23/04/2024 04:30;0;Όχι
23/04/2024 04:45;0;Όχι
23/04/2024 05:00;0;Όχι
23/04/2024 05:15;0;Όχι
23/04/2024 05:30;0;Όχι
23/04/2024 05:45;0;Όχι
23/04/2024 06:00;0;Όχι
23/04/2024 06:15;0;Όχι
23/04/2024 06:30;0;Όχι
23/04/2024 06:45;0;Όχι
23/04/2024 07:00;0;Όχι
23/04/2024 07:15;0;Όχι
23/04/2024 07:30;0;Όχι
23/04/2024 07:45;0;Όχι
23/04/2024 08:00;0,001;Όχι
23/04/2024 08:15;0,009;Όχι
23/04/2024 08:30;0,014;Όχι
23/04/2024 08:45;0,007;Όχι
23/04/2024 09:00;0,012;Όχι
23/04/2024 09:15;0,021;Όχι
23/04/2024 09:30;0,018;Όχι
23/04/2024 09:45;0,028;Όχι
23/04/2024 10:00;0,052;Όχι
23/04/2024 10:15;0,037;Όχι
23/04/2024 10:30;0,119;Όχι
23/04/2024 10:45;0,031;Όχι
23/04/2024 11:00;0,053;Όχι
23/04/2024 11:15;0,05;Όχι
23/04/2024 11:30;0,029;Όχι
23/04/2024 11:45;0,033;Όχι
23/04/2024 12:00;0,031;Όχι
23/04/2024 12:15;0,064;Όχι
23/04/2024 12:30;0,125;Όχι
23/04/2024 12:45;0,215;Όχι
23/04/2024 13:00;0,226;Όχι
23/04/2024 13:15;0,229;Όχι
23/04/2024 13:30;0,132;Όχι
23/04/2024 13:45;0,092;Όχι
23/04/2024 14:00;0,17;Όχι
23/04/2024 14:15;0,157;Όχι
23/04/2024 14:30;0,281;Όχι
23/04/2024 14:45;0,296;Όχι
23/04/2024 15:00;0,441;Όχι
23/04/2024 15:15;0,268;Όχι
23/04/2024 15:30;0,529;Όχι
23/04/2024 15:45;0,278;Όχι
23/04/2024 16:00;0,353;Όχι
23/04/2024 16:15;0,361;Όχι
23/04/2024 16:30;0,271;Όχι
23/04/2024 16:45;0,244;Όχι
23/04/2024 17:00;0,206;Όχι
23/04/2024 17:15;0,073;Όχι
23/04/2024 17:30;0,2;Όχι
23/04/2024 17:45;0,141;Όχι
23/04/2024 18:00;0,107;Όχι
23/04/2024 18:15;0,343;Όχι
23/04/2024 18:30;0,241;Όχι
23/04/2024 18:45;0,165;Όχι
23/04/2024 19:00;0,061;Όχι
23/04/2024 19:15;0,039;Όχι
23/04/2024 19:30;0,05;Όχι
23/04/2024 19:45;0,027;Όχι
23/04/2024 20:00;0,005;Όχι
23/04/2024 20:15;0;Όχι
23/04/2024 20:30;0;Όχι
23/04/2024 20:45;0;Όχι
23/04/2024 21:00;0;Όχι
23/04/2024 21:15;0;Όχι
23/04/2024 21:30;0;Όχι
23/04/2024 21:45;0;Όχι
23/04/2024 22:00;0;Όχι
23/04/2024 22:15;0;Όχι
23/04/2024 22:30;0;Όχι
23/04/2024 22:45;0;Όχι
23/04/2024 23:00;0;Όχι
23/04/2024 23:15;0;Όχι
23/04/2024 23:30;0;Όχι
23/04/2024 23:45;0;Όχι
24/04/2024 00:00;0;Όχι
24/04/2024 00:15;0;Όχι
24/04/2024 00:30;0;Όχι
24/04/2024 00:45;0;Όχι
24/04/2024 01:00;0;Όχι
24/04/2024 01:15;0;Όχι
24/04/2024 01:30;0;Όχι
24/04/2024 01:45;0;Όχι
24/04/2024 02:00;0;Όχι
24/04/2024 02:15;0;Όχι
24/04/2024 02:30;0;Όχι
24/04/2024 02:45;0;Όχι
24/04/2024 03:00;0;Όχι
24/04/2024 03:15;0;Όχι
24/04/2024 03:30;0;Όχι
24/04/2024 03:45;0;Όχι
24/04/2024 04:00;0;Όχι
24/04/2024 04:15;0;Όχι
24/04/2024 04:30;0;Όχι
24/04/2024 04:45;0;Όχι
24/04/2024 05:00;0;Όχι
24/04/2024 05:15;0;Όχι
24/04/2024 05:30;0;Όχι
24/04/2024 05:45;0;Όχι
24/04/2024 06:00;0;Όχι
24/04/2024 06:15;0;Όχι
24/04/2024 06:30;0;Όχι
24/04/2024 06:45;0;Όχι
24/04/2024 07:00;0,008;Όχι
24/04/2024 07:15;0,027;Όχι
24/04/2024 07:30;0,059;Όχι
24/04/2024 07:45;0,097;Όχι
24/04/2024 08:00;0,148;Όχι
24/04/2024 08:15;0,147;Όχι
24/04/2024 08:30;0,169;Όχι
24/04/2024 08:45;0,114;Όχι
24/04/2024 09:00;0;Όχι
24/04/2024 09:15;0,232;Όχι
24/04/2024 09:30;0,65;Όχι
24/04/2024 09:45;0,736;Όχι
24/04/2024 10:00;0,806;Όχι
24/04/2024 10:15;0,884;Όχι
24/04/2024 10:30;0,976;Όχι
24/04/2024 10:45;1,001;Όχι
24/04/2024 11:00;0,981;Όχι
24/04/2024 11:15;0,3;Όχι
24/04/2024 11:30;0,477;Όχι
24/04/2024 11:45;1,286;Όχι
24/04/2024 12:00;0,673;Όχι
24/04/2024 12:15;1,26;Όχι
24/04/2024 12:30;1,321;Όχι
24/04/2024 12:45;1,331;Όχι
24/04/2024 13:00;1,373;Όχι
24/04/2024 13:15;1,404;Όχι
24/04/2024 13:30;1,381;Όχι
24/04/2024 13:45;1,379;Όχι
24/04/2024 14:00;1,381;Όχι
24/04/2024 14:15;1,373;Όχι
24/04/2024 14:30;1,347;Όχι
24/04/2024 14:45;1,315;Όχι
24/04/2024 15:00;1,305;Όχι
24/04/2024 15:15;1,276;Όχι
24/04/2024 15:30;1,244;Όχι
24/04/2024 15:45;1,18;Όχι
24/04/2024 16:00;1,141;Όχι
24/04/2024 16:15;1,081;Όχι
24/04/2024 16:30;1,028;Όχι
24/04/2024 16:45;0,96;Όχι
24/04/2024 17:00;0,886;Όχι
24/04/2024 17:15;0,817;Όχι
24/04/2024 17:30;0,731;Όχι
24/04/2024 17:45;0,641;Όχι
24/04/2024 18:00;0,549;Όχι
24/04/2024 18:15;0,455;Όχι
24/04/2024 18:30;0,363;Όχι
24/04/2024 18:45;0,274;Όχι
24/04/2024 19:00;0,193;Όχι
24/04/2024 19:15;0,125;Όχι
24/04/2024 19:30;0,071;Όχι
24/04/2024 19:45;0,036;Όχι
24/04/2024 20:00;0,005;Όχι
24/04/2024 20:15;0;Όχι
24/04/2024 20:30;0;Όχι
24/04/2024 20:45;0;Όχι
24/04/2024 21:00;0;Όχι
24/04/2024 21:15;0;Όχι
24/04/2024 21:30;0;Όχι
24/04/2024 21:45;0;Όχι
24/04/2024 22:00;0;Όχι
24/04/2024 22:15;0;Όχι
24/04/2024 22:30;0;Όχι
24/04/2024 22:45;0;Όχι
24/04/2024 23:00;0;Όχι
24/04/2024 23:15;0;Όχι
24/04/2024 23:30;0;Όχι
24/04/2024 23:45;0;Όχι
25/04/2024 00:00;0;Όχι
25/04/2024 00:15;0;Όχι
25/04/2024 00:30;0;Όχι
25/04/2024 00:45;0;Όχι
25/04/2024 01:00;0;Όχι
25/04/2024 01:15;0;Όχι
25/04/2024 01:30;0;Όχι
25/04/2024 01:45;0;Όχι
25/04/2024 02:00;0;Όχι
25/04/2024 02:15;0;Όχι
25/04/2024 02:30;0;Όχι
25/04/2024 02:45;0;Όχι
25/04/2024 03:00;0;Όχι
25/04/2024 03:15;0;Όχι
25/04/2024 03:30;0;Όχι
25/04/2024 03:45;0;Όχι
25/04/2024 04:00;0;Όχι
25/04/2024 04:15;0;Όχι
25/04/2024 04:30;0;Όχι
25/04/2024 04:45;0;Όχι
25/04/2024 05:00;0;Όχι
25/04/2024 05:15;0;Όχι
25/04/2024 05:30;0;Όχι
25/04/2024 05:45;0;Όχι
25/04/2024 06:00;0;Όχι
25/04/2024 06:15;0;Όχι
25/04/2024 06:30;0;Όχι
25/04/2024 06:45;0;Όχι
25/04/2024 07:00;0;Όχι
25/04/2024 07:15;0;Όχι
25/04/2024 07:30;0,01;Όχι
25/04/2024 07:45;0,031;Όχι
25/04/2024 08:00;0,054;Όχι
25/04/2024 08:15;0,052;Όχι
25/04/2024 08:30;0,089;Όχι
25/04/2024 08:45;0,11;Όχι
25/04/2024 09:00;0,1;Όχι
25/04/2024 09:15;0,191;Όχι
25/04/2024 09:30;0,191;Όχι
25/04/2024 09:45;0,239;Όχι
25/04/2024 10:00;0,28;Όχι
25/04/2024 10:15;0,211;Όχι
25/04/2024 10:30;0,29;Όχι
25/04/2024 10:45;0,274;Όχι
25/04/2024 11:00;0,228;Όχι
25/04/2024 11:15;0,218;Όχι
25/04/2024 11:30;0,194;Όχι
25/04/2024 11:45;0,144;Όχι
25/04/2024 12:00;0,148;Όχι
25/04/2024 12:15;0,346;Όχι
25/04/2024 12:30;0,389;Όχι
25/04/2024 12:45;0,344;Όχι
25/04/2024 13:00;0,613;Όχι
25/04/2024 13:15;0,477;Όχι
25/04/2024 13:30;0,289;Όχι
25/04/2024 13:45;0,282;Όχι
25/04/2024 14:00;0,416;Όχι
25/04/2024 14:15;0,411;Όχι
25/04/2024 14:30;0,681;Όχι
25/04/2024 14:45;0,838;Όχι
25/04/2024 15:00;0,846;Όχι
25/04/2024 15:15;0,638;Όχι
25/04/2024 15:30;1,031;Όχι
25/04/2024 15:45;1,305;Όχι
25/04/2024 16:00;1,255;Όχι
25/04/2024 16:15;1,143;Όχι
25/04/2024 16:30;1,072;Όχι
25/04/2024 16:45;0,595;Όχι
25/04/2024 17:00;0,933;Όχι
25/04/2024 17:15;0,447;Όχι
25/04/2024 17:30;0,282;Όχι
25/04/2024 17:45;0,371;Όχι
25/04/2024 18:00;0,711;Όχι
25/04/2024 18:15;0,336;Όχι
25/04/2024 18:30;0,202;Όχι
25/04/2024 18:45;0,139;Όχι
25/04/2024 19:00;0,224;Όχι
25/04/2024 19:15;0,14;Όχι
25/04/2024 19:30;0,075;Όχι
25/04/2024 19:45;0,034;Όχι
25/04/2024 20:00;0,009;Όχι
25/04/2024 20:15;0,002;Όχι
25/04/2024 20:30;0;Όχι
25/04/2024 20:45;0;Όχι
25/04/2024 21:00;0;Όχι
25/04/2024 21:15;0;Όχι
25/04/2024 21:30;0;Όχι
25/04/2024 21:45;0;Όχι
25/04/2024 22:00;0;Όχι
25/04/2024 22:15;0;Όχι
25/04/2024 22:30;0;Όχι
25/04/2024 22:45;0;Όχι
25/04/2024 23:00;0;Όχι
25/04/2024 23:15;0;Όχι
25/04/2024 23:30;0;Όχι
25/04/2024 23:45;0;Όχι
26/04/2024 00:00;0;Όχι
26/04/2024 00:15;0;Όχι
26/04/2024 00:30;0;Όχι
26/04/2024 00:45;0;Όχι
26/04/2024 01:00;0;Όχι
26/04/2024 01:15;0;Όχι
26/04/2024 01:30;0;Όχι
26/04/2024 01:45;0;Όχι
26/04/2024 02:00;0;Όχι
26/04/2024 02:15;0;Όχι
26/04/2024 02:30;0;Όχι
26/04/2024 02:45;0;Όχι
26/04/2024 03:00;0;Όχι
26/04/2024 03:15;0;Όχι
26/04/2024 03:30;0;Όχι
26/04/2024 03:45;0;Όχι
26/04/2024 04:00;0;Όχι
26/04/2024 04:15;0;Όχι
26/04/2024 04:30;0;Όχι
26/04/2024 04:45;0;Όχι
26/04/2024 05:00;0;Όχι
26/04/2024 05:15;0;Όχι
26/04/2024 05:30;0;Όχι
26/04/2024 05:45;0;Όχι
26/04/2024 06:00;0;Όχι
26/04/2024 06:15;0;Όχι
26/04/2024 06:30;0;Όχι
26/04/2024 06:45;0;Όχι
26/04/2024 07:00;0,009;Όχι
26/04/2024 07:15;0,023;Όχι
26/04/2024 07:30;0,05;Όχι
26/04/2024 07:45;0,103;Όχι
26/04/2024 08:00;0,174;Όχι
26/04/2024 08:15;0,248;Όχι
26/04/2024 08:30;0,33;Όχι
26/04/2024 08:45;0,426;Όχι
26/04/2024 09:00;0,523;Όχι
26/04/2024 09:15;0,621;Όχι
26/04/2024 09:30;0,716;Όχι
26/04/2024 09:45;0,806;Όχι
26/04/2024 10:00;0,896;Όχι
26/04/2024 10:15;0,974;Όχι
26/04/2024 10:30;1,049;Όχι
26/04/2024 10:45;1,117;Όχι
26/04/2024 11:00;1,174;Όχι
26/04/2024 11:15;1,232;Όχι
26/04/2024 11:30;1,278;Όχι
26/04/2024 11:45;1,32;Όχι
26/04/2024 12:00;1,348;Όχι
26/04/2024 12:15;1,378;Όχι
26/04/2024 12:30;1,396;Όχι
26/04/2024 12:45;1,42;Όχι
26/04/2024 13:00;1,43;Όχι
26/04/2024 13:15;1,439;Όχι
26/04/2024 13:30;1,453;Όχι
26/04/2024 13:45;1,449;Όχι
26/04/2024 14:00;1,432;Όχι
26/04/2024 14:15;1,428;Όχι
26/04/2024 14:30;1,399;Όχι
26/04/2024 14:45;1,367;Όχι
26/04/2024 15:00;1,347;Όχι
26/04/2024 15:15;1,304;Όχι
26/04/2024 15:30;1,257;Όχι
26/04/2024 15:45;1,19;Όχι
26/04/2024 16:00;1,168;Όχι
26/04/2024 16:15;1,103;Όχι
26/04/2024 16:30;1,042;Όχι
26/04/2024 16:45;0,994;Όχι
26/04/2024 17:00;0,893;Όχι
26/04/2024 17:15;0,809;Όχι
26/04/2024 17:30;0,681;Όχι
26/04/2024 17:45;0,622;Όχι
26/04/2024 18:00;0,524;Όχι
26/04/2024 18:15;0,417;Όχι
26/04/2024 18:30;0,401;Όχι
26/04/2024 18:45;0,286;Όχι
26/04/2024 19:00;0,19;Όχι
26/04/2024 19:15;0,13;Όχι
26/04/2024 19:30;0,085;Όχι
26/04/2024 19:45;0,041;Όχι
26/04/2024 20:00;0,02;Όχι
26/04/2024 20:15;0,003;Όχι
26/04/2024 20:30;0;Όχι
26/04/2024 20:45;0;Όχι
26/04/2024 21:00;0;Όχι
26/04/2024 21:15;0;Όχι
26/04/2024 21:30;0;Όχι
26/04/2024 21:45;0;Όχι
26/04/2024 22:00;0;Όχι
26/04/2024 22:15;0;Όχι
26/04/2024 22:30;0;Όχι
26/04/2024 22:45;0;Όχι
26/04/2024 23:00;0;Όχι
26/04/2024 23:15;0;Όχι
26/04/2024 23:30;0;Όχι
26/04/2024 23:45;0;Όχι
27/04/2024 00:00;0;Όχι
27/04/2024 00:15;0;Όχι
27/04/2024 00:30;0;Όχι
27/04/2024 00:45;0;Όχι
27/04/2024 01:00;0;Όχι
27/04/2024 01:15;0;Όχι
27/04/2024 01:30;0;Όχι
27/04/2024 01:45;0;Όχι
27/04/2024 02:00;0;Όχι
27/04/2024 02:15;0;Όχι
27/04/2024 02:30;0;Όχι
27/04/2024 02:45;0;Όχι
27/04/2024 03:00;0;Όχι
27/04/2024 03:15;0;Όχι
27/04/2024 03:30;0;Όχι
27/04/2024 03:45;0;Όχι
27/04/2024 04:00;0;Όχι
27/04/2024 04:15;0;Όχι
27/04/2024 04:30;0;Όχι
27/04/2024 04:45;0;Όχι
27/04/2024 05:00;0;Όχι
27/04/2024 05:15;0;Όχι
27/04/2024 05:30;0;Όχι
27/04/2024 05:45;0;Όχι
27/04/2024 06:00;0;Όχι
27/04/2024 06:15;0;Όχι
27/04/2024 06:30;0;Όχι
27/04/2024 06:45;0;Όχι
27/04/2024 07:00;0,014;Όχι
27/04/2024 07:15;0,033;Όχι
27/04/2024 07:30;0,061;Όχι
27/04/2024 07:45;0,065;Όχι
27/04/2024 08:00;0,112;Όχι
27/04/2024 08:15;0,192;Όχι
27/04/2024 08:30;0,275;Όχι
27/04/2024 08:45;0,296;Όχι
27/04/2024 09:00;0,331;Όχι
27/04/2024 09:15;0,321;Όχι
27/04/2024 09:30;0,308;Όχι
27/04/2024 09:45;0,678;Όχι
27/04/2024 10:00;0,548;Όχι
27/04/2024 10:15;0,526;Όχι
27/04/2024 10:30;0,774;Όχι
27/04/2024 10:45;0,875;Όχι
27/04/2024 11:00;1,01;Όχι
27/04/2024 11:15;1,092;Όχι
27/04/2024 11:30;1,241;Όχι
27/04/2024 11:45;1,26;Όχι
27/04/2024 12:00;1,286;Όχι
27/04/2024 12:15;1,201;Όχι
27/04/2024 12:30;1,082;Όχι
27/04/2024 12:45;1,113;Όχι
27/04/2024 13:00;0,932;Όχι
27/04/2024 13:15;0,785;Όχι
27/04/2024 13:30;1,266;Όχι
27/04/2024 13:45;1,328;Όχι
27/04/2024 14:00;1,457;Όχι
27/04/2024 14:15;1,176;Όχι
27/04/2024 14:30;1,476;Όχι
27/04/2024 14:45;1,44;Όχι
27/04/2024 15:00;1,415;Όχι
27/04/2024 15:15;1,369;Όχι
27/04/2024 15:30;1,203;Όχι
27/04/2024 15:45;1,191;Όχι
27/04/2024 16:00;1,103;Όχι
27/04/2024 16:15;1,128;Όχι
27/04/2024 16:30;0,548;Όχι
27/04/2024 16:45;0,769;Όχι
27/04/2024 17:00;0,907;Όχι
27/04/2024 17:15;0,829;Όχι
27/04/2024 17:30;0,747;Όχι
27/04/2024 17:45;0,644;Όχι
27/04/2024 18:00;0,559;Όχι
27/04/2024 18:15;0,467;Όχι
27/04/2024 18:30;0,384;Όχι
27/04/2024 18:45;0,289;Όχι
27/04/2024 19:00;0,203;Όχι
27/04/2024 19:15;0,131;Όχι
27/04/2024 19:30;0,075;Όχι
27/04/2024 19:45;0,038;Όχι
27/04/2024 20:00;0,017;Όχι
27/04/2024 20:15;0,005;Όχι
27/04/2024 20:30;0;Όχι
27/04/2024 20:45;0;Όχι
27/04/2024 21:00;0;Όχι
27/04/2024 21:15;0;Όχι
27/04/2024 21:30;0;Όχι
27/04/2024 21:45;0;Όχι
27/04/2024 22:00;0;Όχι
27/04/2024 22:15;0;Όχι
27/04/2024 22:30;0;Όχι
27/04/2024 22:45;0;Όχι
27/04/2024 23:00;0;Όχι
27/04/2024 23:15;0;Όχι
27/04/2024 23:30;0;Όχι
27/04/2024 23:45;0;Όχι
28/04/2024 00:00;0;Όχι
28/04/2024 00:15;0;Όχι
28/04/2024 00:30;0;Όχι
28/04/2024 00:45;0;Όχι
28/04/2024 01:00;0;Όχι
28/04/2024 01:15;0;Όχι
28/04/2024 01:30;0;Όχι
28/04/2024 01:45;0;Όχι
28/04/2024 02:00;0;Όχι
28/04/2024 02:15;0;Όχι
28/04/2024 02:30;0;Όχι
28/04/2024 02:45;0;Όχι
28/04/2024 03:00;0;Όχι
28/04/2024 03:15;0;Όχι
28/04/2024 03:30;0;Όχι
28/04/2024 03:45;0;Όχι
28/04/2024 04:00;0;Όχι
28/04/2024 04:15;0;Όχι
28/04/2024 04:30;0;Όχι
28/04/2024 04:45;0;Όχι
28/04/2024 05:00;0;Όχι
28/04/2024 05:15;0;Όχι
28/04/2024 05:30;0;Όχι
28/04/2024 05:45;0;Όχι
28/04/2024 06:00;0;Όχι
28/04/2024 06:15;0;Όχι
28/04/2024 06:30;0;Όχι
28/04/2024 06:45;0,001;Όχι
28/04/2024 07:00;0,014;Όχι
28/04/2024 07:15;0,029;Όχι
28/04/2024 07:30;0,059;Όχι
28/04/2024 07:45;0,11;Όχι
28/04/2024 08:00;0,179;Όχι
28/04/2024 08:15;0,257;Όχι
28/04/2024 08:30;0,33;Όχι
28/04/2024 08:45;0,414;Όχι
28/04/2024 09:00;0,505;Όχι
28/04/2024 09:15;0,598;Όχι
28/04/2024 09:30;0,688;Όχι
28/04/2024 09:45;0,771;Όχι
28/04/2024 10:00;0,85;Όχι
28/04/2024 10:15;0,922;Όχι
28/04/2024 10:30;0,989;Όχι
28/04/2024 10:45;1,051;Όχι
28/04/2024 11:00;1,11;Όχι
28/04/2024 11:15;1,165;Όχι
28/04/2024 11:30;1,214;Όχι
28/04/2024 11:45;1,25;Όχι
28/04/2024 12:00;1,296;Όχι
28/04/2024 12:15;1,328;Όχι
28/04/2024 12:30;1,348;Όχι
28/04/2024 12:45;1,362;Όχι
28/04/2024 13:00;1,38;Όχι
28/04/2024 13:15;1,384;Όχι
28/04/2024 13:30;1,385;Όχι
28/04/2024 13:45;1,361;Όχι
28/04/2024 14:00;1,389;Όχι
28/04/2024 14:15;1,36;Όχι
28/04/2024 14:30;1,363;Όχι
28/04/2024 14:45;1,32;Όχι
28/04/2024 15:00;1,28;Όχι
28/04/2024 15:15;1,273;Όχι
28/04/2024 15:30;1,225;Όχι
28/04/2024 15:45;1,193;Όχι
28/04/2024 16:00;1,165;Όχι
28/04/2024 16:15;1,026;Όχι
28/04/2024 16:30;1,02;Όχι
28/04/2024 16:45;0,921;Όχι
28/04/2024 17:00;0,846;Όχι
28/04/2024 17:15;0,794;Όχι
28/04/2024 17:30;0,751;Όχι
28/04/2024 17:45;0,658;Όχι
28/04/2024 18:00;0,566;Όχι
28/04/2024 18:15;0,474;Όχι
28/04/2024 18:30;0,383;Όχι
28/04/2024 18:45;0,29;Όχι
28/04/2024 19:00;0,208;Όχι
28/04/2024 19:15;0,137;Όχι
28/04/2024 19:30;0,081;Όχι
28/04/2024 19:45;0,041;Όχι
28/04/2024 20:00;0,018;Όχι
28/04/2024 20:15;0,005;Όχι
28/04/2024 20:30;0;Όχι
28/04/2024 20:45;0;Όχι
28/04/2024 21:00;0;Όχι
28/04/2024 21:15;0;Όχι
28/04/2024 21:30;0;Όχι
28/04/2024 21:45;0;Όχι
28/04/2024 22:00;0;Όχι
28/04/2024 22:15;0;Όχι
28/04/2024 22:30;0;Όχι
28/04/2024 22:45;0;Όχι
28/04/2024 23:00;0;Όχι
28/04/2024 23:15;0;Όχι
28/04/2024 23:30;0;Όχι
28/04/2024 23:45;0;Όχι
29/04/2024 00:00;0;Όχι
29/04/2024 00:15;0;Όχι
29/04/2024 00:30;0;Όχι
29/04/2024 00:45;0;Όχι
29/04/2024 01:00;0;Όχι
29/04/2024 01:15;0;Όχι
29/04/2024 01:30;0;Όχι
29/04/2024 01:45;0;Όχι
29/04/2024 02:00;0;Όχι
29/04/2024 02:15;0;Όχι
29/04/2024 02:30;0;Όχι
29/04/2024 02:45;0;Όχι
29/04/2024 03:00;0;Όχι
29/04/2024 03:15;0;Όχι
29/04/2024 03:30;0;Όχι
29/04/2024 03:45;0;Όχι
29/04/2024 04:00;0;Όχι
29/04/2024 04:15;0;Όχι
29/04/2024 04:30;0;Όχι
29/04/2024 04:45;0;Όχι
29/04/2024 05:00;0;Όχι
29/04/2024 05:15;0;Όχι
29/04/2024 05:30;0;Όχι
29/04/2024 05:45;0;Όχι
29/04/2024 06:00;0;Όχι
29/04/2024 06:15;0;Όχι
29/04/2024 06:30;0;Όχι
29/04/2024 06:45;0,002;Όχι
29/04/2024 07:00;0,016;Όχι
29/04/2024 07:15;0,034;Όχι
29/04/2024 07:30;0,066;Όχι
29/04/2024 07:45;0,115;Όχι
29/04/2024 08:00;0,18;Όχι
29/04/2024 08:15;0,254;Όχι
29/04/2024 08:30;0,322;Όχι
29/04/2024 08:45;0,404;Όχι
29/04/2024 09:00;0,493;Όχι
29/04/2024 09:15;0,582;Όχι
29/04/2024 09:30;0,669;Όχι
29/04/2024 09:45;0,752;Όχι
29/04/2024 10:00;0,832;Όχι
29/04/2024 10:15;0,91;Όχι
29/04/2024 10:30;0,983;Όχι
29/04/2024 10:45;1,048;Όχι
29/04/2024 11:00;1,107;Όχι
29/04/2024 11:15;1,166;Όχι
29/04/2024 11:30;1,231;Όχι
29/04/2024 11:45;1,267;Όχι
29/04/2024 12:00;1,285;Όχι
29/04/2024 12:15;1,349;Όχι
29/04/2024 12:30;0,96;Όχι
29/04/2024 12:45;1,15;Όχι
29/04/2024 13:00;0,928;Όχι
29/04/2024 13:15;0,768;Όχι
29/04/2024 13:30;0,907;Όχι
29/04/2024 13:45;1,481;Όχι
29/04/2024 14:00;1,466;Όχι
29/04/2024 14:15;1,424;Όχι
29/04/2024 14:30;0,695;Όχι
29/04/2024 14:45;0,418;Όχι
29/04/2024 15:00;1,027;Όχι
29/04/2024 15:15;1,112;Όχι
29/04/2024 15:30;1,298;Όχι
29/04/2024 15:45;1,239;Όχι
29/04/2024 16:00;1,176;Όχι
29/04/2024 16:15;1,096;Όχι
29/04/2024 16:30;1,045;Όχι
29/04/2024 16:45;0,977;Όχι
29/04/2024 17:00;0,911;Όχι
29/04/2024 17:15;0,838;Όχι
29/04/2024 17:30;0,751;Όχι
29/04/2024 17:45;0,661;Όχι
29/04/2024 18:00;0,566;Όχι
29/04/2024 18:15;0,476;Όχι
29/04/2024 18:30;0,38;Όχι
29/04/2024 18:45;0,291;Όχι
29/04/2024 19:00;0,209;Όχι
29/04/2024 19:15;0,139;Όχι
29/04/2024 19:30;0,082;Όχι
29/04/2024 19:45;0,042;Όχι
29/04/2024 20:00;0,019;Όχι
29/04/2024 20:15;0,006;Όχι
29/04/2024 20:30;0;Όχι
29/04/2024 20:45;0;Όχι
29/04/2024 21:00;0;Όχι
29/04/2024 21:15;0;Όχι
29/04/2024 21:30;0;Όχι
29/04/2024 21:45;0;Όχι
29/04/2024 22:00;0;Όχι
29/04/2024 22:15;0;Όχι
29/04/2024 22:30;0;Όχι
29/04/2024 22:45;0;Όχι
29/04/2024 23:00;0;Όχι
29/04/2024 23:15;0;Όχι
29/04/2024 23:30;0;Όχι
29/04/2024 23:45;0;Όχι
30/04/2024 00:00;0;Όχι
30/04/2024 00:15;0;Όχι
30/04/2024 00:30;0;Όχι
30/04/2024 00:45;0;Όχι
30/04/2024 01:00;0;Όχι
30/04/2024 01:15;0;Όχι
30/04/2024 01:30;0;Όχι
30/04/2024 01:45;0;Όχι
30/04/2024 02:00;0;Όχι
30/04/2024 02:15;0;Όχι
30/04/2024 02:30;0;Όχι
30/04/2024 02:45;0;Όχι
30/04/2024 03:00;0;Όχι
30/04/2024 03:15;0;Όχι
30/04/2024 03:30;0;Όχι
30/04/2024 03:45;0;Όχι
30/04/2024 04:00;0;Όχι
30/04/2024 04:15;0;Όχι
30/04/2024 04:30;0;Όχι
30/04/2024 04:45;0;Όχι
30/04/2024 05:00;0;Όχι
30/04/2024 05:15;0;Όχι
30/04/2024 05:30;0;Όχι
30/04/2024 05:45;0;Όχι
30/04/2024 06:00;0;Όχι
30/04/2024 06:15;0;Όχι
30/04/2024 06:30;0;Όχι
30/04/2024 06:45;0,001;Όχι
30/04/2024 07:00;0,013;Όχι
30/04/2024 07:15;0,034;Όχι
30/04/2024 07:30;0,076;Όχι
30/04/2024 07:45;0,127;Όχι
30/04/2024 08:00;0,144;Όχι
30/04/2024 08:15;0,221;Όχι
30/04/2024 08:30;0,317;Όχι
30/04/2024 08:45;0,405;Όχι
30/04/2024 09:00;0,494;Όχι
30/04/2024 09:15;0,588;Όχι
30/04/2024 09:30;0,68;Όχι
30/04/2024 09:45;0,77;Όχι
30/04/2024 10:00;0,866;Όχι
30/04/2024 10:15;0,827;Όχι
30/04/2024 10:30;0,952;Όχι
30/04/2024 10:45;1,055;Όχι
30/04/2024 11:00;1,108;Όχι
30/04/2024 11:15;1,148;Όχι
30/04/2024 11:30;1,196;Όχι
30/04/2024 11:45;1,249;Όχι
30/04/2024 12:00;1,254;Όχι
30/04/2024 12:15;1,124;Όχι
30/04/2024 12:30;1,356;Όχι
30/04/2024 12:45;1,298;Όχι
30/04/2024 13:00;1,423;Όχι
30/04/2024 13:15;1,461;Όχι
30/04/2024 13:30;1,233;Όχι
30/04/2024 13:45;0,597;Όχι
30/04/2024 14:00;0,951;Όχι
30/04/2024 14:15;0,499;Όχι
30/04/2024 14:30;0,266;Όχι
30/04/2024 14:45;0,223;Όχι
30/04/2024 15:00;0,373;Όχι
30/04/2024 15:15;0,435;Όχι
30/04/2024 15:30;0,459;Όχι
30/04/2024 15:45;0,751;Όχι
30/04/2024 16:00;1,174;Όχι
30/04/2024 16:15;1,103;Όχι
30/04/2024 16:30;1,086;Όχι
30/04/2024 16:45;0,7;Όχι
30/04/2024 17:00;0,456;Όχι
30/04/2024 17:15;0,378;Όχι
30/04/2024 17:30;0,589;Όχι
30/04/2024 17:45;0,328;Όχι
30/04/2024 18:00;0,317;Όχι
30/04/2024 18:15;0,259;Όχι
30/04/2024 18:30;0,202;Όχι
30/04/2024 18:45;0,141;Όχι
30/04/2024 19:00;0,133;Όχι
30/04/2024 19:15;0,089;Όχι
30/04/2024 19:30;0,045;Όχι
30/04/2024 19:45;0,023;Όχι
30/04/2024 20:00;0,014;Όχι
30/04/2024 20:15;0,005;Όχι
30/04/2024 20:30;0;Όχι
30/04/2024 20:45;0;Όχι
30/04/2024 21:00;0;Όχι
30/04/2024 21:15;0;Όχι
30/04/2024 21:30;0;Όχι
30/04/2024 21:45;0;Όχι
30/04/2024 22:00;0;Όχι
30/04/2024 22:15;0;Όχι
30/04/2024 22:30;0;Όχι
30/04/2024 22:45;0;Όχι
30/04/2024 23:00;0;Όχι
30/04/2024 23:15;0;Όχι
30/04/2024 23:30;0;Όχι
30/04/2024 23:45;0;Όχι
01/05/2024 00:00;0;Όχι
01/05/2024 00:15;0;Όχι
01/05/2024 00:30;0;Όχι
01/05/2024 00:45;0;Όχι
01/05/2024 01:00;0;Όχι
01/05/2024 01:15;0;Όχι
01/05/2024 01:30;0;Όχι
01/05/2024 01:45;0;Όχι
01/05/2024 02:00;0;Όχι
01/05/2024 02:15;0;Όχι
01/05/2024 02:30;0;Όχι
01/05/2024 02:45;0;Όχι
01/05/2024 03:00;0;Όχι
01/05/2024 03:15;0;Όχι
01/05/2024 03:30;0;Όχι
01/05/2024 03:45;0;Όχι
01/05/2024 04:00;0;Όχι
01/05/2024 04:15;0;Όχι
01/05/2024 04:30;0;Όχι
01/05/2024 04:45;0;Όχι
01/05/2024 05:00;0;Όχι
01/05/2024 05:15;0;Όχι
01/05/2024 05:30;0;Όχι
01/05/2024 05:45;0;Όχι
01/05/2024 06:00;0;Όχι
01/05/2024 06:15;0;Όχι
01/05/2024 06:30;0;Όχι
01/05/2024 06:45;0,002;Όχι
01/05/2024 07:00;0,017;Όχι
01/05/2024 07:15;0,034;Όχι
01/05/2024 07:30;0,066;Όχι
01/05/2024 07:45;0,115;Όχι
01/05/2024 08:00;0,176;Όχι
01/05/2024 08:15;0,24;Όχι
01/05/2024 08:30;0,349;Όχι
01/05/2024 08:45;0,345;Όχι
01/05/2024 09:00;0,498;Όχι
01/05/2024 09:15;0,608;Όχι
01/05/2024 09:30;0,684;Όχι
01/05/2024 09:45;0,777;Όχι
01/05/2024 10:00;0,867;Όχι
01/05/2024 10:15;0,841;Όχι
01/05/2024 10:30;0,791;Όχι
01/05/2024 10:45;0,67;Όχι
01/05/2024 11:00;0,957;Όχι
01/05/2024 11:15;0,388;Όχι
01/05/2024 11:30;0,486;Όχι
01/05/2024 11:45;0,595;Όχι
01/05/2024 12:00;0,569;Όχι
01/05/2024 12:15;0,687;Όχι
01/05/2024 12:30;1,486;Όχι
01/05/2024 12:45;0,856;Όχι
01/05/2024 13:00;0;Όχι
01/05/2024 13:15;0;Όχι
01/05/2024 13:30;0;Όχι
01/05/2024 13:45;0;Όχι
01/05/2024 14:00;0;Όχι
01/05/2024 14:15;0;Όχι
01/05/2024 14:30;0;Όχι
01/05/2024 14:45;0;Όχι
01/05/2024 15:00;0;Όχι
01/05/2024 15:15;0,63;Όχι
01/05/2024 15:30;1,29;Όχι
01/05/2024 15:45;1,25;Όχι
01/05/2024 16:00;1,205;Όχι
01/05/2024 16:15;1,141;Όχι
01/05/2024 16:30;1,077;Όχι
01/05/2024 16:45;1,012;Όχι
01/05/2024 17:00;0,86;Όχι
01/05/2024 17:15;0,725;Όχι
01/05/2024 17:30;0,554;Όχι
01/05/2024 17:45;0,275;Όχι
01/05/2024 18:00;0,435;Όχι
01/05/2024 18:15;0,433;Όχι
01/05/2024 18:30;0,376;Όχι
01/05/2024 18:45;0,249;Όχι
01/05/2024 19:00;0,224;Όχι
01/05/2024 19:15;0,147;Όχι
01/05/2024 19:30;0,072;Όχι
01/05/2024 19:45;0,031;Όχι
01/05/2024 20:00;0,013;Όχι
01/05/2024 20:15;0,002;Όχι
01/05/2024 20:30;0,001;Όχι
01/05/2024 20:45;0;Όχι
01/05/2024 21:00;0;Όχι
01/05/2024 21:15;0;Όχι
01/05/2024 21:30;0;Όχι
01/05/2024 21:45;0;Όχι
01/05/2024 22:00;0;Όχι
01/05/2024 22:15;0;Όχι
01/05/2024 22:30;0;Όχι
01/05/2024 22:45;0;Όχι
01/05/2024 23:00;0;Όχι
01/05/2024 23:15;0;Όχι
01/05/2024 23:30;0;Όχι
01/05/2024 23:45;0;Όχι
02/05/2024 00:00;0;Όχι
02/05/2024 00:15;0;Όχι
02/05/2024 00:30;0;Όχι
02/05/2024 00:45;0;Όχι
02/05/2024 01:00;0;Όχι
02/05/2024 01:15;0;Όχι
02/05/2024 01:30;0;Όχι
02/05/2024 01:45;0;Όχι
02/05/2024 02:00;0;Όχι
02/05/2024 02:15;0;Όχι
02/05/2024 02:30;0;Όχι
02/05/2024 02:45;0;Όχι
02/05/2024 03:00;0;Όχι
02/05/2024 03:15;0;Όχι
02/05/2024 03:30;0;Όχι
02/05/2024 03:45;0;Όχι
02/05/2024 04:00;0;Όχι
02/05/2024 04:15;0;Όχι
02/05/2024 04:30;0;Όχι
02/05/2024 04:45;0;Όχι
02/05/2024 05:00;0;Όχι
02/05/2024 05:15;0;Όχι
02/05/2024 05:30;0;Όχι
02/05/2024 05:45;0;Όχι
02/05/2024 06:00;0;Όχι
02/05/2024 06:15;0;Όχι
02/05/2024 06:30;0;Όχι
02/05/2024 06:45;0,004;Όχι
02/05/2024 07:00;0,021;Όχι
02/05/2024 07:15;0,043;Όχι
02/05/2024 07:30;0,085;Όχι
02/05/2024 07:45;0,108;Όχι
02/05/2024 08:00;0,213;Όχι
02/05/2024 08:15;0,264;Όχι
02/05/2024 08:30;0,18;Όχι
02/05/2024 08:45;0,153;Όχι
02/05/2024 09:00;0,154;Όχι
02/05/2024 09:15;0,301;Όχι
02/05/2024 09:30;0,506;Όχι
02/05/2024 09:45;0,618;Όχι
02/05/2024 10:00;0,834;Όχι
02/05/2024 10:15;0,897;Όχι
02/05/2024 10:30;0,976;Όχι
02/05/2024 10:45;1,078;Όχι
02/05/2024 11:00;0,729;Όχι
02/05/2024 11:15;0,595;Όχι
02/05/2024 11:30;1,142;Όχι
02/05/2024 11:45;1,155;Όχι
02/05/2024 12:00;1,296;Όχι
02/05/2024 12:15;1,444;Όχι
02/05/2024 12:30;1,487;Όχι
02/05/2024 12:45;1,458;Όχι
02/05/2024 13:00;1,374;Όχι
02/05/2024 13:15;1,339;Όχι
02/05/2024 13:30;1,185;Όχι
02/05/2024 13:45;1,438;Όχι
02/05/2024 14:00;1,414;Όχι
02/05/2024 14:15;1,368;Όχι
02/05/2024 14:30;1,343;Όχι
02/05/2024 14:45;1,338;Όχι
02/05/2024 15:00;1,341;Όχι
02/05/2024 15:15;1,302;Όχι
02/05/2024 15:30;1,256;Όχι
02/05/2024 15:45;1,217;Όχι
02/05/2024 16:00;1,129;Όχι
02/05/2024 16:15;1,135;Όχι
02/05/2024 16:30;0,415;Όχι
02/05/2024 16:45;0,255;Όχι
02/05/2024 17:00;0,174;Όχι
02/05/2024 17:15;0,221;Όχι
02/05/2024 17:30;0,299;Όχι
02/05/2024 17:45;0,273;Όχι
02/05/2024 18:00;0,21;Όχι
02/05/2024 18:15;0,16;Όχι
02/05/2024 18:30;0,159;Όχι
02/05/2024 18:45;0,267;Όχι
02/05/2024 19:00;0,396;Όχι
02/05/2024 19:15;0,127;Όχι
02/05/2024 19:30;0,024;Όχι
02/05/2024 19:45;0,017;Όχι
02/05/2024 20:00;0,007;Όχι
02/05/2024 20:15;0,001;Όχι
02/05/2024 20:30;0;Όχι
02/05/2024 20:45;0;Όχι
02/05/2024 21:00;0;Όχι
02/05/2024 21:15;0;Όχι
02/05/2024 21:30;0;Όχι
02/05/2024 21:45;0;Όχι
02/05/2024 22:00;0;Όχι
02/05/2024 22:15;0;Όχι
02/05/2024 22:30;0;Όχι
02/05/2024 22:45;0;Όχι
02/05/2024 23:00;0;Όχι
02/05/2024 23:15;0;Όχι
02/05/2024 23:30;0;Όχι
02/05/2024 23:45;0;Όχι
03/05/2024 00:00;0;Όχι
03/05/2024 00:15;0;Όχι
03/05/2024 00:30;0;Όχι
03/05/2024 00:45;0;Όχι
03/05/2024 01:00;0;Όχι
03/05/2024 01:15;0;Όχι
03/05/2024 01:30;0;Όχι
03/05/2024 01:45;0;Όχι
03/05/2024 02:00;0;Όχι
03/05/2024 02:15;0;Όχι
03/05/2024 02:30;0;Όχι
03/05/2024 02:45;0;Όχι
03/05/2024 03:00;0;Όχι
03/05/2024 03:15;0;Όχι
03/05/2024 03:30;0;Όχι
03/05/2024 03:45;0;Όχι
03/05/2024 04:00;0;Όχι
03/05/2024 04:15;0;Όχι
03/05/2024 04:30;0;Όχι
03/05/2024 04:45;0;Όχι
03/05/2024 05:00;0;Όχι
03/05/2024 05:15;0;Όχι
03/05/2024 05:30;0;Όχι
03/05/2024 05:45;0;Όχι
03/05/2024 06:00;0;Όχι
03/05/2024 06:15;0;Όχι
03/05/2024 06:30;0;Όχι
03/05/2024 06:45;0;Όχι
03/05/2024 07:00;0,018;Όχι
03/05/2024 07:15;0,046;Όχι
03/05/2024 07:30;0,058;Όχι
03/05/2024 07:45;0,135;Όχι
03/05/2024 08:00;0,244;Όχι
03/05/2024 08:15;0,392;Όχι
03/05/2024 08:30;0,382;Όχι
03/05/2024 08:45;0,261;Όχι
03/05/2024 09:00;0,176;Όχι
03/05/2024 09:15;0,234;Όχι
03/05/2024 09:30;0,491;Όχι
03/05/2024 09:45;0,372;Όχι
03/05/2024 10:00;0,777;Όχι
03/05/2024 10:15;0,998;Όχι
03/05/2024 10:30;1,022;Όχι
03/05/2024 10:45;1,108;Όχι
03/05/2024 11:00;1,179;Όχι
03/05/2024 11:15;1,231;Όχι
03/05/2024 11:30;1,205;Όχι
03/05/2024 11:45;1,166;Όχι
03/05/2024 12:00;1,432;Όχι
03/05/2024 12:15;1,473;Όχι
03/05/2024 12:30;0,79;Όχι
03/05/2024 12:45;0,668;Όχι
03/05/2024 13:00;1,105;Όχι
03/05/2024 13:15;1,34;Όχι
03/05/2024 13:30;1,75;Όχι
03/05/2024 13:45;1,605;Όχι
03/05/2024 14:00;1,569;Όχι
03/05/2024 14:15;1,53;Όχι
03/05/2024 14:30;1,513;Όχι
03/05/2024 14:45;1,455;Όχι
03/05/2024 15:00;1,388;Όχι
03/05/2024 15:15;1,473;Όχι
03/05/2024 15:30;0,844;Όχι
03/05/2024 15:45;1,346;Όχι
03/05/2024 16:00;1,286;Όχι
03/05/2024 16:15;1,213;Όχι
03/05/2024 16:30;1,159;Όχι
03/05/2024 16:45;1,085;Όχι
03/05/2024 17:00;0,984;Όχι
03/05/2024 17:15;0,888;Όχι
03/05/2024 17:30;0,796;Όχι
03/05/2024 17:45;0,704;Όχι
03/05/2024 18:00;0,616;Όχι
03/05/2024 18:15;0,512;Όχι
03/05/2024 18:30;0,352;Όχι
03/05/2024 18:45;0,134;Όχι
03/05/2024 19:00;0,144;Όχι
03/05/2024 19:15;0,134;Όχι
03/05/2024 19:30;0,123;Όχι
03/05/2024 19:45;0,087;Όχι
03/05/2024 20:00;0,038;Όχι
03/05/2024 20:15;0,01;Όχι
03/05/2024 20:30;0;Όχι
03/05/2024 20:45;0;Όχι
03/05/2024 21:00;0;Όχι
03/05/2024 21:15;0;Όχι
03/05/2024 21:30;0;Όχι
03/05/2024 21:45;0;Όχι
03/05/2024 22:00;0;Όχι
03/05/2024 22:15;0;Όχι
03/05/2024 22:30;0;Όχι
03/05/2024 22:45;0;Όχι
03/05/2024 23:00;0;Όχι
03/05/2024 23:15;0;Όχι
03/05/2024 23:30;0;Όχι
03/05/2024 23:45;0;Όχι
04/05/2024 00:00;0;Όχι
04/05/2024 00:15;0;Όχι
04/05/2024 00:30;0;Όχι
04/05/2024 00:45;0;Όχι
04/05/2024 01:00;0;Όχι
04/05/2024 01:15;0;Όχι
04/05/2024 01:30;0;Όχι
04/05/2024 01:45;0;Όχι
04/05/2024 02:00;0;Όχι
04/05/2024 02:15;0;Όχι
04/05/2024 02:30;0;Όχι
04/05/2024 02:45;0;Όχι
04/05/2024 03:00;0;Όχι
04/05/2024 03:15;0;Όχι
04/05/2024 03:30;0;Όχι
04/05/2024 03:45;0;Όχι
04/05/2024 04:00;0;Όχι
04/05/2024 04:15;0;Όχι
04/05/2024 04:30;0;Όχι
04/05/2024 04:45;0;Όχι
04/05/2024 05:00;0;Όχι
04/05/2024 05:15;0;Όχι
04/05/2024 05:30;0;Όχι
04/05/2024 05:45;0;Όχι
04/05/2024 06:00;0;Όχι
04/05/2024 06:15;0;Όχι
04/05/2024 06:30;0;Όχι
04/05/2024 06:45;0;Όχι
04/05/2024 07:00;0;Όχι
04/05/2024 07:15;0,006;Όχι
04/05/2024 07:30;0,011;Όχι
04/05/2024 07:45;0,017;Όχι
04/05/2024 08:00;0,036;Όχι
04/05/2024 08:15;0,084;Όχι
04/05/2024 08:30;0,077;Όχι
04/05/2024 08:45;0,079;Όχι
04/05/2024 09:00;0,109;Όχι
04/05/2024 09:15;0,199;Όχι
04/05/2024 09:30;0,329;Όχι
04/05/2024 09:45;0,22;Όχι
04/05/2024 10:00;0,343;Όχι
04/05/2024 10:15;0,323;Όχι
04/05/2024 10:30;0,273;Όχι
04/05/2024 10:45;0,268;Όχι
04/05/2024 11:00;0,304;Όχι
04/05/2024 11:15;0,294;Όχι
04/05/2024 11:30;0,331;Όχι
04/05/2024 11:45;0,351;Όχι
04/05/2024 12:00;0,384;Όχι
04/05/2024 12:15;0,362;Όχι
04/05/2024 12:30;0,36;Όχι
04/05/2024 12:45;0,348;Όχι
04/05/2024 13:00;0,442;Όχι
04/05/2024 13:15;0,518;Όχι
04/05/2024 13:30;0,609;Όχι
04/05/2024 13:45;0,874;Όχι
04/05/2024 14:00;1,223;Όχι
04/05/2024 14:15;0,909;Όχι
04/05/2024 14:30;0,943;Όχι
04/05/2024 14:45;0,646;Όχι
04/05/2024 15:00;0,64;Όχι
04/05/2024 15:15;0,565;Όχι
04/05/2024 15:30;0,388;Όχι
04/05/2024 15:45;0,54;Όχι
04/05/2024 16:00;0,9;Όχι
04/05/2024 16:15;1,025;Όχι
04/05/2024 16:30;0,8;Όχι
04/05/2024 16:45;0,754;Όχι
04/05/2024 17:00;0,864;Όχι
04/05/2024 17:15;0,959;Όχι
04/05/2024 17:30;0,939;Όχι
04/05/2024 17:45;0,536;Όχι
04/05/2024 18:00;0,606;Όχι
04/05/2024 18:15;0,437;Όχι
04/05/2024 18:30;0,215;Όχι
04/05/2024 18:45;0,116;Όχι
04/05/2024 19:00;0,112;Όχι
04/05/2024 19:15;0,103;Όχι
04/05/2024 19:30;0,101;Όχι
04/05/2024 19:45;0,075;Όχι
04/05/2024 20:00;0,03;Όχι
04/05/2024 20:15;0,016;Όχι
04/05/2024 20:30;0,002;Όχι
04/05/2024 20:45;0;Όχι
04/05/2024 21:00;0;Όχι
04/05/2024 21:15;0;Όχι
04/05/2024 21:30;0;Όχι
04/05/2024 21:45;0;Όχι
04/05/2024 22:00;0;Όχι
04/05/2024 22:15;0;Όχι
04/05/2024 22:30;0;Όχι
04/05/2024 22:45;0;Όχι
04/05/2024 23:00;0;Όχι
04/05/2024 23:15;0;Όχι
04/05/2024 23:30;0;Όχι
04/05/2024 23:45;0;Όχι
05/05/2024 00:00;0;Όχι
05/05/2024 00:15;0;Όχι
05/05/2024 00:30;0;Όχι
05/05/2024 00:45;0;Όχι
05/05/2024 01:00;0;Όχι
05/05/2024 01:15;0;Όχι
05/05/2024 01:30;0;Όχι
05/05/2024 01:45;0;Όχι
05/05/2024 02:00;0;Όχι
05/05/2024 02:15;0;Όχι
05/05/2024 02:30;0;Όχι
05/05/2024 02:45;0;Όχι
05/05/2024 03:00;0;Όχι
05/05/2024 03:15;0;Όχι
05/05/2024 03:30;0;Όχι
05/05/2024 03:45;0;Όχι
05/05/2024 04:00;0;Όχι
05/05/2024 04:15;0;Όχι
05/05/2024 04:30;0;Όχι
05/05/2024 04:45;0;Όχι
05/05/2024 05:00;0;Όχι
05/05/2024 05:15;0;Όχι
05/05/2024 05:30;0;Όχι
05/05/2024 05:45;0;Όχι
05/05/2024 06:00;0;Όχι
05/05/2024 06:15;0;Όχι
05/05/2024 06:30;0;Όχι
05/05/2024 06:45;0,007;Όχι
05/05/2024 07:00;0,021;Όχι
05/05/2024 07:15;0,036;Όχι
05/05/2024 07:30;0,068;Όχι
05/05/2024 07:45;0,12;Όχι
05/05/2024 08:00;0,188;Όχι
05/05/2024 08:15;0,272;Όχι
05/05/2024 08:30;0,366;Όχι
05/05/2024 08:45;0,461;Όχι
05/05/2024 09:00;0,56;Όχι
05/05/2024 09:15;0,653;Όχι
05/05/2024 09:30;0,746;Όχι
05/05/2024 09:45;0,83;Όχι
05/05/2024 10:00;0,911;Όχι
05/05/2024 10:15;0,983;Όχι
05/05/2024 10:30;1,046;Όχι
05/05/2024 10:45;1,109;Όχι
05/05/2024 11:00;1,161;Όχι
05/05/2024 11:15;1,221;Όχι
05/05/2024 11:30;1,265;Όχι
05/05/2024 11:45;1,308;Όχι
05/05/2024 12:00;1,354;Όχι
05/05/2024 12:15;1,391;Όχι
05/05/2024 12:30;1,427;Όχι
05/05/2024 12:45;1,413;Όχι
05/05/2024 13:00;1,469;Όχι
05/05/2024 13:15;1,525;Όχι
05/05/2024 13:30;1,485;Όχι
05/05/2024 13:45;1,446;Όχι
05/05/2024 14:00;1,399;Όχι
05/05/2024 14:15;0,368;Όχι
05/05/2024 14:30;0,368;Όχι
05/05/2024 14:45;0,402;Όχι
05/05/2024 15:00;1,618;Όχι
05/05/2024 15:15;1,424;Όχι
05/05/2024 15:30;1,307;Όχι
05/05/2024 15:45;1,361;Όχι
05/05/2024 16:00;1,266;Όχι
05/05/2024 16:15;1,209;Όχι
05/05/2024 16:30;1,14;Όχι
05/05/2024 16:45;1,065;Όχι
05/05/2024 17:00;0,989;Όχι
05/05/2024 17:15;0,899;Όχι
05/05/2024 17:30;0,809;Όχι
05/05/2024 17:45;0,719;Όχι
05/05/2024 18:00;0,623;Όχι
05/05/2024 18:15;0,524;Όχι
05/05/2024 18:30;0,423;Όχι
05/05/2024 18:45;0,325;Όχι
05/05/2024 19:00;0,235;Όχι
05/05/2024 19:15;0,158;Όχι
05/05/2024 19:30;0,095;Όχι
05/05/2024 19:45;0,051;Όχι
05/05/2024 20:00;0,025;Όχι
05/05/2024 20:15;0,011;Όχι
05/05/2024 20:30;0,002;Όχι
05/05/2024 20:45;0;Όχι
05/05/2024 21:00;0;Όχι
05/05/2024 21:15;0;Όχι
05/05/2024 21:30;0;Όχι
05/05/2024 21:45;0;Όχι
05/05/2024 22:00;0;Όχι
05/05/2024 22:15;0;Όχι
05/05/2024 22:30;0;Όχι
05/05/2024 22:45;0;Όχι
05/05/2024 23:00;0;Όχι
05/05/2024 23:15;0;Όχι
05/05/2024 23:30;0;Όχι
05/05/2024 23:45;0;Όχι
06/05/2024 00:00;0;Όχι
06/05/2024 00:15;0;Όχι
06/05/2024 00:30;0;Όχι
06/05/2024 00:45;0;Όχι
06/05/2024 01:00;0;Όχι
06/05/2024 01:15;0;Όχι
06/05/2024 01:30;0;Όχι
06/05/2024 01:45;0;Όχι
06/05/2024 02:00;0;Όχι
06/05/2024 02:15;0;Όχι
06/05/2024 02:30;0;Όχι
06/05/2024 02:45;0;Όχι
06/05/2024 03:00;0;Όχι
06/05/2024 03:15;0;Όχι
06/05/2024 03:30;0;Όχι
06/05/2024 03:45;0;Όχι
06/05/2024 04:00;0;Όχι
06/05/2024 04:15;0;Όχι
06/05/2024 04:30;0;Όχι
06/05/2024 04:45;0;Όχι
06/05/2024 05:00;0;Όχι
06/05/2024 05:15;0;Όχι
06/05/2024 05:30;0;Όχι
06/05/2024 05:45;0;Όχι
06/05/2024 06:00;0;Όχι
06/05/2024 06:15;0;Όχι
06/05/2024 06:30;0;Όχι
06/05/2024 06:45;0,009;Όχι
06/05/2024 07:00;0,025;Όχι
06/05/2024 07:15;0,045;Όχι
06/05/2024 07:30;0,082;Όχι
06/05/2024 07:45;0,136;Όχι
06/05/2024 08:00;0,206;Όχι
06/05/2024 08:15;0,28;Όχι
06/05/2024 08:30;0,361;Όχι
06/05/2024 08:45;0,455;Όχι
06/05/2024 09:00;0,549;Όχι
06/05/2024 09:15;0,64;Όχι
06/05/2024 09:30;0,726;Όχι
06/05/2024 09:45;0,812;Όχι
06/05/2024 10:00;0,891;Όχι
06/05/2024 10:15;0,963;Όχι
06/05/2024 10:30;1,043;Όχι
06/05/2024 10:45;1,11;Όχι
06/05/2024 11:00;1,18;Όχι
06/05/2024 11:15;1,237;Όχι
06/05/2024 11:30;1,283;Όχι
06/05/2024 11:45;1,33;Όχι
06/05/2024 12:00;1,359;Όχι
06/05/2024 12:15;1,401;Όχι
06/05/2024 12:30;1,451;Όχι
06/05/2024 12:45;1,473;Όχι
06/05/2024 13:00;1,47;Όχι
06/05/2024 13:15;1,478;Όχι
06/05/2024 13:30;1,498;Όχι
06/05/2024 13:45;1,511;Όχι
06/05/2024 14:00;1,496;Όχι
06/05/2024 14:15;1,49;Όχι
06/05/2024 14:30;1,48;Όχι
06/05/2024 14:45;1,452;Όχι
06/05/2024 15:00;1,437;Όχι
06/05/2024 15:15;1,41;Όχι
06/05/2024 15:30;1,306;Όχι
06/05/2024 15:45;1,268;Όχι
06/05/2024 16:00;1,25;Όχι
06/05/2024 16:15;1,195;Όχι
06/05/2024 16:30;1,108;Όχι
06/05/2024 16:45;1,173;Όχι
06/05/2024 17:00;1,003;Όχι
06/05/2024 17:15;0,901;Όχι
06/05/2024 17:30;0,806;Όχι
06/05/2024 17:45;0,71;Όχι
06/05/2024 18:00;0,614;Όχι
06/05/2024 18:15;0,517;Όχι
06/05/2024 18:30;0,417;Όχι
06/05/2024 18:45;0,32;Όχι
06/05/2024 19:00;0,234;Όχι
06/05/2024 19:15;0,158;Όχι
06/05/2024 19:30;0,096;Όχι
06/05/2024 19:45;0,051;Όχι
06/05/2024 20:00;0,024;Όχι
06/05/2024 20:15;0,008;Όχι
06/05/2024 20:30;0;Όχι
06/05/2024 20:45;0;Όχι
06/05/2024 21:00;0;Όχι
06/05/2024 21:15;0;Όχι
06/05/2024 21:30;0;Όχι
06/05/2024 21:45;0;Όχι
06/05/2024 22:00;0;Όχι
06/05/2024 22:15;0;Όχι
06/05/2024 22:30;0;Όχι
06/05/2024 22:45;0;Όχι
06/05/2024 23:00;0;Όχι
06/05/2024 23:15;0;Όχι
06/05/2024 23:30;0;Όχι
06/05/2024 23:45;0;Όχι
07/05/2024 00:00;0;Όχι
07/05/2024 00:15;0;Όχι
07/05/2024 00:30;0;Όχι
07/05/2024 00:45;0;Όχι
07/05/2024 01:00;0;Όχι
07/05/2024 01:15;0;Όχι
07/05/2024 01:30;0;Όχι
07/05/2024 01:45;0;Όχι
07/05/2024 02:00;0;Όχι
07/05/2024 02:15;0;Όχι
07/05/2024 02:30;0;Όχι
07/05/2024 02:45;0;Όχι
07/05/2024 03:00;0;Όχι
07/05/2024 03:15;0;Όχι
07/05/2024 03:30;0;Όχι
07/05/2024 03:45;0;Όχι
07/05/2024 04:00;0;Όχι
07/05/2024 04:15;0;Όχι
07/05/2024 04:30;0;Όχι
07/05/2024 04:45;0;Όχι
07/05/2024 05:00;0;Όχι
07/05/2024 05:15;0;Όχι
07/05/2024 05:30;0;Όχι
07/05/2024 05:45;0;Όχι
07/05/2024 06:00;0;Όχι
07/05/2024 06:15;0;Όχι
07/05/2024 06:30;0;Όχι
07/05/2024 06:45;0,009;Όχι
07/05/2024 07:00;0,029;Όχι
07/05/2024 07:15;0,047;Όχι
07/05/2024 07:30;0,083;Όχι
07/05/2024 07:45;0,137;Όχι
07/05/2024 08:00;0,208;Όχι
07/05/2024 08:15;0,282;Όχι
07/05/2024 08:30;0,361;Όχι
07/05/2024 08:45;0,448;Όχι
07/05/2024 09:00;0,543;Όχι
07/05/2024 09:15;0,632;Όχι
07/05/2024 09:30;0,723;Όχι
07/05/2024 09:45;0,794;Όχι
07/05/2024 10:00;0,883;Όχι
07/05/2024 10:15;0,958;Όχι
07/05/2024 10:30;1,028;Όχι
07/05/2024 10:45;1,088;Όχι
07/05/2024 11:00;1,148;Όχι
07/05/2024 11:15;1,177;Όχι
07/05/2024 11:30;1,248;Όχι
07/05/2024 11:45;1,267;Όχι
07/05/2024 12:00;1,315;Όχι
07/05/2024 12:15;1,345;Όχι
07/05/2024 12:30;1,364;Όχι
07/05/2024 12:45;1,37;Όχι
07/05/2024 13:00;1,396;Όχι
07/05/2024 13:15;1,414;Όχι
07/05/2024 13:30;1,408;Όχι
07/05/2024 13:45;1,383;Όχι
07/05/2024 14:00;1,41;Όχι
07/05/2024 14:15;1,429;Όχι
07/05/2024 14:30;1,421;Όχι
07/05/2024 14:45;1,396;Όχι
07/05/2024 15:00;1,305;Όχι
07/05/2024 15:15;1,215;Όχι
07/05/2024 15:30;1,23;Όχι
07/05/2024 15:45;1,246;Όχι
07/05/2024 16:00;1,151;Όχι
07/05/2024 16:15;1,061;Όχι
07/05/2024 16:30;0,838;Όχι
07/05/2024 16:45;0,703;Όχι
07/05/2024 17:00;0,693;Όχι
07/05/2024 17:15;0,753;Όχι
07/05/2024 17:30;0,614;Όχι
07/05/2024 17:45;0,429;Όχι
07/05/2024 18:00;0,387;Όχι
07/05/2024 18:15;0,445;Όχι
07/05/2024 18:30;0,399;Όχι
07/05/2024 18:45;0,3;Όχι
07/05/2024 19:00;0,226;Όχι
07/05/2024 19:15;0,187;Όχι
07/05/2024 19:30;0,125;Όχι
07/05/2024 19:45;0,081;Όχι
07/05/2024 20:00;0,039;Όχι
07/05/2024 20:15;0,013;Όχι
07/05/2024 20:30;0,001;Όχι
07/05/2024 20:45;0;Όχι
07/05/2024 21:00;0;Όχι
07/05/2024 21:15;0;Όχι
07/05/2024 21:30;0;Όχι
07/05/2024 21:45;0;Όχι
07/05/2024 22:00;0;Όχι
07/05/2024 22:15;0;Όχι
07/05/2024 22:30;0;Όχι
07/05/2024 22:45;0;Όχι
07/05/2024 23:00;0;Όχι
07/05/2024 23:15;0;Όχι
07/05/2024 23:30;0;Όχι
07/05/2024 23:45;0;Όχι
08/05/2024 00:00;0;Όχι
08/05/2024 00:15;0;Όχι
08/05/2024 00:30;0;Όχι
08/05/2024 00:45;0;Όχι
08/05/2024 01:00;0;Όχι
08/05/2024 01:15;0;Όχι
08/05/2024 01:30;0;Όχι
08/05/2024 01:45;0;Όχι
08/05/2024 02:00;0;Όχι
08/05/2024 02:15;0;Όχι
08/05/2024 02:30;0;Όχι
08/05/2024 02:45;0;Όχι
08/05/2024 03:00;0;Όχι
08/05/2024 03:15;0;Όχι
08/05/2024 03:30;0;Όχι
08/05/2024 03:45;0;Όχι
08/05/2024 04:00;0;Όχι
08/05/2024 04:15;0;Όχι
08/05/2024 04:30;0;Όχι
08/05/2024 04:45;0;Όχι
08/05/2024 05:00;0;Όχι
08/05/2024 05:15;0;Όχι
08/05/2024 05:30;0;Όχι
08/05/2024 05:45;0;Όχι
08/05/2024 06:00;0;Όχι
08/05/2024 06:15;0;Όχι
08/05/2024 06:30;0;Όχι
08/05/2024 06:45;0,008;Όχι
08/05/2024 07:00;0,028;Όχι
08/05/2024 07:15;0,053;Όχι
08/05/2024 07:30;0,085;Όχι
08/05/2024 07:45;0,125;Όχι
08/05/2024 08:00;0,197;Όχι
08/05/2024 08:15;0,241;Όχι
08/05/2024 08:30;0,355;Όχι
08/05/2024 08:45;0,417;Όχι
08/05/2024 09:00;0,384;Όχι
08/05/2024 09:15;0,424;Όχι
08/05/2024 09:30;0,553;Όχι
08/05/2024 09:45;0,616;Όχι
08/05/2024 10:00;0,653;Όχι
08/05/2024 10:15;0,732;Όχι
08/05/2024 10:30;0,719;Όχι
08/05/2024 10:45;0,831;Όχι
08/05/2024 11:00;0,889;Όχι
08/05/2024 11:15;0,893;Όχι
08/05/2024 11:30;0,938;Όχι
08/05/2024 11:45;1,062;Όχι
08/05/2024 12:00;1,039;Όχι
08/05/2024 12:15;1,117;Όχι
08/05/2024 12:30;1,214;Όχι
08/05/2024 12:45;1,195;Όχι
08/05/2024 13:00;1,158;Όχι
08/05/2024 13:15;1,186;Όχι
08/05/2024 13:30;1,161;Όχι
08/05/2024 13:45;1,044;Όχι
08/05/2024 14:00;1,076;Όχι
08/05/2024 14:15;1,239;Όχι
08/05/2024 14:30;1,154;Όχι
08/05/2024 14:45;1,028;Όχι
08/05/2024 15:00;1,19;Όχι
08/05/2024 15:15;1,141;Όχι
08/05/2024 15:30;1,041;Όχι
08/05/2024 15:45;0,991;Όχι
08/05/2024 16:00;0,953;Όχι
08/05/2024 16:15;0,847;Όχι
08/05/2024 16:30;0,793;Όχι
08/05/2024 16:45;0,71;Όχι
08/05/2024 17:00;0,576;Όχι
08/05/2024 17:15;0,452;Όχι
08/05/2024 17:30;0,442;Όχι
08/05/2024 17:45;0,53;Όχι
08/05/2024 18:00;0,418;Όχι
08/05/2024 18:15;0,395;Όχι
08/05/2024 18:30;0,297;Όχι
08/05/2024 18:45;0,179;Όχι
08/05/2024 19:00;0,12;Όχι
08/05/2024 19:15;0,091;Όχι
08/05/2024 19:30;0,077;Όχι
08/05/2024 19:45;0,066;Όχι
08/05/2024 20:00;0,046;Όχι
08/05/2024 20:15;0,022;Όχι
08/05/2024 20:30;0,003;Όχι
08/05/2024 20:45;0;Όχι
08/05/2024 21:00;0;Όχι
08/05/2024 21:15;0;Όχι
08/05/2024 21:30;0;Όχι
08/05/2024 21:45;0;Όχι
08/05/2024 22:00;0;Όχι
08/05/2024 22:15;0;Όχι
08/05/2024 22:30;0;Όχι
08/05/2024 22:45;0;Όχι
08/05/2024 23:00;0;Όχι
08/05/2024 23:15;0;Όχι
08/05/2024 23:30;0;Όχι
08/05/2024 23:45;0;Όχι
09/05/2024 00:00;0;Όχι
09/05/2024 00:15;0;Όχι
09/05/2024 00:30;0;Όχι
09/05/2024 00:45;0;Όχι
09/05/2024 01:00;0;Όχι
09/05/2024 01:15;0;Όχι
09/05/2024 01:30;0;Όχι
09/05/2024 01:45;0;Όχι
09/05/2024 02:00;0;Όχι
09/05/2024 02:15;0;Όχι
09/05/2024 02:30;0;Όχι
09/05/2024 02:45;0;Όχι
09/05/2024 03:00;0;Όχι
09/05/2024 03:15;0;Όχι
09/05/2024 03:30;0;Όχι
09/05/2024 03:45;0;Όχι
09/05/2024 04:00;0;Όχι
09/05/2024 04:15;0;Όχι
09/05/2024 04:30;0;Όχι
09/05/2024 04:45;0;Όχι
09/05/2024 05:00;0;Όχι
09/05/2024 05:15;0;Όχι
09/05/2024 05:30;0;Όχι
09/05/2024 05:45;0;Όχι
09/05/2024 06:00;0;Όχι
09/05/2024 06:15;0;Όχι
09/05/2024 06:30;0;Όχι
09/05/2024 06:45;0,015;Όχι
09/05/2024 07:00;0,038;Όχι
09/05/2024 07:15;0,067;Όχι
09/05/2024 07:30;0,097;Όχι
09/05/2024 07:45;0,128;Όχι
09/05/2024 08:00;0,136;Όχι
09/05/2024 08:15;0;Όχι
09/05/2024 08:30;0,043;Όχι
09/05/2024 08:45;0,216;Όχι
09/05/2024 09:00;0,352;Όχι
09/05/2024 09:15;0,394;Όχι
09/05/2024 09:30;0,524;Όχι
09/05/2024 09:45;0,651;Όχι
09/05/2024 10:00;0,876;Όχι
09/05/2024 10:15;0,919;Όχι
09/05/2024 10:30;0,961;Όχι
09/05/2024 10:45;1,039;Όχι
09/05/2024 11:00;0,99;Όχι
09/05/2024 11:15;1,017;Όχι
09/05/2024 11:30;0,955;Όχι
09/05/2024 11:45;1,102;Όχι
09/05/2024 12:00;1,007;Όχι
09/05/2024 12:15;1,076;Όχι
09/05/2024 12:30;1,213;Όχι
09/05/2024 12:45;1,188;Όχι
09/05/2024 13:00;1,271;Όχι
09/05/2024 13:15;1,232;Όχι
09/05/2024 13:30;0,953;Όχι
09/05/2024 13:45;0,916;Όχι
09/05/2024 14:00;0,95;Όχι
09/05/2024 14:15;1,146;Όχι
09/05/2024 14:30;0,883;Όχι
09/05/2024 14:45;1,107;Όχι
09/05/2024 15:00;1,553;Όχι
09/05/2024 15:15;0,799;Όχι
09/05/2024 15:30;0,468;Όχι
09/05/2024 15:45;0,358;Όχι
09/05/2024 16:00;0,303;Όχι
09/05/2024 16:15;0,232;Όχι
09/05/2024 16:30;0,322;Όχι
09/05/2024 16:45;0,693;Όχι
09/05/2024 17:00;0,382;Όχι
09/05/2024 17:15;0,103;Όχι
09/05/2024 17:30;0,044;Όχι
09/05/2024 17:45;0,026;Όχι
09/05/2024 18:00;0,043;Όχι
09/05/2024 18:15;0,062;Όχι
09/05/2024 18:30;0,106;Όχι
09/05/2024 18:45;0,059;Όχι
09/05/2024 19:00;0,073;Όχι
09/05/2024 19:15;0,047;Όχι
09/05/2024 19:30;0,022;Όχι
09/05/2024 19:45;0;Όχι
09/05/2024 20:00;0,004;Όχι
09/05/2024 20:15;0,002;Όχι
09/05/2024 20:30;0;Όχι
09/05/2024 20:45;0;Όχι
09/05/2024 21:00;0;Όχι
09/05/2024 21:15;0;Όχι
09/05/2024 21:30;0;Όχι
09/05/2024 21:45;0;Όχι
09/05/2024 22:00;0;Όχι
09/05/2024 22:15;0;Όχι
09/05/2024 22:30;0;Όχι
09/05/2024 22:45;0;Όχι
09/05/2024 23:00;0;Όχι
09/05/2024 23:15;0;Όχι
09/05/2024 23:30;0;Όχι
09/05/2024 23:45;0;Όχι
10/05/2024 00:00;0;Όχι
10/05/2024 00:15;0;Όχι
10/05/2024 00:30;0;Όχι
10/05/2024 00:45;0;Όχι
10/05/2024 01:00;0;Όχι
10/05/2024 01:15;0;Όχι
10/05/2024 01:30;0;Όχι
10/05/2024 01:45;0;Όχι
10/05/2024 02:00;0;Όχι
10/05/2024 02:15;0;Όχι
10/05/2024 02:30;0;Όχι
10/05/2024 02:45;0;Όχι
10/05/2024 03:00;0;Όχι
10/05/2024 03:15;0;Όχι
10/05/2024 03:30;0;Όχι
10/05/2024 03:45;0;Όχι
10/05/2024 04:00;0;Όχι
10/05/2024 04:15;0;Όχι
10/05/2024 04:30;0;Όχι
10/05/2024 04:45;0;Όχι
10/05/2024 05:00;0;Όχι
10/05/2024 05:15;0;Όχι
10/05/2024 05:30;0;Όχι
10/05/2024 05:45;0;Όχι
10/05/2024 06:00;0;Όχι
10/05/2024 06:15;0;Όχι
10/05/2024 06:30;0;Όχι
10/05/2024 06:45;0;Όχι
10/05/2024 07:00;0,005;Όχι
10/05/2024 07:15;0,022;Όχι
10/05/2024 07:30;0,05;Όχι
10/05/2024 07:45;0,101;Όχι
10/05/2024 08:00;0,12;Όχι
10/05/2024 08:15;0,189;Όχι
10/05/2024 08:30;0,208;Όχι
10/05/2024 08:45;0,21;Όχι
10/05/2024 09:00;0,183;Όχι
10/05/2024 09:15;0,217;Όχι
10/05/2024 09:30;0,17;Όχι
10/05/2024 09:45;0,163;Όχι
10/05/2024 10:00;0,33;Όχι
10/05/2024 10:15;0,421;Όχι
10/05/2024 10:30;0,394;Όχι
10/05/2024 10:45;0,476;Όχι
10/05/2024 11:00;0,552;Όχι
10/05/2024 11:15;0,575;Όχι
10/05/2024 11:30;0,496;Όχι
10/05/2024 11:45;0,417;Όχι
10/05/2024 12:00;0,312;Όχι
10/05/2024 12:15;0,322;Όχι
10/05/2024 12:30;0,201;Όχι
10/05/2024 12:45;0,237;Όχι
10/05/2024 13:00;0,233;Όχι
10/05/2024 13:15;0,222;Όχι
10/05/2024 13:30;0,235;Όχι
10/05/2024 13:45;0,334;Όχι
10/05/2024 14:00;0,596;Όχι
10/05/2024 14:15;0,744;Όχι
10/05/2024 14:30;0,861;Όχι
10/05/2024 14:45;0,489;Όχι
10/05/2024 15:00;0,354;Όχι
10/05/2024 15:15;0,279;Όχι
10/05/2024 15:30;0,172;Όχι
10/05/2024 15:45;0,113;Όχι
10/05/2024 16:00;0,164;Όχι
10/05/2024 16:15;0,143;Όχι
10/05/2024 16:30;0,051;Όχι
10/05/2024 16:45;0,066;Όχι
10/05/2024 17:00;0,194;Όχι
10/05/2024 17:15;0,246;Όχι
10/05/2024 17:30;0,106;Όχι
10/05/2024 17:45;0,065;Όχι
10/05/2024 18:00;0,054;Όχι
10/05/2024 18:15;0,038;Όχι
10/05/2024 18:30;0,039;Όχι
10/05/2024 18:45;0,025;Όχι
10/05/2024 19:00;0,04;Όχι
10/05/2024 19:15;0,074;Όχι
10/05/2024 19:30;0,079;Όχι
10/05/2024 19:45;0,054;Όχι
10/05/2024 20:00;0,028;Όχι
10/05/2024 20:15;0,003;Όχι
10/05/2024 20:30;0,001;Όχι
10/05/2024 20:45;0;Όχι
10/05/2024 21:00;0;Όχι
10/05/2024 21:15;0;Όχι
10/05/2024 21:30;0;Όχι
10/05/2024 21:45;0;Όχι
10/05/2024 22:00;0;Όχι
10/05/2024 22:15;0;Όχι
10/05/2024 22:30;0;Όχι
10/05/2024 22:45;0;Όχι
10/05/2024 23:00;0;Όχι
10/05/2024 23:15;0;Όχι
10/05/2024 23:30;0;Όχι
10/05/2024 23:45;0;Όχι
11/05/2024 00:00;0;Όχι
11/05/2024 00:15;0;Όχι
11/05/2024 00:30;0;Όχι
11/05/2024 00:45;0;Όχι
11/05/2024 01:00;0;Όχι
11/05/2024 01:15;0;Όχι
11/05/2024 01:30;0;Όχι
11/05/2024 01:45;0;Όχι
11/05/2024 02:00;0;Όχι
11/05/2024 02:15;0;Όχι
11/05/2024 02:30;0;Όχι
11/05/2024 02:45;0;Όχι
11/05/2024 03:00;0;Όχι
11/05/2024 03:15;0;Όχι
11/05/2024 03:30;0;Όχι
11/05/2024 03:45;0;Όχι
11/05/2024 04:00;0;Όχι
11/05/2024 04:15;0;Όχι
11/05/2024 04:30;0;Όχι
11/05/2024 04:45;0;Όχι
11/05/2024 05:00;0;Όχι
11/05/2024 05:15;0;Όχι
11/05/2024 05:30;0;Όχι
11/05/2024 05:45;0;Όχι
11/05/2024 06:00;0;Όχι
11/05/2024 06:15;0;Όχι
11/05/2024 06:30;0;Όχι
11/05/2024 06:45;0;Όχι
11/05/2024 07:00;0,002;Όχι
11/05/2024 07:15;0,017;Όχι
11/05/2024 07:30;0,045;Όχι
11/05/2024 07:45;0,067;Όχι
11/05/2024 08:00;0,085;Όχι
11/05/2024 08:15;0,174;Όχι
11/05/2024 08:30;0,306;Όχι
11/05/2024 08:45;0,37;Όχι
11/05/2024 09:00;0,401;Όχι
11/05/2024 09:15;0,449;Όχι
11/05/2024 09:30;0,556;Όχι
11/05/2024 09:45;0,645;Όχι
11/05/2024 10:00;0,608;Όχι
11/05/2024 10:15;0,571;Όχι
11/05/2024 10:30;0,557;Όχι
11/05/2024 10:45;0,648;Όχι
11/05/2024 11:00;0,58;Όχι
11/05/2024 11:15;0,655;Όχι
11/05/2024 11:30;0,745;Όχι
11/05/2024 11:45;0,688;Όχι
11/05/2024 12:00;0,893;Όχι
11/05/2024 12:15;1,043;Όχι
11/05/2024 12:30;1,348;Όχι
11/05/2024 12:45;1,337;Όχι
11/05/2024 13:00;1,592;Όχι
11/05/2024 13:15;1,661;Όχι
11/05/2024 13:30;1,272;Όχι
11/05/2024 13:45;0,824;Όχι
11/05/2024 14:00;1,001;Όχι
11/05/2024 14:15;0,834;Όχι
11/05/2024 14:30;0,853;Όχι
11/05/2024 14:45;1,399;Όχι
11/05/2024 15:00;1,669;Όχι
11/05/2024 15:15;1,023;Όχι
11/05/2024 15:30;1,061;Όχι
11/05/2024 15:45;1,335;Όχι
11/05/2024 16:00;1,258;Όχι
11/05/2024 16:15;1,195;Όχι
11/05/2024 16:30;1,122;Όχι
11/05/2024 16:45;1,096;Όχι
11/05/2024 17:00;0,978;Όχι
11/05/2024 17:15;0,919;Όχι
11/05/2024 17:30;0,833;Όχι
11/05/2024 17:45;0,763;Όχι
11/05/2024 18:00;0,712;Όχι
11/05/2024 18:15;0,624;Όχι
11/05/2024 18:30;0,566;Όχι
11/05/2024 18:45;0,475;Όχι
11/05/2024 19:00;0,294;Όχι
11/05/2024 19:15;0,163;Όχι
11/05/2024 19:30;0,107;Όχι
11/05/2024 19:45;0,074;Όχι
11/05/2024 20:00;0,036;Όχι
11/05/2024 20:15;0,015;Όχι
11/05/2024 20:30;0,004;Όχι
11/05/2024 20:45;0;Όχι
11/05/2024 21:00;0;Όχι
11/05/2024 21:15;0;Όχι
11/05/2024 21:30;0;Όχι
11/05/2024 21:45;0;Όχι
11/05/2024 22:00;0;Όχι
11/05/2024 22:15;0;Όχι
11/05/2024 22:30;0;Όχι
11/05/2024 22:45;0;Όχι
11/05/2024 23:00;0;Όχι
11/05/2024 23:15;0;Όχι
11/05/2024 23:30;0;Όχι
11/05/2024 23:45;0;Όχι
12/05/2024 00:00;0;Όχι
12/05/2024 00:15;0;Όχι
12/05/2024 00:30;0;Όχι
12/05/2024 00:45;0;Όχι
12/05/2024 01:00;0;Όχι
12/05/2024 01:15;0;Όχι
12/05/2024 01:30;0;Όχι
12/05/2024 01:45;0;Όχι
12/05/2024 02:00;0;Όχι
12/05/2024 02:15;0;Όχι
12/05/2024 02:30;0;Όχι
12/05/2024 02:45;0;Όχι
12/05/2024 03:00;0;Όχι
12/05/2024 03:15;0;Όχι
12/05/2024 03:30;0;Όχι
12/05/2024 03:45;0;Όχι
12/05/2024 04:00;0;Όχι
12/05/2024 04:15;0;Όχι
12/05/2024 04:30;0;Όχι
12/05/2024 04:45;0;Όχι
12/05/2024 05:00;0;Όχι
12/05/2024 05:15;0;Όχι
12/05/2024 05:30;0;Όχι
12/05/2024 05:45;0;Όχι
12/05/2024 06:00;0;Όχι
12/05/2024 06:15;0;Όχι
12/05/2024 06:30;0,002;Όχι
12/05/2024 06:45;0,014;Όχι
12/05/2024 07:00;0,026;Όχι
12/05/2024 07:15;0,046;Όχι
12/05/2024 07:30;0,088;Όχι
12/05/2024 07:45;0,145;Όχι
12/05/2024 08:00;0,209;Όχι
12/05/2024 08:15;0,288;Όχι
12/05/2024 08:30;0,377;Όχι
12/05/2024 08:45;0,471;Όχι
12/05/2024 09:00;0,567;Όχι
12/05/2024 09:15;0,657;Όχι
12/05/2024 09:30;0,742;Όχι
12/05/2024 09:45;0,829;Όχι
12/05/2024 10:00;0,91;Όχι
12/05/2024 10:15;0,981;Όχι
12/05/2024 10:30;1,055;Όχι
12/05/2024 10:45;1,114;Όχι
12/05/2024 11:00;1,169;Όχι
12/05/2024 11:15;1,222;Όχι
12/05/2024 11:30;1,233;Όχι
12/05/2024 11:45;1,224;Όχι
12/05/2024 12:00;1,257;Όχι
12/05/2024 12:15;1,41;Όχι
12/05/2024 12:30;1,515;Όχι
12/05/2024 12:45;1,496;Όχι
12/05/2024 13:00;1,452;Όχι
12/05/2024 13:15;1,458;Όχι
12/05/2024 13:30;1,26;Όχι
12/05/2024 13:45;1,431;Όχι
12/05/2024 14:00;1,404;Όχι
12/05/2024 14:15;0,753;Όχι
12/05/2024 14:30;1,516;Όχι
12/05/2024 14:45;0,852;Όχι
12/05/2024 15:00;1,431;Όχι
12/05/2024 15:15;1,351;Όχι
12/05/2024 15:30;1,304;Όχι
12/05/2024 15:45;1,269;Όχι
12/05/2024 16:00;1,205;Όχι
12/05/2024 16:15;1,182;Όχι
12/05/2024 16:30;0,938;Όχι
12/05/2024 16:45;0,953;Όχι
12/05/2024 17:00;0,984;Όχι
12/05/2024 17:15;0,885;Όχι
12/05/2024 17:30;0,817;Όχι
12/05/2024 17:45;0,702;Όχι
12/05/2024 18:00;0,227;Όχι
12/05/2024 18:15;0,498;Όχι
12/05/2024 18:30;0,295;Όχι
12/05/2024 18:45;0,353;Όχι
12/05/2024 19:00;0,129;Όχι
12/05/2024 19:15;0,09;Όχι
12/05/2024 19:30;0,051;Όχι
12/05/2024 19:45;0,025;Όχι
12/05/2024 20:00;0,021;Όχι
12/05/2024 20:15;0,017;Όχι
12/05/2024 20:30;0,003;Όχι
12/05/2024 20:45;0;Όχι
12/05/2024 21:00;0;Όχι
12/05/2024 21:15;0;Όχι
12/05/2024 21:30;0;Όχι
12/05/2024 21:45;0;Όχι
12/05/2024 22:00;0;Όχι
12/05/2024 22:15;0;Όχι
12/05/2024 22:30;0;Όχι
12/05/2024 22:45;0;Όχι
12/05/2024 23:00;0;Όχι
12/05/2024 23:15;0;Όχι
12/05/2024 23:30;0;Όχι
12/05/2024 23:45;0;Όχι
13/05/2024 00:00;0;Όχι
13/05/2024 00:15;0;Όχι
13/05/2024 00:30;0;Όχι
13/05/2024 00:45;0;Όχι
13/05/2024 01:00;0;Όχι
13/05/2024 01:15;0;Όχι
13/05/2024 01:30;0;Όχι
13/05/2024 01:45;0;Όχι
13/05/2024 02:00;0;Όχι
13/05/2024 02:15;0;Όχι
13/05/2024 02:30;0;Όχι
13/05/2024 02:45;0;Όχι
13/05/2024 03:00;0;Όχι
13/05/2024 03:15;0;Όχι
13/05/2024 03:30;0;Όχι
13/05/2024 03:45;0;Όχι
13/05/2024 04:00;0;Όχι
13/05/2024 04:15;0;Όχι
13/05/2024 04:30;0;Όχι
13/05/2024 04:45;0;Όχι
13/05/2024 05:00;0;Όχι
13/05/2024 05:15;0;Όχι
13/05/2024 05:30;0;Όχι
13/05/2024 05:45;0;Όχι
13/05/2024 06:00;0;Όχι
13/05/2024 06:15;0;Όχι
13/05/2024 06:30;0,001;Όχι
13/05/2024 06:45;0,018;Όχι
13/05/2024 07:00;0,041;Όχι
13/05/2024 07:15;0,056;Όχι
13/05/2024 07:30;0,051;Όχι
13/05/2024 07:45;0,078;Όχι
13/05/2024 08:00;0,152;Όχι
13/05/2024 08:15;0,093;Όχι
13/05/2024 08:30;0,244;Όχι
13/05/2024 08:45;0,494;Όχι
13/05/2024 09:00;0,605;Όχι
13/05/2024 09:15;0,663;Όχι
13/05/2024 09:30;0,766;Όχι
13/05/2024 09:45;0,844;Όχι
13/05/2024 10:00;0,887;Όχι
13/05/2024 10:15;1,065;Όχι
13/05/2024 10:30;1,06;Όχι
13/05/2024 10:45;1,15;Όχι
13/05/2024 11:00;1,215;Όχι
13/05/2024 11:15;1,258;Όχι
13/05/2024 11:30;1,301;Όχι
13/05/2024 11:45;1,332;Όχι
13/05/2024 12:00;1,364;Όχι
13/05/2024 12:15;1,415;Όχι
13/05/2024 12:30;1,44;Όχι
13/05/2024 12:45;1,478;Όχι
13/05/2024 13:00;1,425;Όχι
13/05/2024 13:15;1,281;Όχι
13/05/2024 13:30;1,379;Όχι
13/05/2024 13:45;1,485;Όχι
13/05/2024 14:00;1,332;Όχι
13/05/2024 14:15;0,891;Όχι
13/05/2024 14:30;1,539;Όχι
13/05/2024 14:45;1,04;Όχι
13/05/2024 15:00;1,368;Όχι
13/05/2024 15:15;0,475;Όχι
13/05/2024 15:30;0,449;Όχι
13/05/2024 15:45;1,454;Όχι
13/05/2024 16:00;1,353;Όχι
13/05/2024 16:15;1,365;Όχι
13/05/2024 16:30;0,802;Όχι
13/05/2024 16:45;1,09;Όχι
13/05/2024 17:00;1,023;Όχι
13/05/2024 17:15;0,912;Όχι
13/05/2024 17:30;0,853;Όχι
13/05/2024 17:45;0,581;Όχι
13/05/2024 18:00;0,649;Όχι
13/05/2024 18:15;0,537;Όχι
13/05/2024 18:30;0,432;Όχι
13/05/2024 18:45;0,344;Όχι
13/05/2024 19:00;0,224;Όχι
13/05/2024 19:15;0,189;Όχι
13/05/2024 19:30;0,141;Όχι
13/05/2024 19:45;0,076;Όχι
13/05/2024 20:00;0,036;Όχι
13/05/2024 20:15;0,01;Όχι
13/05/2024 20:30;0,002;Όχι
13/05/2024 20:45;0;Όχι
13/05/2024 21:00;0;Όχι
13/05/2024 21:15;0;Όχι
13/05/2024 21:30;0;Όχι
13/05/2024 21:45;0;Όχι
13/05/2024 22:00;0;Όχι
13/05/2024 22:15;0;Όχι
13/05/2024 22:30;0;Όχι
13/05/2024 22:45;0;Όχι
13/05/2024 23:00;0;Όχι
13/05/2024 23:15;0;Όχι
13/05/2024 23:30;0;Όχι
13/05/2024 23:45;0;Όχι
14/05/2024 00:00;0;Όχι
14/05/2024 00:15;0;Όχι
14/05/2024 00:30;0;Όχι
14/05/2024 00:45;0;Όχι
14/05/2024 01:00;0;Όχι
14/05/2024 01:15;0;Όχι
14/05/2024 01:30;0;Όχι
14/05/2024 01:45;0;Όχι
14/05/2024 02:00;0;Όχι
14/05/2024 02:15;0;Όχι
14/05/2024 02:30;0;Όχι
14/05/2024 02:45;0;Όχι
14/05/2024 03:00;0;Όχι
14/05/2024 03:15;0;Όχι
14/05/2024 03:30;0;Όχι
14/05/2024 03:45;0;Όχι
14/05/2024 04:00;0;Όχι
14/05/2024 04:15;0;Όχι
14/05/2024 04:30;0;Όχι
14/05/2024 04:45;0;Όχι
14/05/2024 05:00;0;Όχι
14/05/2024 05:15;0;Όχι
14/05/2024 05:30;0;Όχι
14/05/2024 05:45;0;Όχι
14/05/2024 06:00;0;Όχι
14/05/2024 06:15;0;Όχι
14/05/2024 06:30;0;Όχι
14/05/2024 06:45;0;Όχι
14/05/2024 07:00;0,008;Όχι
14/05/2024 07:15;0,014;Όχι
14/05/2024 07:30;0,016;Όχι
14/05/2024 07:45;0,045;Όχι
14/05/2024 08:00;0,06;Όχι
14/05/2024 08:15;0,038;Όχι
14/05/2024 08:30;0,064;Όχι
14/05/2024 08:45;0,162;Όχι
14/05/2024 09:00;0,216;Όχι
14/05/2024 09:15;0,273;Όχι
14/05/2024 09:30;0,202;Όχι
14/05/2024 09:45;0,209;Όχι
14/05/2024 10:00;0,155;Όχι
14/05/2024 10:15;0,176;Όχι
14/05/2024 10:30;0,152;Όχι
14/05/2024 10:45;0,162;Όχι
14/05/2024 11:00;0,183;Όχι
14/05/2024 11:15;0,233;Όχι
14/05/2024 11:30;0,188;Όχι
14/05/2024 11:45;0,164;Όχι
14/05/2024 12:00;0,211;Όχι
14/05/2024 12:15;0,29;Όχι
14/05/2024 12:30;0,396;Όχι
14/05/2024 12:45;0,466;Όχι
14/05/2024 13:00;0,551;Όχι
14/05/2024 13:15;0,651;Όχι
14/05/2024 13:30;0,666;Όχι
14/05/2024 13:45;0,629;Όχι
14/05/2024 14:00;0,655;Όχι
14/05/2024 14:15;0,569;Όχι
14/05/2024 14:30;0,689;Όχι
14/05/2024 14:45;1,083;Όχι
14/05/2024 15:00;0,885;Όχι
14/05/2024 15:15;1,316;Όχι
14/05/2024 15:30;0,614;Όχι
14/05/2024 15:45;0,595;Όχι
14/05/2024 16:00;0,695;Όχι
14/05/2024 16:15;0,928;Όχι
14/05/2024 16:30;0,965;Όχι
14/05/2024 16:45;0,415;Όχι
14/05/2024 17:00;0,453;Όχι
14/05/2024 17:15;0,406;Όχι
14/05/2024 17:30;0,338;Όχι
14/05/2024 17:45;0,488;Όχι
14/05/2024 18:00;0,272;Όχι
14/05/2024 18:15;0,235;Όχι
14/05/2024 18:30;0,281;Όχι
14/05/2024 18:45;0,185;Όχι
14/05/2024 19:00;0,164;Όχι
14/05/2024 19:15;0,116;Όχι
14/05/2024 19:30;0,064;Όχι
14/05/2024 19:45;0,045;Όχι
14/05/2024 20:00;0,03;Όχι
14/05/2024 20:15;0,017;Όχι
14/05/2024 20:30;0,003;Όχι
14/05/2024 20:45;0;Όχι
14/05/2024 21:00;0;Όχι
14/05/2024 21:15;0;Όχι
14/05/2024 21:30;0;Όχι
14/05/2024 21:45;0;Όχι
14/05/2024 22:00;0;Όχι
14/05/2024 22:15;0;Όχι
14/05/2024 22:30;0;Όχι
14/05/2024 22:45;0;Όχι
14/05/2024 23:00;0;Όχι
14/05/2024 23:15;0;Όχι
14/05/2024 23:30;0;Όχι
14/05/2024 23:45;0;Όχι
15/05/2024 00:00;0;Όχι
15/05/2024 00:15;0;Όχι
15/05/2024 00:30;0;Όχι
15/05/2024 00:45;0;Όχι
15/05/2024 01:00;0;Όχι
15/05/2024 01:15;0;Όχι
15/05/2024 01:30;0;Όχι
15/05/2024 01:45;0;Όχι
15/05/2024 02:00;0;Όχι
15/05/2024 02:15;0;Όχι
15/05/2024 02:30;0;Όχι
15/05/2024 02:45;0;Όχι
15/05/2024 03:00;0;Όχι
15/05/2024 03:15;0;Όχι
15/05/2024 03:30;0;Όχι
15/05/2024 03:45;0;Όχι
15/05/2024 04:00;0;Όχι
15/05/2024 04:15;0;Όχι
15/05/2024 04:30;0;Όχι
15/05/2024 04:45;0;Όχι
15/05/2024 05:00;0;Όχι
15/05/2024 05:15;0;Όχι
15/05/2024 05:30;0;Όχι
15/05/2024 05:45;0;Όχι
15/05/2024 06:00;0;Όχι
15/05/2024 06:15;0;Όχι
15/05/2024 06:30;0;Όχι
15/05/2024 06:45;0;Όχι
15/05/2024 07:00;0,002;Όχι
15/05/2024 07:15;0,014;Όχι
15/05/2024 07:30;0,027;Όχι
15/05/2024 07:45;0,013;Όχι
15/05/2024 08:00;0,019;Όχι
15/05/2024 08:15;0,042;Όχι
15/05/2024 08:30;0,07;Όχι
15/05/2024 08:45;0,086;Όχι
15/05/2024 09:00;0,12;Όχι
15/05/2024 09:15;0,165;Όχι
15/05/2024 09:30;0,169;Όχι
15/05/2024 09:45;0,182;Όχι
15/05/2024 10:00;0,181;Όχι
15/05/2024 10:15;0,241;Όχι
15/05/2024 10:30;0,279;Όχι
15/05/2024 10:45;0,324;Όχι
15/05/2024 11:00;0,377;Όχι
15/05/2024 11:15;0,287;Όχι
15/05/2024 11:30;0,233;Όχι
15/05/2024 11:45;0,224;Όχι
15/05/2024 12:00;0,23;Όχι
15/05/2024 12:15;0,26;Όχι
15/05/2024 12:30;0,32;Όχι
15/05/2024 12:45;0,361;Όχι
15/05/2024 13:00;0,402;Όχι
15/05/2024 13:15;0,396;Όχι
15/05/2024 13:30;0,392;Όχι
15/05/2024 13:45;0,407;Όχι
15/05/2024 14:00;0,5;Όχι
15/05/2024 14:15;0,536;Όχι
15/05/2024 14:30;0,541;Όχι
15/05/2024 14:45;0,691;Όχι
15/05/2024 15:00;0,532;Όχι
15/05/2024 15:15;0,624;Όχι
15/05/2024 15:30;0,769;Όχι
15/05/2024 15:45;0,714;Όχι
15/05/2024 16:00;1,063;Όχι
15/05/2024 16:15;0,604;Όχι
15/05/2024 16:30;0,595;Όχι
15/05/2024 16:45;0,46;Όχι
15/05/2024 17:00;0,438;Όχι
15/05/2024 17:15;0,411;Όχι
15/05/2024 17:30;0,438;Όχι
15/05/2024 17:45;0,277;Όχι
15/05/2024 18:00;0,16;Όχι
15/05/2024 18:15;0,126;Όχι
15/05/2024 18:30;0,107;Όχι
15/05/2024 18:45;0,08;Όχι
15/05/2024 19:00;0,153;Όχι
15/05/2024 19:15;0,1;Όχι
15/05/2024 19:30;0,102;Όχι
15/05/2024 19:45;0,092;Όχι
15/05/2024 20:00;0,049;Όχι
15/05/2024 20:15;0,011;Όχι
15/05/2024 20:30;0;Όχι
15/05/2024 20:45;0;Όχι
15/05/2024 21:00;0;Όχι
15/05/2024 21:15;0;Όχι
15/05/2024 21:30;0;Όχι
15/05/2024 21:45;0;Όχι
15/05/2024 22:00;0;Όχι
15/05/2024 22:15;0;Όχι
15/05/2024 22:30;0;Όχι
15/05/2024 22:45;0;Όχι
15/05/2024 23:00;0;Όχι
15/05/2024 23:15;0;Όχι
15/05/2024 23:30;0;Όχι
15/05/2024 23:45;0;Όχι
16/05/2024 00:00;0;Όχι
16/05/2024 00:15;0;Όχι
16/05/2024 00:30;0;Όχι
16/05/2024 00:45;0;Όχι
16/05/2024 01:00;0;Όχι
16/05/2024 01:15;0;Όχι
16/05/2024 01:30;0;Όχι
16/05/2024 01:45;0;Όχι
16/05/2024 02:00;0;Όχι
16/05/2024 02:15;0;Όχι
16/05/2024 02:30;0;Όχι
16/05/2024 02:45;0;Όχι
16/05/2024 03:00;0;Όχι
16/05/2024 03:15;0;Όχι
16/05/2024 03:30;0;Όχι
16/05/2024 03:45;0;Όχι
16/05/2024 04:00;0;Όχι
16/05/2024 04:15;0;Όχι
16/05/2024 04:30;0;Όχι
16/05/2024 04:45;0;Όχι
16/05/2024 05:00;0;Όχι
16/05/2024 05:15;0;Όχι
16/05/2024 05:30;0;Όχι
16/05/2024 05:45;0;Όχι
16/05/2024 06:00;0;Όχι
16/05/2024 06:15;0;Όχι
16/05/2024 06:30;0;Όχι
16/05/2024 06:45;0;Όχι
16/05/2024 07:00;0,003;Όχι
16/05/2024 07:15;0,024;Όχι
16/05/2024 07:30;0,05;Όχι
16/05/2024 07:45;0,029;Όχι
16/05/2024 08:00;0,032;Όχι
16/05/2024 08:15;0,025;Όχι
16/05/2024 08:30;0,025;Όχι
16/05/2024 08:45;0,016;Όχι
16/05/2024 09:00;0,017;Όχι
16/05/2024 09:15;0,007;Όχι
16/05/2024 09:30;0,044;Όχι
16/05/2024 09:45;0,045;Όχι
16/05/2024 10:00;0,02;Όχι
16/05/2024 10:15;0,029;Όχι
16/05/2024 10:30;0,043;Όχι
16/05/2024 10:45;0,115;Όχι
16/05/2024 11:00;0,127;Όχι
16/05/2024 11:15;0,158;Όχι
16/05/2024 11:30;0,166;Όχι
16/05/2024 11:45;0,174;Όχι
16/05/2024 12:00;0,12;Όχι
16/05/2024 12:15;0,107;Όχι
16/05/2024 12:30;0,073;Όχι
16/05/2024 12:45;0,169;Όχι
16/05/2024 13:00;0,287;Όχι
16/05/2024 13:15;0,475;Όχι
16/05/2024 13:30;0,318;Όχι
16/05/2024 13:45;0,228;Όχι
16/05/2024 14:00;0,257;Όχι
16/05/2024 14:15;0,114;Όχι
16/05/2024 14:30;0,074;Όχι
16/05/2024 14:45;0,137;Όχι
16/05/2024 15:00;0,267;Όχι
16/05/2024 15:15;0,221;Όχι
16/05/2024 15:30;0,293;Όχι
16/05/2024 15:45;0,192;Όχι
16/05/2024 16:00;0,151;Όχι
16/05/2024 16:15;0,119;Όχι
16/05/2024 16:30;0,114;Όχι
16/05/2024 16:45;0,095;Όχι
16/05/2024 17:00;0,149;Όχι
16/05/2024 17:15;0,105;Όχι
16/05/2024 17:30;0,137;Όχι
16/05/2024 17:45;0,092;Όχι
16/05/2024 18:00;0,126;Όχι
16/05/2024 18:15;0,203;Όχι
16/05/2024 18:30;0,144;Όχι
16/05/2024 18:45;0,05;Όχι
16/05/2024 19:00;0,046;Όχι
16/05/2024 19:15;0,025;Όχι
16/05/2024 19:30;0,026;Όχι
16/05/2024 19:45;0,005;Όχι
16/05/2024 20:00;0,005;Όχι
16/05/2024 20:15;0,001;Όχι
16/05/2024 20:30;0;Όχι
16/05/2024 20:45;0;Όχι
16/05/2024 21:00;0;Όχι
16/05/2024 21:15;0;Όχι
16/05/2024 21:30;0;Όχι
16/05/2024 21:45;0;Όχι
16/05/2024 22:00;0;Όχι
16/05/2024 22:15;0;Όχι
16/05/2024 22:30;0;Όχι
16/05/2024 22:45;0;Όχι
16/05/2024 23:00;0;Όχι
16/05/2024 23:15;0;Όχι
16/05/2024 23:30;0;Όχι
16/05/2024 23:45;0;Όχι
17/05/2024 00:00;0;Όχι
17/05/2024 00:15;0;Όχι
17/05/2024 00:30;0;Όχι
17/05/2024 00:45;0;Όχι
17/05/2024 01:00;0;Όχι
17/05/2024 01:15;0;Όχι
17/05/2024 01:30;0;Όχι
17/05/2024 01:45;0;Όχι
17/05/2024 02:00;0;Όχι
17/05/2024 02:15;0;Όχι
17/05/2024 02:30;0;Όχι
17/05/2024 02:45;0;Όχι
17/05/2024 03:00;0;Όχι
17/05/2024 03:15;0;Όχι
17/05/2024 03:30;0;Όχι
17/05/2024 03:45;0;Όχι
17/05/2024 04:00;0;Όχι
17/05/2024 04:15;0;Όχι
17/05/2024 04:30;0;Όχι
17/05/2024 04:45;0;Όχι
17/05/2024 05:00;0;Όχι
17/05/2024 05:15;0;Όχι
17/05/2024 05:30;0;Όχι
17/05/2024 05:45;0;Όχι
17/05/2024 06:00;0;Όχι
17/05/2024 06:15;0;Όχι
17/05/2024 06:30;0;Όχι
17/05/2024 06:45;0;Όχι
17/05/2024 07:00;0,011;Όχι
17/05/2024 07:15;0,015;Όχι
17/05/2024 07:30;0,039;Όχι
17/05/2024 07:45;0,076;Όχι
17/05/2024 08:00;0,1;Όχι
17/05/2024 08:15;0,112;Όχι
17/05/2024 08:30;0,158;Όχι
17/05/2024 08:45;0,258;Όχι
17/05/2024 09:00;0,348;Όχι
17/05/2024 09:15;0,384;Όχι
17/05/2024 09:30;0,432;Όχι
17/05/2024 09:45;0,531;Όχι
17/05/2024 10:00;0,558;Όχι
17/05/2024 10:15;0,682;Όχι
17/05/2024 10:30;0,742;Όχι
17/05/2024 10:45;0,681;Όχι
17/05/2024 11:00;0,723;Όχι
17/05/2024 11:15;1,017;Όχι
17/05/2024 11:30;1,222;Όχι
17/05/2024 11:45;1,285;Όχι
17/05/2024 12:00;1,313;Όχι
17/05/2024 12:15;1,364;Όχι
17/05/2024 12:30;1,349;Όχι
17/05/2024 12:45;1,387;Όχι
17/05/2024 13:00;1,381;Όχι
17/05/2024 13:15;1,399;Όχι
17/05/2024 13:30;1,408;Όχι
17/05/2024 13:45;1,385;Όχι
17/05/2024 14:00;1,391;Όχι
17/05/2024 14:15;1,408;Όχι
17/05/2024 14:30;1,383;Όχι
17/05/2024 14:45;1,272;Όχι
17/05/2024 15:00;1,172;Όχι
17/05/2024 15:15;1,13;Όχι
17/05/2024 15:30;1,236;Όχι
17/05/2024 15:45;1,187;Όχι
17/05/2024 16:00;0,684;Όχι
17/05/2024 16:15;0,654;Όχι
17/05/2024 16:30;0,958;Όχι
17/05/2024 16:45;0,938;Όχι
17/05/2024 17:00;0,715;Όχι
17/05/2024 17:15;0,797;Όχι
17/05/2024 17:30;0,681;Όχι
17/05/2024 17:45;0,622;Όχι
17/05/2024 18:00;0,573;Όχι
17/05/2024 18:15;0,481;Όχι
17/05/2024 18:30;0,395;Όχι
17/05/2024 18:45;0,313;Όχι
17/05/2024 19:00;0,245;Όχι
17/05/2024 19:15;0,179;Όχι
17/05/2024 19:30;0,127;Όχι
17/05/2024 19:45;0,086;Όχι
17/05/2024 20:00;0,054;Όχι
17/05/2024 20:15;0,028;Όχι
17/05/2024 20:30;0,009;Όχι
17/05/2024 20:45;0,001;Όχι
17/05/2024 21:00;0;Όχι
17/05/2024 21:15;0;Όχι
17/05/2024 21:30;0;Όχι
17/05/2024 21:45;0;Όχι
17/05/2024 22:00;0;Όχι
17/05/2024 22:15;0;Όχι
17/05/2024 22:30;0;Όχι
17/05/2024 22:45;0;Όχι
17/05/2024 23:00;0;Όχι
17/05/2024 23:15;0;Όχι
17/05/2024 23:30;0;Όχι
17/05/2024 23:45;0;Όχι
18/05/2024 00:00;0;Όχι
18/05/2024 00:15;0;Όχι
18/05/2024 00:30;0;Όχι
18/05/2024 00:45;0;Όχι
18/05/2024 01:00;0;Όχι
18/05/2024 01:15;0;Όχι
18/05/2024 01:30;0;Όχι
18/05/2024 01:45;0;Όχι
18/05/2024 02:00;0;Όχι
18/05/2024 02:15;0;Όχι
18/05/2024 02:30;0;Όχι
18/05/2024 02:45;0;Όχι
18/05/2024 03:00;0;Όχι
18/05/2024 03:15;0;Όχι
18/05/2024 03:30;0;Όχι
18/05/2024 03:45;0;Όχι
18/05/2024 04:00;0;Όχι
18/05/2024 04:15;0;Όχι
18/05/2024 04:30;0;Όχι
18/05/2024 04:45;0;Όχι
18/05/2024 05:00;0;Όχι
18/05/2024 05:15;0;Όχι
18/05/2024 05:30;0;Όχι
18/05/2024 05:45;0;Όχι
18/05/2024 06:00;0;Όχι
18/05/2024 06:15;0;Όχι
18/05/2024 06:30;0,005;Όχι
18/05/2024 06:45;0,022;Όχι
18/05/2024 07:00;0,039;Όχι
18/05/2024 07:15;0,064;Όχι
18/05/2024 07:30;0,106;Όχι
18/05/2024 07:45;0,167;Όχι
18/05/2024 08:00;0,243;Όχι
18/05/2024 08:15;0,309;Όχι
18/05/2024 08:30;0,371;Όχι
18/05/2024 08:45;0,451;Όχι
18/05/2024 09:00;0,539;Όχι
18/05/2024 09:15;0,642;Όχι
18/05/2024 09:30;0,713;Όχι
18/05/2024 09:45;0,817;Όχι
18/05/2024 10:00;0,874;Όχι
18/05/2024 10:15;0,951;Όχι
18/05/2024 10:30;1,018;Όχι
18/05/2024 10:45;1,072;Όχι
18/05/2024 11:00;1,116;Όχι
18/05/2024 11:15;1,166;Όχι
18/05/2024 11:30;1,222;Όχι
18/05/2024 11:45;1,268;Όχι
18/05/2024 12:00;1,312;Όχι
18/05/2024 12:15;1,336;Όχι
18/05/2024 12:30;1,353;Όχι
18/05/2024 12:45;1,354;Όχι
18/05/2024 13:00;1,371;Όχι
18/05/2024 13:15;1,394;Όχι
18/05/2024 13:30;1,347;Όχι
18/05/2024 13:45;1,416;Όχι
18/05/2024 14:00;1,397;Όχι
18/05/2024 14:15;1,374;Όχι
18/05/2024 14:30;1,366;Όχι
18/05/2024 14:45;1,304;Όχι
18/05/2024 15:00;1,357;Όχι
18/05/2024 15:15;1,309;Όχι
18/05/2024 15:30;1,244;Όχι
18/05/2024 15:45;1,073;Όχι
18/05/2024 16:00;1,008;Όχι
18/05/2024 16:15;0,841;Όχι
18/05/2024 16:30;0,773;Όχι
18/05/2024 16:45;0,951;Όχι
18/05/2024 17:00;0,832;Όχι
18/05/2024 17:15;0,742;Όχι
18/05/2024 17:30;0,655;Όχι
18/05/2024 17:45;0,494;Όχι
18/05/2024 18:00;0,417;Όχι
18/05/2024 18:15;0,461;Όχι
18/05/2024 18:30;0,321;Όχι
18/05/2024 18:45;0,213;Όχι
18/05/2024 19:00;0,17;Όχι
18/05/2024 19:15;0,174;Όχι
18/05/2024 19:30;0,148;Όχι
18/05/2024 19:45;0,102;Όχι
18/05/2024 20:00;0,072;Όχι
18/05/2024 20:15;0,042;Όχι
18/05/2024 20:30;0,011;Όχι
18/05/2024 20:45;0;Όχι
18/05/2024 21:00;0;Όχι
18/05/2024 21:15;0;Όχι
18/05/2024 21:30;0;Όχι
18/05/2024 21:45;0;Όχι
18/05/2024 22:00;0;Όχι
18/05/2024 22:15;0;Όχι
18/05/2024 22:30;0;Όχι
18/05/2024 22:45;0;Όχι
18/05/2024 23:00;0;Όχι
18/05/2024 23:15;0;Όχι
18/05/2024 23:30;0;Όχι
18/05/2024 23:45;0;Όχι
19/05/2024 00:00;0;Όχι
19/05/2024 00:15;0;Όχι
19/05/2024 00:30;0;Όχι
19/05/2024 00:45;0;Όχι
19/05/2024 01:00;0;Όχι
19/05/2024 01:15;0;Όχι
19/05/2024 01:30;0;Όχι
19/05/2024 01:45;0;Όχι
19/05/2024 02:00;0;Όχι
19/05/2024 02:15;0;Όχι
19/05/2024 02:30;0;Όχι
19/05/2024 02:45;0;Όχι
19/05/2024 03:00;0;Όχι
19/05/2024 03:15;0;Όχι
19/05/2024 03:30;0;Όχι
19/05/2024 03:45;0;Όχι
19/05/2024 04:00;0;Όχι
19/05/2024 04:15;0;Όχι
19/05/2024 04:30;0;Όχι
19/05/2024 04:45;0;Όχι
19/05/2024 05:00;0;Όχι
19/05/2024 05:15;0;Όχι
19/05/2024 05:30;0;Όχι
19/05/2024 05:45;0;Όχι
19/05/2024 06:00;0;Όχι
19/05/2024 06:15;0;Όχι
19/05/2024 06:30;0;Όχι
19/05/2024 06:45;0;Όχι
19/05/2024 07:00;0,01;Όχι
19/05/2024 07:15;0,041;Όχι
19/05/2024 07:30;0,073;Όχι
19/05/2024 07:45;0,108;Όχι
19/05/2024 08:00;0,096;Όχι
19/05/2024 08:15;0,156;Όχι
19/05/2024 08:30;0,175;Όχι
19/05/2024 08:45;0,215;Όχι
19/05/2024 09:00;0,215;Όχι
19/05/2024 09:15;0,469;Όχι
19/05/2024 09:30;0,296;Όχι
19/05/2024 09:45;0,269;Όχι
19/05/2024 10:00;0,335;Όχι
19/05/2024 10:15;0,514;Όχι
19/05/2024 10:30;1,158;Όχι
19/05/2024 10:45;0,703;Όχι
19/05/2024 11:00;0,629;Όχι
19/05/2024 11:15;0,721;Όχι
19/05/2024 11:30;1,267;Όχι
19/05/2024 11:45;0,534;Όχι
19/05/2024 12:00;0,375;Όχι
19/05/2024 12:15;0,438;Όχι
19/05/2024 12:30;0,631;Όχι
19/05/2024 12:45;0,641;Όχι
19/05/2024 13:00;1,079;Όχι
19/05/2024 13:15;1,475;Όχι
19/05/2024 13:30;1,151;Όχι
19/05/2024 13:45;0,977;Όχι
19/05/2024 14:00;1,151;Όχι
19/05/2024 14:15;0,783;Όχι
19/05/2024 14:30;0,867;Όχι
19/05/2024 14:45;1,022;Όχι
19/05/2024 15:00;1,19;Όχι
19/05/2024 15:15;1,227;Όχι
19/05/2024 15:30;1,119;Όχι
19/05/2024 15:45;1,187;Όχι
19/05/2024 16:00;1,126;Όχι
19/05/2024 16:15;1,081;Όχι
19/05/2024 16:30;0,992;Όχι
19/05/2024 16:45;0,938;Όχι
19/05/2024 17:00;0,897;Όχι
19/05/2024 17:15;0,803;Όχι
19/05/2024 17:30;0,727;Όχι
19/05/2024 17:45;0,644;Όχι
19/05/2024 18:00;0,419;Όχι
19/05/2024 18:15;0,429;Όχι
19/05/2024 18:30;0,345;Όχι
19/05/2024 18:45;0,279;Όχι
19/05/2024 19:00;0,207;Όχι
19/05/2024 19:15;0,141;Όχι
19/05/2024 19:30;0,099;Όχι
19/05/2024 19:45;0,076;Όχι
19/05/2024 20:00;0,054;Όχι
19/05/2024 20:15;0,036;Όχι
19/05/2024 20:30;0,012;Όχι
19/05/2024 20:45;0,001;Όχι
19/05/2024 21:00;0;Όχι
19/05/2024 21:15;0;Όχι
19/05/2024 21:30;0;Όχι
19/05/2024 21:45;0;Όχι
19/05/2024 22:00;0;Όχι
19/05/2024 22:15;0;Όχι
19/05/2024 22:30;0;Όχι
19/05/2024 22:45;0;Όχι
19/05/2024 23:00;0;Όχι
19/05/2024 23:15;0;Όχι
19/05/2024 23:30;0;Όχι
19/05/2024 23:45;0;Όχι
20/05/2024 00:00;0;Όχι
20/05/2024 00:15;0;Όχι
20/05/2024 00:30;0;Όχι
20/05/2024 00:45;0;Όχι
20/05/2024 01:00;0;Όχι
20/05/2024 01:15;0;Όχι
20/05/2024 01:30;0;Όχι
20/05/2024 01:45;0;Όχι
20/05/2024 02:00;0;Όχι
20/05/2024 02:15;0;Όχι
20/05/2024 02:30;0;Όχι
20/05/2024 02:45;0;Όχι
20/05/2024 03:00;0;Όχι
20/05/2024 03:15;0;Όχι
20/05/2024 03:30;0;Όχι
20/05/2024 03:45;0;Όχι
20/05/2024 04:00;0;Όχι
20/05/2024 04:15;0;Όχι
20/05/2024 04:30;0;Όχι
20/05/2024 04:45;0;Όχι
20/05/2024 05:00;0;Όχι
20/05/2024 05:15;0;Όχι
20/05/2024 05:30;0;Όχι
20/05/2024 05:45;0;Όχι
20/05/2024 06:00;0;Όχι
20/05/2024 06:15;0;Όχι
20/05/2024 06:30;0;Όχι
20/05/2024 06:45;0,002;Όχι
20/05/2024 07:00;0,002;Όχι
20/05/2024 07:15;0,026;Όχι
20/05/2024 07:30;0,029;Όχι
20/05/2024 07:45;0,06;Όχι
20/05/2024 08:00;0,144;Όχι
20/05/2024 08:15;0,273;Όχι
20/05/2024 08:30;0,406;Όχι
20/05/2024 08:45;0,241;Όχι
20/05/2024 09:00;0,167;Όχι
20/05/2024 09:15;0,24;Όχι
20/05/2024 09:30;0,553;Όχι
20/05/2024 09:45;0,387;Όχι
20/05/2024 10:00;0,474;Όχι
20/05/2024 10:15;0,787;Όχι
20/05/2024 10:30;0,949;Όχι
20/05/2024 10:45;1,028;Όχι
20/05/2024 11:00;1,087;Όχι
20/05/2024 11:15;1,159;Όχι
20/05/2024 11:30;1,217;Όχι
20/05/2024 11:45;1,242;Όχι
20/05/2024 12:00;1,224;Όχι
20/05/2024 12:15;1,287;Όχι
20/05/2024 12:30;1,316;Όχι
20/05/2024 12:45;1,318;Όχι
20/05/2024 13:00;1,39;Όχι
20/05/2024 13:15;1,419;Όχι
20/05/2024 13:30;1,377;Όχι
20/05/2024 13:45;1,419;Όχι
20/05/2024 14:00;1,398;Όχι
20/05/2024 14:15;1,409;Όχι
20/05/2024 14:30;1,41;Όχι
20/05/2024 14:45;1,381;Όχι
20/05/2024 15:00;1,343;Όχι
20/05/2024 15:15;1,298;Όχι
20/05/2024 15:30;1,255;Όχι
20/05/2024 15:45;1,207;Όχι
20/05/2024 16:00;1,16;Όχι
20/05/2024 16:15;1,099;Όχι
20/05/2024 16:30;1,036;Όχι
20/05/2024 16:45;0,968;Όχι
20/05/2024 17:00;0,858;Όχι
20/05/2024 17:15;0,746;Όχι
20/05/2024 17:30;0,761;Όχι
20/05/2024 17:45;0,662;Όχι
20/05/2024 18:00;0,565;Όχι
20/05/2024 18:15;0,487;Όχι
20/05/2024 18:30;0,421;Όχι
20/05/2024 18:45;0,326;Όχι
20/05/2024 19:00;0,245;Όχι
20/05/2024 19:15;0,179;Όχι
20/05/2024 19:30;0,126;Όχι
20/05/2024 19:45;0,081;Όχι
20/05/2024 20:00;0,046;Όχι
20/05/2024 20:15;0,026;Όχι
20/05/2024 20:30;0,006;Όχι
20/05/2024 20:45;0;Όχι
20/05/2024 21:00;0;Όχι
20/05/2024 21:15;0;Όχι
20/05/2024 21:30;0;Όχι
20/05/2024 21:45;0;Όχι
20/05/2024 22:00;0;Όχι
20/05/2024 22:15;0;Όχι
20/05/2024 22:30;0;Όχι
20/05/2024 22:45;0;Όχι
20/05/2024 23:00;0;Όχι
20/05/2024 23:15;0;Όχι
20/05/2024 23:30;0;Όχι
20/05/2024 23:45;0;Όχι
21/05/2024 00:00;0;Όχι
21/05/2024 00:15;0;Όχι
21/05/2024 00:30;0;Όχι
21/05/2024 00:45;0;Όχι
21/05/2024 01:00;0;Όχι
21/05/2024 01:15;0;Όχι
21/05/2024 01:30;0;Όχι
21/05/2024 01:45;0;Όχι
21/05/2024 02:00;0;Όχι
21/05/2024 02:15;0;Όχι
21/05/2024 02:30;0;Όχι
21/05/2024 02:45;0;Όχι
21/05/2024 03:00;0;Όχι
21/05/2024 03:15;0;Όχι
21/05/2024 03:30;0;Όχι
21/05/2024 03:45;0;Όχι
21/05/2024 04:00;0;Όχι
21/05/2024 04:15;0;Όχι
21/05/2024 04:30;0;Όχι
21/05/2024 04:45;0;Όχι
21/05/2024 05:00;0;Όχι
21/05/2024 05:15;0;Όχι
21/05/2024 05:30;0;Όχι
21/05/2024 05:45;0;Όχι
21/05/2024 06:00;0;Όχι
21/05/2024 06:15;0;Όχι
21/05/2024 06:30;0,007;Όχι
21/05/2024 06:45;0,026;Όχι
21/05/2024 07:00;0,038;Όχι
21/05/2024 07:15;0,072;Όχι
21/05/2024 07:30;0,118;Όχι
21/05/2024 07:45;0,161;Όχι
21/05/2024 08:00;0,242;Όχι
21/05/2024 08:15;0,24;Όχι
21/05/2024 08:30;0,237;Όχι
21/05/2024 08:45;0,263;Όχι
21/05/2024 09:00;0,294;Όχι
21/05/2024 09:15;0,395;Όχι
21/05/2024 09:30;0,7;Όχι
21/05/2024 09:45;0,781;Όχι
21/05/2024 10:00;0,821;Όχι
21/05/2024 10:15;0,904;Όχι
21/05/2024 10:30;1,013;Όχι
21/05/2024 10:45;0,999;Όχι
21/05/2024 11:00;0,981;Όχι
21/05/2024 11:15;1,122;Όχι
21/05/2024 11:30;1,205;Όχι
21/05/2024 11:45;1,23;Όχι
21/05/2024 12:00;1,258;Όχι
21/05/2024 12:15;1,293;Όχι
21/05/2024 12:30;1,312;Όχι
21/05/2024 12:45;1,322;Όχι
21/05/2024 13:00;1,336;Όχι
21/05/2024 13:15;1,357;Όχι
21/05/2024 13:30;1,353;Όχι
21/05/2024 13:45;1,357;Όχι
21/05/2024 14:00;1,357;Όχι
21/05/2024 14:15;1,363;Όχι
21/05/2024 14:30;1,326;Όχι
21/05/2024 14:45;1,301;Όχι
21/05/2024 15:00;1,276;Όχι
21/05/2024 15:15;1,251;Όχι
21/05/2024 15:30;1,204;Όχι
21/05/2024 15:45;1,152;Όχι
21/05/2024 16:00;1,093;Όχι
21/05/2024 16:15;1,036;Όχι
21/05/2024 16:30;0,991;Όχι
21/05/2024 16:45;0,925;Όχι
21/05/2024 17:00;0,856;Όχι
21/05/2024 17:15;0,788;Όχι
21/05/2024 17:30;0,723;Όχι
21/05/2024 17:45;0,649;Όχι
21/05/2024 18:00;0,573;Όχι
21/05/2024 18:15;0,489;Όχι
21/05/2024 18:30;0,403;Όχι
21/05/2024 18:45;0,328;Όχι
21/05/2024 19:00;0,257;Όχι
21/05/2024 19:15;0,188;Όχι
21/05/2024 19:30;0,133;Όχι
21/05/2024 19:45;0,092;Όχι
21/05/2024 20:00;0,059;Όχι
21/05/2024 20:15;0,035;Όχι
21/05/2024 20:30;0,014;Όχι
21/05/2024 20:45;0,002;Όχι
21/05/2024 21:00;0;Όχι
21/05/2024 21:15;0;Όχι
21/05/2024 21:30;0;Όχι
21/05/2024 21:45;0;Όχι
21/05/2024 22:00;0;Όχι
21/05/2024 22:15;0;Όχι
21/05/2024 22:30;0;Όχι
21/05/2024 22:45;0;Όχι
21/05/2024 23:00;0;Όχι
21/05/2024 23:15;0;Όχι
21/05/2024 23:30;0;Όχι
21/05/2024 23:45;0;Όχι
22/05/2024 00:00;0;Όχι
22/05/2024 00:15;0;Όχι
22/05/2024 00:30;0;Όχι
22/05/2024 00:45;0;Όχι
22/05/2024 01:00;0;Όχι
22/05/2024 01:15;0;Όχι
22/05/2024 01:30;0;Όχι
22/05/2024 01:45;0;Όχι
22/05/2024 02:00;0;Όχι
22/05/2024 02:15;0;Όχι
22/05/2024 02:30;0;Όχι
22/05/2024 02:45;0;Όχι
22/05/2024 03:00;0;Όχι
22/05/2024 03:15;0;Όχι
22/05/2024 03:30;0;Όχι
22/05/2024 03:45;0;Όχι
22/05/2024 04:00;0;Όχι
22/05/2024 04:15;0;Όχι
22/05/2024 04:30;0;Όχι
22/05/2024 04:45;0;Όχι
22/05/2024 05:00;0;Όχι
22/05/2024 05:15;0;Όχι
22/05/2024 05:30;0;Όχι
22/05/2024 05:45;0;Όχι
22/05/2024 06:00;0;Όχι
22/05/2024 06:15;0;Όχι
22/05/2024 06:30;0,008;Όχι
22/05/2024 06:45;0,028;Όχι
22/05/2024 07:00;0,053;Όχι
22/05/2024 07:15;0,081;Όχι
22/05/2024 07:30;0,12;Όχι
22/05/2024 07:45;0,17;Όχι
22/05/2024 08:00;0,224;Όχι
22/05/2024 08:15;0,286;Όχι
22/05/2024 08:30;0,361;Όχι
22/05/2024 08:45;0,443;Όχι
22/05/2024 09:00;0,524;Όχι
22/05/2024 09:15;0,605;Όχι
22/05/2024 09:30;0,689;Όχι
22/05/2024 09:45;0,776;Όχι
22/05/2024 10:00;0,853;Όχι
22/05/2024 10:15;0,93;Όχι
22/05/2024 10:30;0,988;Όχι
22/05/2024 10:45;1,047;Όχι
22/05/2024 11:00;1,106;Όχι
22/05/2024 11:15;1,153;Όχι
22/05/2024 11:30;1,21;Όχι
22/05/2024 11:45;1,258;Όχι
22/05/2024 12:00;0,999;Όχι
22/05/2024 12:15;1,327;Όχι
22/05/2024 12:30;1,353;Όχι
22/05/2024 12:45;1,374;Όχι
22/05/2024 13:00;1,399;Όχι
22/05/2024 13:15;1,411;Όχι
22/05/2024 13:30;1,438;Όχι
22/05/2024 13:45;1,441;Όχι
22/05/2024 14:00;1,447;Όχι
22/05/2024 14:15;1,443;Όχι
22/05/2024 14:30;1,416;Όχι
22/05/2024 14:45;1,398;Όχι
22/05/2024 15:00;1,378;Όχι
22/05/2024 15:15;1,338;Όχι
22/05/2024 15:30;1,308;Όχι
22/05/2024 15:45;1,263;Όχι
22/05/2024 16:00;1,195;Όχι
22/05/2024 16:15;1,14;Όχι
22/05/2024 16:30;1,075;Όχι
22/05/2024 16:45;1,002;Όχι
22/05/2024 17:00;0,923;Όχι
22/05/2024 17:15;0,848;Όχι
22/05/2024 17:30;0,764;Όχι
22/05/2024 17:45;0,68;Όχι
22/05/2024 18:00;0,589;Όχι
22/05/2024 18:15;0,497;Όχι
22/05/2024 18:30;0,29;Όχι
22/05/2024 18:45;0,087;Όχι
22/05/2024 19:00;0,099;Όχι
22/05/2024 19:15;0,08;Όχι
22/05/2024 19:30;0,059;Όχι
22/05/2024 19:45;0,059;Όχι
22/05/2024 20:00;0,053;Όχι
22/05/2024 20:15;0,065;Όχι
22/05/2024 20:30;0,021;Όχι
22/05/2024 20:45;0;Όχι
22/05/2024 21:00;0;Όχι
22/05/2024 21:15;0;Όχι
22/05/2024 21:30;0;Όχι
22/05/2024 21:45;0;Όχι
22/05/2024 22:00;0;Όχι
22/05/2024 22:15;0;Όχι
22/05/2024 22:30;0;Όχι
22/05/2024 22:45;0;Όχι
22/05/2024 23:00;0;Όχι
22/05/2024 23:15;0;Όχι
22/05/2024 23:30;0;Όχι
22/05/2024 23:45;0;Όχι
23/05/2024 00:00;0;Όχι
23/05/2024 00:15;0;Όχι
23/05/2024 00:30;0;Όχι
23/05/2024 00:45;0;Όχι
23/05/2024 01:00;0;Όχι
23/05/2024 01:15;0;Όχι
23/05/2024 01:30;0;Όχι
23/05/2024 01:45;0;Όχι
23/05/2024 02:00;0;Όχι
23/05/2024 02:15;0;Όχι
23/05/2024 02:30;0;Όχι
23/05/2024 02:45;0;Όχι
23/05/2024 03:00;0;Όχι
23/05/2024 03:15;0;Όχι
23/05/2024 03:30;0;Όχι
23/05/2024 03:45;0;Όχι
23/05/2024 04:00;0;Όχι
23/05/2024 04:15;0;Όχι
23/05/2024 04:30;0;Όχι
23/05/2024 04:45;0;Όχι
23/05/2024 05:00;0;Όχι
23/05/2024 05:15;0;Όχι
23/05/2024 05:30;0;Όχι
23/05/2024 05:45;0;Όχι
23/05/2024 06:00;0;Όχι
23/05/2024 06:15;0;Όχι
23/05/2024 06:30;0,007;Όχι
23/05/2024 06:45;0,022;Όχι
23/05/2024 07:00;0,039;Όχι
23/05/2024 07:15;0,048;Όχι
23/05/2024 07:30;0,112;Όχι
23/05/2024 07:45;0,168;Όχι
23/05/2024 08:00;0,232;Όχι
23/05/2024 08:15;0,329;Όχι
23/05/2024 08:30;0,421;Όχι
23/05/2024 08:45;0,506;Όχι
23/05/2024 09:00;0,58;Όχι
23/05/2024 09:15;0,652;Όχι
23/05/2024 09:30;0,755;Όχι
23/05/2024 09:45;0,827;Όχι
23/05/2024 10:00;0,902;Όχι
23/05/2024 10:15;0,999;Όχι
23/05/2024 10:30;1,026;Όχι
23/05/2024 10:45;1,146;Όχι
23/05/2024 11:00;1,198;Όχι
23/05/2024 11:15;1,255;Όχι
23/05/2024 11:30;1,304;Όχι
23/05/2024 11:45;1,348;Όχι
23/05/2024 12:00;1,386;Όχι
23/05/2024 12:15;1,424;Όχι
23/05/2024 12:30;1,449;Όχι
23/05/2024 12:45;1,476;Όχι
23/05/2024 13:00;1,487;Όχι
23/05/2024 13:15;1,486;Όχι
23/05/2024 13:30;1,479;Όχι
23/05/2024 13:45;1,474;Όχι
23/05/2024 14:00;1,465;Όχι
23/05/2024 14:15;1,452;Όχι
23/05/2024 14:30;1,436;Όχι
23/05/2024 14:45;1,403;Όχι
23/05/2024 15:00;1,374;Όχι
23/05/2024 15:15;1,342;Όχι
23/05/2024 15:30;1,302;Όχι
23/05/2024 15:45;1,142;Όχι
23/05/2024 16:00;1,197;Όχι
23/05/2024 16:15;1,125;Όχι
23/05/2024 16:30;1,12;Όχι
23/05/2024 16:45;1,037;Όχι
23/05/2024 17:00;0,957;Όχι
23/05/2024 17:15;0,847;Όχι
23/05/2024 17:30;0,806;Όχι
23/05/2024 17:45;0,428;Όχι
23/05/2024 18:00;0,42;Όχι
23/05/2024 18:15;0,447;Όχι
23/05/2024 18:30;0,307;Όχι
23/05/2024 18:45;0,085;Όχι
23/05/2024 19:00;0,193;Όχι
23/05/2024 19:15;0,129;Όχι
23/05/2024 19:30;0,059;Όχι
23/05/2024 19:45;0,071;Όχι
23/05/2024 20:00;0,09;Όχι
23/05/2024 20:15;0,024;Όχι
23/05/2024 20:30;0,008;Όχι
23/05/2024 20:45;0,001;Όχι
23/05/2024 21:00;0;Όχι
23/05/2024 21:15;0;Όχι
23/05/2024 21:30;0;Όχι
23/05/2024 21:45;0;Όχι
23/05/2024 22:00;0;Όχι
23/05/2024 22:15;0;Όχι
23/05/2024 22:30;0;Όχι
23/05/2024 22:45;0;Όχι
23/05/2024 23:00;0;Όχι
23/05/2024 23:15;0;Όχι
23/05/2024 23:30;0;Όχι
23/05/2024 23:45;0;Όχι
24/05/2024 00:00;0;Όχι
24/05/2024 00:15;0;Όχι
24/05/2024 00:30;0;Όχι
24/05/2024 00:45;0;Όχι
24/05/2024 01:00;0;Όχι
24/05/2024 01:15;0;Όχι
24/05/2024 01:30;0;Όχι
24/05/2024 01:45;0;Όχι
24/05/2024 02:00;0;Όχι
24/05/2024 02:15;0;Όχι
24/05/2024 02:30;0;Όχι
24/05/2024 02:45;0;Όχι
24/05/2024 03:00;0;Όχι
24/05/2024 03:15;0;Όχι
24/05/2024 03:30;0;Όχι
24/05/2024 03:45;0;Όχι
24/05/2024 04:00;0;Όχι
24/05/2024 04:15;0;Όχι
24/05/2024 04:30;0;Όχι
24/05/2024 04:45;0;Όχι
24/05/2024 05:00;0;Όχι
24/05/2024 05:15;0;Όχι
24/05/2024 05:30;0;Όχι
24/05/2024 05:45;0;Όχι
24/05/2024 06:00;0;Όχι
24/05/2024 06:15;0;Όχι
24/05/2024 06:30;0,006;Όχι
24/05/2024 06:45;0,017;Όχι
24/05/2024 07:00;0,027;Όχι
24/05/2024 07:15;0,047;Όχι
24/05/2024 07:30;0,087;Όχι
24/05/2024 07:45;0,146;Όχι
24/05/2024 08:00;0,223;Όχι
24/05/2024 08:15;0,307;Όχι
24/05/2024 08:30;0,387;Όχι
24/05/2024 08:45;0,479;Όχι
24/05/2024 09:00;0,568;Όχι
24/05/2024 09:15;0,658;Όχι
24/05/2024 09:30;0,746;Όχι
24/05/2024 09:45;0,829;Όχι
24/05/2024 10:00;0,912;Όχι
24/05/2024 10:15;0,982;Όχι
24/05/2024 10:30;1,055;Όχι
24/05/2024 10:45;1,123;Όχι
24/05/2024 11:00;1,18;Όχι
24/05/2024 11:15;1,227;Όχι
24/05/2024 11:30;1,277;Όχι
24/05/2024 11:45;1,32;Όχι
24/05/2024 12:00;1,361;Όχι
24/05/2024 12:15;1,389;Όχι
24/05/2024 12:30;1,414;Όχι
24/05/2024 12:45;1,428;Όχι
24/05/2024 13:00;1,445;Όχι
24/05/2024 13:15;1,446;Όχι
24/05/2024 13:30;1,444;Όχι
24/05/2024 13:45;1,44;Όχι
24/05/2024 14:00;1,443;Όχι
24/05/2024 14:15;1,391;Όχι
24/05/2024 14:30;1,4;Όχι
24/05/2024 14:45;1,194;Όχι
24/05/2024 15:00;1,352;Όχι
24/05/2024 15:15;1,218;Όχι
24/05/2024 15:30;1,31;Όχι
24/05/2024 15:45;1,102;Όχι
24/05/2024 16:00;1,038;Όχι
24/05/2024 16:15;1,177;Όχι
24/05/2024 16:30;1,047;Όχι
24/05/2024 16:45;1,058;Όχι
24/05/2024 17:00;0,875;Όχι
24/05/2024 17:15;0,44;Όχι
24/05/2024 17:30;0,68;Όχι
24/05/2024 17:45;0,676;Όχι
24/05/2024 18:00;0,609;Όχι
24/05/2024 18:15;0,518;Όχι
24/05/2024 18:30;0,435;Όχι
24/05/2024 18:45;0,342;Όχι
24/05/2024 19:00;0,259;Όχι
24/05/2024 19:15;0,184;Όχι
24/05/2024 19:30;0,117;Όχι
24/05/2024 19:45;0,072;Όχι
24/05/2024 20:00;0,035;Όχι
24/05/2024 20:15;0,022;Όχι
24/05/2024 20:30;0,012;Όχι
24/05/2024 20:45;0,002;Όχι
24/05/2024 21:00;0;Όχι
24/05/2024 21:15;0;Όχι
24/05/2024 21:30;0;Όχι
24/05/2024 21:45;0;Όχι
24/05/2024 22:00;0;Όχι
24/05/2024 22:15;0;Όχι
24/05/2024 22:30;0;Όχι
24/05/2024 22:45;0;Όχι
24/05/2024 23:00;0;Όχι
24/05/2024 23:15;0;Όχι
24/05/2024 23:30;0;Όχι
24/05/2024 23:45;0;Όχι
25/05/2024 00:00;0;Όχι
25/05/2024 00:15;0;Όχι
25/05/2024 00:30;0;Όχι
25/05/2024 00:45;0;Όχι
25/05/2024 01:00;0;Όχι
25/05/2024 01:15;0;Όχι
25/05/2024 01:30;0;Όχι
25/05/2024 01:45;0;Όχι
25/05/2024 02:00;0;Όχι
25/05/2024 02:15;0;Όχι
25/05/2024 02:30;0;Όχι
25/05/2024 02:45;0;Όχι
25/05/2024 03:00;0;Όχι
25/05/2024 03:15;0;Όχι
25/05/2024 03:30;0;Όχι
25/05/2024 03:45;0;Όχι
25/05/2024 04:00;0;Όχι
25/05/2024 04:15;0;Όχι
25/05/2024 04:30;0;Όχι
25/05/2024 04:45;0;Όχι
25/05/2024 05:00;0;Όχι
25/05/2024 05:15;0;Όχι
25/05/2024 05:30;0;Όχι
25/05/2024 05:45;0;Όχι
25/05/2024 06:00;0;Όχι
25/05/2024 06:15;0,001;Όχι
25/05/2024 06:30;0,016;Όχι
25/05/2024 06:45;0,03;Όχι
25/05/2024 07:00;0,042;Όχι
25/05/2024 07:15;0,064;Όχι
25/05/2024 07:30;0,107;Όχι
25/05/2024 07:45;0,142;Όχι
25/05/2024 08:00;0,217;Όχι
25/05/2024 08:15;0,3;Όχι
25/05/2024 08:30;0,39;Όχι
25/05/2024 08:45;0,517;Όχι
25/05/2024 09:00;0,653;Όχι
25/05/2024 09:15;0,786;Όχι
25/05/2024 09:30;0,794;Όχι
25/05/2024 09:45;0,806;Όχι
25/05/2024 10:00;0,916;Όχι
25/05/2024 10:15;0,976;Όχι
25/05/2024 10:30;1,056;Όχι
25/05/2024 10:45;1,076;Όχι
25/05/2024 11:00;1,108;Όχι
25/05/2024 11:15;1,189;Όχι
25/05/2024 11:30;1,276;Όχι
25/05/2024 11:45;1,334;Όχι
25/05/2024 12:00;1,401;Όχι
25/05/2024 12:15;1,441;Όχι
25/05/2024 12:30;1,396;Όχι
25/05/2024 12:45;1,419;Όχι
25/05/2024 13:00;1,395;Όχι
25/05/2024 13:15;1,521;Όχι
25/05/2024 13:30;1,202;Όχι
25/05/2024 13:45;1,536;Όχι
25/05/2024 14:00;1,495;Όχι
25/05/2024 14:15;1,557;Όχι
25/05/2024 14:30;1,41;Όχι
25/05/2024 14:45;0,945;Όχι
25/05/2024 15:00;1,03;Όχι
25/05/2024 15:15;1,455;Όχι
25/05/2024 15:30;1,173;Όχι
25/05/2024 15:45;0,658;Όχι
25/05/2024 16:00;0,721;Όχι
25/05/2024 16:15;0,771;Όχι
25/05/2024 16:30;0,876;Όχι
25/05/2024 16:45;0,699;Όχι
25/05/2024 17:00;0,875;Όχι
25/05/2024 17:15;0,929;Όχι
25/05/2024 17:30;0,814;Όχι
25/05/2024 17:45;0,712;Όχι
25/05/2024 18:00;0,497;Όχι
25/05/2024 18:15;0,305;Όχι
25/05/2024 18:30;0,221;Όχι
25/05/2024 18:45;0,234;Όχι
25/05/2024 19:00;0,173;Όχι
25/05/2024 19:15;0,127;Όχι
25/05/2024 19:30;0,12;Όχι
25/05/2024 19:45;0,088;Όχι
25/05/2024 20:00;0,052;Όχι
25/05/2024 20:15;0,027;Όχι
25/05/2024 20:30;0,009;Όχι
25/05/2024 20:45;0,001;Όχι
25/05/2024 21:00;0;Όχι
25/05/2024 21:15;0;Όχι
25/05/2024 21:30;0;Όχι
25/05/2024 21:45;0;Όχι
25/05/2024 22:00;0;Όχι
25/05/2024 22:15;0;Όχι
25/05/2024 22:30;0;Όχι
25/05/2024 22:45;0;Όχι
25/05/2024 23:00;0;Όχι
25/05/2024 23:15;0;Όχι
25/05/2024 23:30;0;Όχι
25/05/2024 23:45;0;Όχι
26/05/2024 00:00;0;Όχι
26/05/2024 00:15;0;Όχι
26/05/2024 00:30;0;Όχι
26/05/2024 00:45;0;Όχι
26/05/2024 01:00;0;Όχι
26/05/2024 01:15;0;Όχι
26/05/2024 01:30;0;Όχι
26/05/2024 01:45;0;Όχι
26/05/2024 02:00;0;Όχι
26/05/2024 02:15;0;Όχι
26/05/2024 02:30;0;Όχι
26/05/2024 02:45;0;Όχι
26/05/2024 03:00;0;Όχι
26/05/2024 03:15;0;Όχι
26/05/2024 03:30;0;Όχι
26/05/2024 03:45;0;Όχι
26/05/2024 04:00;0;Όχι
26/05/2024 04:15;0;Όχι
26/05/2024 04:30;0;Όχι
26/05/2024 04:45;0;Όχι
26/05/2024 05:00;0;Όχι
26/05/2024 05:15;0;Όχι
26/05/2024 05:30;0;Όχι
26/05/2024 05:45;0;Όχι
26/05/2024 06:00;0;Όχι
26/05/2024 06:15;0;Όχι
26/05/2024 06:30;0,01;Όχι
26/05/2024 06:45;0,022;Όχι
26/05/2024 07:00;0,032;Όχι
26/05/2024 07:15;0,067;Όχι
26/05/2024 07:30;0,114;Όχι
26/05/2024 07:45;0,151;Όχι
26/05/2024 08:00;0,139;Όχι
26/05/2024 08:15;0,172;Όχι
26/05/2024 08:30;0,42;Όχι
26/05/2024 08:45;0,542;Όχι
26/05/2024 09:00;0,743;Όχι
26/05/2024 09:15;0,753;Όχι
26/05/2024 09:30;0,769;Όχι
26/05/2024 09:45;0,863;Όχι
26/05/2024 10:00;0,91;Όχι
26/05/2024 10:15;0,968;Όχι
26/05/2024 10:30;1,042;Όχι
26/05/2024 10:45;1,149;Όχι
26/05/2024 11:00;1,259;Όχι
26/05/2024 11:15;0,889;Όχι
26/05/2024 11:30;0,768;Όχι
26/05/2024 11:45;0,603;Όχι
26/05/2024 12:00;1,304;Όχι
26/05/2024 12:15;0,962;Όχι
26/05/2024 12:30;0,66;Όχι
26/05/2024 12:45;0,555;Όχι
26/05/2024 13:00;0,636;Όχι
26/05/2024 13:15;0,507;Όχι
26/05/2024 13:30;0,913;Όχι
26/05/2024 13:45;0,475;Όχι
26/05/2024 14:00;0,685;Όχι
26/05/2024 14:15;0,665;Όχι
26/05/2024 14:30;1,332;Όχι
26/05/2024 14:45;0,519;Όχι
26/05/2024 15:00;1,252;Όχι
26/05/2024 15:15;1,422;Όχι
26/05/2024 15:30;1,364;Όχι
26/05/2024 15:45;1,315;Όχι
26/05/2024 16:00;1,262;Όχι
26/05/2024 16:15;1,212;Όχι
26/05/2024 16:30;1,223;Όχι
26/05/2024 16:45;1,096;Όχι
26/05/2024 17:00;0,965;Όχι
26/05/2024 17:15;0,781;Όχι
26/05/2024 17:30;0,804;Όχι
26/05/2024 17:45;0,699;Όχι
26/05/2024 18:00;0,608;Όχι
26/05/2024 18:15;0,534;Όχι
26/05/2024 18:30;0,446;Όχι
26/05/2024 18:45;0,361;Όχι
26/05/2024 19:00;0,266;Όχι
26/05/2024 19:15;0,204;Όχι
26/05/2024 19:30;0,141;Όχι
26/05/2024 19:45;0,093;Όχι
26/05/2024 20:00;0,057;Όχι
26/05/2024 20:15;0,036;Όχι
26/05/2024 20:30;0,019;Όχι
26/05/2024 20:45;0,003;Όχι
26/05/2024 21:00;0;Όχι
26/05/2024 21:15;0;Όχι
26/05/2024 21:30;0;Όχι
26/05/2024 21:45;0;Όχι
26/05/2024 22:00;0;Όχι
26/05/2024 22:15;0;Όχι
26/05/2024 22:30;0;Όχι
26/05/2024 22:45;0;Όχι
26/05/2024 23:00;0;Όχι
26/05/2024 23:15;0;Όχι
26/05/2024 23:30;0;Όχι
26/05/2024 23:45;0;Όχι
27/05/2024 00:00;0;Όχι
27/05/2024 00:15;0;Όχι
27/05/2024 00:30;0;Όχι
27/05/2024 00:45;0;Όχι
27/05/2024 01:00;0;Όχι
27/05/2024 01:15;0;Όχι
27/05/2024 01:30;0;Όχι
27/05/2024 01:45;0;Όχι
27/05/2024 02:00;0;Όχι
27/05/2024 02:15;0;Όχι
27/05/2024 02:30;0;Όχι
27/05/2024 02:45;0;Όχι
27/05/2024 03:00;0;Όχι
27/05/2024 03:15;0;Όχι
27/05/2024 03:30;0;Όχι
27/05/2024 03:45;0;Όχι
27/05/2024 04:00;0;Όχι
27/05/2024 04:15;0;Όχι
27/05/2024 04:30;0;Όχι
27/05/2024 04:45;0;Όχι
27/05/2024 05:00;0;Όχι
27/05/2024 05:15;0;Όχι
27/05/2024 05:30;0;Όχι
27/05/2024 05:45;0;Όχι
27/05/2024 06:00;0;Όχι
27/05/2024 06:15;0,001;Όχι
27/05/2024 06:30;0,015;Όχι
27/05/2024 06:45;0,035;Όχι
27/05/2024 07:00;0,062;Όχι
27/05/2024 07:15;0,101;Όχι
27/05/2024 07:30;0,155;Όχι
27/05/2024 07:45;0,147;Όχι
27/05/2024 08:00;0,217;Όχι
27/05/2024 08:15;0,253;Όχι
27/05/2024 08:30;0,363;Όχι
27/05/2024 08:45;0,541;Όχι
27/05/2024 09:00;0,56;Όχι
27/05/2024 09:15;0,567;Όχι
27/05/2024 09:30;0,469;Όχι
27/05/2024 09:45;0,639;Όχι
27/05/2024 10:00;0,839;Όχι
27/05/2024 10:15;0,874;Όχι
27/05/2024 10:30;1,068;Όχι
27/05/2024 10:45;1,218;Όχι
27/05/2024 11:00;0,991;Όχι
27/05/2024 11:15;0,848;Όχι
27/05/2024 11:30;0,941;Όχι
27/05/2024 11:45;0,719;Όχι
27/05/2024 12:00;0,952;Όχι
27/05/2024 12:15;1,48;Όχι
27/05/2024 12:30;1,559;Όχι
27/05/2024 12:45;1,506;Όχι
27/05/2024 13:00;1,476;Όχι
27/05/2024 13:15;1,472;Όχι
27/05/2024 13:30;1,475;Όχι
27/05/2024 13:45;1,466;Όχι
27/05/2024 14:00;1,44;Όχι
27/05/2024 14:15;1,46;Όχι
27/05/2024 14:30;1,405;Όχι
27/05/2024 14:45;1,405;Όχι
27/05/2024 15:00;1,387;Όχι
27/05/2024 15:15;1,345;Όχι
27/05/2024 15:30;1,292;Όχι
27/05/2024 15:45;1,26;Όχι
27/05/2024 16:00;1,217;Όχι
27/05/2024 16:15;1,151;Όχι
27/05/2024 16:30;1,066;Όχι
27/05/2024 16:45;1,027;Όχι
27/05/2024 17:00;0,955;Όχι
27/05/2024 17:15;0,879;Όχι
27/05/2024 17:30;0,808;Όχι
27/05/2024 17:45;0,712;Όχι
27/05/2024 18:00;0,489;Όχι
27/05/2024 18:15;0,556;Όχι
27/05/2024 18:30;0,368;Όχι
27/05/2024 18:45;0,271;Όχι
27/05/2024 19:00;0,292;Όχι
27/05/2024 19:15;0,167;Όχι
27/05/2024 19:30;0,129;Όχι
27/05/2024 19:45;0,093;Όχι
27/05/2024 20:00;0,047;Όχι
27/05/2024 20:15;0,041;Όχι
27/05/2024 20:30;0,025;Όχι
27/05/2024 20:45;0,006;Όχι
27/05/2024 21:00;0;Όχι
27/05/2024 21:15;0;Όχι
27/05/2024 21:30;0;Όχι
27/05/2024 21:45;0;Όχι
27/05/2024 22:00;0;Όχι
27/05/2024 22:15;0;Όχι
27/05/2024 22:30;0;Όχι
27/05/2024 22:45;0;Όχι
27/05/2024 23:00;0;Όχι
27/05/2024 23:15;0;Όχι
27/05/2024 23:30;0;Όχι
27/05/2024 23:45;0;Όχι
28/05/2024 00:00;0;Όχι
28/05/2024 00:15;0;Όχι
28/05/2024 00:30;0;Όχι
28/05/2024 00:45;0;Όχι
28/05/2024 01:00;0;Όχι
28/05/2024 01:15;0;Όχι
28/05/2024 01:30;0;Όχι
28/05/2024 01:45;0;Όχι
28/05/2024 02:00;0;Όχι
28/05/2024 02:15;0;Όχι
28/05/2024 02:30;0;Όχι
28/05/2024 02:45;0;Όχι
28/05/2024 03:00;0;Όχι
28/05/2024 03:15;0;Όχι
28/05/2024 03:30;0;Όχι
28/05/2024 03:45;0;Όχι
28/05/2024 04:00;0;Όχι
28/05/2024 04:15;0;Όχι
28/05/2024 04:30;0;Όχι
28/05/2024 04:45;0;Όχι
28/05/2024 05:00;0;Όχι
28/05/2024 05:15;0;Όχι
28/05/2024 05:30;0;Όχι
28/05/2024 05:45;0;Όχι
28/05/2024 06:00;0;Όχι
28/05/2024 06:15;0;Όχι
28/05/2024 06:30;0,016;Όχι
28/05/2024 06:45;0,034;Όχι
28/05/2024 07:00;0,038;Όχι
28/05/2024 07:15;0,062;Όχι
28/05/2024 07:30;0,1;Όχι
28/05/2024 07:45;0,149;Όχι
28/05/2024 08:00;0,215;Όχι
28/05/2024 08:15;0,292;Όχι
28/05/2024 08:30;0,374;Όχι
28/05/2024 08:45;0,467;Όχι
28/05/2024 09:00;0,461;Όχι
28/05/2024 09:15;0,535;Όχι
28/05/2024 09:30;0,737;Όχι
28/05/2024 09:45;0,648;Όχι
28/05/2024 10:00;0,889;Όχι
28/05/2024 10:15;0,951;Όχι
28/05/2024 10:30;1,048;Όχι
28/05/2024 10:45;0,835;Όχι
28/05/2024 11:00;1,15;Όχι
28/05/2024 11:15;1,294;Όχι
28/05/2024 11:30;1,306;Όχι
28/05/2024 11:45;1,368;Όχι
28/05/2024 12:00;1,375;Όχι
28/05/2024 12:15;1,4;Όχι
28/05/2024 12:30;1,421;Όχι
28/05/2024 12:45;1,44;Όχι
28/05/2024 13:00;1,462;Όχι
28/05/2024 13:15;1,466;Όχι
28/05/2024 13:30;1,465;Όχι
28/05/2024 13:45;1,466;Όχι
28/05/2024 14:00;1,468;Όχι
28/05/2024 14:15;1,458;Όχι
28/05/2024 14:30;1,439;Όχι
28/05/2024 14:45;1,413;Όχι
28/05/2024 15:00;1,39;Όχι
28/05/2024 15:15;0,868;Όχι
28/05/2024 15:30;1,248;Όχι
28/05/2024 15:45;1,297;Όχι
28/05/2024 16:00;0,689;Όχι
28/05/2024 16:15;1,262;Όχι
28/05/2024 16:30;1,11;Όχι
28/05/2024 16:45;1,2;Όχι
28/05/2024 17:00;0,698;Όχι
28/05/2024 17:15;0,284;Όχι
28/05/2024 17:30;0,79;Όχι
28/05/2024 17:45;0,819;Όχι
28/05/2024 18:00;0,618;Όχι
28/05/2024 18:15;0,474;Όχι
28/05/2024 18:30;0,18;Όχι
28/05/2024 18:45;0,115;Όχι
28/05/2024 19:00;0,091;Όχι
28/05/2024 19:15;0,051;Όχι
28/05/2024 19:30;0,034;Όχι
28/05/2024 19:45;0,013;Όχι
28/05/2024 20:00;0,001;Όχι
28/05/2024 20:15;0;Όχι
28/05/2024 20:30;0;Όχι
28/05/2024 20:45;0;Όχι
28/05/2024 21:00;0;Όχι
28/05/2024 21:15;0;Όχι
28/05/2024 21:30;0;Όχι
28/05/2024 21:45;0;Όχι
28/05/2024 22:00;0;Όχι
28/05/2024 22:15;0;Όχι
28/05/2024 22:30;0;Όχι
28/05/2024 22:45;0;Όχι
28/05/2024 23:00;0;Όχι
28/05/2024 23:15;0;Όχι
28/05/2024 23:30;0;Όχι
28/05/2024 23:45;0;Όχι
29/05/2024 00:00;0;Όχι
29/05/2024 00:15;0;Όχι
29/05/2024 00:30;0;Όχι
29/05/2024 00:45;0;Όχι
29/05/2024 01:00;0;Όχι
29/05/2024 01:15;0;Όχι
29/05/2024 01:30;0;Όχι
29/05/2024 01:45;0;Όχι
29/05/2024 02:00;0;Όχι
29/05/2024 02:15;0;Όχι
29/05/2024 02:30;0;Όχι
29/05/2024 02:45;0;Όχι
29/05/2024 03:00;0;Όχι
29/05/2024 03:15;0;Όχι
29/05/2024 03:30;0;Όχι
29/05/2024 03:45;0;Όχι
29/05/2024 04:00;0;Όχι
29/05/2024 04:15;0;Όχι
29/05/2024 04:30;0;Όχι
29/05/2024 04:45;0;Όχι
29/05/2024 05:00;0;Όχι
29/05/2024 05:15;0;Όχι
29/05/2024 05:30;0;Όχι
29/05/2024 05:45;0;Όχι
29/05/2024 06:00;0;Όχι
29/05/2024 06:15;0;Όχι
29/05/2024 06:30;0,011;Όχι
29/05/2024 06:45;0,022;Όχι
29/05/2024 07:00;0,044;Όχι
29/05/2024 07:15;0,085;Όχι
29/05/2024 07:30;0,163;Όχι
29/05/2024 07:45;0,193;Όχι
29/05/2024 08:00;0,183;Όχι
29/05/2024 08:15;0,211;Όχι
29/05/2024 08:30;0,269;Όχι
29/05/2024 08:45;0,286;Όχι
29/05/2024 09:00;0,486;Όχι
29/05/2024 09:15;0,667;Όχι
29/05/2024 09:30;0,738;Όχι
29/05/2024 09:45;0,815;Όχι
29/05/2024 10:00;0,939;Όχι
29/05/2024 10:15;0,951;Όχι
29/05/2024 10:30;0,805;Όχι
29/05/2024 10:45;1,17;Όχι
29/05/2024 11:00;1,238;Όχι
29/05/2024 11:15;1,308;Όχι
29/05/2024 11:30;0,985;Όχι
29/05/2024 11:45;1,337;Όχι
29/05/2024 12:00;1,379;Όχι
29/05/2024 12:15;1,373;Όχι
29/05/2024 12:30;1,364;Όχι
29/05/2024 12:45;1,372;Όχι
29/05/2024 13:00;1,389;Όχι
29/05/2024 13:15;1,415;Όχι
29/05/2024 13:30;1,446;Όχι
29/05/2024 13:45;1,118;Όχι
29/05/2024 14:00;1,429;Όχι
29/05/2024 14:15;0,849;Όχι
29/05/2024 14:30;1,119;Όχι
29/05/2024 14:45;1,236;Όχι
29/05/2024 15:00;0,492;Όχι
29/05/2024 15:15;1,133;Όχι
29/05/2024 15:30;1,347;Όχι
29/05/2024 15:45;1,264;Όχι
29/05/2024 16:00;1,2;Όχι
29/05/2024 16:15;1,173;Όχι
29/05/2024 16:30;1,12;Όχι
29/05/2024 16:45;1,056;Όχι
29/05/2024 17:00;0,991;Όχι
29/05/2024 17:15;0,93;Όχι
29/05/2024 17:30;0,887;Όχι
29/05/2024 17:45;0,823;Όχι
29/05/2024 18:00;0,75;Όχι
29/05/2024 18:15;0,594;Όχι
29/05/2024 18:30;0,585;Όχι
29/05/2024 18:45;0,571;Όχι
29/05/2024 19:00;0,224;Όχι
29/05/2024 19:15;0,175;Όχι
29/05/2024 19:30;0,059;Όχι
29/05/2024 19:45;0,062;Όχι
29/05/2024 20:00;0,042;Όχι
29/05/2024 20:15;0,025;Όχι
29/05/2024 20:30;0,015;Όχι
29/05/2024 20:45;0,004;Όχι
29/05/2024 21:00;0;Όχι
29/05/2024 21:15;0;Όχι
29/05/2024 21:30;0;Όχι
29/05/2024 21:45;0;Όχι
29/05/2024 22:00;0;Όχι
29/05/2024 22:15;0;Όχι
29/05/2024 22:30;0;Όχι
29/05/2024 22:45;0;Όχι
29/05/2024 23:00;0;Όχι
29/05/2024 23:15;0;Όχι
29/05/2024 23:30;0;Όχι
29/05/2024 23:45;0;Όχι
30/05/2024 00:00;0;Όχι
30/05/2024 00:15;0;Όχι
30/05/2024 00:30;0;Όχι
30/05/2024 00:45;0;Όχι
30/05/2024 01:00;0;Όχι
30/05/2024 01:15;0;Όχι
30/05/2024 01:30;0;Όχι
30/05/2024 01:45;0;Όχι
30/05/2024 02:00;0;Όχι
30/05/2024 02:15;0;Όχι
30/05/2024 02:30;0;Όχι
30/05/2024 02:45;0;Όχι
30/05/2024 03:00;0;Όχι
30/05/2024 03:15;0;Όχι
30/05/2024 03:30;0;Όχι
30/05/2024 03:45;0;Όχι
30/05/2024 04:00;0;Όχι
30/05/2024 04:15;0;Όχι
30/05/2024 04:30;0;Όχι
30/05/2024 04:45;0;Όχι
30/05/2024 05:00;0;Όχι
30/05/2024 05:15;0;Όχι
30/05/2024 05:30;0;Όχι
30/05/2024 05:45;0;Όχι
30/05/2024 06:00;0;Όχι
30/05/2024 06:15;0;Όχι
30/05/2024 06:30;0,012;Όχι
30/05/2024 06:45;0,027;Όχι
30/05/2024 07:00;0,041;Όχι
30/05/2024 07:15;0,065;Όχι
30/05/2024 07:30;0,108;Όχι
30/05/2024 07:45;0,167;Όχι
30/05/2024 08:00;0,23;Όχι
30/05/2024 08:15;0,304;Όχι
30/05/2024 08:30;0,389;Όχι
30/05/2024 08:45;0,477;Όχι
30/05/2024 09:00;0,563;Όχι
30/05/2024 09:15;0,65;Όχι
30/05/2024 09:30;0,734;Όχι
30/05/2024 09:45;0,818;Όχι
30/05/2024 10:00;0,889;Όχι
30/05/2024 10:15;0,958;Όχι
30/05/2024 10:30;1,026;Όχι
30/05/2024 10:45;1,08;Όχι
30/05/2024 11:00;1,133;Όχι
30/05/2024 11:15;1,18;Όχι
30/05/2024 11:30;1,23;Όχι
30/05/2024 11:45;1,274;Όχι
30/05/2024 12:00;1,31;Όχι
30/05/2024 12:15;1,352;Όχι
30/05/2024 12:30;1,372;Όχι
30/05/2024 12:45;1,398;Όχι
30/05/2024 13:00;1,415;Όχι
30/05/2024 13:15;1,439;Όχι
30/05/2024 13:30;1,449;Όχι
30/05/2024 13:45;1,425;Όχι
30/05/2024 14:00;1,422;Όχι
30/05/2024 14:15;1,438;Όχι
30/05/2024 14:30;1,448;Όχι
30/05/2024 14:45;1,442;Όχι
30/05/2024 15:00;1,419;Όχι
30/05/2024 15:15;1,388;Όχι
30/05/2024 15:30;1,354;Όχι
30/05/2024 15:45;1,31;Όχι
30/05/2024 16:00;1,263;Όχι
30/05/2024 16:15;1,216;Όχι
30/05/2024 16:30;1,162;Όχι
30/05/2024 16:45;1,086;Όχι
30/05/2024 17:00;0,977;Όχι
30/05/2024 17:15;0,777;Όχι
30/05/2024 17:30;0,48;Όχι
30/05/2024 17:45;0,381;Όχι
30/05/2024 18:00;0,235;Όχι
30/05/2024 18:15;0,299;Όχι
30/05/2024 18:30;0,338;Όχι
30/05/2024 18:45;0,429;Όχι
30/05/2024 19:00;0,357;Όχι
30/05/2024 19:15;0,188;Όχι
30/05/2024 19:30;0,094;Όχι
30/05/2024 19:45;0,051;Όχι
30/05/2024 20:00;0,03;Όχι
30/05/2024 20:15;0,019;Όχι
30/05/2024 20:30;0,011;Όχι
30/05/2024 20:45;0,002;Όχι
30/05/2024 21:00;0;Όχι
30/05/2024 21:15;0;Όχι
30/05/2024 21:30;0;Όχι
30/05/2024 21:45;0;Όχι
30/05/2024 22:00;0;Όχι
30/05/2024 22:15;0;Όχι
30/05/2024 22:30;0;Όχι
30/05/2024 22:45;0;Όχι
30/05/2024 23:00;0;Όχι
30/05/2024 23:15;0;Όχι
30/05/2024 23:30;0;Όχι
30/05/2024 23:45;0;Όχι
31/05/2024 00:00;0;Όχι
31/05/2024 00:15;0;Όχι
31/05/2024 00:30;0;Όχι
31/05/2024 00:45;0;Όχι
31/05/2024 01:00;0;Όχι
31/05/2024 01:15;0;Όχι
31/05/2024 01:30;0;Όχι
31/05/2024 01:45;0;Όχι
31/05/2024 02:00;0;Όχι
31/05/2024 02:15;0;Όχι
31/05/2024 02:30;0;Όχι
31/05/2024 02:45;0;Όχι
31/05/2024 03:00;0;Όχι
31/05/2024 03:15;0;Όχι
31/05/2024 03:30;0;Όχι
31/05/2024 03:45;0;Όχι
31/05/2024 04:00;0;Όχι
31/05/2024 04:15;0;Όχι
31/05/2024 04:30;0;Όχι
31/05/2024 04:45;0;Όχι
31/05/2024 05:00;0;Όχι
31/05/2024 05:15;0;Όχι
31/05/2024 05:30;0;Όχι
31/05/2024 05:45;0;Όχι
31/05/2024 06:00;0;Όχι
31/05/2024 06:15;0,003;Όχι
31/05/2024 06:30;0,014;Όχι
31/05/2024 06:45;0,023;Όχι
31/05/2024 07:00;0,047;Όχι
31/05/2024 07:15;0,103;Όχι
31/05/2024 07:30;0,16;Όχι
31/05/2024 07:45;0,205;Όχι
31/05/2024 08:00;0,283;Όχι
31/05/2024 08:15;0,254;Όχι
31/05/2024 08:30;0,34;Όχι
31/05/2024 08:45;0,35;Όχι
31/05/2024 09:00;0,343;Όχι
31/05/2024 09:15;0,646;Όχι
31/05/2024 09:30;0,755;Όχι
31/05/2024 09:45;0,802;Όχι
31/05/2024 10:00;0,621;Όχι
31/05/2024 10:15;0,723;Όχι
31/05/2024 10:30;0,952;Όχι
31/05/2024 10:45;1,092;Όχι
31/05/2024 11:00;1,159;Όχι
31/05/2024 11:15;1,209;Όχι
31/05/2024 11:30;1,153;Όχι
31/05/2024 11:45;0,957;Όχι
31/05/2024 12:00;1,313;Όχι
31/05/2024 12:15;0,57;Όχι
31/05/2024 12:30;1,326;Όχι
31/05/2024 12:45;1,489;Όχι
31/05/2024 13:00;1,294;Όχι
31/05/2024 13:15;0,973;Όχι
31/05/2024 13:30;1,13;Όχι
31/05/2024 13:45;1,539;Όχι
31/05/2024 14:00;1,379;Όχι
31/05/2024 14:15;1,491;Όχι
31/05/2024 14:30;1,453;Όχι
31/05/2024 14:45;1,432;Όχι
31/05/2024 15:00;1,412;Όχι
31/05/2024 15:15;1,371;Όχι
31/05/2024 15:30;1,342;Όχι
31/05/2024 15:45;1,306;Όχι
31/05/2024 16:00;1,26;Όχι
31/05/2024 16:15;1,2;Όχι
31/05/2024 16:30;1,135;Όχι
31/05/2024 16:45;1,054;Όχι
31/05/2024 17:00;0,968;Όχι
31/05/2024 17:15;0,931;Όχι
31/05/2024 17:30;0,758;Όχι
31/05/2024 17:45;0,573;Όχι
31/05/2024 18:00;0,562;Όχι
31/05/2024 18:15;0,31;Όχι
31/05/2024 18:30;0,333;Όχι
31/05/2024 18:45;0,305;Όχι
31/05/2024 19:00;0,172;Όχι
31/05/2024 19:15;0,25;Όχι
31/05/2024 19:30;0,097;Όχι
31/05/2024 19:45;0,049;Όχι
31/05/2024 20:00;0,046;Όχι
31/05/2024 20:15;0,033;Όχι
31/05/2024 20:30;0,019;Όχι
31/05/2024 20:45;0,005;Όχι
31/05/2024 21:00;0;Όχι
31/05/2024 21:15;0;Όχι
31/05/2024 21:30;0;Όχι
31/05/2024 21:45;0;Όχι
31/05/2024 22:00;0;Όχι
31/05/2024 22:15;0;Όχι
31/05/2024 22:30;0;Όχι
31/05/2024 22:45;0;Όχι
31/05/2024 23:00;0;Όχι
31/05/2024 23:15;0;Όχι
31/05/2024 23:30;0;Όχι
31/05/2024 23:45;0;Όχι
01/06/2024 00:00;0;Όχι
01/06/2024 00:15;0;Όχι
01/06/2024 00:30;0;Όχι
01/06/2024 00:45;0;Όχι
01/06/2024 01:00;0;Όχι
01/06/2024 01:15;0;Όχι
01/06/2024 01:30;0;Όχι
01/06/2024 01:45;0;Όχι
01/06/2024 02:00;0;Όχι
01/06/2024 02:15;0;Όχι
01/06/2024 02:30;0;Όχι
01/06/2024 02:45;0;Όχι
01/06/2024 03:00;0;Όχι
01/06/2024 03:15;0;Όχι
01/06/2024 03:30;0;Όχι
01/06/2024 03:45;0;Όχι
01/06/2024 04:00;0;Όχι
01/06/2024 04:15;0;Όχι
01/06/2024 04:30;0;Όχι
01/06/2024 04:45;0;Όχι
01/06/2024 05:00;0;Όχι
01/06/2024 05:15;0;Όχι
01/06/2024 05:30;0;Όχι
01/06/2024 05:45;0;Όχι
01/06/2024 06:00;0;Όχι
01/06/2024 06:15;0;Όχι
01/06/2024 06:30;0,01;Όχι
01/06/2024 06:45;0,024;Όχι
01/06/2024 07:00;0,043;Όχι
01/06/2024 07:15;0,07;Όχι
01/06/2024 07:30;0,109;Όχι
01/06/2024 07:45;0,166;Όχι
01/06/2024 08:00;0,228;Όχι
01/06/2024 08:15;0,308;Όχι
01/06/2024 08:30;0,391;Όχι
01/06/2024 08:45;0,474;Όχι
01/06/2024 09:00;0,561;Όχι
01/06/2024 09:15;0,646;Όχι
01/06/2024 09:30;0,729;Όχι
01/06/2024 09:45;0,806;Όχι
01/06/2024 10:00;0,88;Όχι
01/06/2024 10:15;0,946;Όχι
01/06/2024 10:30;1,007;Όχι
01/06/2024 10:45;1,067;Όχι
01/06/2024 11:00;1,122;Όχι
01/06/2024 11:15;1,169;Όχι
01/06/2024 11:30;1,21;Όχι
01/06/2024 11:45;1,073;Όχι
01/06/2024 12:00;0;Όχι
01/06/2024 12:15;0;Όχι
01/06/2024 12:30;0;Όχι
01/06/2024 12:45;0;Όχι
01/06/2024 13:00;0;Όχι
01/06/2024 13:15;0;Όχι
01/06/2024 13:30;0;Όχι
01/06/2024 13:45;0;Όχι
01/06/2024 14:00;0;Όχι
01/06/2024 14:15;0;Όχι
01/06/2024 14:30;0;Όχι
01/06/2024 14:45;0;Όχι
01/06/2024 15:00;0;Όχι
01/06/2024 15:15;0;Όχι
01/06/2024 15:30;0;Όχι
01/06/2024 15:45;0;Όχι
01/06/2024 16:00;0;Όχι
01/06/2024 16:15;0;Όχι
01/06/2024 16:30;0;Όχι
01/06/2024 16:45;0;Όχι
01/06/2024 17:00;0;Όχι
01/06/2024 17:15;0;Όχι
01/06/2024 17:30;0;Όχι
01/06/2024 17:45;0;Όχι
01/06/2024 18:00;0;Όχι
01/06/2024 18:15;0;Όχι
01/06/2024 18:30;0;Όχι
01/06/2024 18:45;0;Όχι
01/06/2024 19:00;0;Όχι
01/06/2024 19:15;0;Όχι
01/06/2024 19:30;0;Όχι
01/06/2024 19:45;0;Όχι
01/06/2024 20:00;0;Όχι
01/06/2024 20:15;0;Όχι
01/06/2024 20:30;0;Όχι
01/06/2024 20:45;0;Όχι
01/06/2024 21:00;0;Όχι
01/06/2024 21:15;0;Όχι
01/06/2024 21:30;0;Όχι
01/06/2024 21:45;0;Όχι
01/06/2024 22:00;0;Όχι
01/06/2024 22:15;0;Όχι
01/06/2024 22:30;0;Όχι
01/06/2024 22:45;0;Όχι
01/06/2024 23:00;0;Όχι
01/06/2024 23:15;0;Όχι
01/06/2024 23:30;0;Όχι
01/06/2024 23:45;0;Όχι
02/06/2024 00:00;0;Όχι
02/06/2024 00:15;0;Όχι
02/06/2024 00:30;0;Όχι
02/06/2024 00:45;0;Όχι
02/06/2024 01:00;0;Όχι
02/06/2024 01:15;0;Όχι
02/06/2024 01:30;0;Όχι
02/06/2024 01:45;0;Όχι
02/06/2024 02:00;0;Όχι
02/06/2024 02:15;0;Όχι
02/06/2024 02:30;0;Όχι
02/06/2024 02:45;0;Όχι
02/06/2024 03:00;0;Όχι
02/06/2024 03:15;0;Όχι
02/06/2024 03:30;0;Όχι
02/06/2024 03:45;0;Όχι
02/06/2024 04:00;0;Όχι
02/06/2024 04:15;0;Όχι
02/06/2024 04:30;0;Όχι
02/06/2024 04:45;0;Όχι
02/06/2024 05:00;0;Όχι
02/06/2024 05:15;0;Όχι
02/06/2024 05:30;0;Όχι
02/06/2024 05:45;0;Όχι
02/06/2024 06:00;0;Όχι
02/06/2024 06:15;0;Όχι
02/06/2024 06:30;0;Όχι
02/06/2024 06:45;0;Όχι
02/06/2024 07:00;0;Όχι
02/06/2024 07:15;0;Όχι
02/06/2024 07:30;0;Όχι
02/06/2024 07:45;0;Όχι
02/06/2024 08:00;0;Όχι
02/06/2024 08:15;0;Όχι
02/06/2024 08:30;0;Όχι
02/06/2024 08:45;0;Όχι
02/06/2024 09:00;0;Όχι
02/06/2024 09:15;0;Όχι
02/06/2024 09:30;0;Όχι
02/06/2024 09:45;0;Όχι
02/06/2024 10:00;0;Όχι
02/06/2024 10:15;0;Όχι
02/06/2024 10:30;0;Όχι
02/06/2024 10:45;0;Όχι
02/06/2024 11:00;0;Όχι
02/06/2024 11:15;0;Όχι
02/06/2024 11:30;0;Όχι
02/06/2024 11:45;0;Όχι
02/06/2024 12:00;0;Όχι
02/06/2024 12:15;0;Όχι
02/06/2024 12:30;0;Όχι
02/06/2024 12:45;0;Όχι
02/06/2024 13:00;0;Όχι
02/06/2024 13:15;0;Όχι
02/06/2024 13:30;0;Όχι
02/06/2024 13:45;0;Όχι
02/06/2024 14:00;0;Όχι
02/06/2024 14:15;0;Όχι
02/06/2024 14:30;0;Όχι
02/06/2024 14:45;0;Όχι
02/06/2024 15:00;0;Όχι
02/06/2024 15:15;0;Όχι
02/06/2024 15:30;0;Όχι
02/06/2024 15:45;0;Όχι
02/06/2024 16:00;0;Όχι
02/06/2024 16:15;0;Όχι
02/06/2024 16:30;0;Όχι
02/06/2024 16:45;0;Όχι
02/06/2024 17:00;0;Όχι
02/06/2024 17:15;0;Όχι
02/06/2024 17:30;0;Όχι
02/06/2024 17:45;0;Όχι
02/06/2024 18:00;0;Όχι
02/06/2024 18:15;0;Όχι
02/06/2024 18:30;0;Όχι
02/06/2024 18:45;0;Όχι
02/06/2024 19:00;0;Όχι
02/06/2024 19:15;0;Όχι
02/06/2024 19:30;0;Όχι
02/06/2024 19:45;0;Όχι
02/06/2024 20:00;0;Όχι
02/06/2024 20:15;0;Όχι
02/06/2024 20:30;0;Όχι
02/06/2024 20:45;0;Όχι
02/06/2024 21:00;0;Όχι
02/06/2024 21:15;0;Όχι
02/06/2024 21:30;0;Όχι
02/06/2024 21:45;0;Όχι
02/06/2024 22:00;0;Όχι
02/06/2024 22:15;0;Όχι
02/06/2024 22:30;0;Όχι
02/06/2024 22:45;0;Όχι
02/06/2024 23:00;0;Όχι
02/06/2024 23:15;0;Όχι
02/06/2024 23:30;0;Όχι
02/06/2024 23:45;0;Όχι
03/06/2024 00:00;0;Όχι
03/06/2024 00:15;0;Όχι
03/06/2024 00:30;0;Όχι
03/06/2024 00:45;0;Όχι
03/06/2024 01:00;0;Όχι
03/06/2024 01:15;0;Όχι
03/06/2024 01:30;0;Όχι
03/06/2024 01:45;0;Όχι
03/06/2024 02:00;0;Όχι
03/06/2024 02:15;0;Όχι
03/06/2024 02:30;0;Όχι
03/06/2024 02:45;0;Όχι
03/06/2024 03:00;0;Όχι
03/06/2024 03:15;0;Όχι
03/06/2024 03:30;0;Όχι
03/06/2024 03:45;0;Όχι
03/06/2024 04:00;0;Όχι
03/06/2024 04:15;0;Όχι
03/06/2024 04:30;0;Όχι
03/06/2024 04:45;0;Όχι
03/06/2024 05:00;0;Όχι
03/06/2024 05:15;0;Όχι
03/06/2024 05:30;0;Όχι
03/06/2024 05:45;0;Όχι
03/06/2024 06:00;0;Όχι
03/06/2024 06:15;0;Όχι
03/06/2024 06:30;0;Όχι
03/06/2024 06:45;0;Όχι
03/06/2024 07:00;0;Όχι
03/06/2024 07:15;0;Όχι
03/06/2024 07:30;0;Όχι
03/06/2024 07:45;0;Όχι
03/06/2024 08:00;0;Όχι
03/06/2024 08:15;0;Όχι
03/06/2024 08:30;0;Όχι
03/06/2024 08:45;0;Όχι
03/06/2024 09:00;0;Όχι
03/06/2024 09:15;0;Όχι
03/06/2024 09:30;0;Όχι
03/06/2024 09:45;0;Όχι
03/06/2024 10:00;0;Όχι
03/06/2024 10:15;0;Όχι
03/06/2024 10:30;0;Όχι
03/06/2024 10:45;0;Όχι
03/06/2024 11:00;0;Όχι
03/06/2024 11:15;0;Όχι
03/06/2024 11:30;0;Όχι
03/06/2024 11:45;0;Όχι
03/06/2024 12:00;0;Όχι
03/06/2024 12:15;0;Όχι
03/06/2024 12:30;0;Όχι
03/06/2024 12:45;0;Όχι
03/06/2024 13:00;0;Όχι
03/06/2024 13:15;0;Όχι
03/06/2024 13:30;0;Όχι
03/06/2024 13:45;0;Όχι
03/06/2024 14:00;0;Όχι
03/06/2024 14:15;0;Όχι
03/06/2024 14:30;0;Όχι
03/06/2024 14:45;0;Όχι
03/06/2024 15:00;0;Όχι
03/06/2024 15:15;0;Όχι
03/06/2024 15:30;0;Όχι
03/06/2024 15:45;0;Όχι
03/06/2024 16:00;0;Όχι
03/06/2024 16:15;0;Όχι
03/06/2024 16:30;0;Όχι
03/06/2024 16:45;0;Όχι
03/06/2024 17:00;0;Όχι
03/06/2024 17:15;0;Όχι
03/06/2024 17:30;0;Όχι
03/06/2024 17:45;0;Όχι
03/06/2024 18:00;0;Όχι
03/06/2024 18:15;0;Όχι
03/06/2024 18:30;0;Όχι
03/06/2024 18:45;0;Όχι
03/06/2024 19:00;0;Όχι
03/06/2024 19:15;0;Όχι
03/06/2024 19:30;0;Όχι
03/06/2024 19:45;0;Όχι
03/06/2024 20:00;0;Όχι
03/06/2024 20:15;0;Όχι
03/06/2024 20:30;0;Όχι
03/06/2024 20:45;0;Όχι
03/06/2024 21:00;0;Όχι
03/06/2024 21:15;0;Όχι
03/06/2024 21:30;0;Όχι
03/06/2024 21:45;0;Όχι
03/06/2024 22:00;0;Όχι
03/06/2024 22:15;0;Όχι
03/06/2024 22:30;0;Όχι
03/06/2024 22:45;0;Όχι
03/06/2024 23:00;0;Όχι
03/06/2024 23:15;0;Όχι
03/06/2024 23:30;0;Όχι
03/06/2024 23:45;0;Όχι
04/06/2024 00:00;0;Όχι
04/06/2024 00:15;0;Όχι
04/06/2024 00:30;0;Όχι
04/06/2024 00:45;0;Όχι
04/06/2024 01:00;0;Όχι
04/06/2024 01:15;0;Όχι
04/06/2024 01:30;0;Όχι
04/06/2024 01:45;0;Όχι
04/06/2024 02:00;0;Όχι
04/06/2024 02:15;0;Όχι
04/06/2024 02:30;0;Όχι
04/06/2024 02:45;0;Όχι
04/06/2024 03:00;0;Όχι
04/06/2024 03:15;0;Όχι
04/06/2024 03:30;0;Όχι
04/06/2024 03:45;0;Όχι
04/06/2024 04:00;0;Όχι
04/06/2024 04:15;0;Όχι
04/06/2024 04:30;0;Όχι
04/06/2024 04:45;0;Όχι
04/06/2024 05:00;0;Όχι
04/06/2024 05:15;0;Όχι
04/06/2024 05:30;0;Όχι
04/06/2024 05:45;0;Όχι
04/06/2024 06:00;0;Όχι
04/06/2024 06:15;0;Όχι
04/06/2024 06:30;0;Όχι
04/06/2024 06:45;0;Όχι
04/06/2024 07:00;0;Όχι
04/06/2024 07:15;0;Όχι
04/06/2024 07:30;0;Όχι
04/06/2024 07:45;0;Όχι
04/06/2024 08:00;0;Όχι
04/06/2024 08:15;0;Όχι
04/06/2024 08:30;0;Όχι
04/06/2024 08:45;0;Όχι
04/06/2024 09:00;0;Όχι
04/06/2024 09:15;0;Όχι
04/06/2024 09:30;0;Όχι
04/06/2024 09:45;0;Όχι
04/06/2024 10:00;0;Όχι
04/06/2024 10:15;0;Όχι
04/06/2024 10:30;0;Όχι
04/06/2024 10:45;0;Όχι
04/06/2024 11:00;0;Όχι
04/06/2024 11:15;0;Όχι
04/06/2024 11:30;0;Όχι
04/06/2024 11:45;0;Όχι
04/06/2024 12:00;0;Όχι
04/06/2024 12:15;0;Όχι
04/06/2024 12:30;0;Όχι
04/06/2024 12:45;0;Όχι
04/06/2024 13:00;0;Όχι
04/06/2024 13:15;0;Όχι
04/06/2024 13:30;0;Όχι
04/06/2024 13:45;0;Όχι
04/06/2024 14:00;0;Όχι
04/06/2024 14:15;0;Όχι
04/06/2024 14:30;0;Όχι
04/06/2024 14:45;0;Όχι
04/06/2024 15:00;0;Όχι
04/06/2024 15:15;0;Όχι
04/06/2024 15:30;0;Όχι
04/06/2024 15:45;0;Όχι
04/06/2024 16:00;0;Όχι
04/06/2024 16:15;0;Όχι
04/06/2024 16:30;0;Όχι
04/06/2024 16:45;0;Όχι
04/06/2024 17:00;0;Όχι
04/06/2024 17:15;0;Όχι
04/06/2024 17:30;0;Όχι
04/06/2024 17:45;0;Όχι
04/06/2024 18:00;0;Όχι
04/06/2024 18:15;0;Όχι
04/06/2024 18:30;0;Όχι
04/06/2024 18:45;0;Όχι
04/06/2024 19:00;0;Όχι
04/06/2024 19:15;0;Όχι
04/06/2024 19:30;0;Όχι
04/06/2024 19:45;0;Όχι
04/06/2024 20:00;0;Όχι
04/06/2024 20:15;0;Όχι
04/06/2024 20:30;0;Όχι
04/06/2024 20:45;0;Όχι
04/06/2024 21:00;0;Όχι
04/06/2024 21:15;0;Όχι
04/06/2024 21:30;0;Όχι
04/06/2024 21:45;0;Όχι
04/06/2024 22:00;0;Όχι
04/06/2024 22:15;0;Όχι
04/06/2024 22:30;0;Όχι
04/06/2024 22:45;0;Όχι
04/06/2024 23:00;0;Όχι
04/06/2024 23:15;0;Όχι
04/06/2024 23:30;0;Όχι
04/06/2024 23:45;0;Όχι
05/06/2024 00:00;0;Όχι
05/06/2024 00:15;0;Όχι
05/06/2024 00:30;0;Όχι
05/06/2024 00:45;0;Όχι
05/06/2024 01:00;0;Όχι
05/06/2024 01:15;0;Όχι
05/06/2024 01:30;0;Όχι
05/06/2024 01:45;0;Όχι
05/06/2024 02:00;0;Όχι
05/06/2024 02:15;0;Όχι
05/06/2024 02:30;0;Όχι
05/06/2024 02:45;0;Όχι
05/06/2024 03:00;0;Όχι
05/06/2024 03:15;0;Όχι
05/06/2024 03:30;0;Όχι
05/06/2024 03:45;0;Όχι
05/06/2024 04:00;0;Όχι
05/06/2024 04:15;0;Όχι
05/06/2024 04:30;0;Όχι
05/06/2024 04:45;0;Όχι
05/06/2024 05:00;0;Όχι
05/06/2024 05:15;0;Όχι
05/06/2024 05:30;0;Όχι
05/06/2024 05:45;0;Όχι
05/06/2024 06:00;0;Όχι
05/06/2024 06:15;0;Όχι
05/06/2024 06:30;0;Όχι
05/06/2024 06:45;0;Όχι
05/06/2024 07:00;0;Όχι
05/06/2024 07:15;0;Όχι
05/06/2024 07:30;0;Όχι
05/06/2024 07:45;0;Όχι
05/06/2024 08:00;0;Όχι
05/06/2024 08:15;0;Όχι
05/06/2024 08:30;0;Όχι
05/06/2024 08:45;0;Όχι
05/06/2024 09:00;0;Όχι
05/06/2024 09:15;0;Όχι
05/06/2024 09:30;0;Όχι
05/06/2024 09:45;0;Όχι
05/06/2024 10:00;0;Όχι
05/06/2024 10:15;0;Όχι
05/06/2024 10:30;0;Όχι
05/06/2024 10:45;0;Όχι
05/06/2024 11:00;0;Όχι
05/06/2024 11:15;0;Όχι
05/06/2024 11:30;0;Όχι
05/06/2024 11:45;0;Όχι
05/06/2024 12:00;0;Όχι
05/06/2024 12:15;0;Όχι
05/06/2024 12:30;0;Όχι
05/06/2024 12:45;0;Όχι
05/06/2024 13:00;0;Όχι
05/06/2024 13:15;0;Όχι
05/06/2024 13:30;0;Όχι
05/06/2024 13:45;0;Όχι
05/06/2024 14:00;0;Όχι
05/06/2024 14:15;0;Όχι
05/06/2024 14:30;0;Όχι
05/06/2024 14:45;0;Όχι
05/06/2024 15:00;0;Όχι
05/06/2024 15:15;0;Όχι
05/06/2024 15:30;0;Όχι
05/06/2024 15:45;0;Όχι
05/06/2024 16:00;0;Όχι
05/06/2024 16:15;0;Όχι
05/06/2024 16:30;0;Όχι
05/06/2024 16:45;0;Όχι
05/06/2024 17:00;0;Όχι
05/06/2024 17:15;0;Όχι
05/06/2024 17:30;0;Όχι
05/06/2024 17:45;0;Όχι
05/06/2024 18:00;0;Όχι
05/06/2024 18:15;0;Όχι
05/06/2024 18:30;0;Όχι
05/06/2024 18:45;0;Όχι
05/06/2024 19:00;0;Όχι
05/06/2024 19:15;0;Όχι
05/06/2024 19:30;0;Όχι
05/06/2024 19:45;0;Όχι
05/06/2024 20:00;0;Όχι
05/06/2024 20:15;0;Όχι
05/06/2024 20:30;0;Όχι
05/06/2024 20:45;0;Όχι
05/06/2024 21:00;0;Όχι
05/06/2024 21:15;0;Όχι
05/06/2024 21:30;0;Όχι
05/06/2024 21:45;0;Όχι
05/06/2024 22:00;0;Όχι
05/06/2024 22:15;0;Όχι
05/06/2024 22:30;0;Όχι
05/06/2024 22:45;0;Όχι
05/06/2024 23:00;0;Όχι
05/06/2024 23:15;0;Όχι
05/06/2024 23:30;0;Όχι
05/06/2024 23:45;0;Όχι
06/06/2024 00:00;0;Όχι
06/06/2024 00:15;0;Όχι
06/06/2024 00:30;0;Όχι
06/06/2024 00:45;0;Όχι
06/06/2024 01:00;0;Όχι
06/06/2024 01:15;0;Όχι
06/06/2024 01:30;0;Όχι
06/06/2024 01:45;0;Όχι
06/06/2024 02:00;0;Όχι
06/06/2024 02:15;0;Όχι
06/06/2024 02:30;0;Όχι
06/06/2024 02:45;0;Όχι
06/06/2024 03:00;0;Όχι
06/06/2024 03:15;0;Όχι
06/06/2024 03:30;0;Όχι
06/06/2024 03:45;0;Όχι
06/06/2024 04:00;0;Όχι
06/06/2024 04:15;0;Όχι
06/06/2024 04:30;0;Όχι
06/06/2024 04:45;0;Όχι
06/06/2024 05:00;0;Όχι
06/06/2024 05:15;0;Όχι
06/06/2024 05:30;0;Όχι
06/06/2024 05:45;0;Όχι
06/06/2024 06:00;0;Όχι
06/06/2024 06:15;0;Όχι
06/06/2024 06:30;0;Όχι
06/06/2024 06:45;0;Όχι
06/06/2024 07:00;0;Όχι
06/06/2024 07:15;0;Όχι
06/06/2024 07:30;0;Όχι
06/06/2024 07:45;0;Όχι
06/06/2024 08:00;0;Όχι
06/06/2024 08:15;0,108;Όχι
06/06/2024 08:30;0,31;Όχι
06/06/2024 08:45;0,289;Όχι
06/06/2024 09:00;0,507;Όχι
06/06/2024 09:15;0,513;Όχι
06/06/2024 09:30;0,424;Όχι
06/06/2024 09:45;0,519;Όχι
06/06/2024 10:00;0,549;Όχι
06/06/2024 10:15;0,596;Όχι
06/06/2024 10:30;0,437;Όχι
06/06/2024 10:45;0,721;Όχι
06/06/2024 11:00;1,109;Όχι
06/06/2024 11:15;0,669;Όχι
06/06/2024 11:30;0,885;Όχι
06/06/2024 11:45;0,734;Όχι
06/06/2024 12:00;0,89;Όχι
06/06/2024 12:15;1,372;Όχι
06/06/2024 12:30;1,339;Όχι
06/06/2024 12:45;1,217;Όχι
06/06/2024 13:00;1,328;Όχι
06/06/2024 13:15;1,369;Όχι
06/06/2024 13:30;1,357;Όχι
06/06/2024 13:45;1,304;Όχι
06/06/2024 14:00;1,404;Όχι
06/06/2024 14:15;1,369;Όχι
06/06/2024 14:30;1,341;Όχι
06/06/2024 14:45;1,197;Όχι
06/06/2024 15:00;1,277;Όχι
06/06/2024 15:15;1,256;Όχι
06/06/2024 15:30;1,207;Όχι
06/06/2024 15:45;1,175;Όχι
06/06/2024 16:00;1,182;Όχι
06/06/2024 16:15;1,138;Όχι
06/06/2024 16:30;1,071;Όχι
06/06/2024 16:45;1,014;Όχι
06/06/2024 17:00;0,937;Όχι
06/06/2024 17:15;0,862;Όχι
06/06/2024 17:30;0,776;Όχι
06/06/2024 17:45;0,696;Όχι
06/06/2024 18:00;0,615;Όχι
06/06/2024 18:15;0,53;Όχι
06/06/2024 18:30;0,441;Όχι
06/06/2024 18:45;0,384;Όχι
06/06/2024 19:00;0,287;Όχι
06/06/2024 19:15;0,208;Όχι
06/06/2024 19:30;0,146;Όχι
06/06/2024 19:45;0,099;Όχι
06/06/2024 20:00;0,068;Όχι
06/06/2024 20:15;0,045;Όχι
06/06/2024 20:30;0,023;Όχι
06/06/2024 20:45;0,001;Όχι
06/06/2024 21:00;0;Όχι
06/06/2024 21:15;0;Όχι
06/06/2024 21:30;0;Όχι
06/06/2024 21:45;0;Όχι
06/06/2024 22:00;0;Όχι
06/06/2024 22:15;0;Όχι
06/06/2024 22:30;0;Όχι
06/06/2024 22:45;0;Όχι
06/06/2024 23:00;0;Όχι
06/06/2024 23:15;0;Όχι
06/06/2024 23:30;0;Όχι
06/06/2024 23:45;0;Όχι
07/06/2024 00:00;0;Όχι
07/06/2024 00:15;0;Όχι
07/06/2024 00:30;0;Όχι
07/06/2024 00:45;0;Όχι
07/06/2024 01:00;0;Όχι
07/06/2024 01:15;0;Όχι
07/06/2024 01:30;0;Όχι
07/06/2024 01:45;0;Όχι
07/06/2024 02:00;0;Όχι
07/06/2024 02:15;0;Όχι
07/06/2024 02:30;0;Όχι
07/06/2024 02:45;0;Όχι
07/06/2024 03:00;0;Όχι
07/06/2024 03:15;0;Όχι
07/06/2024 03:30;0;Όχι
07/06/2024 03:45;0;Όχι
07/06/2024 04:00;0;Όχι
07/06/2024 04:15;0;Όχι
07/06/2024 04:30;0;Όχι
07/06/2024 04:45;0;Όχι
07/06/2024 05:00;0;Όχι
07/06/2024 05:15;0;Όχι
07/06/2024 05:30;0;Όχι
07/06/2024 05:45;0;Όχι
07/06/2024 06:00;0;Όχι
07/06/2024 06:15;0;Όχι
07/06/2024 06:30;0,012;Όχι
07/06/2024 06:45;0,028;Όχι
07/06/2024 07:00;0,046;Όχι
07/06/2024 07:15;0,069;Όχι
07/06/2024 07:30;0,103;Όχι
07/06/2024 07:45;0,149;Όχι
07/06/2024 08:00;0,21;Όχι
07/06/2024 08:15;0,279;Όχι
07/06/2024 08:30;0,356;Όχι
07/06/2024 08:45;0,435;Όχι
07/06/2024 09:00;0,515;Όχι
07/06/2024 09:15;0,598;Όχι
07/06/2024 09:30;0,706;Όχι
07/06/2024 09:45;0,781;Όχι
07/06/2024 10:00;0,721;Όχι
07/06/2024 10:15;0,896;Όχι
07/06/2024 10:30;0,956;Όχι
07/06/2024 10:45;1,018;Όχι
07/06/2024 11:00;1,071;Όχι
07/06/2024 11:15;1,129;Όχι
07/06/2024 11:30;1,215;Όχι
07/06/2024 11:45;1,056;Όχι
07/06/2024 12:00;1,031;Όχι
07/06/2024 12:15;1,283;Όχι
07/06/2024 12:30;1,287;Όχι
07/06/2024 12:45;1,311;Όχι
07/06/2024 13:00;1,34;Όχι
07/06/2024 13:15;1,347;Όχι
07/06/2024 13:30;1,337;Όχι
07/06/2024 13:45;1,332;Όχι
07/06/2024 14:00;1,312;Όχι
07/06/2024 14:15;1,297;Όχι
07/06/2024 14:30;1,293;Όχι
07/06/2024 14:45;1,296;Όχι
07/06/2024 15:00;1,277;Όχι
07/06/2024 15:15;1,253;Όχι
07/06/2024 15:30;1,233;Όχι
07/06/2024 15:45;1,227;Όχι
07/06/2024 16:00;1,177;Όχι
07/06/2024 16:15;1,122;Όχι
07/06/2024 16:30;1,073;Όχι
07/06/2024 16:45;1,028;Όχι
07/06/2024 17:00;0,951;Όχι
07/06/2024 17:15;0,657;Όχι
07/06/2024 17:30;0,748;Όχι
07/06/2024 17:45;0,732;Όχι
07/06/2024 18:00;0,682;Όχι
07/06/2024 18:15;0,595;Όχι
07/06/2024 18:30;0,497;Όχι
07/06/2024 18:45;0,391;Όχι
07/06/2024 19:00;0,3;Όχι
07/06/2024 19:15;0,22;Όχι
07/06/2024 19:30;0,155;Όχι
07/06/2024 19:45;0,124;Όχι
07/06/2024 20:00;0,121;Όχι
07/06/2024 20:15;0,121;Όχι
07/06/2024 20:30;0,123;Όχι
07/06/2024 20:45;0,065;Όχι
07/06/2024 21:00;0,019;Όχι
07/06/2024 21:15;0,003;Όχι
07/06/2024 21:30;0;Όχι
07/06/2024 21:45;0;Όχι
07/06/2024 22:00;0;Όχι
07/06/2024 22:15;0;Όχι
07/06/2024 22:30;0;Όχι
07/06/2024 22:45;0;Όχι
07/06/2024 23:00;0;Όχι
07/06/2024 23:15;0;Όχι
07/06/2024 23:30;0;Όχι
07/06/2024 23:45;0;Όχι
08/06/2024 00:00;0;Όχι
08/06/2024 00:15;0;Όχι
08/06/2024 00:30;0;Όχι
08/06/2024 00:45;0;Όχι
08/06/2024 01:00;0;Όχι
08/06/2024 01:15;0;Όχι
08/06/2024 01:30;0;Όχι
08/06/2024 01:45;0;Όχι
08/06/2024 02:00;0;Όχι
08/06/2024 02:15;0;Όχι
08/06/2024 02:30;0;Όχι
08/06/2024 02:45;0;Όχι
08/06/2024 03:00;0;Όχι
08/06/2024 03:15;0;Όχι
08/06/2024 03:30;0;Όχι
08/06/2024 03:45;0;Όχι
08/06/2024 04:00;0;Όχι
08/06/2024 04:15;0;Όχι
08/06/2024 04:30;0;Όχι
08/06/2024 04:45;0;Όχι
08/06/2024 05:00;0;Όχι
08/06/2024 05:15;0;Όχι
08/06/2024 05:30;0;Όχι
08/06/2024 05:45;0;Όχι
08/06/2024 06:00;0;Όχι
08/06/2024 06:15;0,003;Όχι
08/06/2024 06:30;0,014;Όχι
08/06/2024 06:45;0,028;Όχι
08/06/2024 07:00;0,042;Όχι
08/06/2024 07:15;0,061;Όχι
08/06/2024 07:30;0,094;Όχι
08/06/2024 07:45;0,148;Όχι
08/06/2024 08:00;0,209;Όχι
08/06/2024 08:15;0,287;Όχι
08/06/2024 08:30;0,367;Όχι
08/06/2024 08:45;0,451;Όχι
08/06/2024 09:00;0,535;Όχι
08/06/2024 09:15;0,619;Όχι
08/06/2024 09:30;0,702;Όχι
08/06/2024 09:45;0,778;Όχι
08/06/2024 10:00;0,859;Όχι
08/06/2024 10:15;0,923;Όχι
08/06/2024 10:30;0,979;Όχι
08/06/2024 10:45;1,046;Όχι
08/06/2024 11:00;1,092;Όχι
08/06/2024 11:15;1,137;Όχι
08/06/2024 11:30;1,193;Όχι
08/06/2024 11:45;1,229;Όχι
08/06/2024 12:00;1,28;Όχι
08/06/2024 12:15;1,301;Όχι
08/06/2024 12:30;1,327;Όχι
08/06/2024 12:45;1,342;Όχι
08/06/2024 13:00;1,367;Όχι
08/06/2024 13:15;1,373;Όχι
08/06/2024 13:30;1,39;Όχι
08/06/2024 13:45;1,406;Όχι
08/06/2024 14:00;1,398;Όχι
08/06/2024 14:15;1,38;Όχι
08/06/2024 14:30;1,372;Όχι
08/06/2024 14:45;1,359;Όχι
08/06/2024 15:00;1,328;Όχι
08/06/2024 15:15;1,302;Όχι
08/06/2024 15:30;1,272;Όχι
08/06/2024 15:45;1,247;Όχι
08/06/2024 16:00;1,199;Όχι
08/06/2024 16:15;1,153;Όχι
08/06/2024 16:30;1,094;Όχι
08/06/2024 16:45;1,028;Όχι
08/06/2024 17:00;0,96;Όχι
08/06/2024 17:15;0,881;Όχι
08/06/2024 17:30;0,806;Όχι
08/06/2024 17:45;0,723;Όχι
08/06/2024 18:00;0,639;Όχι
08/06/2024 18:15;0,547;Όχι
08/06/2024 18:30;0,46;Όχι
08/06/2024 18:45;0,374;Όχι
08/06/2024 19:00;0,286;Όχι
08/06/2024 19:15;0,203;Όχι
08/06/2024 19:30;0,149;Όχι
08/06/2024 19:45;0,078;Όχι
08/06/2024 20:00;0,04;Όχι
08/06/2024 20:15;0,031;Όχι
08/06/2024 20:30;0,018;Όχι
08/06/2024 20:45;0,005;Όχι
08/06/2024 21:00;0,001;Όχι
08/06/2024 21:15;0;Όχι
08/06/2024 21:30;0;Όχι
08/06/2024 21:45;0;Όχι
08/06/2024 22:00;0;Όχι
08/06/2024 22:15;0;Όχι
08/06/2024 22:30;0;Όχι
08/06/2024 22:45;0;Όχι
08/06/2024 23:00;0;Όχι
08/06/2024 23:15;0;Όχι
08/06/2024 23:30;0;Όχι
08/06/2024 23:45;0;Όχι
09/06/2024 00:00;0;Όχι
09/06/2024 00:15;0;Όχι
09/06/2024 00:30;0;Όχι
09/06/2024 00:45;0;Όχι
09/06/2024 01:00;0;Όχι
09/06/2024 01:15;0;Όχι
09/06/2024 01:30;0;Όχι
09/06/2024 01:45;0;Όχι
09/06/2024 02:00;0;Όχι
09/06/2024 02:15;0;Όχι
09/06/2024 02:30;0;Όχι
09/06/2024 02:45;0;Όχι
09/06/2024 03:00;0;Όχι
09/06/2024 03:15;0;Όχι
09/06/2024 03:30;0;Όχι
09/06/2024 03:45;0;Όχι
09/06/2024 04:00;0;Όχι
09/06/2024 04:15;0;Όχι
09/06/2024 04:30;0;Όχι
09/06/2024 04:45;0;Όχι
09/06/2024 05:00;0;Όχι
09/06/2024 05:15;0;Όχι
09/06/2024 05:30;0;Όχι
09/06/2024 05:45;0;Όχι
09/06/2024 06:00;0;Όχι
09/06/2024 06:15;0,003;Όχι
09/06/2024 06:30;0,014;Όχι
09/06/2024 06:45;0,028;Όχι
09/06/2024 07:00;0,046;Όχι
09/06/2024 07:15;0,074;Όχι
09/06/2024 07:30;0,109;Όχι
09/06/2024 07:45;0,15;Όχι
09/06/2024 08:00;0,211;Όχι
09/06/2024 08:15;0,279;Όχι
09/06/2024 08:30;0,358;Όχι
09/06/2024 08:45;0,44;Όχι
09/06/2024 09:00;0,531;Όχι
09/06/2024 09:15;0,616;Όχι
09/06/2024 09:30;0,697;Όχι
09/06/2024 09:45;0,772;Όχι
09/06/2024 10:00;0,844;Όχι
09/06/2024 10:15;0,913;Όχι
09/06/2024 10:30;0,978;Όχι
09/06/2024 10:45;1,04;Όχι
09/06/2024 11:00;1,1;Όχι
09/06/2024 11:15;1,139;Όχι
09/06/2024 11:30;1,177;Όχι
09/06/2024 11:45;1,226;Όχι
09/06/2024 12:00;1,258;Όχι
09/06/2024 12:15;1,305;Όχι
09/06/2024 12:30;1,336;Όχι
09/06/2024 12:45;1,356;Όχι
09/06/2024 13:00;1,375;Όχι
09/06/2024 13:15;1,387;Όχι
09/06/2024 13:30;1,384;Όχι
09/06/2024 13:45;1,382;Όχι
09/06/2024 14:00;1,376;Όχι
09/06/2024 14:15;1,378;Όχι
09/06/2024 14:30;1,349;Όχι
09/06/2024 14:45;1,328;Όχι
09/06/2024 15:00;1,313;Όχι
09/06/2024 15:15;1,274;Όχι
09/06/2024 15:30;1,23;Όχι
09/06/2024 15:45;1,186;Όχι
09/06/2024 16:00;1,137;Όχι
09/06/2024 16:15;1,072;Όχι
09/06/2024 16:30;0,997;Όχι
09/06/2024 16:45;0,927;Όχι
09/06/2024 17:00;0,849;Όχι
09/06/2024 17:15;0,782;Όχι
09/06/2024 17:30;0,708;Όχι
09/06/2024 17:45;0,622;Όχι
09/06/2024 18:00;0,544;Όχι
09/06/2024 18:15;0,468;Όχι
09/06/2024 18:30;0,397;Όχι
09/06/2024 18:45;0,328;Όχι
09/06/2024 19:00;0,266;Όχι
09/06/2024 19:15;0,204;Όχι
09/06/2024 19:30;0,155;Όχι
09/06/2024 19:45;0,115;Όχι
09/06/2024 20:00;0,08;Όχι
09/06/2024 20:15;0,051;Όχι
09/06/2024 20:30;0,014;Όχι
09/06/2024 20:45;0,007;Όχι
09/06/2024 21:00;0,001;Όχι
09/06/2024 21:15;0;Όχι
09/06/2024 21:30;0;Όχι
09/06/2024 21:45;0;Όχι
09/06/2024 22:00;0;Όχι
09/06/2024 22:15;0;Όχι
09/06/2024 22:30;0;Όχι
09/06/2024 22:45;0;Όχι
09/06/2024 23:00;0;Όχι
09/06/2024 23:15;0;Όχι
09/06/2024 23:30;0;Όχι
09/06/2024 23:45;0;Όχι
10/06/2024 00:00;0;Όχι
10/06/2024 00:15;0;Όχι
10/06/2024 00:30;0;Όχι
10/06/2024 00:45;0;Όχι
10/06/2024 01:00;0;Όχι
10/06/2024 01:15;0;Όχι
10/06/2024 01:30;0;Όχι
10/06/2024 01:45;0;Όχι
10/06/2024 02:00;0;Όχι
10/06/2024 02:15;0;Όχι
10/06/2024 02:30;0;Όχι
10/06/2024 02:45;0;Όχι
10/06/2024 03:00;0;Όχι
10/06/2024 03:15;0;Όχι
10/06/2024 03:30;0;Όχι
10/06/2024 03:45;0;Όχι
10/06/2024 04:00;0;Όχι
10/06/2024 04:15;0;Όχι
10/06/2024 04:30;0;Όχι
10/06/2024 04:45;0;Όχι
10/06/2024 05:00;0;Όχι
10/06/2024 05:15;0;Όχι
10/06/2024 05:30;0;Όχι
10/06/2024 05:45;0;Όχι
10/06/2024 06:00;0;Όχι
10/06/2024 06:15;0;Όχι
10/06/2024 06:30;0,013;Όχι
10/06/2024 06:45;0,033;Όχι
10/06/2024 07:00;0,061;Όχι
10/06/2024 07:15;0,093;Όχι
10/06/2024 07:30;0,125;Όχι
10/06/2024 07:45;0,162;Όχι
10/06/2024 08:00;0,211;Όχι
10/06/2024 08:15;0,266;Όχι
10/06/2024 08:30;0,327;Όχι
10/06/2024 08:45;0,395;Όχι
10/06/2024 09:00;0,464;Όχι
10/06/2024 09:15;0,536;Όχι
10/06/2024 09:30;0,609;Όχι
10/06/2024 09:45;0,525;Όχι
10/06/2024 10:00;0,746;Όχι
10/06/2024 10:15;0,821;Όχι
10/06/2024 10:30;0,881;Όχι
10/06/2024 10:45;0,953;Όχι
10/06/2024 11:00;0,917;Όχι
10/06/2024 11:15;1,065;Όχι
10/06/2024 11:30;1,079;Όχι
10/06/2024 11:45;1,15;Όχι
10/06/2024 12:00;1,163;Όχι
10/06/2024 12:15;1,208;Όχι
10/06/2024 12:30;1,226;Όχι
10/06/2024 12:45;1,266;Όχι
10/06/2024 13:00;1,3;Όχι
10/06/2024 13:15;1,311;Όχι
10/06/2024 13:30;1,279;Όχι
10/06/2024 13:45;1,339;Όχι
10/06/2024 14:00;1,328;Όχι
10/06/2024 14:15;1,297;Όχι
10/06/2024 14:30;0,76;Όχι
10/06/2024 14:45;0,587;Όχι
10/06/2024 15:00;0,957;Όχι
10/06/2024 15:15;1,07;Όχι
10/06/2024 15:30;1,134;Όχι
10/06/2024 15:45;1,148;Όχι
10/06/2024 16:00;1,154;Όχι
10/06/2024 16:15;1,109;Όχι
10/06/2024 16:30;1,057;Όχι
10/06/2024 16:45;0,99;Όχι
10/06/2024 17:00;0,919;Όχι
10/06/2024 17:15;0,848;Όχι
10/06/2024 17:30;0,766;Όχι
10/06/2024 17:45;0,689;Όχι
10/06/2024 18:00;0,594;Όχι
10/06/2024 18:15;0,511;Όχι
10/06/2024 18:30;0,425;Όχι
10/06/2024 18:45;0,358;Όχι
10/06/2024 19:00;0,256;Όχι
10/06/2024 19:15;0,19;Όχι
10/06/2024 19:30;0,115;Όχι
10/06/2024 19:45;0,074;Όχι
10/06/2024 20:00;0,049;Όχι
10/06/2024 20:15;0,031;Όχι
10/06/2024 20:30;0,003;Όχι
10/06/2024 20:45;0;Όχι
10/06/2024 21:00;0;Όχι
10/06/2024 21:15;0;Όχι
10/06/2024 21:30;0;Όχι
10/06/2024 21:45;0;Όχι
10/06/2024 22:00;0;Όχι
10/06/2024 22:15;0;Όχι
10/06/2024 22:30;0;Όχι
10/06/2024 22:45;0;Όχι
10/06/2024 23:00;0;Όχι
10/06/2024 23:15;0;Όχι
10/06/2024 23:30;0;Όχι
10/06/2024 23:45;0;Όχι
11/06/2024 00:00;0;Όχι
11/06/2024 00:15;0;Όχι
11/06/2024 00:30;0;Όχι
11/06/2024 00:45;0;Όχι
11/06/2024 01:00;0;Όχι
11/06/2024 01:15;0;Όχι
11/06/2024 01:30;0;Όχι
11/06/2024 01:45;0;Όχι
11/06/2024 02:00;0;Όχι
11/06/2024 02:15;0;Όχι
11/06/2024 02:30;0;Όχι
11/06/2024 02:45;0;Όχι
11/06/2024 03:00;0;Όχι
11/06/2024 03:15;0;Όχι
11/06/2024 03:30;0;Όχι
11/06/2024 03:45;0;Όχι
11/06/2024 04:00;0;Όχι
11/06/2024 04:15;0;Όχι
11/06/2024 04:30;0;Όχι
11/06/2024 04:45;0;Όχι
11/06/2024 05:00;0;Όχι
11/06/2024 05:15;0;Όχι
11/06/2024 05:30;0;Όχι
11/06/2024 05:45;0;Όχι
11/06/2024 06:00;0;Όχι
11/06/2024 06:15;0,003;Όχι
11/06/2024 06:30;0,025;Όχι
11/06/2024 06:45;0,057;Όχι
11/06/2024 07:00;0,112;Όχι
11/06/2024 07:15;0,171;Όχι
11/06/2024 07:30;0,225;Όχι
11/06/2024 07:45;0,286;Όχι
11/06/2024 08:00;0,317;Όχι
11/06/2024 08:15;0,296;Όχι
11/06/2024 08:30;0,323;Όχι
11/06/2024 08:45;0,335;Όχι
11/06/2024 09:00;0,449;Όχι
11/06/2024 09:15;0,474;Όχι
11/06/2024 09:30;0,433;Όχι
11/06/2024 09:45;0,465;Όχι
11/06/2024 10:00;0,793;Όχι
11/06/2024 10:15;0,598;Όχι
11/06/2024 10:30;0,894;Όχι
11/06/2024 10:45;1,065;Όχι
11/06/2024 11:00;1,107;Όχι
11/06/2024 11:15;1,165;Όχι
11/06/2024 11:30;1,202;Όχι
11/06/2024 11:45;1,238;Όχι
11/06/2024 12:00;1,199;Όχι
11/06/2024 12:15;1,16;Όχι
11/06/2024 12:30;1,211;Όχι
11/06/2024 12:45;1,295;Όχι
11/06/2024 13:00;1,217;Όχι
11/06/2024 13:15;1,282;Όχι
11/06/2024 13:30;1,247;Όχι
11/06/2024 13:45;1,2;Όχι
11/06/2024 14:00;1,211;Όχι
11/06/2024 14:15;1,332;Όχι
11/06/2024 14:30;1,342;Όχι
11/06/2024 14:45;1,306;Όχι
11/06/2024 15:00;1,287;Όχι
11/06/2024 15:15;1,26;Όχι
11/06/2024 15:30;1,244;Όχι
11/06/2024 15:45;1,184;Όχι
11/06/2024 16:00;1,146;Όχι
11/06/2024 16:15;1,031;Όχι
11/06/2024 16:30;0,948;Όχι
11/06/2024 16:45;0,916;Όχι
11/06/2024 17:00;0,932;Όχι
11/06/2024 17:15;0,793;Όχι
11/06/2024 17:30;0,824;Όχι
11/06/2024 17:45;0,761;Όχι
11/06/2024 18:00;0,651;Όχι
11/06/2024 18:15;0,553;Όχι
11/06/2024 18:30;0,474;Όχι
11/06/2024 18:45;0,436;Όχι
11/06/2024 19:00;0,356;Όχι
11/06/2024 19:15;0,269;Όχι
11/06/2024 19:30;0,172;Όχι
11/06/2024 19:45;0,104;Όχι
11/06/2024 20:00;0,068;Όχι
11/06/2024 20:15;0,046;Όχι
11/06/2024 20:30;0,027;Όχι
11/06/2024 20:45;0,01;Όχι
11/06/2024 21:00;0,001;Όχι
11/06/2024 21:15;0;Όχι
11/06/2024 21:30;0;Όχι
11/06/2024 21:45;0;Όχι
11/06/2024 22:00;0;Όχι
11/06/2024 22:15;0;Όχι
11/06/2024 22:30;0;Όχι
11/06/2024 22:45;0;Όχι
11/06/2024 23:00;0;Όχι
11/06/2024 23:15;0;Όχι
11/06/2024 23:30;0;Όχι
11/06/2024 23:45;0;Όχι
12/06/2024 00:00;0;Όχι
12/06/2024 00:15;0;Όχι
12/06/2024 00:30;0;Όχι
12/06/2024 00:45;0;Όχι
12/06/2024 01:00;0;Όχι
12/06/2024 01:15;0;Όχι
12/06/2024 01:30;0;Όχι
12/06/2024 01:45;0;Όχι
12/06/2024 02:00;0;Όχι
12/06/2024 02:15;0;Όχι
12/06/2024 02:30;0;Όχι
12/06/2024 02:45;0;Όχι
12/06/2024 03:00;0;Όχι
12/06/2024 03:15;0;Όχι
12/06/2024 03:30;0;Όχι
12/06/2024 03:45;0;Όχι
12/06/2024 04:00;0;Όχι
12/06/2024 04:15;0;Όχι
12/06/2024 04:30;0;Όχι
12/06/2024 04:45;0;Όχι
12/06/2024 05:00;0;Όχι
12/06/2024 05:15;0;Όχι
12/06/2024 05:30;0;Όχι
12/06/2024 05:45;0;Όχι
12/06/2024 06:00;0;Όχι
12/06/2024 06:15;0,001;Όχι
12/06/2024 06:30;0,014;Όχι
12/06/2024 06:45;0,03;Όχι
12/06/2024 07:00;0,051;Όχι
12/06/2024 07:15;0,073;Όχι
12/06/2024 07:30;0,106;Όχι
12/06/2024 07:45;0,154;Όχι
12/06/2024 08:00;0,217;Όχι
12/06/2024 08:15;0,288;Όχι
12/06/2024 08:30;0,365;Όχι
12/06/2024 08:45;0,442;Όχι
12/06/2024 09:00;0,524;Όχι
12/06/2024 09:15;0,606;Όχι
12/06/2024 09:30;0,687;Όχι
12/06/2024 09:45;0,762;Όχι
12/06/2024 10:00;0,841;Όχι
12/06/2024 10:15;0,91;Όχι
12/06/2024 10:30;0,97;Όχι
12/06/2024 10:45;1,028;Όχι
12/06/2024 11:00;1,097;Όχι
12/06/2024 11:15;1,146;Όχι
12/06/2024 11:30;1,156;Όχι
12/06/2024 11:45;1,213;Όχι
12/06/2024 12:00;1,16;Όχι
12/06/2024 12:15;1,23;Όχι
12/06/2024 12:30;1,235;Όχι
12/06/2024 12:45;1,228;Όχι
12/06/2024 13:00;1,23;Όχι
12/06/2024 13:15;1,378;Όχι
12/06/2024 13:30;1,38;Όχι
12/06/2024 13:45;1,389;Όχι
12/06/2024 14:00;1,395;Όχι
12/06/2024 14:15;1,39;Όχι
12/06/2024 14:30;1,376;Όχι
12/06/2024 14:45;1,357;Όχι
12/06/2024 15:00;1,334;Όχι
12/06/2024 15:15;1,3;Όχι
12/06/2024 15:30;1,268;Όχι
12/06/2024 15:45;0,972;Όχι
12/06/2024 16:00;1,168;Όχι
12/06/2024 16:15;1,121;Όχι
12/06/2024 16:30;0,979;Όχι
12/06/2024 16:45;1,002;Όχι
12/06/2024 17:00;0,851;Όχι
12/06/2024 17:15;0,83;Όχι
12/06/2024 17:30;0,424;Όχι
12/06/2024 17:45;0,339;Όχι
12/06/2024 18:00;0,367;Όχι
12/06/2024 18:15;0,458;Όχι
12/06/2024 18:30;0,526;Όχι
12/06/2024 18:45;0,315;Όχι
12/06/2024 19:00;0,323;Όχι
12/06/2024 19:15;0,238;Όχι
12/06/2024 19:30;0,217;Όχι
12/06/2024 19:45;0,166;Όχι
12/06/2024 20:00;0,113;Όχι
12/06/2024 20:15;0,063;Όχι
12/06/2024 20:30;0,012;Όχι
12/06/2024 20:45;0,007;Όχι
12/06/2024 21:00;0,001;Όχι
12/06/2024 21:15;0;Όχι
12/06/2024 21:30;0;Όχι
12/06/2024 21:45;0;Όχι
12/06/2024 22:00;0;Όχι
12/06/2024 22:15;0;Όχι
12/06/2024 22:30;0;Όχι
12/06/2024 22:45;0;Όχι
12/06/2024 23:00;0;Όχι
12/06/2024 23:15;0;Όχι
12/06/2024 23:30;0;Όχι
12/06/2024 23:45;0;Όχι
13/06/2024 00:00;0;Όχι
13/06/2024 00:15;0;Όχι
13/06/2024 00:30;0;Όχι
13/06/2024 00:45;0;Όχι
13/06/2024 01:00;0;Όχι
13/06/2024 01:15;0;Όχι
13/06/2024 01:30;0;Όχι
13/06/2024 01:45;0;Όχι
13/06/2024 02:00;0;Όχι
13/06/2024 02:15;0;Όχι
13/06/2024 02:30;0;Όχι
13/06/2024 02:45;0;Όχι
13/06/2024 03:00;0;Όχι
13/06/2024 03:15;0;Όχι
13/06/2024 03:30;0;Όχι
13/06/2024 03:45;0;Όχι
13/06/2024 04:00;0;Όχι
13/06/2024 04:15;0;Όχι
13/06/2024 04:30;0;Όχι
13/06/2024 04:45;0;Όχι
13/06/2024 05:00;0;Όχι
13/06/2024 05:15;0;Όχι
13/06/2024 05:30;0;Όχι
13/06/2024 05:45;0;Όχι
13/06/2024 06:00;0;Όχι
13/06/2024 06:15;0;Όχι
13/06/2024 06:30;0,018;Όχι
13/06/2024 06:45;0,038;Όχι
13/06/2024 07:00;0,08;Όχι
13/06/2024 07:15;0,095;Όχι
13/06/2024 07:30;0,101;Όχι
13/06/2024 07:45;0,126;Όχι
13/06/2024 08:00;0,132;Όχι
13/06/2024 08:15;0,239;Όχι
13/06/2024 08:30;0,221;Όχι
13/06/2024 08:45;0,168;Όχι
13/06/2024 09:00;0,243;Όχι
13/06/2024 09:15;0,201;Όχι
13/06/2024 09:30;0,152;Όχι
13/06/2024 09:45;0,182;Όχι
13/06/2024 10:00;0,349;Όχι
13/06/2024 10:15;0,819;Όχι
13/06/2024 10:30;0,698;Όχι
13/06/2024 10:45;0,946;Όχι
13/06/2024 11:00;1,113;Όχι
13/06/2024 11:15;0,511;Όχι
13/06/2024 11:30;0,37;Όχι
13/06/2024 11:45;0,589;Όχι
13/06/2024 12:00;1,006;Όχι
13/06/2024 12:15;1,263;Όχι
13/06/2024 12:30;1,312;Όχι
13/06/2024 12:45;0,622;Όχι
13/06/2024 13:00;0,257;Όχι
13/06/2024 13:15;0,287;Όχι
13/06/2024 13:30;0,333;Όχι
13/06/2024 13:45;0,507;Όχι
13/06/2024 14:00;0,313;Όχι
13/06/2024 14:15;0,779;Όχι
13/06/2024 14:30;0,771;Όχι
13/06/2024 14:45;1,024;Όχι
13/06/2024 15:00;0,746;Όχι
13/06/2024 15:15;0,381;Όχι
13/06/2024 15:30;0,472;Όχι
13/06/2024 15:45;0,414;Όχι
13/06/2024 16:00;0,419;Όχι
13/06/2024 16:15;0,825;Όχι
13/06/2024 16:30;0,866;Όχι
13/06/2024 16:45;0,465;Όχι
13/06/2024 17:00;0,906;Όχι
13/06/2024 17:15;0,426;Όχι
13/06/2024 17:30;0,087;Όχι
13/06/2024 17:45;0,103;Όχι
13/06/2024 18:00;0,061;Όχι
13/06/2024 18:15;0,282;Όχι
13/06/2024 18:30;0,285;Όχι
13/06/2024 18:45;0,12;Όχι
13/06/2024 19:00;0,114;Όχι
13/06/2024 19:15;0,036;Όχι
13/06/2024 19:30;0,113;Όχι
13/06/2024 19:45;0,135;Όχι
13/06/2024 20:00;0,095;Όχι
13/06/2024 20:15;0,061;Όχι
13/06/2024 20:30;0,009;Όχι
13/06/2024 20:45;0;Όχι
13/06/2024 21:00;0;Όχι
13/06/2024 21:15;0;Όχι
13/06/2024 21:30;0;Όχι
13/06/2024 21:45;0;Όχι
13/06/2024 22:00;0;Όχι
13/06/2024 22:15;0;Όχι
13/06/2024 22:30;0;Όχι
13/06/2024 22:45;0;Όχι
13/06/2024 23:00;0;Όχι
13/06/2024 23:15;0;Όχι
13/06/2024 23:30;0;Όχι
13/06/2024 23:45;0;Όχι
14/06/2024 00:00;0;Όχι
14/06/2024 00:15;0;Όχι
14/06/2024 00:30;0;Όχι
14/06/2024 00:45;0;Όχι
14/06/2024 01:00;0;Όχι
14/06/2024 01:15;0;Όχι
14/06/2024 01:30;0;Όχι
14/06/2024 01:45;0;Όχι
14/06/2024 02:00;0;Όχι
14/06/2024 02:15;0;Όχι
14/06/2024 02:30;0;Όχι
14/06/2024 02:45;0;Όχι
14/06/2024 03:00;0;Όχι
14/06/2024 03:15;0;Όχι
14/06/2024 03:30;0;Όχι
14/06/2024 03:45;0;Όχι
14/06/2024 04:00;0;Όχι
14/06/2024 04:15;0;Όχι
14/06/2024 04:30;0;Όχι
14/06/2024 04:45;0;Όχι
14/06/2024 05:00;0;Όχι
14/06/2024 05:15;0;Όχι
14/06/2024 05:30;0;Όχι
14/06/2024 05:45;0;Όχι
14/06/2024 06:00;0;Όχι
14/06/2024 06:15;0;Όχι
14/06/2024 06:30;0,023;Όχι
14/06/2024 06:45;0,062;Όχι
14/06/2024 07:00;0,049;Όχι
14/06/2024 07:15;0,058;Όχι
14/06/2024 07:30;0,148;Όχι
14/06/2024 07:45;0,145;Όχι
14/06/2024 08:00;0,239;Όχι
14/06/2024 08:15;0,235;Όχι
14/06/2024 08:30;0,233;Όχι
14/06/2024 08:45;0,39;Όχι
14/06/2024 09:00;0,507;Όχι
14/06/2024 09:15;0,484;Όχι
14/06/2024 09:30;0,637;Όχι
14/06/2024 09:45;0,83;Όχι
14/06/2024 10:00;0,905;Όχι
14/06/2024 10:15;0,971;Όχι
14/06/2024 10:30;1,043;Όχι
14/06/2024 10:45;0,854;Όχι
14/06/2024 11:00;1,148;Όχι
14/06/2024 11:15;1,231;Όχι
14/06/2024 11:30;1,275;Όχι
14/06/2024 11:45;1,309;Όχι
14/06/2024 12:00;1,346;Όχι
14/06/2024 12:15;1,371;Όχι
14/06/2024 12:30;1,41;Όχι
14/06/2024 12:45;1,438;Όχι
14/06/2024 13:00;1,454;Όχι
14/06/2024 13:15;1,455;Όχι
14/06/2024 13:30;1,461;Όχι
14/06/2024 13:45;1,464;Όχι
14/06/2024 14:00;1,444;Όχι
14/06/2024 14:15;1,414;Όχι
14/06/2024 14:30;1,422;Όχι
14/06/2024 14:45;1,389;Όχι
14/06/2024 15:00;1,373;Όχι
14/06/2024 15:15;1,354;Όχι
14/06/2024 15:30;1,324;Όχι
14/06/2024 15:45;1,28;Όχι
14/06/2024 16:00;1,225;Όχι
14/06/2024 16:15;1,174;Όχι
14/06/2024 16:30;1,119;Όχι
14/06/2024 16:45;1,052;Όχι
14/06/2024 17:00;0,978;Όχι
14/06/2024 17:15;0,906;Όχι
14/06/2024 17:30;0,831;Όχι
14/06/2024 17:45;0,752;Όχι
14/06/2024 18:00;0,667;Όχι
14/06/2024 18:15;0,581;Όχι
14/06/2024 18:30;0,486;Όχι
14/06/2024 18:45;0,399;Όχι
14/06/2024 19:00;0,31;Όχι
14/06/2024 19:15;0,226;Όχι
14/06/2024 19:30;0,152;Όχι
14/06/2024 19:45;0,093;Όχι
14/06/2024 20:00;0,05;Όχι
14/06/2024 20:15;0,026;Όχι
14/06/2024 20:30;0,016;Όχι
14/06/2024 20:45;0,008;Όχι
14/06/2024 21:00;0,002;Όχι
14/06/2024 21:15;0;Όχι
14/06/2024 21:30;0;Όχι
14/06/2024 21:45;0;Όχι
14/06/2024 22:00;0;Όχι
14/06/2024 22:15;0;Όχι
14/06/2024 22:30;0;Όχι
14/06/2024 22:45;0;Όχι
14/06/2024 23:00;0;Όχι
14/06/2024 23:15;0;Όχι
14/06/2024 23:30;0;Όχι
14/06/2024 23:45;0;Όχι
15/06/2024 00:00;0;Όχι
15/06/2024 00:15;0;Όχι
15/06/2024 00:30;0;Όχι
15/06/2024 00:45;0;Όχι
15/06/2024 01:00;0;Όχι
15/06/2024 01:15;0;Όχι
15/06/2024 01:30;0;Όχι
15/06/2024 01:45;0;Όχι
15/06/2024 02:00;0;Όχι
15/06/2024 02:15;0;Όχι
15/06/2024 02:30;0;Όχι
15/06/2024 02:45;0;Όχι
15/06/2024 03:00;0;Όχι
15/06/2024 03:15;0;Όχι
15/06/2024 03:30;0;Όχι
15/06/2024 03:45;0;Όχι
15/06/2024 04:00;0;Όχι
15/06/2024 04:15;0;Όχι
15/06/2024 04:30;0;Όχι
15/06/2024 04:45;0;Όχι
15/06/2024 05:00;0;Όχι
15/06/2024 05:15;0;Όχι
15/06/2024 05:30;0;Όχι
15/06/2024 05:45;0;Όχι
15/06/2024 06:00;0;Όχι
15/06/2024 06:15;0;Όχι
15/06/2024 06:30;0,01;Όχι
15/06/2024 06:45;0,02;Όχι
15/06/2024 07:00;0,028;Όχι
15/06/2024 07:15;0,048;Όχι
15/06/2024 07:30;0,089;Όχι
15/06/2024 07:45;0,146;Όχι
15/06/2024 08:00;0,217;Όχι
15/06/2024 08:15;0,299;Όχι
15/06/2024 08:30;0,385;Όχι
15/06/2024 08:45;0,475;Όχι
15/06/2024 09:00;0,562;Όχι
15/06/2024 09:15;0,655;Όχι
15/06/2024 09:30;0,743;Όχι
15/06/2024 09:45;0,823;Όχι
15/06/2024 10:00;0,894;Όχι
15/06/2024 10:15;0,968;Όχι
15/06/2024 10:30;1,034;Όχι
15/06/2024 10:45;1,096;Όχι
15/06/2024 11:00;1,151;Όχι
15/06/2024 11:15;1,203;Όχι
15/06/2024 11:30;1,255;Όχι
15/06/2024 11:45;1,293;Όχι
15/06/2024 12:00;1,329;Όχι
15/06/2024 12:15;1,344;Όχι
15/06/2024 12:30;1,355;Όχι
15/06/2024 12:45;1,368;Όχι
15/06/2024 13:00;1,376;Όχι
15/06/2024 13:15;1,375;Όχι
15/06/2024 13:30;1,379;Όχι
15/06/2024 13:45;1,375;Όχι
15/06/2024 14:00;1,379;Όχι
15/06/2024 14:15;1,352;Όχι
15/06/2024 14:30;1,345;Όχι
15/06/2024 14:45;1,352;Όχι
15/06/2024 15:00;1,343;Όχι
15/06/2024 15:15;1,318;Όχι
15/06/2024 15:30;1,282;Όχι
15/06/2024 15:45;1,237;Όχι
15/06/2024 16:00;1,215;Όχι
15/06/2024 16:15;1,203;Όχι
15/06/2024 16:30;1,14;Όχι
15/06/2024 16:45;1,078;Όχι
15/06/2024 17:00;1,005;Όχι
15/06/2024 17:15;0,925;Όχι
15/06/2024 17:30;0,841;Όχι
15/06/2024 17:45;0,759;Όχι
15/06/2024 18:00;0,668;Όχι
15/06/2024 18:15;0,579;Όχι
15/06/2024 18:30;0,486;Όχι
15/06/2024 18:45;0,393;Όχι
15/06/2024 19:00;0,307;Όχι
15/06/2024 19:15;0,225;Όχι
15/06/2024 19:30;0,152;Όχι
15/06/2024 19:45;0,095;Όχι
15/06/2024 20:00;0,054;Όχι
15/06/2024 20:15;0,03;Όχι
15/06/2024 20:30;0,019;Όχι
15/06/2024 20:45;0,008;Όχι
15/06/2024 21:00;0,002;Όχι
15/06/2024 21:15;0;Όχι
15/06/2024 21:30;0;Όχι
15/06/2024 21:45;0;Όχι
15/06/2024 22:00;0;Όχι
15/06/2024 22:15;0;Όχι
15/06/2024 22:30;0;Όχι
15/06/2024 22:45;0;Όχι
15/06/2024 23:00;0;Όχι
15/06/2024 23:15;0;Όχι
15/06/2024 23:30;0;Όχι
15/06/2024 23:45;0;Όχι
16/06/2024 00:00;0;Όχι
16/06/2024 00:15;0;Όχι
16/06/2024 00:30;0;Όχι
16/06/2024 00:45;0;Όχι
16/06/2024 01:00;0;Όχι
16/06/2024 01:15;0;Όχι
16/06/2024 01:30;0;Όχι
16/06/2024 01:45;0;Όχι
16/06/2024 02:00;0;Όχι
16/06/2024 02:15;0;Όχι
16/06/2024 02:30;0;Όχι
16/06/2024 02:45;0;Όχι
16/06/2024 03:00;0;Όχι
16/06/2024 03:15;0;Όχι
16/06/2024 03:30;0;Όχι
16/06/2024 03:45;0;Όχι
16/06/2024 04:00;0;Όχι
16/06/2024 04:15;0;Όχι
16/06/2024 04:30;0;Όχι
16/06/2024 04:45;0;Όχι
16/06/2024 05:00;0;Όχι
16/06/2024 05:15;0;Όχι
16/06/2024 05:30;0;Όχι
16/06/2024 05:45;0;Όχι
16/06/2024 06:00;0;Όχι
16/06/2024 06:15;0,001;Όχι
16/06/2024 06:30;0,013;Όχι
16/06/2024 06:45;0,024;Όχι
16/06/2024 07:00;0,036;Όχι
16/06/2024 07:15;0,059;Όχι
16/06/2024 07:30;0,102;Όχι
16/06/2024 07:45;0,161;Όχι
16/06/2024 08:00;0,221;Όχι
16/06/2024 08:15;0,292;Όχι
16/06/2024 08:30;0,376;Όχι
16/06/2024 08:45;0,462;Όχι
16/06/2024 09:00;0,551;Όχι
16/06/2024 09:15;0,637;Όχι
16/06/2024 09:30;0,72;Όχι
16/06/2024 09:45;0,795;Όχι
16/06/2024 10:00;0,869;Όχι
16/06/2024 10:15;0,936;Όχι
16/06/2024 10:30;1,004;Όχι
16/06/2024 10:45;1,057;Όχι
16/06/2024 11:00;1,115;Όχι
16/06/2024 11:15;1,165;Όχι
16/06/2024 11:30;1,213;Όχι
16/06/2024 11:45;1,266;Όχι
16/06/2024 12:00;1,309;Όχι
16/06/2024 12:15;1,298;Όχι
16/06/2024 12:30;1,37;Όχι
16/06/2024 12:45;1,397;Όχι
16/06/2024 13:00;1,423;Όχι
16/06/2024 13:15;1,424;Όχι
16/06/2024 13:30;1,422;Όχι
16/06/2024 13:45;1,425;Όχι
16/06/2024 14:00;1,43;Όχι
16/06/2024 14:15;1,423;Όχι
16/06/2024 14:30;1,402;Όχι
16/06/2024 14:45;1,401;Όχι
16/06/2024 15:00;1,379;Όχι
16/06/2024 15:15;1,352;Όχι
16/06/2024 15:30;1,319;Όχι
16/06/2024 15:45;1,276;Όχι
16/06/2024 16:00;1,218;Όχι
16/06/2024 16:15;1,162;Όχι
16/06/2024 16:30;1,111;Όχι
16/06/2024 16:45;1,041;Όχι
16/06/2024 17:00;0,978;Όχι
16/06/2024 17:15;0,9;Όχι
16/06/2024 17:30;0,817;Όχι
16/06/2024 17:45;0,738;Όχι
16/06/2024 18:00;0,66;Όχι
16/06/2024 18:15;0,562;Όχι
16/06/2024 18:30;0,482;Όχι
16/06/2024 18:45;0,392;Όχι
16/06/2024 19:00;0,303;Όχι
16/06/2024 19:15;0,225;Όχι
16/06/2024 19:30;0,156;Όχι
16/06/2024 19:45;0,097;Όχι
16/06/2024 20:00;0,055;Όχι
16/06/2024 20:15;0,032;Όχι
16/06/2024 20:30;0,02;Όχι
16/06/2024 20:45;0,009;Όχι
16/06/2024 21:00;0,002;Όχι
16/06/2024 21:15;0;Όχι
16/06/2024 21:30;0;Όχι
16/06/2024 21:45;0;Όχι
16/06/2024 22:00;0;Όχι
16/06/2024 22:15;0;Όχι
16/06/2024 22:30;0;Όχι
16/06/2024 22:45;0;Όχι
16/06/2024 23:00;0;Όχι
16/06/2024 23:15;0;Όχι
16/06/2024 23:30;0;Όχι
16/06/2024 23:45;0;Όχι
17/06/2024 00:00;0;Όχι
17/06/2024 00:15;0;Όχι
17/06/2024 00:30;0;Όχι
17/06/2024 00:45;0;Όχι
17/06/2024 01:00;0;Όχι
17/06/2024 01:15;0;Όχι
17/06/2024 01:30;0;Όχι
17/06/2024 01:45;0;Όχι
17/06/2024 02:00;0;Όχι
17/06/2024 02:15;0;Όχι
17/06/2024 02:30;0;Όχι
17/06/2024 02:45;0;Όχι
17/06/2024 03:00;0;Όχι
17/06/2024 03:15;0;Όχι
17/06/2024 03:30;0;Όχι
17/06/2024 03:45;0;Όχι
17/06/2024 04:00;0;Όχι
17/06/2024 04:15;0;Όχι
17/06/2024 04:30;0;Όχι
17/06/2024 04:45;0;Όχι
17/06/2024 05:00;0;Όχι
17/06/2024 05:15;0;Όχι
17/06/2024 05:30;0;Όχι
17/06/2024 05:45;0;Όχι
17/06/2024 06:00;0;Όχι
17/06/2024 06:15;0,002;Όχι
17/06/2024 06:30;0,017;Όχι
17/06/2024 06:45;0,032;Όχι
17/06/2024 07:00;0,046;Όχι
17/06/2024 07:15;0,065;Όχι
17/06/2024 07:30;0,1;Όχι
17/06/2024 07:45;0,138;Όχι
17/06/2024 08:00;0,205;Όχι
17/06/2024 08:15;0,277;Όχι
17/06/2024 08:30;0,359;Όχι
17/06/2024 08:45;0,444;Όχι
17/06/2024 09:00;0,527;Όχι
17/06/2024 09:15;0,608;Όχι
17/06/2024 09:30;0,697;Όχι
17/06/2024 09:45;0,776;Όχι
17/06/2024 10:00;0,847;Όχι
17/06/2024 10:15;0,909;Όχι
17/06/2024 10:30;0,972;Όχι
17/06/2024 10:45;1,026;Όχι
17/06/2024 11:00;1,076;Όχι
17/06/2024 11:15;1,124;Όχι
17/06/2024 11:30;1,173;Όχι
17/06/2024 11:45;1,193;Όχι
17/06/2024 12:00;1,26;Όχι
17/06/2024 12:15;1,295;Όχι
17/06/2024 12:30;1,331;Όχι
17/06/2024 12:45;1,343;Όχι
17/06/2024 13:00;1,371;Όχι
17/06/2024 13:15;1,395;Όχι
17/06/2024 13:30;1,412;Όχι
17/06/2024 13:45;1,412;Όχι
17/06/2024 14:00;1,395;Όχι
17/06/2024 14:15;1,376;Όχι
17/06/2024 14:30;1,376;Όχι
17/06/2024 14:45;1,376;Όχι
17/06/2024 15:00;1,356;Όχι
17/06/2024 15:15;1,326;Όχι
17/06/2024 15:30;1,279;Όχι
17/06/2024 15:45;1,239;Όχι
17/06/2024 16:00;1,196;Όχι
17/06/2024 16:15;1,141;Όχι
17/06/2024 16:30;1,081;Όχι
17/06/2024 16:45;1,017;Όχι
17/06/2024 17:00;0,946;Όχι
17/06/2024 17:15;0,888;Όχι
17/06/2024 17:30;0,612;Όχι
17/06/2024 17:45;0,607;Όχι
17/06/2024 18:00;0,411;Όχι
17/06/2024 18:15;0,309;Όχι
17/06/2024 18:30;0,316;Όχι
17/06/2024 18:45;0,249;Όχι
17/06/2024 19:00;0,214;Όχι
17/06/2024 19:15;0,193;Όχι
17/06/2024 19:30;0,174;Όχι
17/06/2024 19:45;0,133;Όχι
17/06/2024 20:00;0,107;Όχι
17/06/2024 20:15;0,072;Όχι
17/06/2024 20:30;0,04;Όχι
17/06/2024 20:45;0,019;Όχι
17/06/2024 21:00;0,003;Όχι
17/06/2024 21:15;0;Όχι
17/06/2024 21:30;0;Όχι
17/06/2024 21:45;0;Όχι
17/06/2024 22:00;0;Όχι
17/06/2024 22:15;0;Όχι
17/06/2024 22:30;0;Όχι
17/06/2024 22:45;0;Όχι
17/06/2024 23:00;0;Όχι
17/06/2024 23:15;0;Όχι
17/06/2024 23:30;0;Όχι
17/06/2024 23:45;0;Όχι
18/06/2024 00:00;0;Όχι
18/06/2024 00:15;0;Όχι
18/06/2024 00:30;0;Όχι
18/06/2024 00:45;0;Όχι
18/06/2024 01:00;0;Όχι
18/06/2024 01:15;0;Όχι
18/06/2024 01:30;0;Όχι
18/06/2024 01:45;0;Όχι
18/06/2024 02:00;0;Όχι
18/06/2024 02:15;0;Όχι
18/06/2024 02:30;0;Όχι
18/06/2024 02:45;0;Όχι
18/06/2024 03:00;0;Όχι
18/06/2024 03:15;0;Όχι
18/06/2024 03:30;0;Όχι
18/06/2024 03:45;0;Όχι
18/06/2024 04:00;0;Όχι
18/06/2024 04:15;0;Όχι
18/06/2024 04:30;0;Όχι
18/06/2024 04:45;0;Όχι
18/06/2024 05:00;0;Όχι
18/06/2024 05:15;0;Όχι
18/06/2024 05:30;0;Όχι
18/06/2024 05:45;0;Όχι
18/06/2024 06:00;0;Όχι
18/06/2024 06:15;0,001;Όχι
18/06/2024 06:30;0,013;Όχι
18/06/2024 06:45;0,027;Όχι
18/06/2024 07:00;0,04;Όχι
18/06/2024 07:15;0,06;Όχι
18/06/2024 07:30;0,096;Όχι
18/06/2024 07:45;0,146;Όχι
18/06/2024 08:00;0,21;Όχι
18/06/2024 08:15;0,283;Όχι
18/06/2024 08:30;0,361;Όχι
18/06/2024 08:45;0,442;Όχι
18/06/2024 09:00;0,523;Όχι
18/06/2024 09:15;0,607;Όχι
18/06/2024 09:30;0,686;Όχι
18/06/2024 09:45;0,764;Όχι
18/06/2024 10:00;0,842;Όχι
18/06/2024 10:15;0,914;Όχι
18/06/2024 10:30;0,977;Όχι
18/06/2024 10:45;1,013;Όχι
18/06/2024 11:00;1,055;Όχι
18/06/2024 11:15;1,116;Όχι
18/06/2024 11:30;1,179;Όχι
18/06/2024 11:45;1,222;Όχι
18/06/2024 12:00;1,256;Όχι
18/06/2024 12:15;1,286;Όχι
18/06/2024 12:30;1,307;Όχι
18/06/2024 12:45;1,33;Όχι
18/06/2024 13:00;1,34;Όχι
18/06/2024 13:15;1,362;Όχι
18/06/2024 13:30;1,364;Όχι
18/06/2024 13:45;1,357;Όχι
18/06/2024 14:00;1,353;Όχι
18/06/2024 14:15;1,338;Όχι
18/06/2024 14:30;1,33;Όχι
18/06/2024 14:45;1,3;Όχι
18/06/2024 15:00;1,276;Όχι
18/06/2024 15:15;1,25;Όχι
18/06/2024 15:30;1,215;Όχι
18/06/2024 15:45;1,205;Όχι
18/06/2024 16:00;1,18;Όχι
18/06/2024 16:15;1,136;Όχι
18/06/2024 16:30;1,075;Όχι
18/06/2024 16:45;1,011;Όχι
18/06/2024 17:00;0,936;Όχι
18/06/2024 17:15;0,87;Όχι
18/06/2024 17:30;0,797;Όχι
18/06/2024 17:45;0,716;Όχι
18/06/2024 18:00;0,626;Όχι
18/06/2024 18:15;0,541;Όχι
18/06/2024 18:30;0,457;Όχι
18/06/2024 18:45;0,374;Όχι
18/06/2024 19:00;0,295;Όχι
18/06/2024 19:15;0,22;Όχι
18/06/2024 19:30;0,154;Όχι
18/06/2024 19:45;0,101;Όχι
18/06/2024 20:00;0,062;Όχι
18/06/2024 20:15;0,038;Όχι
18/06/2024 20:30;0,024;Όχι
18/06/2024 20:45;0,011;Όχι
18/06/2024 21:00;0,002;Όχι
18/06/2024 21:15;0;Όχι
18/06/2024 21:30;0;Όχι
18/06/2024 21:45;0;Όχι
18/06/2024 22:00;0;Όχι
18/06/2024 22:15;0;Όχι
18/06/2024 22:30;0;Όχι
18/06/2024 22:45;0;Όχι
18/06/2024 23:00;0;Όχι
18/06/2024 23:15;0;Όχι
18/06/2024 23:30;0;Όχι
18/06/2024 23:45;0;Όχι
19/06/2024 00:00;0;Όχι
19/06/2024 00:15;0;Όχι
19/06/2024 00:30;0;Όχι
19/06/2024 00:45;0;Όχι
19/06/2024 01:00;0;Όχι
19/06/2024 01:15;0;Όχι
19/06/2024 01:30;0;Όχι
19/06/2024 01:45;0;Όχι
19/06/2024 02:00;0;Όχι
19/06/2024 02:15;0;Όχι
19/06/2024 02:30;0;Όχι
19/06/2024 02:45;0;Όχι
19/06/2024 03:00;0;Όχι
19/06/2024 03:15;0;Όχι
19/06/2024 03:30;0;Όχι
19/06/2024 03:45;0;Όχι
19/06/2024 04:00;0;Όχι
19/06/2024 04:15;0;Όχι
19/06/2024 04:30;0;Όχι
19/06/2024 04:45;0;Όχι
19/06/2024 05:00;0;Όχι
19/06/2024 05:15;0;Όχι
19/06/2024 05:30;0;Όχι
19/06/2024 05:45;0;Όχι
19/06/2024 06:00;0;Όχι
19/06/2024 06:15;0;Όχι
19/06/2024 06:30;0,013;Όχι
19/06/2024 06:45;0,027;Όχι
19/06/2024 07:00;0,043;Όχι
19/06/2024 07:15;0,066;Όχι
19/06/2024 07:30;0,072;Όχι
19/06/2024 07:45;0,144;Όχι
19/06/2024 08:00;0,18;Όχι
19/06/2024 08:15;0,231;Όχι
19/06/2024 08:30;0,351;Όχι
19/06/2024 08:45;0,429;Όχι
19/06/2024 09:00;0,507;Όχι
19/06/2024 09:15;0,586;Όχι
19/06/2024 09:30;0,674;Όχι
19/06/2024 09:45;0,754;Όχι
19/06/2024 10:00;0,83;Όχι
19/06/2024 10:15;0,894;Όχι
19/06/2024 10:30;0,96;Όχι
19/06/2024 10:45;1,021;Όχι
19/06/2024 11:00;1,083;Όχι
19/06/2024 11:15;1,129;Όχι
19/06/2024 11:30;1,163;Όχι
19/06/2024 11:45;1,204;Όχι
19/06/2024 12:00;1,264;Όχι
19/06/2024 12:15;1,296;Όχι
19/06/2024 12:30;1,329;Όχι
19/06/2024 12:45;1,348;Όχι
19/06/2024 13:00;1,362;Όχι
19/06/2024 13:15;1,366;Όχι
19/06/2024 13:30;1,364;Όχι
19/06/2024 13:45;1,364;Όχι
19/06/2024 14:00;1,365;Όχι
19/06/2024 14:15;1,356;Όχι
19/06/2024 14:30;1,337;Όχι
19/06/2024 14:45;1,32;Όχι
19/06/2024 15:00;1,303;Όχι
19/06/2024 15:15;1,306;Όχι
19/06/2024 15:30;1,277;Όχι
19/06/2024 15:45;1,233;Όχι
19/06/2024 16:00;1,193;Όχι
19/06/2024 16:15;1,145;Όχι
19/06/2024 16:30;1,084;Όχι
19/06/2024 16:45;1,018;Όχι
19/06/2024 17:00;0,948;Όχι
19/06/2024 17:15;0,871;Όχι
19/06/2024 17:30;0,795;Όχι
19/06/2024 17:45;0,714;Όχι
19/06/2024 18:00;0,631;Όχι
19/06/2024 18:15;0,543;Όχι
19/06/2024 18:30;0,459;Όχι
19/06/2024 18:45;0,376;Όχι
19/06/2024 19:00;0,298;Όχι
19/06/2024 19:15;0,221;Όχι
19/06/2024 19:30;0,156;Όχι
19/06/2024 19:45;0,104;Όχι
19/06/2024 20:00;0,065;Όχι
19/06/2024 20:15;0,042;Όχι
19/06/2024 20:30;0,026;Όχι
19/06/2024 20:45;0,004;Όχι
19/06/2024 21:00;0,003;Όχι
19/06/2024 21:15;0;Όχι
19/06/2024 21:30;0;Όχι
19/06/2024 21:45;0;Όχι
19/06/2024 22:00;0;Όχι
19/06/2024 22:15;0;Όχι
19/06/2024 22:30;0;Όχι
19/06/2024 22:45;0;Όχι
19/06/2024 23:00;0;Όχι
19/06/2024 23:15;0;Όχι
19/06/2024 23:30;0;Όχι
19/06/2024 23:45;0;Όχι
20/06/2024 00:00;0;Όχι
20/06/2024 00:15;0;Όχι
20/06/2024 00:30;0;Όχι
20/06/2024 00:45;0;Όχι
20/06/2024 01:00;0;Όχι
20/06/2024 01:15;0;Όχι
20/06/2024 01:30;0;Όχι
20/06/2024 01:45;0;Όχι
20/06/2024 02:00;0;Όχι
20/06/2024 02:15;0;Όχι
20/06/2024 02:30;0;Όχι
20/06/2024 02:45;0;Όχι
20/06/2024 03:00;0;Όχι
20/06/2024 03:15;0;Όχι
20/06/2024 03:30;0;Όχι
20/06/2024 03:45;0;Όχι
20/06/2024 04:00;0;Όχι
20/06/2024 04:15;0;Όχι
20/06/2024 04:30;0;Όχι
20/06/2024 04:45;0;Όχι
20/06/2024 05:00;0;Όχι
20/06/2024 05:15;0;Όχι
20/06/2024 05:30;0;Όχι
20/06/2024 05:45;0;Όχι
20/06/2024 06:00;0;Όχι
20/06/2024 06:15;0,001;Όχι
20/06/2024 06:30;0,015;Όχι
20/06/2024 06:45;0,029;Όχι
20/06/2024 07:00;0,043;Όχι
20/06/2024 07:15;0,068;Όχι
20/06/2024 07:30;0,11;Όχι
20/06/2024 07:45;0,159;Όχι
20/06/2024 08:00;0,208;Όχι
20/06/2024 08:15;0,275;Όχι
20/06/2024 08:30;0,354;Όχι
20/06/2024 08:45;0,431;Όχι
20/06/2024 09:00;0,514;Όχι
20/06/2024 09:15;0,595;Όχι
20/06/2024 09:30;0,675;Όχι
20/06/2024 09:45;0,749;Όχι
20/06/2024 10:00;0,821;Όχι
20/06/2024 10:15;0,885;Όχι
20/06/2024 10:30;0,952;Όχι
20/06/2024 10:45;1,01;Όχι
20/06/2024 11:00;1,061;Όχι
20/06/2024 11:15;0,174;Όχι
20/06/2024 11:30;0;Όχι
20/06/2024 11:45;0;Όχι
20/06/2024 12:00;0,814;Όχι
20/06/2024 12:15;1,265;Όχι
20/06/2024 12:30;1,287;Όχι
20/06/2024 12:45;1,313;Όχι
20/06/2024 13:00;1,331;Όχι
20/06/2024 13:15;1,336;Όχι
20/06/2024 13:30;1,335;Όχι
20/06/2024 13:45;1,329;Όχι
20/06/2024 14:00;1,333;Όχι
20/06/2024 14:15;1,32;Όχι
20/06/2024 14:30;1,299;Όχι
20/06/2024 14:45;0,999;Όχι
20/06/2024 15:00;1,261;Όχι
20/06/2024 15:15;1,238;Όχι
20/06/2024 15:30;1,227;Όχι
20/06/2024 15:45;1,21;Όχι
20/06/2024 16:00;1,165;Όχι
20/06/2024 16:15;1,125;Όχι
20/06/2024 16:30;1,066;Όχι
20/06/2024 16:45;0,996;Όχι
20/06/2024 17:00;0,92;Όχι
20/06/2024 17:15;0,806;Όχι
20/06/2024 17:30;0,756;Όχι
20/06/2024 17:45;0,679;Όχι
20/06/2024 18:00;0,515;Όχι
20/06/2024 18:15;0,447;Όχι
20/06/2024 18:30;0,424;Όχι
20/06/2024 18:45;0,356;Όχι
20/06/2024 19:00;0,274;Όχι
20/06/2024 19:15;0,212;Όχι
20/06/2024 19:30;0,191;Όχι
20/06/2024 19:45;0,129;Όχι
20/06/2024 20:00;0,09;Όχι
20/06/2024 20:15;0,06;Όχι
20/06/2024 20:30;0,034;Όχι
20/06/2024 20:45;0,005;Όχι
20/06/2024 21:00;0,002;Όχι
20/06/2024 21:15;0;Όχι
20/06/2024 21:30;0;Όχι
20/06/2024 21:45;0;Όχι
20/06/2024 22:00;0;Όχι
20/06/2024 22:15;0;Όχι
20/06/2024 22:30;0;Όχι
20/06/2024 22:45;0;Όχι
20/06/2024 23:00;0;Όχι
20/06/2024 23:15;0;Όχι
20/06/2024 23:30;0;Όχι
20/06/2024 23:45;0;Όχι
21/06/2024 00:00;0;Όχι
21/06/2024 00:15;0;Όχι
21/06/2024 00:30;0;Όχι
21/06/2024 00:45;0;Όχι
21/06/2024 01:00;0;Όχι
21/06/2024 01:15;0;Όχι
21/06/2024 01:30;0;Όχι
21/06/2024 01:45;0;Όχι
21/06/2024 02:00;0;Όχι
21/06/2024 02:15;0;Όχι
21/06/2024 02:30;0;Όχι
21/06/2024 02:45;0;Όχι
21/06/2024 03:00;0;Όχι
21/06/2024 03:15;0;Όχι
21/06/2024 03:30;0;Όχι
21/06/2024 03:45;0;Όχι
21/06/2024 04:00;0;Όχι
21/06/2024 04:15;0;Όχι
21/06/2024 04:30;0;Όχι
21/06/2024 04:45;0;Όχι
21/06/2024 05:00;0;Όχι
21/06/2024 05:15;0;Όχι
21/06/2024 05:30;0;Όχι
21/06/2024 05:45;0;Όχι
21/06/2024 06:00;0;Όχι
21/06/2024 06:15;0,001;Όχι
21/06/2024 06:30;0,015;Όχι
21/06/2024 06:45;0,033;Όχι
21/06/2024 07:00;0,055;Όχι
21/06/2024 07:15;0,078;Όχι
21/06/2024 07:30;0,112;Όχι
21/06/2024 07:45;0,151;Όχι
21/06/2024 08:00;0,203;Όχι
21/06/2024 08:15;0,266;Όχι
21/06/2024 08:30;0,334;Όχι
21/06/2024 08:45;0,404;Όχι
21/06/2024 09:00;0,479;Όχι
21/06/2024 09:15;0,556;Όχι
21/06/2024 09:30;0,631;Όχι
21/06/2024 09:45;0,707;Όχι
21/06/2024 10:00;0,784;Όχι
21/06/2024 10:15;0,846;Όχι
21/06/2024 10:30;0,907;Όχι
21/06/2024 10:45;0,966;Όχι
21/06/2024 11:00;1,023;Όχι
21/06/2024 11:15;1,071;Όχι
21/06/2024 11:30;1,107;Όχι
21/06/2024 11:45;1,14;Όχι
21/06/2024 12:00;1,175;Όχι
21/06/2024 12:15;1,213;Όχι
21/06/2024 12:30;1,235;Όχι
21/06/2024 12:45;1,253;Όχι
21/06/2024 13:00;1,288;Όχι
21/06/2024 13:15;1,302;Όχι
21/06/2024 13:30;1,357;Όχι
21/06/2024 13:45;1,368;Όχι
21/06/2024 14:00;1,349;Όχι
21/06/2024 14:15;1,338;Όχι
21/06/2024 14:30;1,342;Όχι
21/06/2024 14:45;1,305;Όχι
21/06/2024 15:00;1,29;Όχι
21/06/2024 15:15;1,27;Όχι
21/06/2024 15:30;1,219;Όχι
21/06/2024 15:45;1,178;Όχι
21/06/2024 16:00;1,14;Όχι
21/06/2024 16:15;1,077;Όχι
21/06/2024 16:30;1,038;Όχι
21/06/2024 16:45;0,765;Όχι
21/06/2024 17:00;0,354;Όχι
21/06/2024 17:15;0,488;Όχι
21/06/2024 17:30;0,753;Όχι
21/06/2024 17:45;0,655;Όχι
21/06/2024 18:00;0,58;Όχι
21/06/2024 18:15;0,504;Όχι
21/06/2024 18:30;0,43;Όχι
21/06/2024 18:45;0,353;Όχι
21/06/2024 19:00;0,278;Όχι
21/06/2024 19:15;0,213;Όχι
21/06/2024 19:30;0,156;Όχι
21/06/2024 19:45;0,111;Όχι
21/06/2024 20:00;0,078;Όχι
21/06/2024 20:15;0,051;Όχι
21/06/2024 20:30;0,029;Όχι
21/06/2024 20:45;0,004;Όχι
21/06/2024 21:00;0,002;Όχι
21/06/2024 21:15;0;Όχι
21/06/2024 21:30;0;Όχι
21/06/2024 21:45;0;Όχι
21/06/2024 22:00;0;Όχι
21/06/2024 22:15;0;Όχι
21/06/2024 22:30;0;Όχι
21/06/2024 22:45;0;Όχι
21/06/2024 23:00;0;Όχι
21/06/2024 23:15;0;Όχι
21/06/2024 23:30;0;Όχι
21/06/2024 23:45;0;Όχι
22/06/2024 00:00;0;Όχι
22/06/2024 00:15;0;Όχι
22/06/2024 00:30;0;Όχι
22/06/2024 00:45;0;Όχι
22/06/2024 01:00;0;Όχι
22/06/2024 01:15;0;Όχι
22/06/2024 01:30;0;Όχι
22/06/2024 01:45;0;Όχι
22/06/2024 02:00;0;Όχι
22/06/2024 02:15;0;Όχι
22/06/2024 02:30;0;Όχι
22/06/2024 02:45;0;Όχι
22/06/2024 03:00;0;Όχι
22/06/2024 03:15;0;Όχι
22/06/2024 03:30;0;Όχι
22/06/2024 03:45;0;Όχι
22/06/2024 04:00;0;Όχι
22/06/2024 04:15;0;Όχι
22/06/2024 04:30;0;Όχι
22/06/2024 04:45;0;Όχι
22/06/2024 05:00;0;Όχι
22/06/2024 05:15;0;Όχι
22/06/2024 05:30;0;Όχι
22/06/2024 05:45;0;Όχι
22/06/2024 06:00;0;Όχι
22/06/2024 06:15;0;Όχι
22/06/2024 06:30;0,011;Όχι
22/06/2024 06:45;0,029;Όχι
22/06/2024 07:00;0,048;Όχι
22/06/2024 07:15;0,071;Όχι
22/06/2024 07:30;0,102;Όχι
22/06/2024 07:45;0,144;Όχι
22/06/2024 08:00;0,197;Όχι
22/06/2024 08:15;0,261;Όχι
22/06/2024 08:30;0,33;Όχι
22/06/2024 08:45;0,404;Όχι
22/06/2024 09:00;0,477;Όχι
22/06/2024 09:15;0,553;Όχι
22/06/2024 09:30;0,627;Όχι
22/06/2024 09:45;0,702;Όχι
22/06/2024 10:00;0,782;Όχι
22/06/2024 10:15;0,851;Όχι
22/06/2024 10:30;0,913;Όχι
22/06/2024 10:45;0,975;Όχι
22/06/2024 11:00;1,032;Όχι
22/06/2024 11:15;1,08;Όχι
22/06/2024 11:30;1,125;Όχι
22/06/2024 11:45;1,167;Όχι
22/06/2024 12:00;1,205;Όχι
22/06/2024 12:15;1,241;Όχι
22/06/2024 12:30;1,264;Όχι
22/06/2024 12:45;1,281;Όχι
22/06/2024 13:00;1,298;Όχι
22/06/2024 13:15;1,303;Όχι
22/06/2024 13:30;1,34;Όχι
22/06/2024 13:45;1,351;Όχι
22/06/2024 14:00;1,353;Όχι
22/06/2024 14:15;1,358;Όχι
22/06/2024 14:30;1,333;Όχι
22/06/2024 14:45;1,319;Όχι
22/06/2024 15:00;1,309;Όχι
22/06/2024 15:15;1,276;Όχι
22/06/2024 15:30;1,235;Όχι
22/06/2024 15:45;1,197;Όχι
22/06/2024 16:00;1,148;Όχι
22/06/2024 16:15;1,101;Όχι
22/06/2024 16:30;1,036;Όχι
22/06/2024 16:45;0,974;Όχι
22/06/2024 17:00;0,91;Όχι
22/06/2024 17:15;0,844;Όχι
22/06/2024 17:30;0,769;Όχι
22/06/2024 17:45;0,691;Όχι
22/06/2024 18:00;0,607;Όχι
22/06/2024 18:15;0,526;Όχι
22/06/2024 18:30;0,444;Όχι
22/06/2024 18:45;0,363;Όχι
22/06/2024 19:00;0,289;Όχι
22/06/2024 19:15;0,222;Όχι
22/06/2024 19:30;0,165;Όχι
22/06/2024 19:45;0,117;Όχι
22/06/2024 20:00;0,079;Όχι
22/06/2024 20:15;0,039;Όχι
22/06/2024 20:30;0,009;Όχι
22/06/2024 20:45;0,002;Όχι
22/06/2024 21:00;0,001;Όχι
22/06/2024 21:15;0;Όχι
22/06/2024 21:30;0;Όχι
22/06/2024 21:45;0;Όχι
22/06/2024 22:00;0;Όχι
22/06/2024 22:15;0;Όχι
22/06/2024 22:30;0;Όχι
22/06/2024 22:45;0;Όχι
22/06/2024 23:00;0;Όχι
22/06/2024 23:15;0;Όχι
22/06/2024 23:30;0;Όχι
22/06/2024 23:45;0;Όχι
23/06/2024 00:00;0;Όχι
23/06/2024 00:15;0;Όχι
23/06/2024 00:30;0;Όχι
23/06/2024 00:45;0;Όχι
23/06/2024 01:00;0;Όχι
23/06/2024 01:15;0;Όχι
23/06/2024 01:30;0;Όχι
23/06/2024 01:45;0;Όχι
23/06/2024 02:00;0;Όχι
23/06/2024 02:15;0;Όχι
23/06/2024 02:30;0;Όχι
23/06/2024 02:45;0;Όχι
23/06/2024 03:00;0;Όχι
23/06/2024 03:15;0;Όχι
23/06/2024 03:30;0;Όχι
23/06/2024 03:45;0;Όχι
23/06/2024 04:00;0;Όχι
23/06/2024 04:15;0;Όχι
23/06/2024 04:30;0;Όχι
23/06/2024 04:45;0;Όχι
23/06/2024 05:00;0;Όχι
23/06/2024 05:15;0;Όχι
23/06/2024 05:30;0;Όχι
23/06/2024 05:45;0;Όχι
23/06/2024 06:00;0;Όχι
23/06/2024 06:15;0,002;Όχι
23/06/2024 06:30;0,012;Όχι
23/06/2024 06:45;0,029;Όχι
23/06/2024 07:00;0,048;Όχι
23/06/2024 07:15;0,071;Όχι
23/06/2024 07:30;0,102;Όχι
23/06/2024 07:45;0,145;Όχι
23/06/2024 08:00;0,197;Όχι
23/06/2024 08:15;0,258;Όχι
23/06/2024 08:30;0,33;Όχι
23/06/2024 08:45;0,405;Όχι
23/06/2024 09:00;0,482;Όχι
23/06/2024 09:15;0,558;Όχι
23/06/2024 09:30;0,642;Όχι
23/06/2024 09:45;0,715;Όχι
23/06/2024 10:00;0,788;Όχι
23/06/2024 10:15;0,86;Όχι
23/06/2024 10:30;0,924;Όχι
23/06/2024 10:45;0,985;Όχι
23/06/2024 11:00;1,048;Όχι
23/06/2024 11:15;1,104;Όχι
23/06/2024 11:30;1,154;Όχι
23/06/2024 11:45;1,199;Όχι
23/06/2024 12:00;1,236;Όχι
23/06/2024 12:15;1,266;Όχι
23/06/2024 12:30;1,292;Όχι
23/06/2024 12:45;1,314;Όχι
23/06/2024 13:00;1,319;Όχι
23/06/2024 13:15;1,332;Όχι
23/06/2024 13:30;1,345;Όχι
23/06/2024 13:45;1,339;Όχι
23/06/2024 14:00;1,337;Όχι
23/06/2024 14:15;1,333;Όχι
23/06/2024 14:30;1,315;Όχι
23/06/2024 14:45;1,302;Όχι
23/06/2024 15:00;1,278;Όχι
23/06/2024 15:15;1,248;Όχι
23/06/2024 15:30;1,222;Όχι
23/06/2024 15:45;1,183;Όχι
23/06/2024 16:00;1,136;Όχι
23/06/2024 16:15;1,094;Όχι
23/06/2024 16:30;0,957;Όχι
23/06/2024 16:45;0,883;Όχι
23/06/2024 17:00;0,773;Όχι
23/06/2024 17:15;0,765;Όχι
23/06/2024 17:30;0,768;Όχι
23/06/2024 17:45;0,357;Όχι
23/06/2024 18:00;0,283;Όχι
23/06/2024 18:15;0,266;Όχι
23/06/2024 18:30;0,25;Όχι
23/06/2024 18:45;0,217;Όχι
23/06/2024 19:00;0,18;Όχι
23/06/2024 19:15;0,148;Όχι
23/06/2024 19:30;0,117;Όχι
23/06/2024 19:45;0,084;Όχι
23/06/2024 20:00;0,054;Όχι
23/06/2024 20:15;0,031;Όχι
23/06/2024 20:30;0,015;Όχι
23/06/2024 20:45;0,004;Όχι
23/06/2024 21:00;0;Όχι
23/06/2024 21:15;0;Όχι
23/06/2024 21:30;0;Όχι
23/06/2024 21:45;0;Όχι
23/06/2024 22:00;0;Όχι
23/06/2024 22:15;0;Όχι
23/06/2024 22:30;0;Όχι
23/06/2024 22:45;0;Όχι
23/06/2024 23:00;0;Όχι
23/06/2024 23:15;0;Όχι
23/06/2024 23:30;0;Όχι
23/06/2024 23:45;0;Όχι
24/06/2024 00:00;0;Όχι
24/06/2024 00:15;0;Όχι
24/06/2024 00:30;0;Όχι
24/06/2024 00:45;0;Όχι
24/06/2024 01:00;0;Όχι
24/06/2024 01:15;0;Όχι
24/06/2024 01:30;0;Όχι
24/06/2024 01:45;0;Όχι
24/06/2024 02:00;0;Όχι
24/06/2024 02:15;0;Όχι
24/06/2024 02:30;0;Όχι
24/06/2024 02:45;0;Όχι
24/06/2024 03:00;0;Όχι
24/06/2024 03:15;0;Όχι
24/06/2024 03:30;0;Όχι
24/06/2024 03:45;0;Όχι
24/06/2024 04:00;0;Όχι
24/06/2024 04:15;0;Όχι
24/06/2024 04:30;0;Όχι
24/06/2024 04:45;0;Όχι
24/06/2024 05:00;0;Όχι
24/06/2024 05:15;0;Όχι
24/06/2024 05:30;0;Όχι
24/06/2024 05:45;0;Όχι
24/06/2024 06:00;0;Όχι
24/06/2024 06:15;0;Όχι
24/06/2024 06:30;0,011;Όχι
24/06/2024 06:45;0,028;Όχι
24/06/2024 07:00;0,045;Όχι
24/06/2024 07:15;0,065;Όχι
24/06/2024 07:30;0,094;Όχι
24/06/2024 07:45;0,139;Όχι
24/06/2024 08:00;0,195;Όχι
24/06/2024 08:15;0,261;Όχι
24/06/2024 08:30;0,33;Όχι
24/06/2024 08:45;0,408;Όχι
24/06/2024 09:00;0,488;Όχι
24/06/2024 09:15;0,566;Όχι
24/06/2024 09:30;0,646;Όχι
24/06/2024 09:45;0,72;Όχι
24/06/2024 10:00;0,793;Όχι
24/06/2024 10:15;0,866;Όχι
24/06/2024 10:30;0,93;Όχι
24/06/2024 10:45;0,99;Όχι
24/06/2024 11:00;1,046;Όχι
24/06/2024 11:15;1,103;Όχι
24/06/2024 11:30;1,15;Όχι
24/06/2024 11:45;1,187;Όχι
24/06/2024 12:00;1,215;Όχι
24/06/2024 12:15;1,245;Όχι
24/06/2024 12:30;1,267;Όχι
24/06/2024 12:45;1,309;Όχι
24/06/2024 13:00;1,327;Όχι
24/06/2024 13:15;1,333;Όχι
24/06/2024 13:30;1,341;Όχι
24/06/2024 13:45;1,347;Όχι
24/06/2024 14:00;1,362;Όχι
24/06/2024 14:15;1,358;Όχι
24/06/2024 14:30;1,354;Όχι
24/06/2024 14:45;1,341;Όχι
24/06/2024 15:00;1,307;Όχι
24/06/2024 15:15;1,272;Όχι
24/06/2024 15:30;1,22;Όχι
24/06/2024 15:45;1,195;Όχι
24/06/2024 16:00;1,167;Όχι
24/06/2024 16:15;0,994;Όχι
24/06/2024 16:30;0,718;Όχι
24/06/2024 16:45;0,578;Όχι
24/06/2024 17:00;0,705;Όχι
24/06/2024 17:15;0,604;Όχι
24/06/2024 17:30;0,508;Όχι
24/06/2024 17:45;0,705;Όχι
24/06/2024 18:00;0,595;Όχι
24/06/2024 18:15;0,414;Όχι
24/06/2024 18:30;0,37;Όχι
24/06/2024 18:45;0,16;Όχι
24/06/2024 19:00;0,134;Όχι
24/06/2024 19:15;0,128;Όχι
24/06/2024 19:30;0,108;Όχι
24/06/2024 19:45;0,074;Όχι
24/06/2024 20:00;0,048;Όχι
24/06/2024 20:15;0,029;Όχι
24/06/2024 20:30;0,015;Όχι
24/06/2024 20:45;0,005;Όχι
24/06/2024 21:00;0;Όχι
24/06/2024 21:15;0;Όχι
24/06/2024 21:30;0;Όχι
24/06/2024 21:45;0;Όχι
24/06/2024 22:00;0;Όχι
24/06/2024 22:15;0;Όχι
24/06/2024 22:30;0;Όχι
24/06/2024 22:45;0;Όχι
24/06/2024 23:00;0;Όχι
24/06/2024 23:15;0;Όχι
24/06/2024 23:30;0;Όχι
24/06/2024 23:45;0;Όχι
25/06/2024 00:00;0;Όχι
25/06/2024 00:15;0;Όχι
25/06/2024 00:30;0;Όχι
25/06/2024 00:45;0;Όχι
25/06/2024 01:00;0;Όχι
25/06/2024 01:15;0;Όχι
25/06/2024 01:30;0;Όχι
25/06/2024 01:45;0;Όχι
25/06/2024 02:00;0;Όχι
25/06/2024 02:15;0;Όχι
25/06/2024 02:30;0;Όχι
25/06/2024 02:45;0;Όχι
25/06/2024 03:00;0;Όχι
25/06/2024 03:15;0;Όχι
25/06/2024 03:30;0;Όχι
25/06/2024 03:45;0;Όχι
25/06/2024 04:00;0;Όχι
25/06/2024 04:15;0;Όχι
25/06/2024 04:30;0;Όχι
25/06/2024 04:45;0;Όχι
25/06/2024 05:00;0;Όχι
25/06/2024 05:15;0;Όχι
25/06/2024 05:30;0;Όχι
25/06/2024 05:45;0;Όχι
25/06/2024 06:00;0;Όχι
25/06/2024 06:15;0;Όχι
25/06/2024 06:30;0,011;Όχι
25/06/2024 06:45;0,027;Όχι
25/06/2024 07:00;0,042;Όχι
25/06/2024 07:15;0,063;Όχι
25/06/2024 07:30;0,1;Όχι
25/06/2024 07:45;0,146;Όχι
25/06/2024 08:00;0,198;Όχι
25/06/2024 08:15;0,268;Όχι
25/06/2024 08:30;0,339;Όχι
25/06/2024 08:45;0,417;Όχι
25/06/2024 09:00;0,499;Όχι
25/06/2024 09:15;0,579;Όχι
25/06/2024 09:30;0,658;Όχι
25/06/2024 09:45;0,742;Όχι
25/06/2024 10:00;0,815;Όχι
25/06/2024 10:15;0,889;Όχι
25/06/2024 10:30;0,949;Όχι
25/06/2024 10:45;1,009;Όχι
25/06/2024 11:00;1,061;Όχι
25/06/2024 11:15;1,107;Όχι
25/06/2024 11:30;1,151;Όχι
25/06/2024 11:45;1,184;Όχι
25/06/2024 12:00;1,213;Όχι
25/06/2024 12:15;1,253;Όχι
25/06/2024 12:30;1,291;Όχι
25/06/2024 12:45;1,316;Όχι
25/06/2024 13:00;1,321;Όχι
25/06/2024 13:15;1,355;Όχι
25/06/2024 13:30;1,372;Όχι
25/06/2024 13:45;1,395;Όχι
25/06/2024 14:00;1,394;Όχι
25/06/2024 14:15;1,384;Όχι
25/06/2024 14:30;1,372;Όχι
25/06/2024 14:45;1,349;Όχι
25/06/2024 15:00;1,326;Όχι
25/06/2024 15:15;1,304;Όχι
25/06/2024 15:30;1,27;Όχι
25/06/2024 15:45;1,202;Όχι
25/06/2024 16:00;1,185;Όχι
25/06/2024 16:15;1,123;Όχι
25/06/2024 16:30;1,065;Όχι
25/06/2024 16:45;0,999;Όχι
25/06/2024 17:00;0,936;Όχι
25/06/2024 17:15;0,872;Όχι
25/06/2024 17:30;0,786;Όχι
25/06/2024 17:45;0,687;Όχι
25/06/2024 18:00;0,609;Όχι
25/06/2024 18:15;0,449;Όχι
25/06/2024 18:30;0,389;Όχι
25/06/2024 18:45;0,331;Όχι
25/06/2024 19:00;0,275;Όχι
25/06/2024 19:15;0,217;Όχι
25/06/2024 19:30;0,162;Όχι
25/06/2024 19:45;0,113;Όχι
25/06/2024 20:00;0,073;Όχι
25/06/2024 20:15;0,036;Όχι
25/06/2024 20:30;0,012;Όχι
25/06/2024 20:45;0,003;Όχι
25/06/2024 21:00;0;Όχι
25/06/2024 21:15;0;Όχι
25/06/2024 21:30;0;Όχι
25/06/2024 21:45;0;Όχι
25/06/2024 22:00;0;Όχι
25/06/2024 22:15;0;Όχι
25/06/2024 22:30;0;Όχι
25/06/2024 22:45;0;Όχι
25/06/2024 23:00;0;Όχι
25/06/2024 23:15;0;Όχι
25/06/2024 23:30;0;Όχι
25/06/2024 23:45;0;Όχι
26/06/2024 00:00;0;Όχι
26/06/2024 00:15;0;Όχι
26/06/2024 00:30;0;Όχι
26/06/2024 00:45;0;Όχι
26/06/2024 01:00;0;Όχι
26/06/2024 01:15;0;Όχι
26/06/2024 01:30;0;Όχι
26/06/2024 01:45;0;Όχι
26/06/2024 02:00;0;Όχι
26/06/2024 02:15;0;Όχι
26/06/2024 02:30;0;Όχι
26/06/2024 02:45;0;Όχι
26/06/2024 03:00;0;Όχι
26/06/2024 03:15;0;Όχι
26/06/2024 03:30;0;Όχι
26/06/2024 03:45;0;Όχι
26/06/2024 04:00;0;Όχι
26/06/2024 04:15;0;Όχι
26/06/2024 04:30;0;Όχι
26/06/2024 04:45;0;Όχι
26/06/2024 05:00;0;Όχι
26/06/2024 05:15;0;Όχι
26/06/2024 05:30;0;Όχι
26/06/2024 05:45;0;Όχι
26/06/2024 06:00;0;Όχι
26/06/2024 06:15;0;Όχι
26/06/2024 06:30;0,013;Όχι
26/06/2024 06:45;0,032;Όχι
26/06/2024 07:00;0,053;Όχι
26/06/2024 07:15;0,076;Όχι
26/06/2024 07:30;0,106;Όχι
26/06/2024 07:45;0,145;Όχι
26/06/2024 08:00;0,197;Όχι
26/06/2024 08:15;0,258;Όχι
26/06/2024 08:30;0,327;Όχι
26/06/2024 08:45;0,404;Όχι
26/06/2024 09:00;0,48;Όχι
26/06/2024 09:15;0,553;Όχι
26/06/2024 09:30;0,629;Όχι
26/06/2024 09:45;0,712;Όχι
26/06/2024 10:00;0,787;Όχι
26/06/2024 10:15;0,859;Όχι
26/06/2024 10:30;0,929;Όχι
26/06/2024 10:45;1,002;Όχι
26/06/2024 11:00;1,07;Όχι
26/06/2024 11:15;1,127;Όχι
26/06/2024 11:30;1,179;Όχι
26/06/2024 11:45;1,223;Όχι
26/06/2024 12:00;1,267;Όχι
26/06/2024 12:15;1,304;Όχι
26/06/2024 12:30;1,332;Όχι
26/06/2024 12:45;1,359;Όχι
26/06/2024 13:00;1,385;Όχι
26/06/2024 13:15;1,394;Όχι
26/06/2024 13:30;1,408;Όχι
26/06/2024 13:45;1,402;Όχι
26/06/2024 14:00;1,396;Όχι
26/06/2024 14:15;1,382;Όχι
26/06/2024 14:30;1,377;Όχι
26/06/2024 14:45;1,36;Όχι
26/06/2024 15:00;1,32;Όχι
26/06/2024 15:15;1,286;Όχι
26/06/2024 15:30;1,243;Όχι
26/06/2024 15:45;1,196;Όχι
26/06/2024 16:00;1,149;Όχι
26/06/2024 16:15;1,09;Όχι
26/06/2024 16:30;1,038;Όχι
26/06/2024 16:45;0,967;Όχι
26/06/2024 17:00;0,898;Όχι
26/06/2024 17:15;0,829;Όχι
26/06/2024 17:30;0,759;Όχι
26/06/2024 17:45;0,68;Όχι
26/06/2024 18:00;0,598;Όχι
26/06/2024 18:15;0,512;Όχι
26/06/2024 18:30;0,387;Όχι
26/06/2024 18:45;0,166;Όχι
26/06/2024 19:00;0,147;Όχι
26/06/2024 19:15;0,134;Όχι
26/06/2024 19:30;0,074;Όχι
26/06/2024 19:45;0,036;Όχι
26/06/2024 20:00;0,03;Όχι
26/06/2024 20:15;0,025;Όχι
26/06/2024 20:30;0,018;Όχι
26/06/2024 20:45;0,007;Όχι
26/06/2024 21:00;0;Όχι
26/06/2024 21:15;0;Όχι
26/06/2024 21:30;0;Όχι
26/06/2024 21:45;0;Όχι
26/06/2024 22:00;0;Όχι
26/06/2024 22:15;0;Όχι
26/06/2024 22:30;0;Όχι
26/06/2024 22:45;0;Όχι
26/06/2024 23:00;0;Όχι
26/06/2024 23:15;0;Όχι
26/06/2024 23:30;0;Όχι
26/06/2024 23:45;0;Όχι
27/06/2024 00:00;0;Όχι
27/06/2024 00:15;0;Όχι
27/06/2024 00:30;0;Όχι
27/06/2024 00:45;0;Όχι
27/06/2024 01:00;0;Όχι
27/06/2024 01:15;0;Όχι
27/06/2024 01:30;0;Όχι
27/06/2024 01:45;0;Όχι
27/06/2024 02:00;0;Όχι
27/06/2024 02:15;0;Όχι
27/06/2024 02:30;0;Όχι
27/06/2024 02:45;0;Όχι
27/06/2024 03:00;0;Όχι
27/06/2024 03:15;0;Όχι
27/06/2024 03:30;0;Όχι
27/06/2024 03:45;0;Όχι
27/06/2024 04:00;0;Όχι
27/06/2024 04:15;0;Όχι
27/06/2024 04:30;0;Όχι
27/06/2024 04:45;0;Όχι
27/06/2024 05:00;0;Όχι
27/06/2024 05:15;0;Όχι
27/06/2024 05:30;0;Όχι
27/06/2024 05:45;0;Όχι
27/06/2024 06:00;0;Όχι
27/06/2024 06:15;0;Όχι
27/06/2024 06:30;0,006;Όχι
27/06/2024 06:45;0,024;Όχι
27/06/2024 07:00;0,051;Όχι
27/06/2024 07:15;0,079;Όχι
27/06/2024 07:30;0,108;Όχι
27/06/2024 07:45;0,109;Όχι
27/06/2024 08:00;0,179;Όχι
27/06/2024 08:15;0,257;Όχι
27/06/2024 08:30;0,215;Όχι
27/06/2024 08:45;0,303;Όχι
27/06/2024 09:00;0,365;Όχι
27/06/2024 09:15;0,334;Όχι
27/06/2024 09:30;0,449;Όχι
27/06/2024 09:45;0,764;Όχι
27/06/2024 10:00;0,751;Όχι
27/06/2024 10:15;0,67;Όχι
27/06/2024 10:30;0,95;Όχι
27/06/2024 10:45;0,852;Όχι
27/06/2024 11:00;1,012;Όχι
27/06/2024 11:15;1,114;Όχι
27/06/2024 11:30;1,221;Όχι
27/06/2024 11:45;1,263;Όχι
27/06/2024 12:00;1,297;Όχι
27/06/2024 12:15;1,318;Όχι
27/06/2024 12:30;1,359;Όχι
27/06/2024 12:45;1,364;Όχι
27/06/2024 13:00;1,387;Όχι
27/06/2024 13:15;1,415;Όχι
27/06/2024 13:30;1,422;Όχι
27/06/2024 13:45;1,414;Όχι
27/06/2024 14:00;1,418;Όχι
27/06/2024 14:15;1,406;Όχι
27/06/2024 14:30;1,393;Όχι
27/06/2024 14:45;1,373;Όχι
27/06/2024 15:00;1,354;Όχι
27/06/2024 15:15;1,326;Όχι
27/06/2024 15:30;1,288;Όχι
27/06/2024 15:45;1,244;Όχι
27/06/2024 16:00;1,198;Όχι
27/06/2024 16:15;1,151;Όχι
27/06/2024 16:30;1,086;Όχι
27/06/2024 16:45;1,023;Όχι
27/06/2024 17:00;0,948;Όχι
27/06/2024 17:15;0,877;Όχι
27/06/2024 17:30;0,809;Όχι
27/06/2024 17:45;0,735;Όχι
27/06/2024 18:00;0,337;Όχι
27/06/2024 18:15;0,134;Όχι
27/06/2024 18:30;0,198;Όχι
27/06/2024 18:45;0,136;Όχι
27/06/2024 19:00;0,096;Όχι
27/06/2024 19:15;0,084;Όχι
27/06/2024 19:30;0,026;Όχι
27/06/2024 19:45;0,022;Όχι
27/06/2024 20:00;0,041;Όχι
27/06/2024 20:15;0,028;Όχι
27/06/2024 20:30;0,008;Όχι
27/06/2024 20:45;0;Όχι
27/06/2024 21:00;0;Όχι
27/06/2024 21:15;0;Όχι
27/06/2024 21:30;0;Όχι
27/06/2024 21:45;0;Όχι
27/06/2024 22:00;0;Όχι
27/06/2024 22:15;0;Όχι
27/06/2024 22:30;0;Όχι
27/06/2024 22:45;0;Όχι
27/06/2024 23:00;0;Όχι
27/06/2024 23:15;0;Όχι
27/06/2024 23:30;0;Όχι
27/06/2024 23:45;0;Όχι
28/06/2024 00:00;0;Όχι
28/06/2024 00:15;0;Όχι
28/06/2024 00:30;0;Όχι
28/06/2024 00:45;0;Όχι
28/06/2024 01:00;0;Όχι
28/06/2024 01:15;0;Όχι
28/06/2024 01:30;0;Όχι
28/06/2024 01:45;0;Όχι
28/06/2024 02:00;0;Όχι
28/06/2024 02:15;0;Όχι
28/06/2024 02:30;0;Όχι
28/06/2024 02:45;0;Όχι
28/06/2024 03:00;0;Όχι
28/06/2024 03:15;0;Όχι
28/06/2024 03:30;0;Όχι
28/06/2024 03:45;0;Όχι
28/06/2024 04:00;0;Όχι
28/06/2024 04:15;0;Όχι
28/06/2024 04:30;0;Όχι
28/06/2024 04:45;0;Όχι
28/06/2024 05:00;0;Όχι
28/06/2024 05:15;0;Όχι
28/06/2024 05:30;0;Όχι
28/06/2024 05:45;0;Όχι
28/06/2024 06:00;0;Όχι
28/06/2024 06:15;0,001;Όχι
28/06/2024 06:30;0,01;Όχι
28/06/2024 06:45;0,017;Όχι
28/06/2024 07:00;0,022;Όχι
28/06/2024 07:15;0,048;Όχι
28/06/2024 07:30;0,054;Όχι
28/06/2024 07:45;0,144;Όχι
28/06/2024 08:00;0,199;Όχι
28/06/2024 08:15;0,273;Όχι
28/06/2024 08:30;0,356;Όχι
28/06/2024 08:45;0,442;Όχι
28/06/2024 09:00;0,49;Όχι
28/06/2024 09:15;0,632;Όχι
28/06/2024 09:30;0,811;Όχι
28/06/2024 09:45;0,4;Όχι
28/06/2024 10:00;0,631;Όχι
28/06/2024 10:15;0,878;Όχι
28/06/2024 10:30;0,816;Όχι
28/06/2024 10:45;1,085;Όχι
28/06/2024 11:00;1,078;Όχι
28/06/2024 11:15;1,153;Όχι
28/06/2024 11:30;1,047;Όχι
28/06/2024 11:45;0,886;Όχι
28/06/2024 12:00;1,366;Όχι
28/06/2024 12:15;1,206;Όχι
28/06/2024 12:30;0,667;Όχι
28/06/2024 12:45;0,987;Όχι
28/06/2024 13:00;1,46;Όχι
28/06/2024 13:15;1,382;Όχι
28/06/2024 13:30;1,395;Όχι
28/06/2024 13:45;1,399;Όχι
28/06/2024 14:00;1,252;Όχι
28/06/2024 14:15;1,37;Όχι
28/06/2024 14:30;1,348;Όχι
28/06/2024 14:45;1,34;Όχι
28/06/2024 15:00;1,389;Όχι
28/06/2024 15:15;1,038;Όχι
28/06/2024 15:30;0,659;Όχι
28/06/2024 15:45;0,442;Όχι
28/06/2024 16:00;0,425;Όχι
28/06/2024 16:15;0,138;Όχι
28/06/2024 16:30;0,138;Όχι
28/06/2024 16:45;0,092;Όχι
28/06/2024 17:00;0,249;Όχι
28/06/2024 17:15;0,461;Όχι
28/06/2024 17:30;0,065;Όχι
28/06/2024 17:45;0,155;Όχι
28/06/2024 18:00;0,366;Όχι
28/06/2024 18:15;0,553;Όχι
28/06/2024 18:30;0,49;Όχι
28/06/2024 18:45;0,271;Όχι
28/06/2024 19:00;0,325;Όχι
28/06/2024 19:15;0,267;Όχι
28/06/2024 19:30;0,206;Όχι
28/06/2024 19:45;0,133;Όχι
28/06/2024 20:00;0,07;Όχι
28/06/2024 20:15;0,038;Όχι
28/06/2024 20:30;0,021;Όχι
28/06/2024 20:45;0,002;Όχι
28/06/2024 21:00;0;Όχι
28/06/2024 21:15;0;Όχι
28/06/2024 21:30;0;Όχι
28/06/2024 21:45;0;Όχι
28/06/2024 22:00;0;Όχι
28/06/2024 22:15;0;Όχι
28/06/2024 22:30;0;Όχι
28/06/2024 22:45;0;Όχι
28/06/2024 23:00;0;Όχι
28/06/2024 23:15;0;Όχι
28/06/2024 23:30;0;Όχι
28/06/2024 23:45;0;Όχι
29/06/2024 00:00;0;Όχι
29/06/2024 00:15;0;Όχι
29/06/2024 00:30;0;Όχι
29/06/2024 00:45;0;Όχι
29/06/2024 01:00;0;Όχι
29/06/2024 01:15;0;Όχι
29/06/2024 01:30;0;Όχι
29/06/2024 01:45;0;Όχι
29/06/2024 02:00;0;Όχι
29/06/2024 02:15;0;Όχι
29/06/2024 02:30;0;Όχι
29/06/2024 02:45;0;Όχι
29/06/2024 03:00;0;Όχι
29/06/2024 03:15;0;Όχι
29/06/2024 03:30;0;Όχι
29/06/2024 03:45;0;Όχι
29/06/2024 04:00;0;Όχι
29/06/2024 04:15;0;Όχι
29/06/2024 04:30;0;Όχι
29/06/2024 04:45;0;Όχι
29/06/2024 05:00;0;Όχι
29/06/2024 05:15;0;Όχι
29/06/2024 05:30;0;Όχι
29/06/2024 05:45;0;Όχι
29/06/2024 06:00;0;Όχι
29/06/2024 06:15;0;Όχι
29/06/2024 06:30;0,011;Όχι
29/06/2024 06:45;0,026;Όχι
29/06/2024 07:00;0,039;Όχι
29/06/2024 07:15;0,062;Όχι
29/06/2024 07:30;0,134;Όχι
29/06/2024 07:45;0,221;Όχι
29/06/2024 08:00;0,263;Όχι
29/06/2024 08:15;0,315;Όχι
29/06/2024 08:30;0,378;Όχι
29/06/2024 08:45;0,449;Όχι
29/06/2024 09:00;0,532;Όχι
29/06/2024 09:15;0,613;Όχι
29/06/2024 09:30;0,679;Όχι
29/06/2024 09:45;0,762;Όχι
29/06/2024 10:00;0,836;Όχι
29/06/2024 10:15;0,906;Όχι
29/06/2024 10:30;0,981;Όχι
29/06/2024 10:45;1,044;Όχι
29/06/2024 11:00;1,095;Όχι
29/06/2024 11:15;1,13;Όχι
29/06/2024 11:30;1,157;Όχι
29/06/2024 11:45;1,199;Όχι
29/06/2024 12:00;1,234;Όχι
29/06/2024 12:15;1,256;Όχι
29/06/2024 12:30;1,26;Όχι
29/06/2024 12:45;1,277;Όχι
29/06/2024 13:00;1,278;Όχι
29/06/2024 13:15;1,314;Όχι
29/06/2024 13:30;1,333;Όχι
29/06/2024 13:45;1,253;Όχι
29/06/2024 14:00;1,121;Όχι
29/06/2024 14:15;1,02;Όχι
29/06/2024 14:30;0,77;Όχι
29/06/2024 14:45;1,048;Όχι
29/06/2024 15:00;0,88;Όχι
29/06/2024 15:15;0,882;Όχι
29/06/2024 15:30;1,223;Όχι
29/06/2024 15:45;1,115;Όχι
29/06/2024 16:00;0,92;Όχι
29/06/2024 16:15;1,211;Όχι
29/06/2024 16:30;1,008;Όχι
29/06/2024 16:45;0,633;Όχι
29/06/2024 17:00;0,823;Όχι
29/06/2024 17:15;0,681;Όχι
29/06/2024 17:30;0,53;Όχι
29/06/2024 17:45;0,442;Όχι
29/06/2024 18:00;0,423;Όχι
29/06/2024 18:15;0,544;Όχι
29/06/2024 18:30;0,478;Όχι
29/06/2024 18:45;0,408;Όχι
29/06/2024 19:00;0,265;Όχι
29/06/2024 19:15;0,156;Όχι
29/06/2024 19:30;0,127;Όχι
29/06/2024 19:45;0,111;Όχι
29/06/2024 20:00;0,068;Όχι
29/06/2024 20:15;0,043;Όχι
29/06/2024 20:30;0,025;Όχι
29/06/2024 20:45;0,013;Όχι
29/06/2024 21:00;0,002;Όχι
29/06/2024 21:15;0;Όχι
29/06/2024 21:30;0;Όχι
29/06/2024 21:45;0;Όχι
29/06/2024 22:00;0;Όχι
29/06/2024 22:15;0;Όχι
29/06/2024 22:30;0;Όχι
29/06/2024 22:45;0;Όχι
29/06/2024 23:00;0;Όχι
29/06/2024 23:15;0;Όχι
29/06/2024 23:30;0;Όχι
29/06/2024 23:45;0;Όχι
30/06/2024 00:00;0;Όχι
30/06/2024 00:15;0;Όχι
30/06/2024 00:30;0;Όχι
30/06/2024 00:45;0;Όχι
30/06/2024 01:00;0;Όχι
30/06/2024 01:15;0;Όχι
30/06/2024 01:30;0;Όχι
30/06/2024 01:45;0;Όχι
30/06/2024 02:00;0;Όχι
30/06/2024 02:15;0;Όχι
30/06/2024 02:30;0;Όχι
30/06/2024 02:45;0;Όχι
30/06/2024 03:00;0;Όχι
30/06/2024 03:15;0;Όχι
30/06/2024 03:30;0;Όχι
30/06/2024 03:45;0;Όχι
30/06/2024 04:00;0;Όχι
30/06/2024 04:15;0;Όχι
30/06/2024 04:30;0;Όχι
30/06/2024 04:45;0;Όχι
30/06/2024 05:00;0;Όχι
30/06/2024 05:15;0;Όχι
30/06/2024 05:30;0;Όχι
30/06/2024 05:45;0;Όχι
30/06/2024 06:00;0;Όχι
30/06/2024 06:15;0;Όχι
30/06/2024 06:30;0,009;Όχι
30/06/2024 06:45;0,021;Όχι
30/06/2024 07:00;0,031;Όχι
30/06/2024 07:15;0,047;Όχι
30/06/2024 07:30;0,08;Όχι
30/06/2024 07:45;0,129;Όχι
30/06/2024 08:00;0,194;Όχι
30/06/2024 08:15;0,269;Όχι
30/06/2024 08:30;0,352;Όχι
30/06/2024 08:45;0,436;Όχι
30/06/2024 09:00;0,522;Όχι
30/06/2024 09:15;0,606;Όχι
30/06/2024 09:30;0,69;Όχι
30/06/2024 09:45;0,764;Όχι
30/06/2024 10:00;0,837;Όχι
30/06/2024 10:15;0,904;Όχι
30/06/2024 10:30;0,97;Όχι
30/06/2024 10:45;1,031;Όχι
30/06/2024 11:00;1,085;Όχι
30/06/2024 11:15;1,133;Όχι
30/06/2024 11:30;1,18;Όχι
30/06/2024 11:45;1,224;Όχι
30/06/2024 12:00;1,259;Όχι
30/06/2024 12:15;1,292;Όχι
30/06/2024 12:30;1,327;Όχι
30/06/2024 12:45;1,349;Όχι
30/06/2024 13:00;1,356;Όχι
30/06/2024 13:15;1,362;Όχι
30/06/2024 13:30;1,373;Όχι
30/06/2024 13:45;1,381;Όχι
30/06/2024 14:00;1,388;Όχι
30/06/2024 14:15;1,414;Όχι
30/06/2024 14:30;1,408;Όχι
30/06/2024 14:45;1,4;Όχι
30/06/2024 15:00;1,383;Όχι
30/06/2024 15:15;1,355;Όχι
30/06/2024 15:30;1,331;Όχι
30/06/2024 15:45;1,288;Όχι
30/06/2024 16:00;1,226;Όχι
30/06/2024 16:15;1,171;Όχι
30/06/2024 16:30;1,112;Όχι
30/06/2024 16:45;1,045;Όχι
30/06/2024 17:00;0,986;Όχι
30/06/2024 17:15;0,914;Όχι
30/06/2024 17:30;0,83;Όχι
30/06/2024 17:45;0,583;Όχι
30/06/2024 18:00;0,664;Όχι
30/06/2024 18:15;0,576;Όχι
30/06/2024 18:30;0,486;Όχι
30/06/2024 18:45;0,4;Όχι
30/06/2024 19:00;0,313;Όχι
30/06/2024 19:15;0,232;Όχι
30/06/2024 19:30;0,161;Όχι
30/06/2024 19:45;0,105;Όχι
30/06/2024 20:00;0,062;Όχι
30/06/2024 20:15;0,038;Όχι
30/06/2024 20:30;0,02;Όχι
30/06/2024 20:45;0,003;Όχι
30/06/2024 21:00;0,002;Όχι
30/06/2024 21:15;0;Όχι
30/06/2024 21:30;0;Όχι
30/06/2024 21:45;0;Όχι
30/06/2024 22:00;0;Όχι
30/06/2024 22:15;0;Όχι
30/06/2024 22:30;0;Όχι
30/06/2024 22:45;0;Όχι
30/06/2024 23:00;0;Όχι
30/06/2024 23:15;0;Όχι
30/06/2024 23:30;0;Όχι
30/06/2024 23:45;0;Όχι
01/07/2024 00:00;0;Όχι
01/07/2024 00:15;0;Όχι
01/07/2024 00:30;0;Όχι
01/07/2024 00:45;0;Όχι
01/07/2024 01:00;0;Όχι
01/07/2024 01:15;0;Όχι
01/07/2024 01:30;0;Όχι
01/07/2024 01:45;0;Όχι
01/07/2024 02:00;0;Όχι
01/07/2024 02:15;0;Όχι
01/07/2024 02:30;0;Όχι
01/07/2024 02:45;0;Όχι
01/07/2024 03:00;0;Όχι
01/07/2024 03:15;0;Όχι
01/07/2024 03:30;0;Όχι
01/07/2024 03:45;0;Όχι
01/07/2024 04:00;0;Όχι
01/07/2024 04:15;0;Όχι
01/07/2024 04:30;0;Όχι
01/07/2024 04:45;0;Όχι
01/07/2024 05:00;0;Όχι
01/07/2024 05:15;0;Όχι
01/07/2024 05:30;0;Όχι
01/07/2024 05:45;0;Όχι
01/07/2024 06:00;0;Όχι
01/07/2024 06:15;0;Όχι
01/07/2024 06:30;0,011;Όχι
01/07/2024 06:45;0,031;Όχι
01/07/2024 07:00;0,052;Όχι
01/07/2024 07:15;0,078;Όχι
01/07/2024 07:30;0,113;Όχι
01/07/2024 07:45;0,157;Όχι
01/07/2024 08:00;0,207;Όχι
01/07/2024 08:15;0,265;Όχι
01/07/2024 08:30;0,336;Όχι
01/07/2024 08:45;0,409;Όχι
01/07/2024 09:00;0,49;Όχι
01/07/2024 09:15;0,573;Όχι
01/07/2024 09:30;0,654;Όχι
01/07/2024 09:45;0,726;Όχι
01/07/2024 10:00;0,798;Όχι
01/07/2024 10:15;0,865;Όχι
01/07/2024 10:30;0,933;Όχι
01/07/2024 10:45;0,989;Όχι
01/07/2024 11:00;1,041;Όχι
01/07/2024 11:15;1,082;Όχι
01/07/2024 11:30;1,139;Όχι
01/07/2024 11:45;1,185;Όχι
01/07/2024 12:00;1,225;Όχι
01/07/2024 12:15;1,258;Όχι
01/07/2024 12:30;1,284;Όχι
01/07/2024 12:45;1,32;Όχι
01/07/2024 13:00;1,34;Όχι
01/07/2024 13:15;1,348;Όχι
01/07/2024 13:30;1,354;Όχι
01/07/2024 13:45;1,368;Όχι
01/07/2024 14:00;1,379;Όχι
01/07/2024 14:15;1,37;Όχι
01/07/2024 14:30;1,367;Όχι
01/07/2024 14:45;1,356;Όχι
01/07/2024 15:00;1,346;Όχι
01/07/2024 15:15;1,321;Όχι
01/07/2024 15:30;1,286;Όχι
01/07/2024 15:45;1,237;Όχι
01/07/2024 16:00;1,191;Όχι
01/07/2024 16:15;1,134;Όχι
01/07/2024 16:30;1,093;Όχι
01/07/2024 16:45;1,027;Όχι
01/07/2024 17:00;0,963;Όχι
01/07/2024 17:15;0,891;Όχι
01/07/2024 17:30;0,812;Όχι
01/07/2024 17:45;0,733;Όχι
01/07/2024 18:00;0,651;Όχι
01/07/2024 18:15;0,566;Όχι
01/07/2024 18:30;0,478;Όχι
01/07/2024 18:45;0,391;Όχι
01/07/2024 19:00;0,238;Όχι
01/07/2024 19:15;0,23;Όχι
01/07/2024 19:30;0,162;Όχι
01/07/2024 19:45;0,105;Όχι
01/07/2024 20:00;0,067;Όχι
01/07/2024 20:15;0,042;Όχι
01/07/2024 20:30;0,029;Όχι
01/07/2024 20:45;0,006;Όχι
01/07/2024 21:00;0,002;Όχι
01/07/2024 21:15;0;Όχι
01/07/2024 21:30;0;Όχι
01/07/2024 21:45;0;Όχι
01/07/2024 22:00;0;Όχι
01/07/2024 22:15;0;Όχι
01/07/2024 22:30;0;Όχι
01/07/2024 22:45;0;Όχι
01/07/2024 23:00;0;Όχι
01/07/2024 23:15;0;Όχι
01/07/2024 23:30;0;Όχι
01/07/2024 23:45;0;Όχι
02/07/2024 00:00;0;Όχι
02/07/2024 00:15;0;Όχι
02/07/2024 00:30;0;Όχι
02/07/2024 00:45;0;Όχι
02/07/2024 01:00;0;Όχι
02/07/2024 01:15;0;Όχι
02/07/2024 01:30;0;Όχι
02/07/2024 01:45;0;Όχι
02/07/2024 02:00;0;Όχι
02/07/2024 02:15;0;Όχι
02/07/2024 02:30;0;Όχι
02/07/2024 02:45;0;Όχι
02/07/2024 03:00;0;Όχι
02/07/2024 03:15;0;Όχι
02/07/2024 03:30;0;Όχι
02/07/2024 03:45;0;Όχι
02/07/2024 04:00;0;Όχι
02/07/2024 04:15;0;Όχι
02/07/2024 04:30;0;Όχι
02/07/2024 04:45;0;Όχι
02/07/2024 05:00;0;Όχι
02/07/2024 05:15;0;Όχι
02/07/2024 05:30;0;Όχι
02/07/2024 05:45;0;Όχι
02/07/2024 06:00;0;Όχι
02/07/2024 06:15;0;Όχι
02/07/2024 06:30;0,008;Όχι
02/07/2024 06:45;0,028;Όχι
02/07/2024 07:00;0,052;Όχι
02/07/2024 07:15;0,079;Όχι
02/07/2024 07:30;0,113;Όχι
02/07/2024 07:45;0,155;Όχι
02/07/2024 08:00;0,205;Όχι
02/07/2024 08:15;0,26;Όχι
02/07/2024 08:30;0,324;Όχι
02/07/2024 08:45;0,398;Όχι
02/07/2024 09:00;0,475;Όχι
02/07/2024 09:15;0,548;Όχι
02/07/2024 09:30;0,621;Όχι
02/07/2024 09:45;0,695;Όχι
02/07/2024 10:00;0,761;Όχι
02/07/2024 10:15;0,826;Όχι
02/07/2024 10:30;0,892;Όχι
02/07/2024 10:45;0,904;Όχι
02/07/2024 11:00;0,947;Όχι
02/07/2024 11:15;1,023;Όχι
02/07/2024 11:30;1,121;Όχι
02/07/2024 11:45;1,093;Όχι
02/07/2024 12:00;0,869;Όχι
02/07/2024 12:15;1,044;Όχι
02/07/2024 12:30;1,202;Όχι
02/07/2024 12:45;1,087;Όχι
02/07/2024 13:00;1,293;Όχι
02/07/2024 13:15;1,184;Όχι
02/07/2024 13:30;0,92;Όχι
02/07/2024 13:45;1,035;Όχι
02/07/2024 14:00;0,792;Όχι
02/07/2024 14:15;0,933;Όχι
02/07/2024 14:30;1,174;Όχι
02/07/2024 14:45;0,86;Όχι
02/07/2024 15:00;0,635;Όχι
02/07/2024 15:15;0,807;Όχι
02/07/2024 15:30;0,585;Όχι
02/07/2024 15:45;0,916;Όχι
02/07/2024 16:00;0,899;Όχι
02/07/2024 16:15;0,491;Όχι
02/07/2024 16:30;0,69;Όχι
02/07/2024 16:45;0,533;Όχι
02/07/2024 17:00;0,372;Όχι
02/07/2024 17:15;0,602;Όχι
02/07/2024 17:30;0,422;Όχι
02/07/2024 17:45;0,78;Όχι
02/07/2024 18:00;0,574;Όχι
02/07/2024 18:15;0,438;Όχι
02/07/2024 18:30;0,108;Όχι
02/07/2024 18:45;0,014;Όχι
02/07/2024 19:00;0,013;Όχι
02/07/2024 19:15;0,006;Όχι
02/07/2024 19:30;0,03;Όχι
02/07/2024 19:45;0,141;Όχι
02/07/2024 20:00;0,017;Όχι
02/07/2024 20:15;0;Όχι
02/07/2024 20:30;0;Όχι
02/07/2024 20:45;0;Όχι
02/07/2024 21:00;0;Όχι
02/07/2024 21:15;0;Όχι
02/07/2024 21:30;0;Όχι
02/07/2024 21:45;0;Όχι
02/07/2024 22:00;0;Όχι
02/07/2024 22:15;0;Όχι
02/07/2024 22:30;0;Όχι
02/07/2024 22:45;0;Όχι
02/07/2024 23:00;0;Όχι
02/07/2024 23:15;0;Όχι
02/07/2024 23:30;0;Όχι
02/07/2024 23:45;0;Όχι
03/07/2024 00:00;0;Όχι
03/07/2024 00:15;0;Όχι
03/07/2024 00:30;0;Όχι
03/07/2024 00:45;0;Όχι
03/07/2024 01:00;0;Όχι
03/07/2024 01:15;0;Όχι
03/07/2024 01:30;0;Όχι
03/07/2024 01:45;0;Όχι
03/07/2024 02:00;0;Όχι
03/07/2024 02:15;0;Όχι
03/07/2024 02:30;0;Όχι
03/07/2024 02:45;0;Όχι
03/07/2024 03:00;0;Όχι
03/07/2024 03:15;0;Όχι
03/07/2024 03:30;0;Όχι
03/07/2024 03:45;0;Όχι
03/07/2024 04:00;0;Όχι
03/07/2024 04:15;0;Όχι
03/07/2024 04:30;0;Όχι
03/07/2024 04:45;0;Όχι
03/07/2024 05:00;0;Όχι
03/07/2024 05:15;0;Όχι
03/07/2024 05:30;0;Όχι
03/07/2024 05:45;0;Όχι
03/07/2024 06:00;0;Όχι
03/07/2024 06:15;0;Όχι
03/07/2024 06:30;0;Όχι
03/07/2024 06:45;0,01;Όχι
03/07/2024 07:00;0,02;Όχι
03/07/2024 07:15;0,034;Όχι
03/07/2024 07:30;0,065;Όχι
03/07/2024 07:45;0,082;Όχι
03/07/2024 08:00;0,083;Όχι
03/07/2024 08:15;0,167;Όχι
03/07/2024 08:30;0,344;Όχι
03/07/2024 08:45;0,414;Όχι
03/07/2024 09:00;0,522;Όχι
03/07/2024 09:15;0,609;Όχι
03/07/2024 09:30;0,698;Όχι
03/07/2024 09:45;0,782;Όχι
03/07/2024 10:00;0,866;Όχι
03/07/2024 10:15;0,945;Όχι
03/07/2024 10:30;1,02;Όχι
03/07/2024 10:45;1,088;Όχι
03/07/2024 11:00;1,149;Όχι
03/07/2024 11:15;1,204;Όχι
03/07/2024 11:30;1,246;Όχι
03/07/2024 11:45;1,292;Όχι
03/07/2024 12:00;1,336;Όχι
03/07/2024 12:15;1,363;Όχι
03/07/2024 12:30;1,39;Όχι
03/07/2024 12:45;1,409;Όχι
03/07/2024 13:00;1,423;Όχι
03/07/2024 13:15;1,437;Όχι
03/07/2024 13:30;1,438;Όχι
03/07/2024 13:45;1,441;Όχι
03/07/2024 14:00;1,428;Όχι
03/07/2024 14:15;1,423;Όχι
03/07/2024 14:30;1,399;Όχι
03/07/2024 14:45;1,379;Όχι
03/07/2024 15:00;1,359;Όχι
03/07/2024 15:15;1,322;Όχι
03/07/2024 15:30;1,281;Όχι
03/07/2024 15:45;1,248;Όχι
03/07/2024 16:00;1,203;Όχι
03/07/2024 16:15;1,133;Όχι
03/07/2024 16:30;1,105;Όχι
03/07/2024 16:45;1,042;Όχι
03/07/2024 17:00;0,971;Όχι
03/07/2024 17:15;0,898;Όχι
03/07/2024 17:30;0,821;Όχι
03/07/2024 17:45;0,742;Όχι
03/07/2024 18:00;0,66;Όχι
03/07/2024 18:15;0,579;Όχι
03/07/2024 18:30;0,489;Όχι
03/07/2024 18:45;0,402;Όχι
03/07/2024 19:00;0,317;Όχι
03/07/2024 19:15;0,235;Όχι
03/07/2024 19:30;0,163;Όχι
03/07/2024 19:45;0,101;Όχι
03/07/2024 20:00;0,056;Όχι
03/07/2024 20:15;0,029;Όχι
03/07/2024 20:30;0,018;Όχι
03/07/2024 20:45;0,008;Όχι
03/07/2024 21:00;0,001;Όχι
03/07/2024 21:15;0;Όχι
03/07/2024 21:30;0;Όχι
03/07/2024 21:45;0;Όχι
03/07/2024 22:00;0;Όχι
03/07/2024 22:15;0;Όχι
03/07/2024 22:30;0;Όχι
03/07/2024 22:45;0;Όχι
03/07/2024 23:00;0;Όχι
03/07/2024 23:15;0;Όχι
03/07/2024 23:30;0;Όχι
03/07/2024 23:45;0;Όχι
04/07/2024 00:00;0;Όχι
04/07/2024 00:15;0;Όχι
04/07/2024 00:30;0;Όχι
04/07/2024 00:45;0;Όχι
04/07/2024 01:00;0;Όχι
04/07/2024 01:15;0;Όχι
04/07/2024 01:30;0;Όχι
04/07/2024 01:45;0;Όχι
04/07/2024 02:00;0;Όχι
04/07/2024 02:15;0;Όχι
04/07/2024 02:30;0;Όχι
04/07/2024 02:45;0;Όχι
04/07/2024 03:00;0;Όχι
04/07/2024 03:15;0;Όχι
04/07/2024 03:30;0;Όχι
04/07/2024 03:45;0;Όχι
04/07/2024 04:00;0;Όχι
04/07/2024 04:15;0;Όχι
04/07/2024 04:30;0;Όχι
04/07/2024 04:45;0;Όχι
04/07/2024 05:00;0;Όχι
04/07/2024 05:15;0;Όχι
04/07/2024 05:30;0;Όχι
04/07/2024 05:45;0;Όχι
04/07/2024 06:00;0;Όχι
04/07/2024 06:15;0;Όχι
04/07/2024 06:30;0,009;Όχι
04/07/2024 06:45;0,032;Όχι
04/07/2024 07:00;0,055;Όχι
04/07/2024 07:15;0,078;Όχι
04/07/2024 07:30;0,1;Όχι
04/07/2024 07:45;0,128;Όχι
04/07/2024 08:00;0,17;Όχι
04/07/2024 08:15;0,201;Όχι
04/07/2024 08:30;0,172;Όχι
04/07/2024 08:45;0,184;Όχι
04/07/2024 09:00;0,189;Όχι
04/07/2024 09:15;0,237;Όχι
04/07/2024 09:30;0,441;Όχι
04/07/2024 09:45;0,406;Όχι
04/07/2024 10:00;0,714;Όχι
04/07/2024 10:15;0,593;Όχι
04/07/2024 10:30;1,072;Όχι
04/07/2024 10:45;0,967;Όχι
04/07/2024 11:00;1,067;Όχι
04/07/2024 11:15;1,116;Όχι
04/07/2024 11:30;0,93;Όχι
04/07/2024 11:45;0,906;Όχι
04/07/2024 12:00;0,717;Όχι
04/07/2024 12:15;0,759;Όχι
04/07/2024 12:30;1,314;Όχι
04/07/2024 12:45;0,872;Όχι
04/07/2024 13:00;0,607;Όχι
04/07/2024 13:15;0,701;Όχι
04/07/2024 13:30;1,492;Όχι
04/07/2024 13:45;1,425;Όχι
04/07/2024 14:00;1,409;Όχι
04/07/2024 14:15;1,403;Όχι
04/07/2024 14:30;1,396;Όχι
04/07/2024 14:45;1,374;Όχι
04/07/2024 15:00;1,353;Όχι
04/07/2024 15:15;1,347;Όχι
04/07/2024 15:30;1,314;Όχι
04/07/2024 15:45;1,274;Όχι
04/07/2024 16:00;1,229;Όχι
04/07/2024 16:15;1,187;Όχι
04/07/2024 16:30;1,106;Όχι
04/07/2024 16:45;1,057;Όχι
04/07/2024 17:00;0,982;Όχι
04/07/2024 17:15;0,911;Όχι
04/07/2024 17:30;0,825;Όχι
04/07/2024 17:45;0,744;Όχι
04/07/2024 18:00;0,657;Όχι
04/07/2024 18:15;0,571;Όχι
04/07/2024 18:30;0,486;Όχι
04/07/2024 18:45;0,398;Όχι
04/07/2024 19:00;0,315;Όχι
04/07/2024 19:15;0,239;Όχι
04/07/2024 19:30;0,166;Όχι
04/07/2024 19:45;0,107;Όχι
04/07/2024 20:00;0,044;Όχι
04/07/2024 20:15;0,032;Όχι
04/07/2024 20:30;0,019;Όχι
04/07/2024 20:45;0,007;Όχι
04/07/2024 21:00;0,001;Όχι
04/07/2024 21:15;0;Όχι
04/07/2024 21:30;0;Όχι
04/07/2024 21:45;0;Όχι
04/07/2024 22:00;0;Όχι
04/07/2024 22:15;0;Όχι
04/07/2024 22:30;0;Όχι
04/07/2024 22:45;0;Όχι
04/07/2024 23:00;0;Όχι
04/07/2024 23:15;0;Όχι
04/07/2024 23:30;0;Όχι
04/07/2024 23:45;0;Όχι
05/07/2024 00:00;0;Όχι
05/07/2024 00:15;0;Όχι
05/07/2024 00:30;0;Όχι
05/07/2024 00:45;0;Όχι
05/07/2024 01:00;0;Όχι
05/07/2024 01:15;0;Όχι
05/07/2024 01:30;0;Όχι
05/07/2024 01:45;0;Όχι
05/07/2024 02:00;0;Όχι
05/07/2024 02:15;0;Όχι
05/07/2024 02:30;0;Όχι
05/07/2024 02:45;0;Όχι
05/07/2024 03:00;0;Όχι
05/07/2024 03:15;0;Όχι
05/07/2024 03:30;0;Όχι
05/07/2024 03:45;0;Όχι
05/07/2024 04:00;0;Όχι
05/07/2024 04:15;0;Όχι
05/07/2024 04:30;0;Όχι
05/07/2024 04:45;0;Όχι
05/07/2024 05:00;0;Όχι
05/07/2024 05:15;0;Όχι
05/07/2024 05:30;0;Όχι
05/07/2024 05:45;0;Όχι
05/07/2024 06:00;0;Όχι
05/07/2024 06:15;0;Όχι
05/07/2024 06:30;0,005;Όχι
05/07/2024 06:45;0,018;Όχι
05/07/2024 07:00;0,029;Όχι
05/07/2024 07:15;0,044;Όχι
05/07/2024 07:30;0,075;Όχι
05/07/2024 07:45;0,125;Όχι
05/07/2024 08:00;0,19;Όχι
05/07/2024 08:15;0,265;Όχι
05/07/2024 08:30;0,345;Όχι
05/07/2024 08:45;0,421;Όχι
05/07/2024 09:00;0,524;Όχι
05/07/2024 09:15;0,614;Όχι
05/07/2024 09:30;0,694;Όχι
05/07/2024 09:45;0,778;Όχι
05/07/2024 10:00;0,864;Όχι
05/07/2024 10:15;0,943;Όχι
05/07/2024 10:30;0,997;Όχι
05/07/2024 10:45;1,043;Όχι
05/07/2024 11:00;1,134;Όχι
05/07/2024 11:15;1,175;Όχι
05/07/2024 11:30;1,213;Όχι
05/07/2024 11:45;1,273;Όχι
05/07/2024 12:00;1,071;Όχι
05/07/2024 12:15;1,219;Όχι
05/07/2024 12:30;1,27;Όχι
05/07/2024 12:45;1,413;Όχι
05/07/2024 13:00;1,408;Όχι
05/07/2024 13:15;1,214;Όχι
05/07/2024 13:30;1,405;Όχι
05/07/2024 13:45;1,378;Όχι
05/07/2024 14:00;1,378;Όχι
05/07/2024 14:15;1,376;Όχι
05/07/2024 14:30;1,35;Όχι
05/07/2024 14:45;1,313;Όχι
05/07/2024 15:00;1,28;Όχι
05/07/2024 15:15;1,265;Όχι
05/07/2024 15:30;1,248;Όχι
05/07/2024 15:45;1,212;Όχι
05/07/2024 16:00;1,166;Όχι
05/07/2024 16:15;1,115;Όχι
05/07/2024 16:30;1,071;Όχι
05/07/2024 16:45;1,024;Όχι
05/07/2024 17:00;0,964;Όχι
05/07/2024 17:15;0,893;Όχι
05/07/2024 17:30;0,825;Όχι
05/07/2024 17:45;0,745;Όχι
05/07/2024 18:00;0,654;Όχι
05/07/2024 18:15;0,565;Όχι
05/07/2024 18:30;0,478;Όχι
05/07/2024 18:45;0,391;Όχι
05/07/2024 19:00;0,308;Όχι
05/07/2024 19:15;0,23;Όχι
05/07/2024 19:30;0,159;Όχι
05/07/2024 19:45;0,1;Όχι
05/07/2024 20:00;0,058;Όχι
05/07/2024 20:15;0,031;Όχι
05/07/2024 20:30;0,019;Όχι
05/07/2024 20:45;0,009;Όχι
05/07/2024 21:00;0,002;Όχι
05/07/2024 21:15;0;Όχι
05/07/2024 21:30;0;Όχι
05/07/2024 21:45;0;Όχι
05/07/2024 22:00;0;Όχι
05/07/2024 22:15;0;Όχι
05/07/2024 22:30;0;Όχι
05/07/2024 22:45;0;Όχι
05/07/2024 23:00;0;Όχι
05/07/2024 23:15;0;Όχι
05/07/2024 23:30;0;Όχι
05/07/2024 23:45;0;Όχι
06/07/2024 00:00;0;Όχι
06/07/2024 00:15;0;Όχι
06/07/2024 00:30;0;Όχι
06/07/2024 00:45;0;Όχι
06/07/2024 01:00;0;Όχι
06/07/2024 01:15;0;Όχι
06/07/2024 01:30;0;Όχι
06/07/2024 01:45;0;Όχι
06/07/2024 02:00;0;Όχι
06/07/2024 02:15;0;Όχι
06/07/2024 02:30;0;Όχι
06/07/2024 02:45;0;Όχι
06/07/2024 03:00;0;Όχι
06/07/2024 03:15;0;Όχι
06/07/2024 03:30;0;Όχι
06/07/2024 03:45;0;Όχι
06/07/2024 04:00;0;Όχι
06/07/2024 04:15;0;Όχι
06/07/2024 04:30;0;Όχι
06/07/2024 04:45;0;Όχι
06/07/2024 05:00;0;Όχι
06/07/2024 05:15;0;Όχι
06/07/2024 05:30;0;Όχι
06/07/2024 05:45;0;Όχι
06/07/2024 06:00;0;Όχι
06/07/2024 06:15;0;Όχι
06/07/2024 06:30;0,006;Όχι
06/07/2024 06:45;0,02;Όχι
06/07/2024 07:00;0,039;Όχι
06/07/2024 07:15;0,076;Όχι
06/07/2024 07:30;0,104;Όχι
06/07/2024 07:45;0,132;Όχι
06/07/2024 08:00;0,149;Όχι
06/07/2024 08:15;0,147;Όχι
06/07/2024 08:30;0,259;Όχι
06/07/2024 08:45;0,431;Όχι
06/07/2024 09:00;0,505;Όχι
06/07/2024 09:15;0,59;Όχι
06/07/2024 09:30;0,667;Όχι
06/07/2024 09:45;0,742;Όχι
06/07/2024 10:00;0,809;Όχι
06/07/2024 10:15;0,875;Όχι
06/07/2024 10:30;0,951;Όχι
06/07/2024 10:45;1,021;Όχι
06/07/2024 11:00;1,079;Όχι
06/07/2024 11:15;1,129;Όχι
06/07/2024 11:30;1,177;Όχι
06/07/2024 11:45;1,222;Όχι
06/07/2024 12:00;1,258;Όχι
06/07/2024 12:15;1,29;Όχι
06/07/2024 12:30;1,315;Όχι
06/07/2024 12:45;1,336;Όχι
06/07/2024 13:00;1,343;Όχι
06/07/2024 13:15;1,358;Όχι
06/07/2024 13:30;1,368;Όχι
06/07/2024 13:45;1,394;Όχι
06/07/2024 14:00;1,326;Όχι
06/07/2024 14:15;1,414;Όχι
06/07/2024 14:30;1,314;Όχι
06/07/2024 14:45;1,189;Όχι
06/07/2024 15:00;1,341;Όχι
06/07/2024 15:15;1,32;Όχι
06/07/2024 15:30;1,281;Όχι
06/07/2024 15:45;1,247;Όχι
06/07/2024 16:00;1,196;Όχι
06/07/2024 16:15;1,151;Όχι
06/07/2024 16:30;1,094;Όχι
06/07/2024 16:45;1,033;Όχι
06/07/2024 17:00;0,967;Όχι
06/07/2024 17:15;0,898;Όχι
06/07/2024 17:30;0,821;Όχι
06/07/2024 17:45;0,741;Όχι
06/07/2024 18:00;0,659;Όχι
06/07/2024 18:15;0,573;Όχι
06/07/2024 18:30;0,477;Όχι
06/07/2024 18:45;0,398;Όχι
06/07/2024 19:00;0,311;Όχι
06/07/2024 19:15;0,233;Όχι
06/07/2024 19:30;0,163;Όχι
06/07/2024 19:45;0,104;Όχι
06/07/2024 20:00;0,06;Όχι
06/07/2024 20:15;0,034;Όχι
06/07/2024 20:30;0,021;Όχι
06/07/2024 20:45;0,01;Όχι
06/07/2024 21:00;0,002;Όχι
06/07/2024 21:15;0;Όχι
06/07/2024 21:30;0;Όχι
06/07/2024 21:45;0;Όχι
06/07/2024 22:00;0;Όχι
06/07/2024 22:15;0;Όχι
06/07/2024 22:30;0;Όχι
06/07/2024 22:45;0;Όχι
06/07/2024 23:00;0;Όχι
06/07/2024 23:15;0;Όχι
06/07/2024 23:30;0;Όχι
06/07/2024 23:45;0;Όχι
07/07/2024 00:00;0;Όχι
07/07/2024 00:15;0;Όχι
07/07/2024 00:30;0;Όχι
07/07/2024 00:45;0;Όχι
07/07/2024 01:00;0;Όχι
07/07/2024 01:15;0;Όχι
07/07/2024 01:30;0;Όχι
07/07/2024 01:45;0;Όχι
07/07/2024 02:00;0;Όχι
07/07/2024 02:15;0;Όχι
07/07/2024 02:30;0;Όχι
07/07/2024 02:45;0;Όχι
07/07/2024 03:00;0;Όχι
07/07/2024 03:15;0;Όχι
07/07/2024 03:30;0;Όχι
07/07/2024 03:45;0;Όχι
07/07/2024 04:00;0;Όχι
07/07/2024 04:15;0;Όχι
07/07/2024 04:30;0;Όχι
07/07/2024 04:45;0;Όχι
07/07/2024 05:00;0;Όχι
07/07/2024 05:15;0;Όχι
07/07/2024 05:30;0;Όχι
07/07/2024 05:45;0;Όχι
07/07/2024 06:00;0;Όχι
07/07/2024 06:15;0;Όχι
07/07/2024 06:30;0,005;Όχι
07/07/2024 06:45;0,018;Όχι
07/07/2024 07:00;0,028;Όχι
07/07/2024 07:15;0,043;Όχι
07/07/2024 07:30;0,072;Όχι
07/07/2024 07:45;0,117;Όχι
07/07/2024 08:00;0,18;Όχι
07/07/2024 08:15;0,252;Όχι
07/07/2024 08:30;0,329;Όχι
07/07/2024 08:45;0,412;Όχι
07/07/2024 09:00;0,498;Όχι
07/07/2024 09:15;0,583;Όχι
07/07/2024 09:30;0,667;Όχι
07/07/2024 09:45;0,746;Όχι
07/07/2024 10:00;0,819;Όχι
07/07/2024 10:15;0,891;Όχι
07/07/2024 10:30;0,956;Όχι
07/07/2024 10:45;1,013;Όχι
07/07/2024 11:00;1,071;Όχι
07/07/2024 11:15;1,128;Όχι
07/07/2024 11:30;1,175;Όχι
07/07/2024 11:45;1,216;Όχι
07/07/2024 12:00;1,252;Όχι
07/07/2024 12:15;1,285;Όχι
07/07/2024 12:30;1,318;Όχι
07/07/2024 12:45;1,336;Όχι
07/07/2024 13:00;1,345;Όχι
07/07/2024 13:15;1,341;Όχι
07/07/2024 13:30;1,35;Όχι
07/07/2024 13:45;1,351;Όχι
07/07/2024 14:00;1,349;Όχι
07/07/2024 14:15;1,348;Όχι
07/07/2024 14:30;1,339;Όχι
07/07/2024 14:45;1,311;Όχι
07/07/2024 15:00;1,287;Όχι
07/07/2024 15:15;1,263;Όχι
07/07/2024 15:30;1,23;Όχι
07/07/2024 15:45;1,195;Όχι
07/07/2024 16:00;1,195;Όχι
07/07/2024 16:15;1,145;Όχι
07/07/2024 16:30;1,087;Όχι
07/07/2024 16:45;1,033;Όχι
07/07/2024 17:00;0,968;Όχι
07/07/2024 17:15;0,894;Όχι
07/07/2024 17:30;0,821;Όχι
07/07/2024 17:45;0,744;Όχι
07/07/2024 18:00;0,659;Όχι
07/07/2024 18:15;0,573;Όχι
07/07/2024 18:30;0,485;Όχι
07/07/2024 18:45;0,398;Όχι
07/07/2024 19:00;0,311;Όχι
07/07/2024 19:15;0,231;Όχι
07/07/2024 19:30;0,162;Όχι
07/07/2024 19:45;0,105;Όχι
07/07/2024 20:00;0,062;Όχι
07/07/2024 20:15;0,036;Όχι
07/07/2024 20:30;0,022;Όχι
07/07/2024 20:45;0,009;Όχι
07/07/2024 21:00;0,001;Όχι
07/07/2024 21:15;0;Όχι
07/07/2024 21:30;0;Όχι
07/07/2024 21:45;0;Όχι
07/07/2024 22:00;0;Όχι
07/07/2024 22:15;0;Όχι
07/07/2024 22:30;0;Όχι
07/07/2024 22:45;0;Όχι
07/07/2024 23:00;0;Όχι
07/07/2024 23:15;0;Όχι
07/07/2024 23:30;0;Όχι
07/07/2024 23:45;0;Όχι
08/07/2024 00:00;0;Όχι
08/07/2024 00:15;0;Όχι
08/07/2024 00:30;0;Όχι
08/07/2024 00:45;0;Όχι
08/07/2024 01:00;0;Όχι
08/07/2024 01:15;0;Όχι
08/07/2024 01:30;0;Όχι
08/07/2024 01:45;0;Όχι
08/07/2024 02:00;0;Όχι
08/07/2024 02:15;0;Όχι
08/07/2024 02:30;0;Όχι
08/07/2024 02:45;0;Όχι
08/07/2024 03:00;0;Όχι
08/07/2024 03:15;0;Όχι
08/07/2024 03:30;0;Όχι
08/07/2024 03:45;0;Όχι
08/07/2024 04:00;0;Όχι
08/07/2024 04:15;0;Όχι
08/07/2024 04:30;0;Όχι
08/07/2024 04:45;0;Όχι
08/07/2024 05:00;0;Όχι
08/07/2024 05:15;0;Όχι
08/07/2024 05:30;0;Όχι
08/07/2024 05:45;0;Όχι
08/07/2024 06:00;0;Όχι
08/07/2024 06:15;0;Όχι
08/07/2024 06:30;0,009;Όχι
08/07/2024 06:45;0,026;Όχι
08/07/2024 07:00;0,043;Όχι
08/07/2024 07:15;0,065;Όχι
08/07/2024 07:30;0,096;Όχι
08/07/2024 07:45;0,135;Όχι
08/07/2024 08:00;0,182;Όχι
08/07/2024 08:15;0,245;Όχι
08/07/2024 08:30;0,317;Όχι
08/07/2024 08:45;0,393;Όχι
08/07/2024 09:00;0,47;Όχι
08/07/2024 09:15;0,554;Όχι
08/07/2024 09:30;0,633;Όχι
08/07/2024 09:45;0,709;Όχι
08/07/2024 10:00;0,783;Όχι
08/07/2024 10:15;0,854;Όχι
08/07/2024 10:30;0,92;Όχι
08/07/2024 10:45;0,981;Όχι
08/07/2024 11:00;1,035;Όχι
08/07/2024 11:15;1,084;Όχι
08/07/2024 11:30;1,136;Όχι
08/07/2024 11:45;1,178;Όχι
08/07/2024 12:00;1,213;Όχι
08/07/2024 12:15;1,242;Όχι
08/07/2024 12:30;1,259;Όχι
08/07/2024 12:45;1,27;Όχι
08/07/2024 13:00;1,292;Όχι
08/07/2024 13:15;1,309;Όχι
08/07/2024 13:30;1,318;Όχι
08/07/2024 13:45;1,321;Όχι
08/07/2024 14:00;1,33;Όχι
08/07/2024 14:15;1,326;Όχι
08/07/2024 14:30;1,314;Όχι
08/07/2024 14:45;1,287;Όχι
08/07/2024 15:00;1,26;Όχι
08/07/2024 15:15;1,227;Όχι
08/07/2024 15:30;1,205;Όχι
08/07/2024 15:45;1,172;Όχι
08/07/2024 16:00;1,126;Όχι
08/07/2024 16:15;1,077;Όχι
08/07/2024 16:30;1,034;Όχι
08/07/2024 16:45;0,988;Όχι
08/07/2024 17:00;0,945;Όχι
08/07/2024 17:15;0,881;Όχι
08/07/2024 17:30;0,812;Όχι
08/07/2024 17:45;0,735;Όχι
08/07/2024 18:00;0,652;Όχι
08/07/2024 18:15;0,561;Όχι
08/07/2024 18:30;0,471;Όχι
08/07/2024 18:45;0,382;Όχι
08/07/2024 19:00;0,298;Όχι
08/07/2024 19:15;0,222;Όχι
08/07/2024 19:30;0,154;Όχι
08/07/2024 19:45;0,1;Όχι
08/07/2024 20:00;0,062;Όχι
08/07/2024 20:15;0,036;Όχι
08/07/2024 20:30;0,018;Όχι
08/07/2024 20:45;0,003;Όχι
08/07/2024 21:00;0;Όχι
08/07/2024 21:15;0;Όχι
08/07/2024 21:30;0;Όχι
08/07/2024 21:45;0;Όχι
08/07/2024 22:00;0;Όχι
08/07/2024 22:15;0;Όχι
08/07/2024 22:30;0;Όχι
08/07/2024 22:45;0;Όχι
08/07/2024 23:00;0;Όχι
08/07/2024 23:15;0;Όχι
08/07/2024 23:30;0;Όχι
08/07/2024 23:45;0;Όχι
09/07/2024 00:00;0;Όχι
09/07/2024 00:15;0;Όχι
09/07/2024 00:30;0;Όχι
09/07/2024 00:45;0;Όχι
09/07/2024 01:00;0;Όχι
09/07/2024 01:15;0;Όχι
09/07/2024 01:30;0;Όχι
09/07/2024 01:45;0;Όχι
09/07/2024 02:00;0;Όχι
09/07/2024 02:15;0;Όχι
09/07/2024 02:30;0;Όχι
09/07/2024 02:45;0;Όχι
09/07/2024 03:00;0;Όχι
09/07/2024 03:15;0;Όχι
09/07/2024 03:30;0;Όχι
09/07/2024 03:45;0;Όχι
09/07/2024 04:00;0;Όχι
09/07/2024 04:15;0;Όχι
09/07/2024 04:30;0;Όχι
09/07/2024 04:45;0;Όχι
09/07/2024 05:00;0;Όχι
09/07/2024 05:15;0;Όχι
09/07/2024 05:30;0;Όχι
09/07/2024 05:45;0;Όχι
09/07/2024 06:00;0;Όχι
09/07/2024 06:15;0;Όχι
09/07/2024 06:30;0,006;Όχι
09/07/2024 06:45;0,024;Όχι
09/07/2024 07:00;0,049;Όχι
09/07/2024 07:15;0,06;Όχι
09/07/2024 07:30;0,088;Όχι
09/07/2024 07:45;0,135;Όχι
09/07/2024 08:00;0,181;Όχι
09/07/2024 08:15;0,241;Όχι
09/07/2024 08:30;0,327;Όχι
09/07/2024 08:45;0,4;Όχι
09/07/2024 09:00;0,469;Όχι
09/07/2024 09:15;0,549;Όχι
09/07/2024 09:30;0,626;Όχι
09/07/2024 09:45;0,714;Όχι
09/07/2024 10:00;0,784;Όχι
09/07/2024 10:15;0,856;Όχι
09/07/2024 10:30;0,926;Όχι
09/07/2024 10:45;0,987;Όχι
09/07/2024 11:00;1,039;Όχι
09/07/2024 11:15;1,084;Όχι
09/07/2024 11:30;1,132;Όχι
09/07/2024 11:45;1,17;Όχι
09/07/2024 12:00;1,211;Όχι
09/07/2024 12:15;1,243;Όχι
09/07/2024 12:30;1,262;Όχι
09/07/2024 12:45;1,288;Όχι
09/07/2024 13:00;1,305;Όχι
09/07/2024 13:15;1,317;Όχι
09/07/2024 13:30;1,326;Όχι
09/07/2024 13:45;1,314;Όχι
09/07/2024 14:00;1,302;Όχι
09/07/2024 14:15;1,293;Όχι
09/07/2024 14:30;1,283;Όχι
09/07/2024 14:45;1,259;Όχι
09/07/2024 15:00;1,232;Όχι
09/07/2024 15:15;1,206;Όχι
09/07/2024 15:30;1,179;Όχι
09/07/2024 15:45;1,139;Όχι
09/07/2024 16:00;1,093;Όχι
09/07/2024 16:15;1,057;Όχι
09/07/2024 16:30;0,988;Όχι
09/07/2024 16:45;0,942;Όχι
09/07/2024 17:00;0,891;Όχι
09/07/2024 17:15;0,842;Όχι
09/07/2024 17:30;0,787;Όχι
09/07/2024 17:45;0,705;Όχι
09/07/2024 18:00;0,631;Όχι
09/07/2024 18:15;0,548;Όχι
09/07/2024 18:30;0,465;Όχι
09/07/2024 18:45;0,38;Όχι
09/07/2024 19:00;0,295;Όχι
09/07/2024 19:15;0,221;Όχι
09/07/2024 19:30;0,157;Όχι
09/07/2024 19:45;0,103;Όχι
09/07/2024 20:00;0,063;Όχι
09/07/2024 20:15;0,038;Όχι
09/07/2024 20:30;0,022;Όχι
09/07/2024 20:45;0,006;Όχι
09/07/2024 21:00;0,001;Όχι
09/07/2024 21:15;0;Όχι
09/07/2024 21:30;0;Όχι
09/07/2024 21:45;0;Όχι
09/07/2024 22:00;0;Όχι
09/07/2024 22:15;0;Όχι
09/07/2024 22:30;0;Όχι
09/07/2024 22:45;0;Όχι
09/07/2024 23:00;0;Όχι
09/07/2024 23:15;0;Όχι
09/07/2024 23:30;0;Όχι
09/07/2024 23:45;0;Όχι
10/07/2024 00:00;0;Όχι
10/07/2024 00:15;0;Όχι
10/07/2024 00:30;0;Όχι
10/07/2024 00:45;0;Όχι
10/07/2024 01:00;0;Όχι
10/07/2024 01:15;0;Όχι
10/07/2024 01:30;0;Όχι
10/07/2024 01:45;0;Όχι
10/07/2024 02:00;0;Όχι
10/07/2024 02:15;0;Όχι
10/07/2024 02:30;0;Όχι
10/07/2024 02:45;0;Όχι
10/07/2024 03:00;0;Όχι
10/07/2024 03:15;0;Όχι
10/07/2024 03:30;0;Όχι
10/07/2024 03:45;0;Όχι
10/07/2024 04:00;0;Όχι
10/07/2024 04:15;0;Όχι
10/07/2024 04:30;0;Όχι
10/07/2024 04:45;0;Όχι
10/07/2024 05:00;0;Όχι
10/07/2024 05:15;0;Όχι
10/07/2024 05:30;0;Όχι
10/07/2024 05:45;0;Όχι
10/07/2024 06:00;0;Όχι
10/07/2024 06:15;0;Όχι
10/07/2024 06:30;0,003;Όχι
10/07/2024 06:45;0,02;Όχι
10/07/2024 07:00;0,032;Όχι
10/07/2024 07:15;0,06;Όχι
10/07/2024 07:30;0,097;Όχι
10/07/2024 07:45;0,115;Όχι
10/07/2024 08:00;0,11;Όχι
10/07/2024 08:15;0,17;Όχι
10/07/2024 08:30;0,273;Όχι
10/07/2024 08:45;0,388;Όχι
10/07/2024 09:00;0,466;Όχι
10/07/2024 09:15;0,54;Όχι
10/07/2024 09:30;0,603;Όχι
10/07/2024 09:45;0,619;Όχι
10/07/2024 10:00;0,78;Όχι
10/07/2024 10:15;0,841;Όχι
10/07/2024 10:30;0,83;Όχι
10/07/2024 10:45;0,652;Όχι
10/07/2024 11:00;0,987;Όχι
10/07/2024 11:15;1,076;Όχι
10/07/2024 11:30;1,124;Όχι
10/07/2024 11:45;1,167;Όχι
10/07/2024 12:00;1,183;Όχι
10/07/2024 12:15;1,216;Όχι
10/07/2024 12:30;1,251;Όχι
10/07/2024 12:45;1,262;Όχι
10/07/2024 13:00;1,288;Όχι
10/07/2024 13:15;1,297;Όχι
10/07/2024 13:30;1,297;Όχι
10/07/2024 13:45;1,304;Όχι
10/07/2024 14:00;1,304;Όχι
10/07/2024 14:15;1,275;Όχι
10/07/2024 14:30;1,28;Όχι
10/07/2024 14:45;1,267;Όχι
10/07/2024 15:00;1,239;Όχι
10/07/2024 15:15;1,2;Όχι
10/07/2024 15:30;1,171;Όχι
10/07/2024 15:45;1,143;Όχι
10/07/2024 16:00;1,099;Όχι
10/07/2024 16:15;1,049;Όχι
10/07/2024 16:30;1,032;Όχι
10/07/2024 16:45;0,984;Όχι
10/07/2024 17:00;0,906;Όχι
10/07/2024 17:15;0,837;Όχι
10/07/2024 17:30;0,763;Όχι
10/07/2024 17:45;0,687;Όχι
10/07/2024 18:00;0,612;Όχι
10/07/2024 18:15;0,523;Όχι
10/07/2024 18:30;0,45;Όχι
10/07/2024 18:45;0,368;Όχι
10/07/2024 19:00;0,293;Όχι
10/07/2024 19:15;0,214;Όχι
10/07/2024 19:30;0,148;Όχι
10/07/2024 19:45;0,101;Όχι
10/07/2024 20:00;0,063;Όχι
10/07/2024 20:15;0,037;Όχι
10/07/2024 20:30;0,021;Όχι
10/07/2024 20:45;0,007;Όχι
10/07/2024 21:00;0,001;Όχι
10/07/2024 21:15;0;Όχι
10/07/2024 21:30;0;Όχι
10/07/2024 21:45;0;Όχι
10/07/2024 22:00;0;Όχι
10/07/2024 22:15;0;Όχι
10/07/2024 22:30;0;Όχι
10/07/2024 22:45;0;Όχι
10/07/2024 23:00;0;Όχι
10/07/2024 23:15;0;Όχι
10/07/2024 23:30;0;Όχι
10/07/2024 23:45;0;Όχι
11/07/2024 00:00;0;Όχι
11/07/2024 00:15;0;Όχι
11/07/2024 00:30;0;Όχι
11/07/2024 00:45;0;Όχι
11/07/2024 01:00;0;Όχι
11/07/2024 01:15;0;Όχι
11/07/2024 01:30;0;Όχι
11/07/2024 01:45;0;Όχι
11/07/2024 02:00;0;Όχι
11/07/2024 02:15;0;Όχι
11/07/2024 02:30;0;Όχι
11/07/2024 02:45;0;Όχι
11/07/2024 03:00;0;Όχι
11/07/2024 03:15;0;Όχι
11/07/2024 03:30;0;Όχι
11/07/2024 03:45;0;Όχι
11/07/2024 04:00;0;Όχι
11/07/2024 04:15;0;Όχι
11/07/2024 04:30;0;Όχι
11/07/2024 04:45;0;Όχι
11/07/2024 05:00;0;Όχι
11/07/2024 05:15;0;Όχι
11/07/2024 05:30;0;Όχι
11/07/2024 05:45;0;Όχι
11/07/2024 06:00;0;Όχι
11/07/2024 06:15;0;Όχι
11/07/2024 06:30;0,001;Όχι
11/07/2024 06:45;0,011;Όχι
11/07/2024 07:00;0,024;Όχι
11/07/2024 07:15;0,043;Όχι
11/07/2024 07:30;0,072;Όχι
11/07/2024 07:45;0,112;Όχι
11/07/2024 08:00;0,169;Όχι
11/07/2024 08:15;0,233;Όχι
11/07/2024 08:30;0,303;Όχι
11/07/2024 08:45;0,376;Όχι
11/07/2024 09:00;0,456;Όχι
11/07/2024 09:15;0,535;Όχι
11/07/2024 09:30;0,609;Όχι
11/07/2024 09:45;0,683;Όχι
11/07/2024 10:00;0,759;Όχι
11/07/2024 10:15;0,829;Όχι
11/07/2024 10:30;0,893;Όχι
11/07/2024 10:45;0,96;Όχι
11/07/2024 11:00;1,014;Όχι
11/07/2024 11:15;1,068;Όχι
11/07/2024 11:30;1,114;Όχι
11/07/2024 11:45;1,153;Όχι
11/07/2024 12:00;1,189;Όχι
11/07/2024 12:15;1,22;Όχι
11/07/2024 12:30;1,256;Όχι
11/07/2024 12:45;1,265;Όχι
11/07/2024 13:00;1,297;Όχι
11/07/2024 13:15;1,299;Όχι
11/07/2024 13:30;1,305;Όχι
11/07/2024 13:45;1,307;Όχι
11/07/2024 14:00;1,3;Όχι
11/07/2024 14:15;1,303;Όχι
11/07/2024 14:30;1,289;Όχι
11/07/2024 14:45;1,266;Όχι
11/07/2024 15:00;1,246;Όχι
11/07/2024 15:15;1,209;Όχι
11/07/2024 15:30;1,174;Όχι
11/07/2024 15:45;1,15;Όχι
11/07/2024 16:00;1,106;Όχι
11/07/2024 16:15;1,067;Όχι
11/07/2024 16:30;1,005;Όχι
11/07/2024 16:45;0,953;Όχι
11/07/2024 17:00;0,887;Όχι
11/07/2024 17:15;0,816;Όχι
11/07/2024 17:30;0,753;Όχι
11/07/2024 17:45;0,677;Όχι
11/07/2024 18:00;0,6;Όχι
11/07/2024 18:15;0,532;Όχι
11/07/2024 18:30;0,447;Όχι
11/07/2024 18:45;0,36;Όχι
11/07/2024 19:00;0,274;Όχι
11/07/2024 19:15;0,202;Όχι
11/07/2024 19:30;0,095;Όχι
11/07/2024 19:45;0,058;Όχι
11/07/2024 20:00;0,064;Όχι
11/07/2024 20:15;0,084;Όχι
11/07/2024 20:30;0,042;Όχι
11/07/2024 20:45;0,025;Όχι
11/07/2024 21:00;0,021;Όχι
11/07/2024 21:15;0;Όχι
11/07/2024 21:30;0;Όχι
11/07/2024 21:45;0;Όχι
11/07/2024 22:00;0;Όχι
11/07/2024 22:15;0;Όχι
11/07/2024 22:30;0;Όχι
11/07/2024 22:45;0;Όχι
11/07/2024 23:00;0;Όχι
11/07/2024 23:15;0;Όχι
11/07/2024 23:30;0;Όχι
11/07/2024 23:45;0;Όχι
12/07/2024 00:00;0;Όχι
12/07/2024 00:15;0;Όχι
12/07/2024 00:30;0;Όχι
12/07/2024 00:45;0;Όχι
12/07/2024 01:00;0;Όχι
12/07/2024 01:15;0;Όχι
12/07/2024 01:30;0;Όχι
12/07/2024 01:45;0;Όχι
12/07/2024 02:00;0;Όχι
12/07/2024 02:15;0;Όχι
12/07/2024 02:30;0;Όχι
12/07/2024 02:45;0;Όχι
12/07/2024 03:00;0;Όχι
12/07/2024 03:15;0;Όχι
12/07/2024 03:30;0;Όχι
12/07/2024 03:45;0;Όχι
12/07/2024 04:00;0;Όχι
12/07/2024 04:15;0;Όχι
12/07/2024 04:30;0;Όχι
12/07/2024 04:45;0;Όχι
12/07/2024 05:00;0;Όχι
12/07/2024 05:15;0;Όχι
12/07/2024 05:30;0;Όχι
12/07/2024 05:45;0;Όχι
12/07/2024 06:00;0;Όχι
12/07/2024 06:15;0;Όχι
12/07/2024 06:30;0,004;Όχι
12/07/2024 06:45;0,017;Όχι
12/07/2024 07:00;0,031;Όχι
12/07/2024 07:15;0,049;Όχι
12/07/2024 07:30;0,075;Όχι
12/07/2024 07:45;0,113;Όχι
12/07/2024 08:00;0,166;Όχι
12/07/2024 08:15;0,23;Όχι
12/07/2024 08:30;0,301;Όχι
12/07/2024 08:45;0,377;Όχι
12/07/2024 09:00;0,456;Όχι
12/07/2024 09:15;0,538;Όχι
12/07/2024 09:30;0,617;Όχι
12/07/2024 09:45;0,694;Όχι
12/07/2024 10:00;0,77;Όχι
12/07/2024 10:15;0,84;Όχι
12/07/2024 10:30;0,893;Όχι
12/07/2024 10:45;0,956;Όχι
12/07/2024 11:00;1,013;Όχι
12/07/2024 11:15;1,057;Όχι
12/07/2024 11:30;1,096;Όχι
12/07/2024 11:45;1,138;Όχι
12/07/2024 12:00;1,172;Όχι
12/07/2024 12:15;1,195;Όχι
12/07/2024 12:30;1,227;Όχι
12/07/2024 12:45;1,249;Όχι
12/07/2024 13:00;1,258;Όχι
12/07/2024 13:15;1,273;Όχι
12/07/2024 13:30;1,28;Όχι
12/07/2024 13:45;1,283;Όχι
12/07/2024 14:00;1,278;Όχι
12/07/2024 14:15;1,267;Όχι
12/07/2024 14:30;1,259;Όχι
12/07/2024 14:45;1,299;Όχι
12/07/2024 15:00;1,276;Όχι
12/07/2024 15:15;1,265;Όχι
12/07/2024 15:30;1,224;Όχι
12/07/2024 15:45;1,186;Όχι
12/07/2024 16:00;1,14;Όχι
12/07/2024 16:15;1,09;Όχι
12/07/2024 16:30;1,029;Όχι
12/07/2024 16:45;0,971;Όχι
12/07/2024 17:00;0,913;Όχι
12/07/2024 17:15;0,838;Όχι
12/07/2024 17:30;0,767;Όχι
12/07/2024 17:45;0,696;Όχι
12/07/2024 18:00;0,617;Όχι
12/07/2024 18:15;0,528;Όχι
12/07/2024 18:30;0,445;Όχι
12/07/2024 18:45;0,366;Όχι
12/07/2024 19:00;0,287;Όχι
12/07/2024 19:15;0,215;Όχι
12/07/2024 19:30;0,15;Όχι
12/07/2024 19:45;0,099;Όχι
12/07/2024 20:00;0,059;Όχι
12/07/2024 20:15;0,035;Όχι
12/07/2024 20:30;0,02;Όχι
12/07/2024 20:45;0,008;Όχι
12/07/2024 21:00;0,002;Όχι
12/07/2024 21:15;0;Όχι
12/07/2024 21:30;0;Όχι
12/07/2024 21:45;0;Όχι
12/07/2024 22:00;0;Όχι
12/07/2024 22:15;0;Όχι
12/07/2024 22:30;0;Όχι
12/07/2024 22:45;0;Όχι
12/07/2024 23:00;0;Όχι
12/07/2024 23:15;0;Όχι
12/07/2024 23:30;0;Όχι
12/07/2024 23:45;0;Όχι
13/07/2024 00:00;0;Όχι
13/07/2024 00:15;0;Όχι
13/07/2024 00:30;0;Όχι
13/07/2024 00:45;0;Όχι
13/07/2024 01:00;0;Όχι
13/07/2024 01:15;0;Όχι
13/07/2024 01:30;0;Όχι
13/07/2024 01:45;0;Όχι
13/07/2024 02:00;0;Όχι
13/07/2024 02:15;0;Όχι
13/07/2024 02:30;0;Όχι
13/07/2024 02:45;0;Όχι
13/07/2024 03:00;0;Όχι
13/07/2024 03:15;0;Όχι
13/07/2024 03:30;0;Όχι
13/07/2024 03:45;0;Όχι
13/07/2024 04:00;0;Όχι
13/07/2024 04:15;0;Όχι
13/07/2024 04:30;0;Όχι
13/07/2024 04:45;0;Όχι
13/07/2024 05:00;0;Όχι
13/07/2024 05:15;0;Όχι
13/07/2024 05:30;0;Όχι
13/07/2024 05:45;0;Όχι
13/07/2024 06:00;0;Όχι
13/07/2024 06:15;0;Όχι
13/07/2024 06:30;0,005;Όχι
13/07/2024 06:45;0,02;Όχι
13/07/2024 07:00;0,033;Όχι
13/07/2024 07:15;0,049;Όχι
13/07/2024 07:30;0,078;Όχι
13/07/2024 07:45;0,113;Όχι
13/07/2024 08:00;0,166;Όχι
13/07/2024 08:15;0,233;Όχι
13/07/2024 08:30;0,304;Όχι
13/07/2024 08:45;0,38;Όχι
13/07/2024 09:00;0,463;Όχι
13/07/2024 09:15;0,542;Όχι
13/07/2024 09:30;0,622;Όχι
13/07/2024 09:45;0,696;Όχι
13/07/2024 10:00;0,768;Όχι
13/07/2024 10:15;0,836;Όχι
13/07/2024 10:30;0,9;Όχι
13/07/2024 10:45;0,961;Όχι
13/07/2024 11:00;1,014;Όχι
13/07/2024 11:15;1,059;Όχι
13/07/2024 11:30;1,105;Όχι
13/07/2024 11:45;1,146;Όχι
13/07/2024 12:00;1,182;Όχι
13/07/2024 12:15;1,224;Όχι
13/07/2024 12:30;1,258;Όχι
13/07/2024 12:45;1,283;Όχι
13/07/2024 13:00;1,3;Όχι
13/07/2024 13:15;1,303;Όχι
13/07/2024 13:30;1,304;Όχι
13/07/2024 13:45;1,297;Όχι
13/07/2024 14:00;1,288;Όχι
13/07/2024 14:15;1,279;Όχι
13/07/2024 14:30;1,277;Όχι
13/07/2024 14:45;1,248;Όχι
13/07/2024 15:00;1,227;Όχι
13/07/2024 15:15;0;Όχι
13/07/2024 15:30;0;Όχι
13/07/2024 15:45;0;Όχι
13/07/2024 16:00;0;Όχι
13/07/2024 16:15;0;Όχι
13/07/2024 16:30;0;Όχι
13/07/2024 16:45;0;Όχι
13/07/2024 17:00;0;Όχι
13/07/2024 17:15;0;Όχι
13/07/2024 17:30;0;Όχι
13/07/2024 17:45;0;Όχι
13/07/2024 18:00;0;Όχι
13/07/2024 18:15;0;Όχι
13/07/2024 18:30;0;Όχι
13/07/2024 18:45;0;Όχι
13/07/2024 19:00;0;Όχι
13/07/2024 19:15;0;Όχι
13/07/2024 19:30;0;Όχι
13/07/2024 19:45;0;Όχι
13/07/2024 20:00;0;Όχι
13/07/2024 20:15;0;Όχι
13/07/2024 20:30;0;Όχι
13/07/2024 20:45;0;Όχι
13/07/2024 21:00;0;Όχι
13/07/2024 21:15;0;Όχι
13/07/2024 21:30;0;Όχι
13/07/2024 21:45;0;Όχι
13/07/2024 22:00;0;Όχι
13/07/2024 22:15;0;Όχι
13/07/2024 22:30;0;Όχι
13/07/2024 22:45;0;Όχι
13/07/2024 23:00;0;Όχι
13/07/2024 23:15;0;Όχι
13/07/2024 23:30;0;Όχι
13/07/2024 23:45;0;Όχι
14/07/2024 00:00;0;Όχι
14/07/2024 00:15;0;Όχι
14/07/2024 00:30;0;Όχι
14/07/2024 00:45;0;Όχι
14/07/2024 01:00;0;Όχι
14/07/2024 01:15;0;Όχι
14/07/2024 01:30;0;Όχι
14/07/2024 01:45;0;Όχι
14/07/2024 02:00;0;Όχι
14/07/2024 02:15;0;Όχι
14/07/2024 02:30;0;Όχι
14/07/2024 02:45;0;Όχι
14/07/2024 03:00;0;Όχι
14/07/2024 03:15;0;Όχι
14/07/2024 03:30;0;Όχι
14/07/2024 03:45;0;Όχι
14/07/2024 04:00;0;Όχι
14/07/2024 04:15;0;Όχι
14/07/2024 04:30;0;Όχι
14/07/2024 04:45;0;Όχι
14/07/2024 05:00;0;Όχι
14/07/2024 05:15;0;Όχι
14/07/2024 05:30;0;Όχι
14/07/2024 05:45;0;Όχι
14/07/2024 06:00;0;Όχι
14/07/2024 06:15;0;Όχι
14/07/2024 06:30;0;Όχι
14/07/2024 06:45;0;Όχι
14/07/2024 07:00;0;Όχι
14/07/2024 07:15;0;Όχι
14/07/2024 07:30;0;Όχι
14/07/2024 07:45;0;Όχι
14/07/2024 08:00;0;Όχι
14/07/2024 08:15;0;Όχι
14/07/2024 08:30;0;Όχι
14/07/2024 08:45;0;Όχι
14/07/2024 09:00;0;Όχι
14/07/2024 09:15;0;Όχι
14/07/2024 09:30;0;Όχι
14/07/2024 09:45;0;Όχι
14/07/2024 10:00;0;Όχι
14/07/2024 10:15;0;Όχι
14/07/2024 10:30;0;Όχι
14/07/2024 10:45;0;Όχι
14/07/2024 11:00;0;Όχι
14/07/2024 11:15;0;Όχι
14/07/2024 11:30;0;Όχι
14/07/2024 11:45;0;Όχι
14/07/2024 12:00;0;Όχι
14/07/2024 12:15;0;Όχι
14/07/2024 12:30;0;Όχι
14/07/2024 12:45;0;Όχι
14/07/2024 13:00;0;Όχι
14/07/2024 13:15;0;Όχι
14/07/2024 13:30;0;Όχι
14/07/2024 13:45;0;Όχι
14/07/2024 14:00;0;Όχι
14/07/2024 14:15;0;Όχι
14/07/2024 14:30;0;Όχι
14/07/2024 14:45;0;Όχι
14/07/2024 15:00;0;Όχι
14/07/2024 15:15;0;Όχι
14/07/2024 15:30;0;Όχι
14/07/2024 15:45;0;Όχι
14/07/2024 16:00;0;Όχι
14/07/2024 16:15;0;Όχι
14/07/2024 16:30;0;Όχι
14/07/2024 16:45;0;Όχι
14/07/2024 17:00;0;Όχι
14/07/2024 17:15;0;Όχι
14/07/2024 17:30;0;Όχι
14/07/2024 17:45;0;Όχι
14/07/2024 18:00;0;Όχι
14/07/2024 18:15;0;Όχι
14/07/2024 18:30;0;Όχι
14/07/2024 18:45;0;Όχι
14/07/2024 19:00;0;Όχι
14/07/2024 19:15;0;Όχι
14/07/2024 19:30;0;Όχι
14/07/2024 19:45;0;Όχι
14/07/2024 20:00;0;Όχι
14/07/2024 20:15;0;Όχι
14/07/2024 20:30;0;Όχι
14/07/2024 20:45;0;Όχι
14/07/2024 21:00;0;Όχι
14/07/2024 21:15;0;Όχι
14/07/2024 21:30;0;Όχι
14/07/2024 21:45;0;Όχι
14/07/2024 22:00;0;Όχι
14/07/2024 22:15;0;Όχι
14/07/2024 22:30;0;Όχι
14/07/2024 22:45;0;Όχι
14/07/2024 23:00;0;Όχι
14/07/2024 23:15;0;Όχι
14/07/2024 23:30;0;Όχι
14/07/2024 23:45;0;Όχι
15/07/2024 00:00;0;Όχι
15/07/2024 00:15;0;Όχι
15/07/2024 00:30;0;Όχι
15/07/2024 00:45;0;Όχι
15/07/2024 01:00;0;Όχι
15/07/2024 01:15;0;Όχι
15/07/2024 01:30;0;Όχι
15/07/2024 01:45;0;Όχι
15/07/2024 02:00;0;Όχι
15/07/2024 02:15;0;Όχι
15/07/2024 02:30;0;Όχι
15/07/2024 02:45;0;Όχι
15/07/2024 03:00;0;Όχι
15/07/2024 03:15;0;Όχι
15/07/2024 03:30;0;Όχι
15/07/2024 03:45;0;Όχι
15/07/2024 04:00;0;Όχι
15/07/2024 04:15;0;Όχι
15/07/2024 04:30;0;Όχι
15/07/2024 04:45;0;Όχι
15/07/2024 05:00;0;Όχι
15/07/2024 05:15;0;Όχι
15/07/2024 05:30;0;Όχι
15/07/2024 05:45;0;Όχι
15/07/2024 06:00;0;Όχι
15/07/2024 06:15;0;Όχι
15/07/2024 06:30;0;Όχι
15/07/2024 06:45;0;Όχι
15/07/2024 07:00;0;Όχι
15/07/2024 07:15;0;Όχι
15/07/2024 07:30;0;Όχι
15/07/2024 07:45;0;Όχι
15/07/2024 08:00;0;Όχι
15/07/2024 08:15;0;Όχι
15/07/2024 08:30;0;Όχι
15/07/2024 08:45;0;Όχι
15/07/2024 09:00;0;Όχι
15/07/2024 09:15;0;Όχι
15/07/2024 09:30;0;Όχι
15/07/2024 09:45;0;Όχι
15/07/2024 10:00;0;Όχι
15/07/2024 10:15;0;Όχι
15/07/2024 10:30;0;Όχι
15/07/2024 10:45;0;Όχι
15/07/2024 11:00;0;Όχι
15/07/2024 11:15;0;Όχι
15/07/2024 11:30;0;Όχι
15/07/2024 11:45;0;Όχι
15/07/2024 12:00;0;Όχι
15/07/2024 12:15;0;Όχι
15/07/2024 12:30;0;Όχι
15/07/2024 12:45;0;Όχι
15/07/2024 13:00;0;Όχι
15/07/2024 13:15;0;Όχι
15/07/2024 13:30;0;Όχι
15/07/2024 13:45;0;Όχι
15/07/2024 14:00;0;Όχι
15/07/2024 14:15;0;Όχι
15/07/2024 14:30;0;Όχι
15/07/2024 14:45;0;Όχι
15/07/2024 15:00;0;Όχι
15/07/2024 15:15;0;Όχι
15/07/2024 15:30;0;Όχι
15/07/2024 15:45;0;Όχι
15/07/2024 16:00;0;Όχι
15/07/2024 16:15;0;Όχι
15/07/2024 16:30;0;Όχι
15/07/2024 16:45;0;Όχι
15/07/2024 17:00;0;Όχι
15/07/2024 17:15;0;Όχι
15/07/2024 17:30;0;Όχι
15/07/2024 17:45;0;Όχι
15/07/2024 18:00;0;Όχι
15/07/2024 18:15;0;Όχι
15/07/2024 18:30;0;Όχι
15/07/2024 18:45;0;Όχι
15/07/2024 19:00;0;Όχι
15/07/2024 19:15;0;Όχι
15/07/2024 19:30;0;Όχι
15/07/2024 19:45;0;Όχι
15/07/2024 20:00;0;Όχι
15/07/2024 20:15;0;Όχι
15/07/2024 20:30;0;Όχι
15/07/2024 20:45;0;Όχι
15/07/2024 21:00;0;Όχι
15/07/2024 21:15;0;Όχι
15/07/2024 21:30;0;Όχι
15/07/2024 21:45;0;Όχι
15/07/2024 22:00;0;Όχι
15/07/2024 22:15;0;Όχι
15/07/2024 22:30;0;Όχι
15/07/2024 22:45;0;Όχι
15/07/2024 23:00;0;Όχι
15/07/2024 23:15;0;Όχι
15/07/2024 23:30;0;Όχι
15/07/2024 23:45;0;Όχι
16/07/2024 00:00;0;Όχι
16/07/2024 00:15;0;Όχι
16/07/2024 00:30;0;Όχι
16/07/2024 00:45;0;Όχι
16/07/2024 01:00;0;Όχι
16/07/2024 01:15;0;Όχι
16/07/2024 01:30;0;Όχι
16/07/2024 01:45;0;Όχι
16/07/2024 02:00;0;Όχι
16/07/2024 02:15;0;Όχι
16/07/2024 02:30;0;Όχι
16/07/2024 02:45;0;Όχι
16/07/2024 03:00;0;Όχι
16/07/2024 03:15;0;Όχι
16/07/2024 03:30;0;Όχι
16/07/2024 03:45;0;Όχι
16/07/2024 04:00;0;Όχι
16/07/2024 04:15;0;Όχι
16/07/2024 04:30;0;Όχι
16/07/2024 04:45;0;Όχι
16/07/2024 05:00;0;Όχι
16/07/2024 05:15;0;Όχι
16/07/2024 05:30;0;Όχι
16/07/2024 05:45;0;Όχι
16/07/2024 06:00;0;Όχι
16/07/2024 06:15;0;Όχι
16/07/2024 06:30;0;Όχι
16/07/2024 06:45;0;Όχι
16/07/2024 07:00;0;Όχι
16/07/2024 07:15;0;Όχι
16/07/2024 07:30;0;Όχι
16/07/2024 07:45;0;Όχι
16/07/2024 08:00;0;Όχι
16/07/2024 08:15;0;Όχι
16/07/2024 08:30;0;Όχι
16/07/2024 08:45;0;Όχι
16/07/2024 09:00;0;Όχι
16/07/2024 09:15;0;Όχι
16/07/2024 09:30;0;Όχι
16/07/2024 09:45;0;Όχι
16/07/2024 10:00;0;Όχι
16/07/2024 10:15;0;Όχι
16/07/2024 10:30;0;Όχι
16/07/2024 10:45;0;Όχι
16/07/2024 11:00;0;Όχι
16/07/2024 11:15;0;Όχι
16/07/2024 11:30;0;Όχι
16/07/2024 11:45;0;Όχι
16/07/2024 12:00;0;Όχι
16/07/2024 12:15;0;Όχι
16/07/2024 12:30;0;Όχι
16/07/2024 12:45;0;Όχι
16/07/2024 13:00;0;Όχι
16/07/2024 13:15;0;Όχι
16/07/2024 13:30;0;Όχι
16/07/2024 13:45;0;Όχι
16/07/2024 14:00;0;Όχι
16/07/2024 14:15;0;Όχι
16/07/2024 14:30;0;Όχι
16/07/2024 14:45;0;Όχι
16/07/2024 15:00;0;Όχι
16/07/2024 15:15;0;Όχι
16/07/2024 15:30;0;Όχι
16/07/2024 15:45;0;Όχι
16/07/2024 16:00;0;Όχι
16/07/2024 16:15;0;Όχι
16/07/2024 16:30;0;Όχι
16/07/2024 16:45;0;Όχι
16/07/2024 17:00;0;Όχι
16/07/2024 17:15;0;Όχι
16/07/2024 17:30;0;Όχι
16/07/2024 17:45;0;Όχι
16/07/2024 18:00;0;Όχι
16/07/2024 18:15;0;Όχι
16/07/2024 18:30;0;Όχι
16/07/2024 18:45;0;Όχι
16/07/2024 19:00;0;Όχι
16/07/2024 19:15;0;Όχι
16/07/2024 19:30;0;Όχι
16/07/2024 19:45;0;Όχι
16/07/2024 20:00;0;Όχι
16/07/2024 20:15;0;Όχι
16/07/2024 20:30;0;Όχι
16/07/2024 20:45;0;Όχι
16/07/2024 21:00;0;Όχι
16/07/2024 21:15;0;Όχι
16/07/2024 21:30;0;Όχι
16/07/2024 21:45;0;Όχι
16/07/2024 22:00;0;Όχι
16/07/2024 22:15;0;Όχι
16/07/2024 22:30;0;Όχι
16/07/2024 22:45;0;Όχι
16/07/2024 23:00;0;Όχι
16/07/2024 23:15;0;Όχι
16/07/2024 23:30;0;Όχι
16/07/2024 23:45;0;Όχι
17/07/2024 00:00;0;Όχι
17/07/2024 00:15;0;Όχι
17/07/2024 00:30;0;Όχι
17/07/2024 00:45;0;Όχι
17/07/2024 01:00;0;Όχι
17/07/2024 01:15;0;Όχι
17/07/2024 01:30;0;Όχι
17/07/2024 01:45;0;Όχι
17/07/2024 02:00;0;Όχι
17/07/2024 02:15;0;Όχι
17/07/2024 02:30;0;Όχι
17/07/2024 02:45;0;Όχι
17/07/2024 03:00;0;Όχι
17/07/2024 03:15;0;Όχι
17/07/2024 03:30;0;Όχι
17/07/2024 03:45;0;Όχι
17/07/2024 04:00;0;Όχι
17/07/2024 04:15;0;Όχι
17/07/2024 04:30;0;Όχι
17/07/2024 04:45;0;Όχι
17/07/2024 05:00;0;Όχι
17/07/2024 05:15;0;Όχι
17/07/2024 05:30;0;Όχι
17/07/2024 05:45;0;Όχι
17/07/2024 06:00;0;Όχι
17/07/2024 06:15;0;Όχι
17/07/2024 06:30;0;Όχι
17/07/2024 06:45;0;Όχι
17/07/2024 07:00;0;Όχι
17/07/2024 07:15;0;Όχι
17/07/2024 07:30;0;Όχι
17/07/2024 07:45;0;Όχι
17/07/2024 08:00;0;Όχι
17/07/2024 08:15;0;Όχι
17/07/2024 08:30;0;Όχι
17/07/2024 08:45;0;Όχι
17/07/2024 09:00;0;Όχι
17/07/2024 09:15;0;Όχι
17/07/2024 09:30;0;Όχι
17/07/2024 09:45;0;Όχι
17/07/2024 10:00;0;Όχι
17/07/2024 10:15;0;Όχι
17/07/2024 10:30;0;Όχι
17/07/2024 10:45;0;Όχι
17/07/2024 11:00;0;Όχι
17/07/2024 11:15;0;Όχι
17/07/2024 11:30;0;Όχι
17/07/2024 11:45;0;Όχι
17/07/2024 12:00;0;Όχι
17/07/2024 12:15;0;Όχι
17/07/2024 12:30;0;Όχι
17/07/2024 12:45;0;Όχι
17/07/2024 13:00;0;Όχι
17/07/2024 13:15;0;Όχι
17/07/2024 13:30;0;Όχι
17/07/2024 13:45;0;Όχι
17/07/2024 14:00;0;Όχι
17/07/2024 14:15;0;Όχι
17/07/2024 14:30;0;Όχι
17/07/2024 14:45;0;Όχι
17/07/2024 15:00;0;Όχι
17/07/2024 15:15;0;Όχι
17/07/2024 15:30;0;Όχι
17/07/2024 15:45;0;Όχι
17/07/2024 16:00;0;Όχι
17/07/2024 16:15;0;Όχι
17/07/2024 16:30;0;Όχι
17/07/2024 16:45;0;Όχι
17/07/2024 17:00;0;Όχι
17/07/2024 17:15;0;Όχι
17/07/2024 17:30;0;Όχι
17/07/2024 17:45;0;Όχι
17/07/2024 18:00;0;Όχι
17/07/2024 18:15;0;Όχι
17/07/2024 18:30;0;Όχι
17/07/2024 18:45;0;Όχι
17/07/2024 19:00;0;Όχι
17/07/2024 19:15;0;Όχι
17/07/2024 19:30;0;Όχι
17/07/2024 19:45;0;Όχι
17/07/2024 20:00;0;Όχι
17/07/2024 20:15;0;Όχι
17/07/2024 20:30;0;Όχι
17/07/2024 20:45;0;Όχι
17/07/2024 21:00;0;Όχι
17/07/2024 21:15;0;Όχι
17/07/2024 21:30;0;Όχι
17/07/2024 21:45;0;Όχι
17/07/2024 22:00;0;Όχι
17/07/2024 22:15;0;Όχι
17/07/2024 22:30;0;Όχι
17/07/2024 22:45;0;Όχι
17/07/2024 23:00;0;Όχι
17/07/2024 23:15;0;Όχι
17/07/2024 23:30;0;Όχι
17/07/2024 23:45;0;Όχι
18/07/2024 00:00;0;Όχι
18/07/2024 00:15;0;Όχι
18/07/2024 00:30;0;Όχι
18/07/2024 00:45;0;Όχι
18/07/2024 01:00;0;Όχι
18/07/2024 01:15;0;Όχι
18/07/2024 01:30;0;Όχι
18/07/2024 01:45;0;Όχι
18/07/2024 02:00;0;Όχι
18/07/2024 02:15;0;Όχι
18/07/2024 02:30;0;Όχι
18/07/2024 02:45;0;Όχι
18/07/2024 03:00;0;Όχι
18/07/2024 03:15;0;Όχι
18/07/2024 03:30;0;Όχι
18/07/2024 03:45;0;Όχι
18/07/2024 04:00;0;Όχι
18/07/2024 04:15;0;Όχι
18/07/2024 04:30;0;Όχι
18/07/2024 04:45;0;Όχι
18/07/2024 05:00;0;Όχι
18/07/2024 05:15;0;Όχι
18/07/2024 05:30;0;Όχι
18/07/2024 05:45;0;Όχι
18/07/2024 06:00;0;Όχι
18/07/2024 06:15;0;Όχι
18/07/2024 06:30;0;Όχι
18/07/2024 06:45;0;Όχι
18/07/2024 07:00;0;Όχι
18/07/2024 07:15;0;Όχι
18/07/2024 07:30;0;Όχι
18/07/2024 07:45;0;Όχι
18/07/2024 08:00;0,156;Όχι
18/07/2024 08:15;0,213;Όχι
18/07/2024 08:30;0,28;Όχι
18/07/2024 08:45;0,346;Όχι
18/07/2024 09:00;0,422;Όχι
18/07/2024 09:15;0,501;Όχι
18/07/2024 09:30;0,576;Όχι
18/07/2024 09:45;0,646;Όχι
18/07/2024 10:00;0,718;Όχι
18/07/2024 10:15;0,786;Όχι
18/07/2024 10:30;0,849;Όχι
18/07/2024 10:45;0,914;Όχι
18/07/2024 11:00;0,973;Όχι
18/07/2024 11:15;1,027;Όχι
18/07/2024 11:30;1,073;Όχι
18/07/2024 11:45;1,114;Όχι
18/07/2024 12:00;1,153;Όχι
18/07/2024 12:15;1,181;Όχι
18/07/2024 12:30;1,203;Όχι
18/07/2024 12:45;1,236;Όχι
18/07/2024 13:00;1,251;Όχι
18/07/2024 13:15;1,271;Όχι
18/07/2024 13:30;1,26;Όχι
18/07/2024 13:45;1,257;Όχι
18/07/2024 14:00;1,263;Όχι
18/07/2024 14:15;1,253;Όχι
18/07/2024 14:30;1,227;Όχι
18/07/2024 14:45;1,207;Όχι
18/07/2024 15:00;1,197;Όχι
18/07/2024 15:15;1,17;Όχι
18/07/2024 15:30;1,165;Όχι
18/07/2024 15:45;1,155;Όχι
18/07/2024 16:00;1,099;Όχι
18/07/2024 16:15;1,047;Όχι
18/07/2024 16:30;0,999;Όχι
18/07/2024 16:45;0,934;Όχι
18/07/2024 17:00;0,874;Όχι
18/07/2024 17:15;0,801;Όχι
18/07/2024 17:30;0,729;Όχι
18/07/2024 17:45;0,649;Όχι
18/07/2024 18:00;0,568;Όχι
18/07/2024 18:15;0,493;Όχι
18/07/2024 18:30;0,416;Όχι
18/07/2024 18:45;0,299;Όχι
18/07/2024 19:00;0,123;Όχι
18/07/2024 19:15;0,064;Όχι
18/07/2024 19:30;0,069;Όχι
18/07/2024 19:45;0,041;Όχι
18/07/2024 20:00;0,03;Όχι
18/07/2024 20:15;0,004;Όχι
18/07/2024 20:30;0;Όχι
18/07/2024 20:45;0;Όχι
18/07/2024 21:00;0;Όχι
18/07/2024 21:15;0;Όχι
18/07/2024 21:30;0;Όχι
18/07/2024 21:45;0;Όχι
18/07/2024 22:00;0;Όχι
18/07/2024 22:15;0;Όχι
18/07/2024 22:30;0;Όχι
18/07/2024 22:45;0;Όχι
18/07/2024 23:00;0;Όχι
18/07/2024 23:15;0;Όχι
18/07/2024 23:30;0;Όχι
18/07/2024 23:45;0;Όχι
19/07/2024 00:00;0;Όχι
19/07/2024 00:15;0;Όχι
19/07/2024 00:30;0;Όχι
19/07/2024 00:45;0;Όχι
19/07/2024 01:00;0;Όχι
19/07/2024 01:15;0;Όχι
19/07/2024 01:30;0;Όχι
19/07/2024 01:45;0;Όχι
19/07/2024 02:00;0;Όχι
19/07/2024 02:15;0;Όχι
19/07/2024 02:30;0;Όχι
19/07/2024 02:45;0;Όχι
19/07/2024 03:00;0;Όχι
19/07/2024 03:15;0;Όχι
19/07/2024 03:30;0;Όχι
19/07/2024 03:45;0;Όχι
19/07/2024 04:00;0;Όχι
19/07/2024 04:15;0;Όχι
19/07/2024 04:30;0;Όχι
19/07/2024 04:45;0;Όχι
19/07/2024 05:00;0;Όχι
19/07/2024 05:15;0;Όχι
19/07/2024 05:30;0;Όχι
19/07/2024 05:45;0;Όχι
19/07/2024 06:00;0;Όχι
19/07/2024 06:15;0;Όχι
19/07/2024 06:30;0;Όχι
19/07/2024 06:45;0,004;Όχι
19/07/2024 07:00;0,026;Όχι
19/07/2024 07:15;0,051;Όχι
19/07/2024 07:30;0,088;Όχι
19/07/2024 07:45;0,139;Όχι
19/07/2024 08:00;0,163;Όχι
19/07/2024 08:15;0,163;Όχι
19/07/2024 08:30;0,289;Όχι
19/07/2024 08:45;0,314;Όχι
19/07/2024 09:00;0,403;Όχι
19/07/2024 09:15;0,536;Όχι
19/07/2024 09:30;0,535;Όχι
19/07/2024 09:45;0,372;Όχι
19/07/2024 10:00;0,67;Όχι
19/07/2024 10:15;0,701;Όχι
19/07/2024 10:30;0,911;Όχι
19/07/2024 10:45;0,79;Όχι
19/07/2024 11:00;0,996;Όχι
19/07/2024 11:15;1,01;Όχι
19/07/2024 11:30;1,068;Όχι
19/07/2024 11:45;1,084;Όχι
19/07/2024 12:00;1,164;Όχι
19/07/2024 12:15;1,17;Όχι
19/07/2024 12:30;1,197;Όχι
19/07/2024 12:45;1,26;Όχι
19/07/2024 13:00;1,306;Όχι
19/07/2024 13:15;1,288;Όχι
19/07/2024 13:30;1,319;Όχι
19/07/2024 13:45;1,126;Όχι
19/07/2024 14:00;1,269;Όχι
19/07/2024 14:15;1,243;Όχι
19/07/2024 14:30;1,241;Όχι
19/07/2024 14:45;1,235;Όχι
19/07/2024 15:00;1,219;Όχι
19/07/2024 15:15;0,921;Όχι
19/07/2024 15:30;1,16;Όχι
19/07/2024 15:45;1,146;Όχι
19/07/2024 16:00;1,102;Όχι
19/07/2024 16:15;1,058;Όχι
19/07/2024 16:30;1,014;Όχι
19/07/2024 16:45;0,948;Όχι
19/07/2024 17:00;0,89;Όχι
19/07/2024 17:15;0,818;Όχι
19/07/2024 17:30;0,733;Όχι
19/07/2024 17:45;0,658;Όχι
19/07/2024 18:00;0,624;Όχι
19/07/2024 18:15;0,475;Όχι
19/07/2024 18:30;0,249;Όχι
19/07/2024 18:45;0,12;Όχι
19/07/2024 19:00;0,111;Όχι
19/07/2024 19:15;0,165;Όχι
19/07/2024 19:30;0,085;Όχι
19/07/2024 19:45;0,04;Όχι
19/07/2024 20:00;0,028;Όχι
19/07/2024 20:15;0,01;Όχι
19/07/2024 20:30;0,006;Όχι
19/07/2024 20:45;0;Όχι
19/07/2024 21:00;0;Όχι
19/07/2024 21:15;0;Όχι
19/07/2024 21:30;0;Όχι
19/07/2024 21:45;0;Όχι
19/07/2024 22:00;0;Όχι
19/07/2024 22:15;0;Όχι
19/07/2024 22:30;0;Όχι
19/07/2024 22:45;0;Όχι
19/07/2024 23:00;0;Όχι
19/07/2024 23:15;0;Όχι
19/07/2024 23:30;0;Όχι
19/07/2024 23:45;0;Όχι
20/07/2024 00:00;0;Όχι
20/07/2024 00:15;0;Όχι
20/07/2024 00:30;0;Όχι
20/07/2024 00:45;0;Όχι
20/07/2024 01:00;0;Όχι
20/07/2024 01:15;0;Όχι
20/07/2024 01:30;0;Όχι
20/07/2024 01:45;0;Όχι
20/07/2024 02:00;0;Όχι
20/07/2024 02:15;0;Όχι
20/07/2024 02:30;0;Όχι
20/07/2024 02:45;0;Όχι
20/07/2024 03:00;0;Όχι
20/07/2024 03:15;0;Όχι
20/07/2024 03:30;0;Όχι
20/07/2024 03:45;0;Όχι
20/07/2024 04:00;0;Όχι
20/07/2024 04:15;0;Όχι
20/07/2024 04:30;0;Όχι
20/07/2024 04:45;0;Όχι
20/07/2024 05:00;0;Όχι
20/07/2024 05:15;0;Όχι
20/07/2024 05:30;0;Όχι
20/07/2024 05:45;0;Όχι
20/07/2024 06:00;0;Όχι
20/07/2024 06:15;0;Όχι
20/07/2024 06:30;0;Όχι
20/07/2024 06:45;0,011;Όχι
20/07/2024 07:00;0,026;Όχι
20/07/2024 07:15;0,042;Όχι
20/07/2024 07:30;0,069;Όχι
20/07/2024 07:45;0,109;Όχι
20/07/2024 08:00;0,159;Όχι
20/07/2024 08:15;0,222;Όχι
20/07/2024 08:30;0,297;Όχι
20/07/2024 08:45;0,375;Όχι
20/07/2024 09:00;0,454;Όχι
20/07/2024 09:15;0,538;Όχι
20/07/2024 09:30;0,618;Όχι
20/07/2024 09:45;0,695;Όχι
20/07/2024 10:00;0,767;Όχι
20/07/2024 10:15;0,835;Όχι
20/07/2024 10:30;0,902;Όχι
20/07/2024 10:45;0,961;Όχι
20/07/2024 11:00;1,025;Όχι
20/07/2024 11:15;1,081;Όχι
20/07/2024 11:30;1,119;Όχι
20/07/2024 11:45;1,171;Όχι
20/07/2024 12:00;1,211;Όχι
20/07/2024 12:15;1,244;Όχι
20/07/2024 12:30;1,272;Όχι
20/07/2024 12:45;1,298;Όχι
20/07/2024 13:00;1,316;Όχι
20/07/2024 13:15;1,331;Όχι
20/07/2024 13:30;1,341;Όχι
20/07/2024 13:45;1,348;Όχι
20/07/2024 14:00;1,355;Όχι
20/07/2024 14:15;1,341;Όχι
20/07/2024 14:30;1,347;Όχι
20/07/2024 14:45;1,34;Όχι
20/07/2024 15:00;1,315;Όχι
20/07/2024 15:15;1,281;Όχι
20/07/2024 15:30;1,256;Όχι
20/07/2024 15:45;1,211;Όχι
20/07/2024 16:00;1,158;Όχι
20/07/2024 16:15;1,109;Όχι
20/07/2024 16:30;1,052;Όχι
20/07/2024 16:45;0,992;Όχι
20/07/2024 17:00;0,921;Όχι
20/07/2024 17:15;0,852;Όχι
20/07/2024 17:30;0,782;Όχι
20/07/2024 17:45;0,634;Όχι
20/07/2024 18:00;0,522;Όχι
20/07/2024 18:15;0,532;Όχι
20/07/2024 18:30;0,452;Όχι
20/07/2024 18:45;0,371;Όχι
20/07/2024 19:00;0,288;Όχι
20/07/2024 19:15;0,215;Όχι
20/07/2024 19:30;0,144;Όχι
20/07/2024 19:45;0,092;Όχι
20/07/2024 20:00;0,056;Όχι
20/07/2024 20:15;0,029;Όχι
20/07/2024 20:30;0,012;Όχι
20/07/2024 20:45;0,003;Όχι
20/07/2024 21:00;0;Όχι
20/07/2024 21:15;0;Όχι
20/07/2024 21:30;0;Όχι
20/07/2024 21:45;0;Όχι
20/07/2024 22:00;0;Όχι
20/07/2024 22:15;0;Όχι
20/07/2024 22:30;0;Όχι
20/07/2024 22:45;0;Όχι
20/07/2024 23:00;0;Όχι
20/07/2024 23:15;0;Όχι
20/07/2024 23:30;0;Όχι
20/07/2024 23:45;0;Όχι
21/07/2024 00:00;0;Όχι
21/07/2024 00:15;0;Όχι
21/07/2024 00:30;0;Όχι
21/07/2024 00:45;0;Όχι
21/07/2024 01:00;0;Όχι
21/07/2024 01:15;0;Όχι
21/07/2024 01:30;0;Όχι
21/07/2024 01:45;0;Όχι
21/07/2024 02:00;0;Όχι
21/07/2024 02:15;0;Όχι
21/07/2024 02:30;0;Όχι
21/07/2024 02:45;0;Όχι
21/07/2024 03:00;0;Όχι
21/07/2024 03:15;0;Όχι
21/07/2024 03:30;0;Όχι
21/07/2024 03:45;0;Όχι
21/07/2024 04:00;0;Όχι
21/07/2024 04:15;0;Όχι
21/07/2024 04:30;0;Όχι
21/07/2024 04:45;0;Όχι
21/07/2024 05:00;0;Όχι
21/07/2024 05:15;0;Όχι
21/07/2024 05:30;0;Όχι
21/07/2024 05:45;0;Όχι
21/07/2024 06:00;0;Όχι
21/07/2024 06:15;0;Όχι
21/07/2024 06:30;0;Όχι
21/07/2024 06:45;0,012;Όχι
21/07/2024 07:00;0,03;Όχι
21/07/2024 07:15;0,051;Όχι
21/07/2024 07:30;0,077;Όχι
21/07/2024 07:45;0,108;Όχι
21/07/2024 08:00;0,159;Όχι
21/07/2024 08:15;0,218;Όχι
21/07/2024 08:30;0,283;Όχι
21/07/2024 08:45;0,358;Όχι
21/07/2024 09:00;0,443;Όχι
21/07/2024 09:15;0,528;Όχι
21/07/2024 09:30;0,599;Όχι
21/07/2024 09:45;0,677;Όχι
21/07/2024 10:00;0,755;Όχι
21/07/2024 10:15;0,82;Όχι
21/07/2024 10:30;0,884;Όχι
21/07/2024 10:45;0,942;Όχι
21/07/2024 11:00;0,998;Όχι
21/07/2024 11:15;1,051;Όχι
21/07/2024 11:30;1,104;Όχι
21/07/2024 11:45;1,16;Όχι
21/07/2024 12:00;1,203;Όχι
21/07/2024 12:15;1,238;Όχι
21/07/2024 12:30;1,257;Όχι
21/07/2024 12:45;1,283;Όχι
21/07/2024 13:00;1,296;Όχι
21/07/2024 13:15;1,313;Όχι
21/07/2024 13:30;1,311;Όχι
21/07/2024 13:45;1,33;Όχι
21/07/2024 14:00;1,331;Όχι
21/07/2024 14:15;1,329;Όχι
21/07/2024 14:30;1,31;Όχι
21/07/2024 14:45;1,304;Όχι
21/07/2024 15:00;1,304;Όχι
21/07/2024 15:15;1,281;Όχι
21/07/2024 15:30;1,25;Όχι
21/07/2024 15:45;1,211;Όχι
21/07/2024 16:00;1,176;Όχι
21/07/2024 16:15;1,127;Όχι
21/07/2024 16:30;1,071;Όχι
21/07/2024 16:45;1,006;Όχι
21/07/2024 17:00;0,937;Όχι
21/07/2024 17:15;0,87;Όχι
21/07/2024 17:30;0,784;Όχι
21/07/2024 17:45;0,698;Όχι
21/07/2024 18:00;0,615;Όχι
21/07/2024 18:15;0,534;Όχι
21/07/2024 18:30;0,443;Όχι
21/07/2024 18:45;0,362;Όχι
21/07/2024 19:00;0,284;Όχι
21/07/2024 19:15;0,212;Όχι
21/07/2024 19:30;0,146;Όχι
21/07/2024 19:45;0,098;Όχι
21/07/2024 20:00;0,062;Όχι
21/07/2024 20:15;0,039;Όχι
21/07/2024 20:30;0,025;Όχι
21/07/2024 20:45;0,007;Όχι
21/07/2024 21:00;0;Όχι
21/07/2024 21:15;0;Όχι
21/07/2024 21:30;0;Όχι
21/07/2024 21:45;0;Όχι
21/07/2024 22:00;0;Όχι
21/07/2024 22:15;0;Όχι
21/07/2024 22:30;0;Όχι
21/07/2024 22:45;0;Όχι
21/07/2024 23:00;0;Όχι
21/07/2024 23:15;0;Όχι
21/07/2024 23:30;0;Όχι
21/07/2024 23:45;0;Όχι
22/07/2024 00:00;0;Όχι
22/07/2024 00:15;0;Όχι
22/07/2024 00:30;0;Όχι
22/07/2024 00:45;0;Όχι
22/07/2024 01:00;0;Όχι
22/07/2024 01:15;0;Όχι
22/07/2024 01:30;0;Όχι
22/07/2024 01:45;0;Όχι
22/07/2024 02:00;0;Όχι
22/07/2024 02:15;0;Όχι
22/07/2024 02:30;0;Όχι
22/07/2024 02:45;0;Όχι
22/07/2024 03:00;0;Όχι
22/07/2024 03:15;0;Όχι
22/07/2024 03:30;0;Όχι
22/07/2024 03:45;0;Όχι
22/07/2024 04:00;0;Όχι
22/07/2024 04:15;0;Όχι
22/07/2024 04:30;0;Όχι
22/07/2024 04:45;0;Όχι
22/07/2024 05:00;0;Όχι
22/07/2024 05:15;0;Όχι
22/07/2024 05:30;0;Όχι
22/07/2024 05:45;0;Όχι
22/07/2024 06:00;0;Όχι
22/07/2024 06:15;0;Όχι
22/07/2024 06:30;0;Όχι
22/07/2024 06:45;0,004;Όχι
22/07/2024 07:00;0,027;Όχι
22/07/2024 07:15;0,065;Όχι
22/07/2024 07:30;0,095;Όχι
22/07/2024 07:45;0,132;Όχι
22/07/2024 08:00;0,147;Όχι
22/07/2024 08:15;0,113;Όχι
22/07/2024 08:30;0,189;Όχι
22/07/2024 08:45;0,365;Όχι
22/07/2024 09:00;0,428;Όχι
22/07/2024 09:15;0,503;Όχι
22/07/2024 09:30;0,587;Όχι
22/07/2024 09:45;0,667;Όχι
22/07/2024 10:00;0,738;Όχι
22/07/2024 10:15;0,809;Όχι
22/07/2024 10:30;0,878;Όχι
22/07/2024 10:45;0,912;Όχι
22/07/2024 11:00;0,981;Όχι
22/07/2024 11:15;1,043;Όχι
22/07/2024 11:30;1,089;Όχι
22/07/2024 11:45;1,128;Όχι
22/07/2024 12:00;1,153;Όχι
22/07/2024 12:15;1,174;Όχι
22/07/2024 12:30;1,199;Όχι
22/07/2024 12:45;1,225;Όχι
22/07/2024 13:00;1,268;Όχι
22/07/2024 13:15;1,301;Όχι
22/07/2024 13:30;1,319;Όχι
22/07/2024 13:45;1,312;Όχι
22/07/2024 14:00;1,308;Όχι
22/07/2024 14:15;1,3;Όχι
22/07/2024 14:30;1,285;Όχι
22/07/2024 14:45;1,265;Όχι
22/07/2024 15:00;1,24;Όχι
22/07/2024 15:15;1,232;Όχι
22/07/2024 15:30;1,217;Όχι
22/07/2024 15:45;1,169;Όχι
22/07/2024 16:00;1,128;Όχι
22/07/2024 16:15;1,083;Όχι
22/07/2024 16:30;1,02;Όχι
22/07/2024 16:45;0,958;Όχι
22/07/2024 17:00;0,904;Όχι
22/07/2024 17:15;0,834;Όχι
22/07/2024 17:30;0,77;Όχι
22/07/2024 17:45;0,693;Όχι
22/07/2024 18:00;0,613;Όχι
22/07/2024 18:15;0,535;Όχι
22/07/2024 18:30;0,446;Όχι
22/07/2024 18:45;0,358;Όχι
22/07/2024 19:00;0,273;Όχι
22/07/2024 19:15;0,198;Όχι
22/07/2024 19:30;0,141;Όχι
22/07/2024 19:45;0,091;Όχι
22/07/2024 20:00;0,049;Όχι
22/07/2024 20:15;0,031;Όχι
22/07/2024 20:30;0,016;Όχι
22/07/2024 20:45;0,003;Όχι
22/07/2024 21:00;0;Όχι
22/07/2024 21:15;0;Όχι
22/07/2024 21:30;0;Όχι
22/07/2024 21:45;0;Όχι
22/07/2024 22:00;0;Όχι
22/07/2024 22:15;0;Όχι
22/07/2024 22:30;0;Όχι
22/07/2024 22:45;0;Όχι
22/07/2024 23:00;0;Όχι
22/07/2024 23:15;0;Όχι
22/07/2024 23:30;0;Όχι
22/07/2024 23:45;0;Όχι
23/07/2024 00:00;0;Όχι
23/07/2024 00:15;0;Όχι
23/07/2024 00:30;0;Όχι
23/07/2024 00:45;0;Όχι
23/07/2024 01:00;0;Όχι
23/07/2024 01:15;0;Όχι
23/07/2024 01:30;0;Όχι
23/07/2024 01:45;0;Όχι
23/07/2024 02:00;0;Όχι
23/07/2024 02:15;0;Όχι
23/07/2024 02:30;0;Όχι
23/07/2024 02:45;0;Όχι
23/07/2024 03:00;0;Όχι
23/07/2024 03:15;0;Όχι
23/07/2024 03:30;0;Όχι
23/07/2024 03:45;0;Όχι
23/07/2024 04:00;0;Όχι
23/07/2024 04:15;0;Όχι
23/07/2024 04:30;0;Όχι
23/07/2024 04:45;0;Όχι
23/07/2024 05:00;0;Όχι
23/07/2024 05:15;0;Όχι
23/07/2024 05:30;0;Όχι
23/07/2024 05:45;0;Όχι
23/07/2024 06:00;0;Όχι
23/07/2024 06:15;0;Όχι
23/07/2024 06:30;0,001;Όχι
23/07/2024 06:45;0,009;Όχι
23/07/2024 07:00;0,027;Όχι
23/07/2024 07:15;0,06;Όχι
23/07/2024 07:30;0,111;Όχι
23/07/2024 07:45;0,116;Όχι
23/07/2024 08:00;0,103;Όχι
23/07/2024 08:15;0,18;Όχι
23/07/2024 08:30;0,336;Όχι
23/07/2024 08:45;0,283;Όχι
23/07/2024 09:00;0,383;Όχι
23/07/2024 09:15;0,346;Όχι
23/07/2024 09:30;0,472;Όχι
23/07/2024 09:45;0,697;Όχι
23/07/2024 10:00;0,626;Όχι
23/07/2024 10:15;0,733;Όχι
23/07/2024 10:30;0,815;Όχι
23/07/2024 10:45;0,937;Όχι
23/07/2024 11:00;0,988;Όχι
23/07/2024 11:15;1,032;Όχι
23/07/2024 11:30;1,065;Όχι
23/07/2024 11:45;1,104;Όχι
23/07/2024 12:00;1,138;Όχι
23/07/2024 12:15;1,168;Όχι
23/07/2024 12:30;1,197;Όχι
23/07/2024 12:45;1,248;Όχι
23/07/2024 13:00;1,261;Όχι
23/07/2024 13:15;0,818;Όχι
23/07/2024 13:30;1,283;Όχι
23/07/2024 13:45;1,103;Όχι
23/07/2024 14:00;1,35;Όχι
23/07/2024 14:15;1,32;Όχι
23/07/2024 14:30;1,288;Όχι
23/07/2024 14:45;1,278;Όχι
23/07/2024 15:00;1,268;Όχι
23/07/2024 15:15;1,025;Όχι
23/07/2024 15:30;0,973;Όχι
23/07/2024 15:45;1,31;Όχι
23/07/2024 16:00;1,15;Όχι
23/07/2024 16:15;1,099;Όχι
23/07/2024 16:30;1,046;Όχι
23/07/2024 16:45;0,272;Όχι
23/07/2024 17:00;0,127;Όχι
23/07/2024 17:15;0,156;Όχι
23/07/2024 17:30;0,253;Όχι
23/07/2024 17:45;0,459;Όχι
23/07/2024 18:00;0,362;Όχι
23/07/2024 18:15;0,139;Όχι
23/07/2024 18:30;0,239;Όχι
23/07/2024 18:45;0,207;Όχι
23/07/2024 19:00;0,258;Όχι
23/07/2024 19:15;0,192;Όχι
23/07/2024 19:30;0,108;Όχι
23/07/2024 19:45;0,098;Όχι
23/07/2024 20:00;0,065;Όχι
23/07/2024 20:15;0,034;Όχι
23/07/2024 20:30;0,015;Όχι
23/07/2024 20:45;0,004;Όχι
23/07/2024 21:00;0;Όχι
23/07/2024 21:15;0;Όχι
23/07/2024 21:30;0;Όχι
23/07/2024 21:45;0;Όχι
23/07/2024 22:00;0;Όχι
23/07/2024 22:15;0;Όχι
23/07/2024 22:30;0;Όχι
23/07/2024 22:45;0;Όχι
23/07/2024 23:00;0;Όχι
23/07/2024 23:15;0;Όχι
23/07/2024 23:30;0;Όχι
23/07/2024 23:45;0;Όχι
24/07/2024 00:00;0;Όχι
24/07/2024 00:15;0;Όχι
24/07/2024 00:30;0;Όχι
24/07/2024 00:45;0;Όχι
24/07/2024 01:00;0;Όχι
24/07/2024 01:15;0;Όχι
24/07/2024 01:30;0;Όχι
24/07/2024 01:45;0;Όχι
24/07/2024 02:00;0;Όχι
24/07/2024 02:15;0;Όχι
24/07/2024 02:30;0;Όχι
24/07/2024 02:45;0;Όχι
24/07/2024 03:00;0;Όχι
24/07/2024 03:15;0;Όχι
24/07/2024 03:30;0;Όχι
24/07/2024 03:45;0;Όχι
24/07/2024 04:00;0;Όχι
24/07/2024 04:15;0;Όχι
24/07/2024 04:30;0;Όχι
24/07/2024 04:45;0;Όχι
24/07/2024 05:00;0;Όχι
24/07/2024 05:15;0;Όχι
24/07/2024 05:30;0;Όχι
24/07/2024 05:45;0;Όχι
24/07/2024 06:00;0;Όχι
24/07/2024 06:15;0;Όχι
24/07/2024 06:30;0;Όχι
24/07/2024 06:45;0,008;Όχι
24/07/2024 07:00;0,024;Όχι
24/07/2024 07:15;0,042;Όχι
24/07/2024 07:30;0,07;Όχι
24/07/2024 07:45;0,104;Όχι
24/07/2024 08:00;0,152;Όχι
24/07/2024 08:15;0,208;Όχι
24/07/2024 08:30;0,283;Όχι
24/07/2024 08:45;0,285;Όχι
24/07/2024 09:00;0,227;Όχι
24/07/2024 09:15;0,266;Όχι
24/07/2024 09:30;0,294;Όχι
24/07/2024 09:45;0,578;Όχι
24/07/2024 10:00;0,562;Όχι
24/07/2024 10:15;0,619;Όχι
24/07/2024 10:30;0,798;Όχι
24/07/2024 10:45;0,929;Όχι
24/07/2024 11:00;0,999;Όχι
24/07/2024 11:15;1,054;Όχι
24/07/2024 11:30;1,094;Όχι
24/07/2024 11:45;1,133;Όχι
24/07/2024 12:00;1,179;Όχι
24/07/2024 12:15;1,223;Όχι
24/07/2024 12:30;1,269;Όχι
24/07/2024 12:45;1,297;Όχι
24/07/2024 13:00;1,292;Όχι
24/07/2024 13:15;1,298;Όχι
24/07/2024 13:30;1,33;Όχι
24/07/2024 13:45;1,171;Όχι
24/07/2024 14:00;1,043;Όχι
24/07/2024 14:15;1,33;Όχι
24/07/2024 14:30;1,34;Όχι
24/07/2024 14:45;1,312;Όχι
24/07/2024 15:00;1,278;Όχι
24/07/2024 15:15;1,25;Όχι
24/07/2024 15:30;1,179;Όχι
24/07/2024 15:45;1,086;Όχι
24/07/2024 16:00;0,703;Όχι
24/07/2024 16:15;0,369;Όχι
24/07/2024 16:30;0,456;Όχι
24/07/2024 16:45;0,318;Όχι
24/07/2024 17:00;0,288;Όχι
24/07/2024 17:15;0,57;Όχι
24/07/2024 17:30;0,511;Όχι
24/07/2024 17:45;0,312;Όχι
24/07/2024 18:00;0,14;Όχι
24/07/2024 18:15;0,104;Όχι
24/07/2024 18:30;0,126;Όχι
24/07/2024 18:45;0,117;Όχι
24/07/2024 19:00;0,093;Όχι
24/07/2024 19:15;0,057;Όχι
24/07/2024 19:30;0,028;Όχι
24/07/2024 19:45;0,02;Όχι
24/07/2024 20:00;0,02;Όχι
24/07/2024 20:15;0,019;Όχι
24/07/2024 20:30;0,008;Όχι
24/07/2024 20:45;0,001;Όχι
24/07/2024 21:00;0;Όχι
24/07/2024 21:15;0;Όχι
24/07/2024 21:30;0;Όχι
24/07/2024 21:45;0;Όχι
24/07/2024 22:00;0;Όχι
24/07/2024 22:15;0;Όχι
24/07/2024 22:30;0;Όχι
24/07/2024 22:45;0;Όχι
24/07/2024 23:00;0;Όχι
24/07/2024 23:15;0;Όχι
24/07/2024 23:30;0;Όχι
24/07/2024 23:45;0;Όχι
25/07/2024 00:00;0;Όχι
25/07/2024 00:15;0;Όχι
25/07/2024 00:30;0;Όχι
25/07/2024 00:45;0;Όχι
25/07/2024 01:00;0;Όχι
25/07/2024 01:15;0;Όχι
25/07/2024 01:30;0;Όχι
25/07/2024 01:45;0;Όχι
25/07/2024 02:00;0;Όχι
25/07/2024 02:15;0;Όχι
25/07/2024 02:30;0;Όχι
25/07/2024 02:45;0;Όχι
25/07/2024 03:00;0;Όχι
25/07/2024 03:15;0;Όχι
25/07/2024 03:30;0;Όχι
25/07/2024 03:45;0;Όχι
25/07/2024 04:00;0;Όχι
25/07/2024 04:15;0;Όχι
25/07/2024 04:30;0;Όχι
25/07/2024 04:45;0;Όχι
25/07/2024 05:00;0;Όχι
25/07/2024 05:15;0;Όχι
25/07/2024 05:30;0;Όχι
25/07/2024 05:45;0;Όχι
25/07/2024 06:00;0;Όχι
25/07/2024 06:15;0;Όχι
25/07/2024 06:30;0;Όχι
25/07/2024 06:45;0,003;Όχι
25/07/2024 07:00;0,019;Όχι
25/07/2024 07:15;0,04;Όχι
25/07/2024 07:30;0,068;Όχι
25/07/2024 07:45;0,108;Όχι
25/07/2024 08:00;0,16;Όχι
25/07/2024 08:15;0,21;Όχι
25/07/2024 08:30;0,283;Όχι
25/07/2024 08:45;0,169;Όχι
25/07/2024 09:00;0,378;Όχι
25/07/2024 09:15;0,526;Όχι
25/07/2024 09:30;0,602;Όχι
25/07/2024 09:45;0,693;Όχι
25/07/2024 10:00;0,634;Όχι
25/07/2024 10:15;0,826;Όχι
25/07/2024 10:30;0,916;Όχι
25/07/2024 10:45;0,981;Όχι
25/07/2024 11:00;1,028;Όχι
25/07/2024 11:15;1,051;Όχι
25/07/2024 11:30;1,111;Όχι
25/07/2024 11:45;1,164;Όχι
25/07/2024 12:00;1,203;Όχι
25/07/2024 12:15;0,921;Όχι
25/07/2024 12:30;0,609;Όχι
25/07/2024 12:45;0,606;Όχι
25/07/2024 13:00;0,738;Όχι
25/07/2024 13:15;1,048;Όχι
25/07/2024 13:30;0,51;Όχι
25/07/2024 13:45;0,438;Όχι
25/07/2024 14:00;0,64;Όχι
25/07/2024 14:15;1,316;Όχι
25/07/2024 14:30;1,305;Όχι
25/07/2024 14:45;1,259;Όχι
25/07/2024 15:00;1,237;Όχι
25/07/2024 15:15;1,213;Όχι
25/07/2024 15:30;1,205;Όχι
25/07/2024 15:45;1,104;Όχι
25/07/2024 16:00;0,799;Όχι
25/07/2024 16:15;0,925;Όχι
25/07/2024 16:30;0,788;Όχι
25/07/2024 16:45;0,569;Όχι
25/07/2024 17:00;0,454;Όχι
25/07/2024 17:15;0,236;Όχι
25/07/2024 17:30;0,473;Όχι
25/07/2024 17:45;0,189;Όχι
25/07/2024 18:00;0,252;Όχι
25/07/2024 18:15;0,395;Όχι
25/07/2024 18:30;0,481;Όχι
25/07/2024 18:45;0,289;Όχι
25/07/2024 19:00;0,283;Όχι
25/07/2024 19:15;0,208;Όχι
25/07/2024 19:30;0,145;Όχι
25/07/2024 19:45;0,091;Όχι
25/07/2024 20:00;0,05;Όχι
25/07/2024 20:15;0,027;Όχι
25/07/2024 20:30;0,012;Όχι
25/07/2024 20:45;0,005;Όχι
25/07/2024 21:00;0;Όχι
25/07/2024 21:15;0;Όχι
25/07/2024 21:30;0;Όχι
25/07/2024 21:45;0;Όχι
25/07/2024 22:00;0;Όχι
25/07/2024 22:15;0;Όχι
25/07/2024 22:30;0;Όχι
25/07/2024 22:45;0;Όχι
25/07/2024 23:00;0;Όχι
25/07/2024 23:15;0;Όχι
25/07/2024 23:30;0;Όχι
25/07/2024 23:45;0;Όχι
26/07/2024 00:00;0;Όχι
26/07/2024 00:15;0;Όχι
26/07/2024 00:30;0;Όχι
26/07/2024 00:45;0;Όχι
26/07/2024 01:00;0;Όχι
26/07/2024 01:15;0;Όχι
26/07/2024 01:30;0;Όχι
26/07/2024 01:45;0;Όχι
26/07/2024 02:00;0;Όχι
26/07/2024 02:15;0;Όχι
26/07/2024 02:30;0;Όχι
26/07/2024 02:45;0;Όχι
26/07/2024 03:00;0;Όχι
26/07/2024 03:15;0;Όχι
26/07/2024 03:30;0;Όχι
26/07/2024 03:45;0;Όχι
26/07/2024 04:00;0;Όχι
26/07/2024 04:15;0;Όχι
26/07/2024 04:30;0;Όχι
26/07/2024 04:45;0;Όχι
26/07/2024 05:00;0;Όχι
26/07/2024 05:15;0;Όχι
26/07/2024 05:30;0;Όχι
26/07/2024 05:45;0;Όχι
26/07/2024 06:00;0;Όχι
26/07/2024 06:15;0;Όχι
26/07/2024 06:30;0;Όχι
26/07/2024 06:45;0,008;Όχι
26/07/2024 07:00;0,03;Όχι
26/07/2024 07:15;0,063;Όχι
26/07/2024 07:30;0,079;Όχι
26/07/2024 07:45;0,117;Όχι
26/07/2024 08:00;0,164;Όχι
26/07/2024 08:15;0,225;Όχι
26/07/2024 08:30;0,305;Όχι
26/07/2024 08:45;0,407;Όχι
26/07/2024 09:00;0,475;Όχι
26/07/2024 09:15;0,559;Όχι
26/07/2024 09:30;0,649;Όχι
26/07/2024 09:45;0,736;Όχι
26/07/2024 10:00;0,817;Όχι
26/07/2024 10:15;0,881;Όχι
26/07/2024 10:30;0,945;Όχι
26/07/2024 10:45;1,004;Όχι
26/07/2024 11:00;1,068;Όχι
26/07/2024 11:15;1,119;Όχι
26/07/2024 11:30;1,169;Όχι
26/07/2024 11:45;1,216;Όχι
26/07/2024 12:00;1,257;Όχι
26/07/2024 12:15;1,297;Όχι
26/07/2024 12:30;1,333;Όχι
26/07/2024 12:45;1,363;Όχι
26/07/2024 13:00;1,378;Όχι
26/07/2024 13:15;1,393;Όχι
26/07/2024 13:30;1,388;Όχι
26/07/2024 13:45;1,382;Όχι
26/07/2024 14:00;1,365;Όχι
26/07/2024 14:15;1,361;Όχι
26/07/2024 14:30;1,33;Όχι
26/07/2024 14:45;1,304;Όχι
26/07/2024 15:00;1,278;Όχι
26/07/2024 15:15;1,25;Όχι
26/07/2024 15:30;1,218;Όχι
26/07/2024 15:45;1,173;Όχι
26/07/2024 16:00;1,126;Όχι
26/07/2024 16:15;1,086;Όχι
26/07/2024 16:30;1,025;Όχι
26/07/2024 16:45;0,965;Όχι
26/07/2024 17:00;0,901;Όχι
26/07/2024 17:15;0,836;Όχι
26/07/2024 17:30;0,768;Όχι
26/07/2024 17:45;0,696;Όχι
26/07/2024 18:00;0,616;Όχι
26/07/2024 18:15;0,533;Όχι
26/07/2024 18:30;0,447;Όχι
26/07/2024 18:45;0,366;Όχι
26/07/2024 19:00;0,287;Όχι
26/07/2024 19:15;0,212;Όχι
26/07/2024 19:30;0,143;Όχι
26/07/2024 19:45;0,09;Όχι
26/07/2024 20:00;0,052;Όχι
26/07/2024 20:15;0,03;Όχι
26/07/2024 20:30;0,016;Όχι
26/07/2024 20:45;0,004;Όχι
26/07/2024 21:00;0;Όχι
26/07/2024 21:15;0;Όχι
26/07/2024 21:30;0;Όχι
26/07/2024 21:45;0;Όχι
26/07/2024 22:00;0;Όχι
26/07/2024 22:15;0;Όχι
26/07/2024 22:30;0;Όχι
26/07/2024 22:45;0;Όχι
26/07/2024 23:00;0;Όχι
26/07/2024 23:15;0;Όχι
26/07/2024 23:30;0;Όχι
26/07/2024 23:45;0;Όχι
27/07/2024 00:00;0;Όχι
27/07/2024 00:15;0;Όχι
27/07/2024 00:30;0;Όχι
27/07/2024 00:45;0;Όχι
27/07/2024 01:00;0;Όχι
27/07/2024 01:15;0;Όχι
27/07/2024 01:30;0;Όχι
27/07/2024 01:45;0;Όχι
27/07/2024 02:00;0;Όχι
27/07/2024 02:15;0;Όχι
27/07/2024 02:30;0;Όχι
27/07/2024 02:45;0;Όχι
27/07/2024 03:00;0;Όχι
27/07/2024 03:15;0;Όχι
27/07/2024 03:30;0;Όχι
27/07/2024 03:45;0;Όχι
27/07/2024 04:00;0;Όχι
27/07/2024 04:15;0;Όχι
27/07/2024 04:30;0;Όχι
27/07/2024 04:45;0;Όχι
27/07/2024 05:00;0;Όχι
27/07/2024 05:15;0;Όχι
27/07/2024 05:30;0;Όχι
27/07/2024 05:45;0;Όχι
27/07/2024 06:00;0;Όχι
27/07/2024 06:15;0;Όχι
27/07/2024 06:30;0;Όχι
27/07/2024 06:45;0,006;Όχι
27/07/2024 07:00;0,02;Όχι
27/07/2024 07:15;0,033;Όχι
27/07/2024 07:30;0,056;Όχι
27/07/2024 07:45;0,095;Όχι
27/07/2024 08:00;0,151;Όχι
27/07/2024 08:15;0,219;Όχι
27/07/2024 08:30;0,297;Όχι
27/07/2024 08:45;0,383;Όχι
27/07/2024 09:00;0,468;Όχι
27/07/2024 09:15;0,553;Όχι
27/07/2024 09:30;0,642;Όχι
27/07/2024 09:45;0,727;Όχι
27/07/2024 10:00;0,809;Όχι
27/07/2024 10:15;0,883;Όχι
27/07/2024 10:30;0,953;Όχι
27/07/2024 10:45;1,017;Όχι
27/07/2024 11:00;1,085;Όχι
27/07/2024 11:15;1,131;Όχι
27/07/2024 11:30;1,173;Όχι
27/07/2024 11:45;1,209;Όχι
27/07/2024 12:00;1,229;Όχι
27/07/2024 12:15;1,262;Όχι
27/07/2024 12:30;1,285;Όχι
27/07/2024 12:45;1,314;Όχι
27/07/2024 13:00;1,324;Όχι
27/07/2024 13:15;1,328;Όχι
27/07/2024 13:30;1,33;Όχι
27/07/2024 13:45;1,366;Όχι
27/07/2024 14:00;1,374;Όχι
27/07/2024 14:15;1,359;Όχι
27/07/2024 14:30;1,368;Όχι
27/07/2024 14:45;1,329;Όχι
27/07/2024 15:00;1,299;Όχι
27/07/2024 15:15;1,282;Όχι
27/07/2024 15:30;1,233;Όχι
27/07/2024 15:45;1,19;Όχι
27/07/2024 16:00;1,16;Όχι
27/07/2024 16:15;1,103;Όχι
27/07/2024 16:30;1,058;Όχι
27/07/2024 16:45;1,008;Όχι
27/07/2024 17:00;0,942;Όχι
27/07/2024 17:15;0,866;Όχι
27/07/2024 17:30;0,793;Όχι
27/07/2024 17:45;0,711;Όχι
27/07/2024 18:00;0,631;Όχι
27/07/2024 18:15;0,551;Όχι
27/07/2024 18:30;0,466;Όχι
27/07/2024 18:45;0,372;Όχι
27/07/2024 19:00;0,288;Όχι
27/07/2024 19:15;0,208;Όχι
27/07/2024 19:30;0,139;Όχι
27/07/2024 19:45;0,086;Όχι
27/07/2024 20:00;0,049;Όχι
27/07/2024 20:15;0,027;Όχι
27/07/2024 20:30;0,014;Όχι
27/07/2024 20:45;0,003;Όχι
27/07/2024 21:00;0;Όχι
27/07/2024 21:15;0;Όχι
27/07/2024 21:30;0;Όχι
27/07/2024 21:45;0;Όχι
27/07/2024 22:00;0;Όχι
27/07/2024 22:15;0;Όχι
27/07/2024 22:30;0;Όχι
27/07/2024 22:45;0;Όχι
27/07/2024 23:00;0;Όχι
27/07/2024 23:15;0;Όχι
27/07/2024 23:30;0;Όχι
27/07/2024 23:45;0;Όχι
28/07/2024 00:00;0;Όχι
28/07/2024 00:15;0;Όχι
28/07/2024 00:30;0;Όχι
28/07/2024 00:45;0;Όχι
28/07/2024 01:00;0;Όχι
28/07/2024 01:15;0;Όχι
28/07/2024 01:30;0;Όχι
28/07/2024 01:45;0;Όχι
28/07/2024 02:00;0;Όχι
28/07/2024 02:15;0;Όχι
28/07/2024 02:30;0;Όχι
28/07/2024 02:45;0;Όχι
28/07/2024 03:00;0;Όχι
28/07/2024 03:15;0;Όχι
28/07/2024 03:30;0;Όχι
28/07/2024 03:45;0;Όχι
28/07/2024 04:00;0;Όχι
28/07/2024 04:15;0;Όχι
28/07/2024 04:30;0;Όχι
28/07/2024 04:45;0;Όχι
28/07/2024 05:00;0;Όχι
28/07/2024 05:15;0;Όχι
28/07/2024 05:30;0;Όχι
28/07/2024 05:45;0;Όχι
28/07/2024 06:00;0;Όχι
28/07/2024 06:15;0;Όχι
28/07/2024 06:30;0;Όχι
28/07/2024 06:45;0,005;Όχι
28/07/2024 07:00;0,02;Όχι
28/07/2024 07:15;0,035;Όχι
28/07/2024 07:30;0,06;Όχι
28/07/2024 07:45;0,103;Όχι
28/07/2024 08:00;0,156;Όχι
28/07/2024 08:15;0,215;Όχι
28/07/2024 08:30;0,287;Όχι
28/07/2024 08:45;0,37;Όχι
28/07/2024 09:00;0,454;Όχι
28/07/2024 09:15;0,541;Όχι
28/07/2024 09:30;0,624;Όχι
28/07/2024 09:45;0,705;Όχι
28/07/2024 10:00;0,782;Όχι
28/07/2024 10:15;0,849;Όχι
28/07/2024 10:30;0,914;Όχι
28/07/2024 10:45;0,974;Όχι
28/07/2024 11:00;1,032;Όχι
28/07/2024 11:15;1,099;Όχι
28/07/2024 11:30;1,15;Όχι
28/07/2024 11:45;1,193;Όχι
28/07/2024 12:00;1,226;Όχι
28/07/2024 12:15;1,252;Όχι
28/07/2024 12:30;1,279;Όχι
28/07/2024 12:45;1,296;Όχι
28/07/2024 13:00;1,311;Όχι
28/07/2024 13:15;1,329;Όχι
28/07/2024 13:30;1,351;Όχι
28/07/2024 13:45;1,358;Όχι
28/07/2024 14:00;1,355;Όχι
28/07/2024 14:15;1,345;Όχι
28/07/2024 14:30;1,334;Όχι
28/07/2024 14:45;1,312;Όχι
28/07/2024 15:00;1,294;Όχι
28/07/2024 15:15;1,268;Όχι
28/07/2024 15:30;1,232;Όχι
28/07/2024 15:45;1,194;Όχι
28/07/2024 16:00;1,152;Όχι
28/07/2024 16:15;1,127;Όχι
28/07/2024 16:30;1,075;Όχι
28/07/2024 16:45;1,021;Όχι
28/07/2024 17:00;0,95;Όχι
28/07/2024 17:15;0,875;Όχι
28/07/2024 17:30;0,801;Όχι
28/07/2024 17:45;0,719;Όχι
28/07/2024 18:00;0,635;Όχι
28/07/2024 18:15;0,545;Όχι
28/07/2024 18:30;0,454;Όχι
28/07/2024 18:45;0,362;Όχι
28/07/2024 19:00;0,281;Όχι
28/07/2024 19:15;0,204;Όχι
28/07/2024 19:30;0,136;Όχι
28/07/2024 19:45;0,082;Όχι
28/07/2024 20:00;0,045;Όχι
28/07/2024 20:15;0,024;Όχι
28/07/2024 20:30;0,011;Όχι
28/07/2024 20:45;0,002;Όχι
28/07/2024 21:00;0;Όχι
28/07/2024 21:15;0;Όχι
28/07/2024 21:30;0;Όχι
28/07/2024 21:45;0;Όχι
28/07/2024 22:00;0;Όχι
28/07/2024 22:15;0;Όχι
28/07/2024 22:30;0;Όχι
28/07/2024 22:45;0;Όχι
28/07/2024 23:00;0;Όχι
28/07/2024 23:15;0;Όχι
28/07/2024 23:30;0;Όχι
28/07/2024 23:45;0;Όχι
29/07/2024 00:00;0;Όχι
29/07/2024 00:15;0;Όχι
29/07/2024 00:30;0;Όχι
29/07/2024 00:45;0;Όχι
29/07/2024 01:00;0;Όχι
29/07/2024 01:15;0;Όχι
29/07/2024 01:30;0;Όχι
29/07/2024 01:45;0;Όχι
29/07/2024 02:00;0;Όχι
29/07/2024 02:15;0;Όχι
29/07/2024 02:30;0;Όχι
29/07/2024 02:45;0;Όχι
29/07/2024 03:00;0;Όχι
29/07/2024 03:15;0;Όχι
29/07/2024 03:30;0;Όχι
29/07/2024 03:45;0;Όχι
29/07/2024 04:00;0;Όχι
29/07/2024 04:15;0;Όχι
29/07/2024 04:30;0;Όχι
29/07/2024 04:45;0;Όχι
29/07/2024 05:00;0;Όχι
29/07/2024 05:15;0;Όχι
29/07/2024 05:30;0;Όχι
29/07/2024 05:45;0;Όχι
29/07/2024 06:00;0;Όχι
29/07/2024 06:15;0;Όχι
29/07/2024 06:30;0;Όχι
29/07/2024 06:45;0,004;Όχι
29/07/2024 07:00;0,017;Όχι
29/07/2024 07:15;0,029;Όχι
29/07/2024 07:30;0,054;Όχι
29/07/2024 07:45;0,097;Όχι
29/07/2024 08:00;0,154;Όχι
29/07/2024 08:15;0,212;Όχι
29/07/2024 08:30;0,284;Όχι
29/07/2024 08:45;0,363;Όχι
29/07/2024 09:00;0,447;Όχι
29/07/2024 09:15;0,53;Όχι
29/07/2024 09:30;0,613;Όχι
29/07/2024 09:45;0,693;Όχι
29/07/2024 10:00;0,77;Όχι
29/07/2024 10:15;0,838;Όχι
29/07/2024 10:30;0,907;Όχι
29/07/2024 10:45;0,97;Όχι
29/07/2024 11:00;1,026;Όχι
29/07/2024 11:15;1,081;Όχι
29/07/2024 11:30;1,133;Όχι
29/07/2024 11:45;1,172;Όχι
29/07/2024 12:00;1,203;Όχι
29/07/2024 12:15;1,235;Όχι
29/07/2024 12:30;1,276;Όχι
29/07/2024 12:45;1,298;Όχι
29/07/2024 13:00;1,313;Όχι
29/07/2024 13:15;1,321;Όχι
29/07/2024 13:30;1,332;Όχι
29/07/2024 13:45;1,34;Όχι
29/07/2024 14:00;1,348;Όχι
29/07/2024 14:15;1,336;Όχι
29/07/2024 14:30;1,333;Όχι
29/07/2024 14:45;1,299;Όχι
29/07/2024 15:00;1,275;Όχι
29/07/2024 15:15;1,241;Όχι
29/07/2024 15:30;1,211;Όχι
29/07/2024 15:45;1,169;Όχι
29/07/2024 16:00;1,126;Όχι
29/07/2024 16:15;1,08;Όχι
29/07/2024 16:30;1,023;Όχι
29/07/2024 16:45;0,966;Όχι
29/07/2024 17:00;0,899;Όχι
29/07/2024 17:15;0,825;Όχι
29/07/2024 17:30;0,746;Όχι
29/07/2024 17:45;0,668;Όχι
29/07/2024 18:00;0,594;Όχι
29/07/2024 18:15;0,518;Όχι
29/07/2024 18:30;0,437;Όχι
29/07/2024 18:45;0,354;Όχι
29/07/2024 19:00;0,27;Όχι
29/07/2024 19:15;0,195;Όχι
29/07/2024 19:30;0,131;Όχι
29/07/2024 19:45;0,082;Όχι
29/07/2024 20:00;0,047;Όχι
29/07/2024 20:15;0,027;Όχι
29/07/2024 20:30;0,012;Όχι
29/07/2024 20:45;0,002;Όχι
29/07/2024 21:00;0;Όχι
29/07/2024 21:15;0;Όχι
29/07/2024 21:30;0;Όχι
29/07/2024 21:45;0;Όχι
29/07/2024 22:00;0;Όχι
29/07/2024 22:15;0;Όχι
29/07/2024 22:30;0;Όχι
29/07/2024 22:45;0;Όχι
29/07/2024 23:00;0;Όχι
29/07/2024 23:15;0;Όχι
29/07/2024 23:30;0;Όχι
29/07/2024 23:45;0;Όχι
30/07/2024 00:00;0;Όχι
30/07/2024 00:15;0;Όχι
30/07/2024 00:30;0;Όχι
30/07/2024 00:45;0;Όχι
30/07/2024 01:00;0;Όχι
30/07/2024 01:15;0;Όχι
30/07/2024 01:30;0;Όχι
30/07/2024 01:45;0;Όχι
30/07/2024 02:00;0;Όχι
30/07/2024 02:15;0;Όχι
30/07/2024 02:30;0;Όχι
30/07/2024 02:45;0;Όχι
30/07/2024 03:00;0;Όχι
30/07/2024 03:15;0;Όχι
30/07/2024 03:30;0;Όχι
30/07/2024 03:45;0;Όχι
30/07/2024 04:00;0;Όχι
30/07/2024 04:15;0;Όχι
30/07/2024 04:30;0;Όχι
30/07/2024 04:45;0;Όχι
30/07/2024 05:00;0;Όχι
30/07/2024 05:15;0;Όχι
30/07/2024 05:30;0;Όχι
30/07/2024 05:45;0;Όχι
30/07/2024 06:00;0;Όχι
30/07/2024 06:15;0;Όχι
30/07/2024 06:30;0;Όχι
30/07/2024 06:45;0,002;Όχι
30/07/2024 07:00;0,016;Όχι
30/07/2024 07:15;0,032;Όχι
30/07/2024 07:30;0,054;Όχι
30/07/2024 07:45;0,091;Όχι
30/07/2024 08:00;0,143;Όχι
30/07/2024 08:15;0,207;Όχι
30/07/2024 08:30;0,281;Όχι
30/07/2024 08:45;0,363;Όχι
30/07/2024 09:00;0,451;Όχι
30/07/2024 09:15;0,54;Όχι
30/07/2024 09:30;0,626;Όχι
30/07/2024 09:45;0,712;Όχι
30/07/2024 10:00;0,791;Όχι
30/07/2024 10:15;0,868;Όχι
30/07/2024 10:30;0,94;Όχι
30/07/2024 10:45;1,022;Όχι
30/07/2024 11:00;1,088;Όχι
30/07/2024 11:15;1,144;Όχι
30/07/2024 11:30;1,194;Όχι
30/07/2024 11:45;1,246;Όχι
30/07/2024 12:00;1,287;Όχι
30/07/2024 12:15;1,318;Όχι
30/07/2024 12:30;1,344;Όχι
30/07/2024 12:45;1,374;Όχι
30/07/2024 13:00;1,396;Όχι
30/07/2024 13:15;1,393;Όχι
30/07/2024 13:30;1,384;Όχι
30/07/2024 13:45;1,381;Όχι
30/07/2024 14:00;1,381;Όχι
30/07/2024 14:15;1,369;Όχι
30/07/2024 14:30;1,349;Όχι
30/07/2024 14:45;1,326;Όχι
30/07/2024 15:00;1,303;Όχι
30/07/2024 15:15;1,259;Όχι
30/07/2024 15:30;1,22;Όχι
30/07/2024 15:45;1,184;Όχι
30/07/2024 16:00;1,137;Όχι
30/07/2024 16:15;1,082;Όχι
30/07/2024 16:30;1,032;Όχι
30/07/2024 16:45;0,974;Όχι
30/07/2024 17:00;0,915;Όχι
30/07/2024 17:15;0,851;Όχι
30/07/2024 17:30;0,775;Όχι
30/07/2024 17:45;0,683;Όχι
30/07/2024 18:00;0,605;Όχι
30/07/2024 18:15;0,516;Όχι
30/07/2024 18:30;0,428;Όχι
30/07/2024 18:45;0,338;Όχι
30/07/2024 19:00;0,264;Όχι
30/07/2024 19:15;0,195;Όχι
30/07/2024 19:30;0,131;Όχι
30/07/2024 19:45;0,084;Όχι
30/07/2024 20:00;0,05;Όχι
30/07/2024 20:15;0,027;Όχι
30/07/2024 20:30;0,011;Όχι
30/07/2024 20:45;0,002;Όχι
30/07/2024 21:00;0;Όχι
30/07/2024 21:15;0;Όχι
30/07/2024 21:30;0;Όχι
30/07/2024 21:45;0;Όχι
30/07/2024 22:00;0;Όχι
30/07/2024 22:15;0;Όχι
30/07/2024 22:30;0;Όχι
30/07/2024 22:45;0;Όχι
30/07/2024 23:00;0;Όχι
30/07/2024 23:15;0;Όχι
30/07/2024 23:30;0;Όχι
30/07/2024 23:45;0;Όχι
31/07/2024 00:00;0;Όχι
31/07/2024 00:15;0;Όχι
31/07/2024 00:30;0;Όχι
31/07/2024 00:45;0;Όχι
31/07/2024 01:00;0;Όχι
31/07/2024 01:15;0;Όχι
31/07/2024 01:30;0;Όχι
31/07/2024 01:45;0;Όχι
31/07/2024 02:00;0;Όχι
31/07/2024 02:15;0;Όχι
31/07/2024 02:30;0;Όχι
31/07/2024 02:45;0;Όχι
31/07/2024 03:00;0;Όχι
31/07/2024 03:15;0;Όχι
31/07/2024 03:30;0;Όχι
31/07/2024 03:45;0;Όχι
31/07/2024 04:00;0;Όχι
31/07/2024 04:15;0;Όχι
31/07/2024 04:30;0;Όχι
31/07/2024 04:45;0;Όχι
31/07/2024 05:00;0;Όχι
31/07/2024 05:15;0;Όχι
31/07/2024 05:30;0;Όχι
31/07/2024 05:45;0;Όχι
31/07/2024 06:00;0;Όχι
31/07/2024 06:15;0;Όχι
31/07/2024 06:30;0;Όχι
31/07/2024 06:45;0,002;Όχι
31/07/2024 07:00;0,014;Όχι
31/07/2024 07:15;0,033;Όχι
31/07/2024 07:30;0,052;Όχι
31/07/2024 07:45;0,093;Όχι
31/07/2024 08:00;0,179;Όχι
31/07/2024 08:15;0,214;Όχι
31/07/2024 08:30;0,344;Όχι
31/07/2024 08:45;0,365;Όχι
31/07/2024 09:00;0,426;Όχι
31/07/2024 09:15;0,471;Όχι
31/07/2024 09:30;0,534;Όχι
31/07/2024 09:45;0,676;Όχι
31/07/2024 10:00;0,755;Όχι
31/07/2024 10:15;0,821;Όχι
31/07/2024 10:30;0,892;Όχι
31/07/2024 10:45;0,961;Όχι
31/07/2024 11:00;1,028;Όχι
31/07/2024 11:15;1,082;Όχι
31/07/2024 11:30;1,13;Όχι
31/07/2024 11:45;1,18;Όχι
31/07/2024 12:00;1,221;Όχι
31/07/2024 12:15;1,251;Όχι
31/07/2024 12:30;1,263;Όχι
31/07/2024 12:45;1,28;Όχι
31/07/2024 13:00;1,301;Όχι
31/07/2024 13:15;1,321;Όχι
31/07/2024 13:30;1,346;Όχι
31/07/2024 13:45;1,356;Όχι
31/07/2024 14:00;1,348;Όχι
31/07/2024 14:15;1,347;Όχι
31/07/2024 14:30;1,337;Όχι
31/07/2024 14:45;1,324;Όχι
31/07/2024 15:00;1,307;Όχι
31/07/2024 15:15;1,285;Όχι
31/07/2024 15:30;1,254;Όχι
31/07/2024 15:45;1,213;Όχι
31/07/2024 16:00;1,16;Όχι
31/07/2024 16:15;1,108;Όχι
31/07/2024 16:30;1,052;Όχι
31/07/2024 16:45;0,99;Όχι
31/07/2024 17:00;0,919;Όχι
31/07/2024 17:15;0,844;Όχι
31/07/2024 17:30;0,77;Όχι
31/07/2024 17:45;0,696;Όχι
31/07/2024 18:00;0,61;Όχι
31/07/2024 18:15;0,524;Όχι
31/07/2024 18:30;0,438;Όχι
31/07/2024 18:45;0,353;Όχι
31/07/2024 19:00;0,272;Όχι
31/07/2024 19:15;0,195;Όχι
31/07/2024 19:30;0,129;Όχι
31/07/2024 19:45;0,082;Όχι
31/07/2024 20:00;0,048;Όχι
31/07/2024 20:15;0,027;Όχι
31/07/2024 20:30;0,012;Όχι
31/07/2024 20:45;0,002;Όχι
31/07/2024 21:00;0;Όχι
31/07/2024 21:15;0;Όχι
31/07/2024 21:30;0;Όχι
31/07/2024 21:45;0;Όχι
31/07/2024 22:00;0;Όχι
31/07/2024 22:15;0;Όχι
31/07/2024 22:30;0;Όχι
31/07/2024 22:45;0;Όχι
31/07/2024 23:00;0;Όχι
31/07/2024 23:15;0;Όχι
31/07/2024 23:30;0;Όχι
31/07/2024 23:45;0;Όχι
01/08/2024 00:00;0;Όχι
01/08/2024 00:15;0;Όχι
01/08/2024 00:30;0;Όχι
01/08/2024 00:45;0;Όχι
01/08/2024 01:00;0;Όχι
01/08/2024 01:15;0;Όχι
01/08/2024 01:30;0;Όχι
01/08/2024 01:45;0;Όχι
01/08/2024 02:00;0;Όχι
01/08/2024 02:15;0;Όχι
01/08/2024 02:30;0;Όχι
01/08/2024 02:45;0;Όχι
01/08/2024 03:00;0;Όχι
01/08/2024 03:15;0;Όχι
01/08/2024 03:30;0;Όχι
01/08/2024 03:45;0;Όχι
01/08/2024 04:00;0;Όχι
01/08/2024 04:15;0;Όχι
01/08/2024 04:30;0;Όχι
01/08/2024 04:45;0;Όχι
01/08/2024 05:00;0;Όχι
01/08/2024 05:15;0;Όχι
01/08/2024 05:30;0;Όχι
01/08/2024 05:45;0;Όχι
01/08/2024 06:00;0;Όχι
01/08/2024 06:15;0;Όχι
01/08/2024 06:30;0;Όχι
01/08/2024 06:45;0,003;Όχι
01/08/2024 07:00;0,018;Όχι
01/08/2024 07:15;0,034;Όχι
01/08/2024 07:30;0,06;Όχι
01/08/2024 07:45;0,101;Όχι
01/08/2024 08:00;0,153;Όχι
01/08/2024 08:15;0,208;Όχι
01/08/2024 08:30;0,275;Όχι
01/08/2024 08:45;0,353;Όχι
01/08/2024 09:00;0,432;Όχι
01/08/2024 09:15;0,512;Όχι
01/08/2024 09:30;0,594;Όχι
01/08/2024 09:45;0,675;Όχι
01/08/2024 10:00;0,747;Όχι
01/08/2024 10:15;0,815;Όχι
01/08/2024 10:30;0,884;Όχι
01/08/2024 10:45;0,953;Όχι
01/08/2024 11:00;1,014;Όχι
01/08/2024 11:15;1,069;Όχι
01/08/2024 11:30;1,13;Όχι
01/08/2024 11:45;1,169;Όχι
01/08/2024 12:00;1,208;Όχι
01/08/2024 12:15;1,246;Όχι
01/08/2024 12:30;1,267;Όχι
01/08/2024 12:45;1,281;Όχι
01/08/2024 13:00;1,296;Όχι
01/08/2024 13:15;1,313;Όχι
01/08/2024 13:30;1,321;Όχι
01/08/2024 13:45;1,331;Όχι
01/08/2024 14:00;1,325;Όχι
01/08/2024 14:15;1,329;Όχι
01/08/2024 14:30;1,32;Όχι
01/08/2024 14:45;1,301;Όχι
01/08/2024 15:00;1,291;Όχι
01/08/2024 15:15;1,262;Όχι
01/08/2024 15:30;1,219;Όχι
01/08/2024 15:45;1,19;Όχι
01/08/2024 16:00;1,156;Όχι
01/08/2024 16:15;1,114;Όχι
01/08/2024 16:30;1,072;Όχι
01/08/2024 16:45;1,013;Όχι
01/08/2024 17:00;0,942;Όχι
01/08/2024 17:15;0,873;Όχι
01/08/2024 17:30;0,798;Όχι
01/08/2024 17:45;0,713;Όχι
01/08/2024 18:00;0,626;Όχι
01/08/2024 18:15;0,537;Όχι
01/08/2024 18:30;0,45;Όχι
01/08/2024 18:45;0,359;Όχι
01/08/2024 19:00;0,271;Όχι
01/08/2024 19:15;0,191;Όχι
01/08/2024 19:30;0,124;Όχι
01/08/2024 19:45;0,074;Όχι
01/08/2024 20:00;0,04;Όχι
01/08/2024 20:15;0,021;Όχι
01/08/2024 20:30;0,008;Όχι
01/08/2024 20:45;0,001;Όχι
01/08/2024 21:00;0;Όχι
01/08/2024 21:15;0;Όχι
01/08/2024 21:30;0;Όχι
01/08/2024 21:45;0;Όχι
01/08/2024 22:00;0;Όχι
01/08/2024 22:15;0;Όχι
01/08/2024 22:30;0;Όχι
01/08/2024 22:45;0;Όχι
01/08/2024 23:00;0;Όχι
01/08/2024 23:15;0;Όχι
01/08/2024 23:30;0;Όχι
01/08/2024 23:45;0;Όχι
02/08/2024 00:00;0;Όχι
02/08/2024 00:15;0;Όχι
02/08/2024 00:30;0;Όχι
02/08/2024 00:45;0;Όχι
02/08/2024 01:00;0;Όχι
02/08/2024 01:15;0;Όχι
02/08/2024 01:30;0;Όχι
02/08/2024 01:45;0;Όχι
02/08/2024 02:00;0;Όχι
02/08/2024 02:15;0;Όχι
02/08/2024 02:30;0;Όχι
02/08/2024 02:45;0;Όχι
02/08/2024 03:00;0;Όχι
02/08/2024 03:15;0;Όχι
02/08/2024 03:30;0;Όχι
02/08/2024 03:45;0;Όχι
02/08/2024 04:00;0;Όχι
02/08/2024 04:15;0;Όχι
02/08/2024 04:30;0;Όχι
02/08/2024 04:45;0;Όχι
02/08/2024 05:00;0;Όχι
02/08/2024 05:15;0;Όχι
02/08/2024 05:30;0;Όχι
02/08/2024 05:45;0;Όχι
02/08/2024 06:00;0;Όχι
02/08/2024 06:15;0;Όχι
02/08/2024 06:30;0;Όχι
02/08/2024 06:45;0,002;Όχι
02/08/2024 07:00;0,016;Όχι
02/08/2024 07:15;0,031;Όχι
02/08/2024 07:30;0,055;Όχι
02/08/2024 07:45;0,097;Όχι
02/08/2024 08:00;0,154;Όχι
02/08/2024 08:15;0,217;Όχι
02/08/2024 08:30;0,281;Όχι
02/08/2024 08:45;0,36;Όχι
02/08/2024 09:00;0,442;Όχι
02/08/2024 09:15;0,525;Όχι
02/08/2024 09:30;0,608;Όχι
02/08/2024 09:45;0,689;Όχι
02/08/2024 10:00;0,766;Όχι
02/08/2024 10:15;0,842;Όχι
02/08/2024 10:30;0,91;Όχι
02/08/2024 10:45;0,972;Όχι
02/08/2024 11:00;1,025;Όχι
02/08/2024 11:15;1,08;Όχι
02/08/2024 11:30;1,134;Όχι
02/08/2024 11:45;1,185;Όχι
02/08/2024 12:00;1,223;Όχι
02/08/2024 12:15;1,253;Όχι
02/08/2024 12:30;1,287;Όχι
02/08/2024 12:45;1,313;Όχι
02/08/2024 13:00;1,331;Όχι
02/08/2024 13:15;1,347;Όχι
02/08/2024 13:30;1,354;Όχι
02/08/2024 13:45;1,354;Όχι
02/08/2024 14:00;1,347;Όχι
02/08/2024 14:15;1,348;Όχι
02/08/2024 14:30;1,341;Όχι
02/08/2024 14:45;1,324;Όχι
02/08/2024 15:00;1,31;Όχι
02/08/2024 15:15;1,282;Όχι
02/08/2024 15:30;1,256;Όχι
02/08/2024 15:45;1,226;Όχι
02/08/2024 16:00;1,173;Όχι
02/08/2024 16:15;1,125;Όχι
02/08/2024 16:30;1,063;Όχι
02/08/2024 16:45;1;Όχι
02/08/2024 17:00;0,93;Όχι
02/08/2024 17:15;0,853;Όχι
02/08/2024 17:30;0,771;Όχι
02/08/2024 17:45;0,689;Όχι
02/08/2024 18:00;0,598;Όχι
02/08/2024 18:15;0,51;Όχι
02/08/2024 18:30;0,427;Όχι
02/08/2024 18:45;0,342;Όχι
02/08/2024 19:00;0,262;Όχι
02/08/2024 19:15;0,186;Όχι
02/08/2024 19:30;0,117;Όχι
02/08/2024 19:45;0,071;Όχι
02/08/2024 20:00;0,041;Όχι
02/08/2024 20:15;0,022;Όχι
02/08/2024 20:30;0,008;Όχι
02/08/2024 20:45;0,001;Όχι
02/08/2024 21:00;0;Όχι
02/08/2024 21:15;0;Όχι
02/08/2024 21:30;0;Όχι
02/08/2024 21:45;0;Όχι
02/08/2024 22:00;0;Όχι
02/08/2024 22:15;0;Όχι
02/08/2024 22:30;0;Όχι
02/08/2024 22:45;0;Όχι
02/08/2024 23:00;0;Όχι
02/08/2024 23:15;0;Όχι
02/08/2024 23:30;0;Όχι
02/08/2024 23:45;0;Όχι
03/08/2024 00:00;0;Όχι
03/08/2024 00:15;0;Όχι
03/08/2024 00:30;0;Όχι
03/08/2024 00:45;0;Όχι
03/08/2024 01:00;0;Όχι
03/08/2024 01:15;0;Όχι
03/08/2024 01:30;0;Όχι
03/08/2024 01:45;0;Όχι
03/08/2024 02:00;0;Όχι
03/08/2024 02:15;0;Όχι
03/08/2024 02:30;0;Όχι
03/08/2024 02:45;0;Όχι
03/08/2024 03:00;0;Όχι
03/08/2024 03:15;0;Όχι
03/08/2024 03:30;0;Όχι
03/08/2024 03:45;0;Όχι
03/08/2024 04:00;0;Όχι
03/08/2024 04:15;0;Όχι
03/08/2024 04:30;0;Όχι
03/08/2024 04:45;0;Όχι
03/08/2024 05:00;0;Όχι
03/08/2024 05:15;0;Όχι
03/08/2024 05:30;0;Όχι
03/08/2024 05:45;0;Όχι
03/08/2024 06:00;0;Όχι
03/08/2024 06:15;0;Όχι
03/08/2024 06:30;0;Όχι
03/08/2024 06:45;0,002;Όχι
03/08/2024 07:00;0,015;Όχι
03/08/2024 07:15;0,033;Όχι
03/08/2024 07:30;0,057;Όχι
03/08/2024 07:45;0,095;Όχι
03/08/2024 08:00;0,145;Όχι
03/08/2024 08:15;0,197;Όχι
03/08/2024 08:30;0,263;Όχι
03/08/2024 08:45;0,34;Όχι
03/08/2024 09:00;0,418;Όχι
03/08/2024 09:15;0,5;Όχι
03/08/2024 09:30;0,589;Όχι
03/08/2024 09:45;0,668;Όχι
03/08/2024 10:00;0,758;Όχι
03/08/2024 10:15;0,844;Όχι
03/08/2024 10:30;0,774;Όχι
03/08/2024 10:45;0,993;Όχι
03/08/2024 11:00;0,811;Όχι
03/08/2024 11:15;1,084;Όχι
03/08/2024 11:30;1,102;Όχι
03/08/2024 11:45;1,143;Όχι
03/08/2024 12:00;1,187;Όχι
03/08/2024 12:15;1,233;Όχι
03/08/2024 12:30;1,268;Όχι
03/08/2024 12:45;1,275;Όχι
03/08/2024 13:00;1,281;Όχι
03/08/2024 13:15;1,31;Όχι
03/08/2024 13:30;1,326;Όχι
03/08/2024 13:45;1,335;Όχι
03/08/2024 14:00;1,332;Όχι
03/08/2024 14:15;1,327;Όχι
03/08/2024 14:30;1,31;Όχι
03/08/2024 14:45;1,29;Όχι
03/08/2024 15:00;1,257;Όχι
03/08/2024 15:15;1,214;Όχι
03/08/2024 15:30;1,176;Όχι
03/08/2024 15:45;1,13;Όχι
03/08/2024 16:00;1,056;Όχι
03/08/2024 16:15;0,996;Όχι
03/08/2024 16:30;0,975;Όχι
03/08/2024 16:45;0,934;Όχι
03/08/2024 17:00;0,889;Όχι
03/08/2024 17:15;0,802;Όχι
03/08/2024 17:30;0,746;Όχι
03/08/2024 17:45;0,682;Όχι
03/08/2024 18:00;0,585;Όχι
03/08/2024 18:15;0,491;Όχι
03/08/2024 18:30;0,409;Όχι
03/08/2024 18:45;0,325;Όχι
03/08/2024 19:00;0,247;Όχι
03/08/2024 19:15;0,177;Όχι
03/08/2024 19:30;0,12;Όχι
03/08/2024 19:45;0,076;Όχι
03/08/2024 20:00;0,044;Όχι
03/08/2024 20:15;0,025;Όχι
03/08/2024 20:30;0,009;Όχι
03/08/2024 20:45;0,001;Όχι
03/08/2024 21:00;0;Όχι
03/08/2024 21:15;0;Όχι
03/08/2024 21:30;0;Όχι
03/08/2024 21:45;0;Όχι
03/08/2024 22:00;0;Όχι
03/08/2024 22:15;0;Όχι
03/08/2024 22:30;0;Όχι
03/08/2024 22:45;0;Όχι
03/08/2024 23:00;0;Όχι
03/08/2024 23:15;0;Όχι
03/08/2024 23:30;0;Όχι
03/08/2024 23:45;0;Όχι
04/08/2024 00:00;0;Όχι
04/08/2024 00:15;0;Όχι
04/08/2024 00:30;0;Όχι
04/08/2024 00:45;0;Όχι
04/08/2024 01:00;0;Όχι
04/08/2024 01:15;0;Όχι
04/08/2024 01:30;0;Όχι
04/08/2024 01:45;0;Όχι
04/08/2024 02:00;0;Όχι
04/08/2024 02:15;0;Όχι
04/08/2024 02:30;0;Όχι
04/08/2024 02:45;0;Όχι
04/08/2024 03:00;0;Όχι
04/08/2024 03:15;0;Όχι
04/08/2024 03:30;0;Όχι
04/08/2024 03:45;0;Όχι
04/08/2024 04:00;0;Όχι
04/08/2024 04:15;0;Όχι
04/08/2024 04:30;0;Όχι
04/08/2024 04:45;0;Όχι
04/08/2024 05:00;0;Όχι
04/08/2024 05:15;0;Όχι
04/08/2024 05:30;0;Όχι
04/08/2024 05:45;0;Όχι
04/08/2024 06:00;0;Όχι
04/08/2024 06:15;0;Όχι
04/08/2024 06:30;0;Όχι
04/08/2024 06:45;0;Όχι
04/08/2024 07:00;0,006;Όχι
04/08/2024 07:15;0,019;Όχι
04/08/2024 07:30;0,041;Όχι
04/08/2024 07:45;0,089;Όχι
04/08/2024 08:00;0,101;Όχι
04/08/2024 08:15;0,109;Όχι
04/08/2024 08:30;0,149;Όχι
04/08/2024 08:45;0,179;Όχι
04/08/2024 09:00;0,243;Όχι
04/08/2024 09:15;0,295;Όχι
04/08/2024 09:30;0,364;Όχι
04/08/2024 09:45;0,489;Όχι
04/08/2024 10:00;0,512;Όχι
04/08/2024 10:15;0,64;Όχι
04/08/2024 10:30;0,453;Όχι
04/08/2024 10:45;0,579;Όχι
04/08/2024 11:00;1,065;Όχι
04/08/2024 11:15;0,839;Όχι
04/08/2024 11:30;1,007;Όχι
04/08/2024 11:45;0,773;Όχι
04/08/2024 12:00;0,972;Όχι
04/08/2024 12:15;1,207;Όχι
04/08/2024 12:30;0,57;Όχι
04/08/2024 12:45;1,12;Όχι
04/08/2024 13:00;1,188;Όχι
04/08/2024 13:15;1,344;Όχι
04/08/2024 13:30;1,334;Όχι
04/08/2024 13:45;1,33;Όχι
04/08/2024 14:00;1,332;Όχι
04/08/2024 14:15;1,317;Όχι
04/08/2024 14:30;1,298;Όχι
04/08/2024 14:45;1,275;Όχι
04/08/2024 15:00;1,244;Όχι
04/08/2024 15:15;1,212;Όχι
04/08/2024 15:30;1,175;Όχι
04/08/2024 15:45;1,128;Όχι
04/08/2024 16:00;1,09;Όχι
04/08/2024 16:15;1,048;Όχι
04/08/2024 16:30;0,995;Όχι
04/08/2024 16:45;0,948;Όχι
04/08/2024 17:00;0,907;Όχι
04/08/2024 17:15;0,825;Όχι
04/08/2024 17:30;0,709;Όχι
04/08/2024 17:45;0,635;Όχι
04/08/2024 18:00;0,55;Όχι
04/08/2024 18:15;0,472;Όχι
04/08/2024 18:30;0,39;Όχι
04/08/2024 18:45;0,316;Όχι
04/08/2024 19:00;0,242;Όχι
04/08/2024 19:15;0,149;Όχι
04/08/2024 19:30;0,062;Όχι
04/08/2024 19:45;0,057;Όχι
04/08/2024 20:00;0,039;Όχι
04/08/2024 20:15;0,018;Όχι
04/08/2024 20:30;0,002;Όχι
04/08/2024 20:45;0;Όχι
04/08/2024 21:00;0;Όχι
04/08/2024 21:15;0;Όχι
04/08/2024 21:30;0;Όχι
04/08/2024 21:45;0;Όχι
04/08/2024 22:00;0;Όχι
04/08/2024 22:15;0;Όχι
04/08/2024 22:30;0;Όχι
04/08/2024 22:45;0;Όχι
04/08/2024 23:00;0;Όχι
04/08/2024 23:15;0;Όχι
04/08/2024 23:30;0;Όχι
04/08/2024 23:45;0;Όχι
05/08/2024 00:00;0;Όχι
05/08/2024 00:15;0;Όχι
05/08/2024 00:30;0;Όχι
05/08/2024 00:45;0;Όχι
05/08/2024 01:00;0;Όχι
05/08/2024 01:15;0;Όχι
05/08/2024 01:30;0;Όχι
05/08/2024 01:45;0;Όχι
05/08/2024 02:00;0;Όχι
05/08/2024 02:15;0;Όχι
05/08/2024 02:30;0;Όχι
05/08/2024 02:45;0;Όχι
05/08/2024 03:00;0;Όχι
05/08/2024 03:15;0;Όχι
05/08/2024 03:30;0;Όχι
05/08/2024 03:45;0;Όχι
05/08/2024 04:00;0;Όχι
05/08/2024 04:15;0;Όχι
05/08/2024 04:30;0;Όχι
05/08/2024 04:45;0;Όχι
05/08/2024 05:00;0;Όχι
05/08/2024 05:15;0;Όχι
05/08/2024 05:30;0;Όχι
05/08/2024 05:45;0;Όχι
05/08/2024 06:00;0;Όχι
05/08/2024 06:15;0;Όχι
05/08/2024 06:30;0;Όχι
05/08/2024 06:45;0;Όχι
05/08/2024 07:00;0;Όχι
05/08/2024 07:15;0,002;Όχι
05/08/2024 07:30;0,005;Όχι
05/08/2024 07:45;0,012;Όχι
05/08/2024 08:00;0,061;Όχι
05/08/2024 08:15;0,127;Όχι
05/08/2024 08:30;0,308;Όχι
05/08/2024 08:45;0,37;Όχι
05/08/2024 09:00;0,552;Όχι
05/08/2024 09:15;0,499;Όχι
05/08/2024 09:30;0,618;Όχι
05/08/2024 09:45;0,791;Όχι
05/08/2024 10:00;0,835;Όχι
05/08/2024 10:15;0,86;Όχι
05/08/2024 10:30;0,802;Όχι
05/08/2024 10:45;1,045;Όχι
05/08/2024 11:00;0,706;Όχι
05/08/2024 11:15;1,154;Όχι
05/08/2024 11:30;1,134;Όχι
05/08/2024 11:45;1,168;Όχι
05/08/2024 12:00;1,079;Όχι
05/08/2024 12:15;1,272;Όχι
05/08/2024 12:30;1,274;Όχι
05/08/2024 12:45;1,259;Όχι
05/08/2024 13:00;0,959;Όχι
05/08/2024 13:15;1,327;Όχι
05/08/2024 13:30;1,286;Όχι
05/08/2024 13:45;1,282;Όχι
05/08/2024 14:00;1,28;Όχι
05/08/2024 14:15;1,25;Όχι
05/08/2024 14:30;1,246;Όχι
05/08/2024 14:45;1,265;Όχι
05/08/2024 15:00;1,263;Όχι
05/08/2024 15:15;1,234;Όχι
05/08/2024 15:30;1,178;Όχι
05/08/2024 15:45;1,159;Όχι
05/08/2024 16:00;1,159;Όχι
05/08/2024 16:15;1,076;Όχι
05/08/2024 16:30;1,061;Όχι
05/08/2024 16:45;0,981;Όχι
05/08/2024 17:00;0,629;Όχι
05/08/2024 17:15;0,74;Όχι
05/08/2024 17:30;0,761;Όχι
05/08/2024 17:45;0,662;Όχι
05/08/2024 18:00;0,589;Όχι
05/08/2024 18:15;0,518;Όχι
05/08/2024 18:30;0,433;Όχι
05/08/2024 18:45;0,364;Όχι
05/08/2024 19:00;0,271;Όχι
05/08/2024 19:15;0,172;Όχι
05/08/2024 19:30;0,148;Όχι
05/08/2024 19:45;0,097;Όχι
05/08/2024 20:00;0,049;Όχι
05/08/2024 20:15;0,029;Όχι
05/08/2024 20:30;0,011;Όχι
05/08/2024 20:45;0,001;Όχι
05/08/2024 21:00;0;Όχι
05/08/2024 21:15;0;Όχι
05/08/2024 21:30;0;Όχι
05/08/2024 21:45;0;Όχι
05/08/2024 22:00;0;Όχι
05/08/2024 22:15;0;Όχι
05/08/2024 22:30;0;Όχι
05/08/2024 22:45;0;Όχι
05/08/2024 23:00;0;Όχι
05/08/2024 23:15;0;Όχι
05/08/2024 23:30;0;Όχι
05/08/2024 23:45;0;Όχι
06/08/2024 00:00;0;Όχι
06/08/2024 00:15;0;Όχι
06/08/2024 00:30;0;Όχι
06/08/2024 00:45;0;Όχι
06/08/2024 01:00;0;Όχι
06/08/2024 01:15;0;Όχι
06/08/2024 01:30;0;Όχι
06/08/2024 01:45;0;Όχι
06/08/2024 02:00;0;Όχι
06/08/2024 02:15;0;Όχι
06/08/2024 02:30;0;Όχι
06/08/2024 02:45;0;Όχι
06/08/2024 03:00;0;Όχι
06/08/2024 03:15;0;Όχι
06/08/2024 03:30;0;Όχι
06/08/2024 03:45;0;Όχι
06/08/2024 04:00;0;Όχι
06/08/2024 04:15;0;Όχι
06/08/2024 04:30;0;Όχι
06/08/2024 04:45;0;Όχι
06/08/2024 05:00;0;Όχι
06/08/2024 05:15;0;Όχι
06/08/2024 05:30;0;Όχι
06/08/2024 05:45;0;Όχι
06/08/2024 06:00;0;Όχι
06/08/2024 06:15;0;Όχι
06/08/2024 06:30;0;Όχι
06/08/2024 06:45;0;Όχι
06/08/2024 07:00;0,014;Όχι
06/08/2024 07:15;0,029;Όχι
06/08/2024 07:30;0,054;Όχι
06/08/2024 07:45;0,095;Όχι
06/08/2024 08:00;0,146;Όχι
06/08/2024 08:15;0,202;Όχι
06/08/2024 08:30;0,274;Όχι
06/08/2024 08:45;0,352;Όχι
06/08/2024 09:00;0,438;Όχι
06/08/2024 09:15;0,525;Όχι
06/08/2024 09:30;0,603;Όχι
06/08/2024 09:45;0,678;Όχι
06/08/2024 10:00;0,755;Όχι
06/08/2024 10:15;0,833;Όχι
06/08/2024 10:30;0,901;Όχι
06/08/2024 10:45;0,958;Όχι
06/08/2024 11:00;1,009;Όχι
06/08/2024 11:15;1,06;Όχι
06/08/2024 11:30;1,114;Όχι
06/08/2024 11:45;1,155;Όχι
06/08/2024 12:00;1,179;Όχι
06/08/2024 12:15;1,228;Όχι
06/08/2024 12:30;1,236;Όχι
06/08/2024 12:45;1,269;Όχι
06/08/2024 13:00;1,294;Όχι
06/08/2024 13:15;1,307;Όχι
06/08/2024 13:30;1,31;Όχι
06/08/2024 13:45;1,308;Όχι
06/08/2024 14:00;1,316;Όχι
06/08/2024 14:15;1,304;Όχι
06/08/2024 14:30;1,273;Όχι
06/08/2024 14:45;1,262;Όχι
06/08/2024 15:00;1,247;Όχι
06/08/2024 15:15;1,213;Όχι
06/08/2024 15:30;1,16;Όχι
06/08/2024 15:45;1,122;Όχι
06/08/2024 16:00;1,076;Όχι
06/08/2024 16:15;1,009;Όχι
06/08/2024 16:30;0,911;Όχι
06/08/2024 16:45;0,918;Όχι
06/08/2024 17:00;0,846;Όχι
06/08/2024 17:15;0,801;Όχι
06/08/2024 17:30;0,707;Όχι
06/08/2024 17:45;0,64;Όχι
06/08/2024 18:00;0,536;Όχι
06/08/2024 18:15;0,485;Όχι
06/08/2024 18:30;0,387;Όχι
06/08/2024 18:45;0,293;Όχι
06/08/2024 19:00;0,145;Όχι
06/08/2024 19:15;0,062;Όχι
06/08/2024 19:30;0,082;Όχι
06/08/2024 19:45;0,069;Όχι
06/08/2024 20:00;0,039;Όχι
06/08/2024 20:15;0,021;Όχι
06/08/2024 20:30;0,005;Όχι
06/08/2024 20:45;0;Όχι
06/08/2024 21:00;0;Όχι
06/08/2024 21:15;0;Όχι
06/08/2024 21:30;0;Όχι
06/08/2024 21:45;0;Όχι
06/08/2024 22:00;0;Όχι
06/08/2024 22:15;0;Όχι
06/08/2024 22:30;0;Όχι
06/08/2024 22:45;0;Όχι
06/08/2024 23:00;0;Όχι
06/08/2024 23:15;0;Όχι
06/08/2024 23:30;0;Όχι
06/08/2024 23:45;0;Όχι
07/08/2024 00:00;0;Όχι
07/08/2024 00:15;0;Όχι
07/08/2024 00:30;0;Όχι
07/08/2024 00:45;0;Όχι
07/08/2024 01:00;0;Όχι
07/08/2024 01:15;0;Όχι
07/08/2024 01:30;0;Όχι
07/08/2024 01:45;0;Όχι
07/08/2024 02:00;0;Όχι
07/08/2024 02:15;0;Όχι
07/08/2024 02:30;0;Όχι
07/08/2024 02:45;0;Όχι
07/08/2024 03:00;0;Όχι
07/08/2024 03:15;0;Όχι
07/08/2024 03:30;0;Όχι
07/08/2024 03:45;0;Όχι
07/08/2024 04:00;0;Όχι
07/08/2024 04:15;0;Όχι
07/08/2024 04:30;0;Όχι
07/08/2024 04:45;0;Όχι
07/08/2024 05:00;0;Όχι
07/08/2024 05:15;0;Όχι
07/08/2024 05:30;0;Όχι
07/08/2024 05:45;0;Όχι
07/08/2024 06:00;0;Όχι
07/08/2024 06:15;0;Όχι
07/08/2024 06:30;0;Όχι
07/08/2024 06:45;0;Όχι
07/08/2024 07:00;0,01;Όχι
07/08/2024 07:15;0,027;Όχι
07/08/2024 07:30;0,053;Όχι
07/08/2024 07:45;0,082;Όχι
07/08/2024 08:00;0,125;Όχι
07/08/2024 08:15;0,203;Όχι
07/08/2024 08:30;0,24;Όχι
07/08/2024 08:45;0,281;Όχι
07/08/2024 09:00;0,397;Όχι
07/08/2024 09:15;0,332;Όχι
07/08/2024 09:30;0,345;Όχι
07/08/2024 09:45;0,449;Όχι
07/08/2024 10:00;0,628;Όχι
07/08/2024 10:15;0,867;Όχι
07/08/2024 10:30;0,907;Όχι
07/08/2024 10:45;0,978;Όχι
07/08/2024 11:00;1,014;Όχι
07/08/2024 11:15;1,05;Όχι
07/08/2024 11:30;1,107;Όχι
07/08/2024 11:45;1,152;Όχι
07/08/2024 12:00;1,182;Όχι
07/08/2024 12:15;1,213;Όχι
07/08/2024 12:30;1,246;Όχι
07/08/2024 12:45;1,265;Όχι
07/08/2024 13:00;1,277;Όχι
07/08/2024 13:15;1,278;Όχι
07/08/2024 13:30;1,276;Όχι
07/08/2024 13:45;1,281;Όχι
07/08/2024 14:00;1,286;Όχι
07/08/2024 14:15;1,281;Όχι
07/08/2024 14:30;1,289;Όχι
07/08/2024 14:45;1,279;Όχι
07/08/2024 15:00;1,255;Όχι
07/08/2024 15:15;1,246;Όχι
07/08/2024 15:30;1,255;Όχι
07/08/2024 15:45;1,212;Όχι
07/08/2024 16:00;1,164;Όχι
07/08/2024 16:15;1,117;Όχι
07/08/2024 16:30;1,06;Όχι
07/08/2024 16:45;0,995;Όχι
07/08/2024 17:00;0,926;Όχι
07/08/2024 17:15;0,853;Όχι
07/08/2024 17:30;0,774;Όχι
07/08/2024 17:45;0,686;Όχι
07/08/2024 18:00;0,599;Όχι
07/08/2024 18:15;0,511;Όχι
07/08/2024 18:30;0,423;Όχι
07/08/2024 18:45;0,334;Όχι
07/08/2024 19:00;0,251;Όχι
07/08/2024 19:15;0,175;Όχι
07/08/2024 19:30;0,111;Όχι
07/08/2024 19:45;0,064;Όχι
07/08/2024 20:00;0,033;Όχι
07/08/2024 20:15;0,016;Όχι
07/08/2024 20:30;0,004;Όχι
07/08/2024 20:45;0;Όχι
07/08/2024 21:00;0;Όχι
07/08/2024 21:15;0;Όχι
07/08/2024 21:30;0;Όχι
07/08/2024 21:45;0;Όχι
07/08/2024 22:00;0;Όχι
07/08/2024 22:15;0;Όχι
07/08/2024 22:30;0;Όχι
07/08/2024 22:45;0;Όχι
07/08/2024 23:00;0;Όχι
07/08/2024 23:15;0;Όχι
07/08/2024 23:30;0;Όχι
07/08/2024 23:45;0;Όχι
08/08/2024 00:00;0;Όχι
08/08/2024 00:15;0;Όχι
08/08/2024 00:30;0;Όχι
08/08/2024 00:45;0;Όχι
08/08/2024 01:00;0;Όχι
08/08/2024 01:15;0;Όχι
08/08/2024 01:30;0;Όχι
08/08/2024 01:45;0;Όχι
08/08/2024 02:00;0;Όχι
08/08/2024 02:15;0;Όχι
08/08/2024 02:30;0;Όχι
08/08/2024 02:45;0;Όχι
08/08/2024 03:00;0;Όχι
08/08/2024 03:15;0;Όχι
08/08/2024 03:30;0;Όχι
08/08/2024 03:45;0;Όχι
08/08/2024 04:00;0;Όχι
08/08/2024 04:15;0;Όχι
08/08/2024 04:30;0;Όχι
08/08/2024 04:45;0;Όχι
08/08/2024 05:00;0;Όχι
08/08/2024 05:15;0;Όχι
08/08/2024 05:30;0;Όχι
08/08/2024 05:45;0;Όχι
08/08/2024 06:00;0;Όχι
08/08/2024 06:15;0;Όχι
08/08/2024 06:30;0;Όχι
08/08/2024 06:45;0,001;Όχι
08/08/2024 07:00;0,012;Όχι
08/08/2024 07:15;0,028;Όχι
08/08/2024 07:30;0,051;Όχι
08/08/2024 07:45;0,089;Όχι
08/08/2024 08:00;0,142;Όχι
08/08/2024 08:15;0,199;Όχι
08/08/2024 08:30;0,264;Όχι
08/08/2024 08:45;0,347;Όχι
08/08/2024 09:00;0,43;Όχι
08/08/2024 09:15;0,512;Όχι
08/08/2024 09:30;0,594;Όχι
08/08/2024 09:45;0,677;Όχι
08/08/2024 10:00;0,753;Όχι
08/08/2024 10:15;0,826;Όχι
08/08/2024 10:30;0,898;Όχι
08/08/2024 10:45;0,965;Όχι
08/08/2024 11:00;1,03;Όχι
08/08/2024 11:15;1,086;Όχι
08/08/2024 11:30;1,139;Όχι
08/08/2024 11:45;1,18;Όχι
08/08/2024 12:00;1,224;Όχι
08/08/2024 12:15;1,255;Όχι
08/08/2024 12:30;1,264;Όχι
08/08/2024 12:45;1,275;Όχι
08/08/2024 13:00;1,308;Όχι
08/08/2024 13:15;1,306;Όχι
08/08/2024 13:30;1,325;Όχι
08/08/2024 13:45;1,344;Όχι
08/08/2024 14:00;1,334;Όχι
08/08/2024 14:15;1,326;Όχι
08/08/2024 14:30;1,316;Όχι
08/08/2024 14:45;1,303;Όχι
08/08/2024 15:00;1,285;Όχι
08/08/2024 15:15;1,26;Όχι
08/08/2024 15:30;1,225;Όχι
08/08/2024 15:45;1,18;Όχι
08/08/2024 16:00;1,138;Όχι
08/08/2024 16:15;1,092;Όχι
08/08/2024 16:30;1,036;Όχι
08/08/2024 16:45;0,981;Όχι
08/08/2024 17:00;0,919;Όχι
08/08/2024 17:15;0,846;Όχι
08/08/2024 17:30;0,769;Όχι
08/08/2024 17:45;0,692;Όχι
08/08/2024 18:00;0,567;Όχι
08/08/2024 18:15;0,469;Όχι
08/08/2024 18:30;0,435;Όχι
08/08/2024 18:45;0,356;Όχι
08/08/2024 19:00;0,224;Όχι
08/08/2024 19:15;0,181;Όχι
08/08/2024 19:30;0,091;Όχι
08/08/2024 19:45;0,05;Όχι
08/08/2024 20:00;0,031;Όχι
08/08/2024 20:15;0,024;Όχι
08/08/2024 20:30;0,005;Όχι
08/08/2024 20:45;0;Όχι
08/08/2024 21:00;0;Όχι
08/08/2024 21:15;0;Όχι
08/08/2024 21:30;0;Όχι
08/08/2024 21:45;0;Όχι
08/08/2024 22:00;0;Όχι
08/08/2024 22:15;0;Όχι
08/08/2024 22:30;0;Όχι
08/08/2024 22:45;0;Όχι
08/08/2024 23:00;0;Όχι
08/08/2024 23:15;0;Όχι
08/08/2024 23:30;0;Όχι
08/08/2024 23:45;0;Όχι
09/08/2024 00:00;0;Όχι
09/08/2024 00:15;0;Όχι
09/08/2024 00:30;0;Όχι
09/08/2024 00:45;0;Όχι
09/08/2024 01:00;0;Όχι
09/08/2024 01:15;0;Όχι
09/08/2024 01:30;0;Όχι
09/08/2024 01:45;0;Όχι
09/08/2024 02:00;0;Όχι
09/08/2024 02:15;0;Όχι
09/08/2024 02:30;0;Όχι
09/08/2024 02:45;0;Όχι
09/08/2024 03:00;0;Όχι
09/08/2024 03:15;0;Όχι
09/08/2024 03:30;0;Όχι
09/08/2024 03:45;0;Όχι
09/08/2024 04:00;0;Όχι
09/08/2024 04:15;0;Όχι
09/08/2024 04:30;0;Όχι
09/08/2024 04:45;0;Όχι
09/08/2024 05:00;0;Όχι
09/08/2024 05:15;0;Όχι
09/08/2024 05:30;0;Όχι
09/08/2024 05:45;0;Όχι
09/08/2024 06:00;0;Όχι
09/08/2024 06:15;0;Όχι
09/08/2024 06:30;0;Όχι
09/08/2024 06:45;0;Όχι
09/08/2024 07:00;0,009;Όχι
09/08/2024 07:15;0,024;Όχι
09/08/2024 07:30;0,047;Όχι
09/08/2024 07:45;0,085;Όχι
09/08/2024 08:00;0,136;Όχι
09/08/2024 08:15;0,191;Όχι
09/08/2024 08:30;0,251;Όχι
09/08/2024 08:45;0,326;Όχι
09/08/2024 09:00;0,409;Όχι
09/08/2024 09:15;0,491;Όχι
09/08/2024 09:30;0,565;Όχι
09/08/2024 09:45;0,637;Όχι
09/08/2024 10:00;0,713;Όχι
09/08/2024 10:15;0,804;Όχι
09/08/2024 10:30;0,857;Όχι
09/08/2024 10:45;0,944;Όχι
09/08/2024 11:00;1,001;Όχι
09/08/2024 11:15;1,058;Όχι
09/08/2024 11:30;1,095;Όχι
09/08/2024 11:45;1,145;Όχι
09/08/2024 12:00;1,17;Όχι
09/08/2024 12:15;1,207;Όχι
09/08/2024 12:30;1,235;Όχι
09/08/2024 12:45;1,255;Όχι
09/08/2024 13:00;1,276;Όχι
09/08/2024 13:15;1,289;Όχι
09/08/2024 13:30;1,286;Όχι
09/08/2024 13:45;1,291;Όχι
09/08/2024 14:00;1,308;Όχι
09/08/2024 14:15;1,32;Όχι
09/08/2024 14:30;1,301;Όχι
09/08/2024 14:45;1,283;Όχι
09/08/2024 15:00;1,258;Όχι
09/08/2024 15:15;1,235;Όχι
09/08/2024 15:30;1,203;Όχι
09/08/2024 15:45;1,169;Όχι
09/08/2024 16:00;1,131;Όχι
09/08/2024 16:15;1,078;Όχι
09/08/2024 16:30;1,02;Όχι
09/08/2024 16:45;0,96;Όχι
09/08/2024 17:00;0,883;Όχι
09/08/2024 17:15;0,808;Όχι
09/08/2024 17:30;0,743;Όχι
09/08/2024 17:45;0,656;Όχι
09/08/2024 18:00;0,556;Όχι
09/08/2024 18:15;0,487;Όχι
09/08/2024 18:30;0,343;Όχι
09/08/2024 18:45;0,136;Όχι
09/08/2024 19:00;0,185;Όχι
09/08/2024 19:15;0,151;Όχι
09/08/2024 19:30;0,08;Όχι
09/08/2024 19:45;0,107;Όχι
09/08/2024 20:00;0,101;Όχι
09/08/2024 20:15;0,074;Όχι
09/08/2024 20:30;0,031;Όχι
09/08/2024 20:45;0,004;Όχι
09/08/2024 21:00;0;Όχι
09/08/2024 21:15;0;Όχι
09/08/2024 21:30;0;Όχι
09/08/2024 21:45;0;Όχι
09/08/2024 22:00;0;Όχι
09/08/2024 22:15;0;Όχι
09/08/2024 22:30;0;Όχι
09/08/2024 22:45;0;Όχι
09/08/2024 23:00;0;Όχι
09/08/2024 23:15;0;Όχι
09/08/2024 23:30;0;Όχι
09/08/2024 23:45;0;Όχι
10/08/2024 00:00;0;Όχι
10/08/2024 00:15;0;Όχι
10/08/2024 00:30;0;Όχι
10/08/2024 00:45;0;Όχι
10/08/2024 01:00;0;Όχι
10/08/2024 01:15;0;Όχι
10/08/2024 01:30;0;Όχι
10/08/2024 01:45;0;Όχι
10/08/2024 02:00;0;Όχι
10/08/2024 02:15;0;Όχι
10/08/2024 02:30;0;Όχι
10/08/2024 02:45;0;Όχι
10/08/2024 03:00;0;Όχι
10/08/2024 03:15;0;Όχι
10/08/2024 03:30;0;Όχι
10/08/2024 03:45;0;Όχι
10/08/2024 04:00;0;Όχι
10/08/2024 04:15;0;Όχι
10/08/2024 04:30;0;Όχι
10/08/2024 04:45;0;Όχι
10/08/2024 05:00;0;Όχι
10/08/2024 05:15;0;Όχι
10/08/2024 05:30;0;Όχι
10/08/2024 05:45;0;Όχι
10/08/2024 06:00;0;Όχι
10/08/2024 06:15;0;Όχι
10/08/2024 06:30;0;Όχι
10/08/2024 06:45;0;Όχι
10/08/2024 07:00;0,009;Όχι
10/08/2024 07:15;0,026;Όχι
10/08/2024 07:30;0,045;Όχι
10/08/2024 07:45;0,078;Όχι
10/08/2024 08:00;0,069;Όχι
10/08/2024 08:15;0,172;Όχι
10/08/2024 08:30;0,265;Όχι
10/08/2024 08:45;0,327;Όχι
10/08/2024 09:00;0,42;Όχι
10/08/2024 09:15;0,515;Όχι
10/08/2024 09:30;0,575;Όχι
10/08/2024 09:45;0,643;Όχι
10/08/2024 10:00;0,768;Όχι
10/08/2024 10:15;0,844;Όχι
10/08/2024 10:30;0,894;Όχι
10/08/2024 10:45;0,966;Όχι
10/08/2024 11:00;1,036;Όχι
10/08/2024 11:15;1,099;Όχι
10/08/2024 11:30;1,14;Όχι
10/08/2024 11:45;1,202;Όχι
10/08/2024 12:00;1,251;Όχι
10/08/2024 12:15;1,26;Όχι
10/08/2024 12:30;1,298;Όχι
10/08/2024 12:45;1,315;Όχι
10/08/2024 13:00;1,16;Όχι
10/08/2024 13:15;1,149;Όχι
10/08/2024 13:30;1,345;Όχι
10/08/2024 13:45;1,337;Όχι
10/08/2024 14:00;1,329;Όχι
10/08/2024 14:15;1,309;Όχι
10/08/2024 14:30;1,3;Όχι
10/08/2024 14:45;1,284;Όχι
10/08/2024 15:00;1,256;Όχι
10/08/2024 15:15;1,23;Όχι
10/08/2024 15:30;1,18;Όχι
10/08/2024 15:45;1,131;Όχι
10/08/2024 16:00;1,094;Όχι
10/08/2024 16:15;1,056;Όχι
10/08/2024 16:30;1,047;Όχι
10/08/2024 16:45;0,96;Όχι
10/08/2024 17:00;0,945;Όχι
10/08/2024 17:15;0,831;Όχι
10/08/2024 17:30;0,778;Όχι
10/08/2024 17:45;0,734;Όχι
10/08/2024 18:00;0,613;Όχι
10/08/2024 18:15;0,501;Όχι
10/08/2024 18:30;0,431;Όχι
10/08/2024 18:45;0,368;Όχι
10/08/2024 19:00;0,287;Όχι
10/08/2024 19:15;0,236;Όχι
10/08/2024 19:30;0,127;Όχι
10/08/2024 19:45;0,072;Όχι
10/08/2024 20:00;0,032;Όχι
10/08/2024 20:15;0,014;Όχι
10/08/2024 20:30;0,003;Όχι
10/08/2024 20:45;0;Όχι
10/08/2024 21:00;0;Όχι
10/08/2024 21:15;0;Όχι
10/08/2024 21:30;0;Όχι
10/08/2024 21:45;0;Όχι
10/08/2024 22:00;0;Όχι
10/08/2024 22:15;0;Όχι
10/08/2024 22:30;0;Όχι
10/08/2024 22:45;0;Όχι
10/08/2024 23:00;0;Όχι
10/08/2024 23:15;0;Όχι
10/08/2024 23:30;0;Όχι
10/08/2024 23:45;0;Όχι
11/08/2024 00:00;0;Όχι
11/08/2024 00:15;0;Όχι
11/08/2024 00:30;0;Όχι
11/08/2024 00:45;0;Όχι
11/08/2024 01:00;0;Όχι
11/08/2024 01:15;0;Όχι
11/08/2024 01:30;0;Όχι
11/08/2024 01:45;0;Όχι
11/08/2024 02:00;0;Όχι
11/08/2024 02:15;0;Όχι
11/08/2024 02:30;0;Όχι
11/08/2024 02:45;0;Όχι
11/08/2024 03:00;0;Όχι
11/08/2024 03:15;0;Όχι
11/08/2024 03:30;0;Όχι
11/08/2024 03:45;0;Όχι
11/08/2024 04:00;0;Όχι
11/08/2024 04:15;0;Όχι
11/08/2024 04:30;0;Όχι
11/08/2024 04:45;0;Όχι
11/08/2024 05:00;0;Όχι
11/08/2024 05:15;0;Όχι
11/08/2024 05:30;0;Όχι
11/08/2024 05:45;0;Όχι
11/08/2024 06:00;0;Όχι
11/08/2024 06:15;0;Όχι
11/08/2024 06:30;0;Όχι
11/08/2024 06:45;0;Όχι
11/08/2024 07:00;0,007;Όχι
11/08/2024 07:15;0,022;Όχι
11/08/2024 07:30;0,043;Όχι
11/08/2024 07:45;0,083;Όχι
11/08/2024 08:00;0,124;Όχι
11/08/2024 08:15;0,178;Όχι
11/08/2024 08:30;0,251;Όχι
11/08/2024 08:45;0,33;Όχι
11/08/2024 09:00;0,413;Όχι
11/08/2024 09:15;0,497;Όχι
11/08/2024 09:30;0,583;Όχι
11/08/2024 09:45;0,655;Όχι
11/08/2024 10:00;0,74;Όχι
11/08/2024 10:15;0,81;Όχι
11/08/2024 10:30;0,862;Όχι
11/08/2024 10:45;0,938;Όχι
11/08/2024 11:00;0,993;Όχι
11/08/2024 11:15;1,055;Όχι
11/08/2024 11:30;1,112;Όχι
11/08/2024 11:45;1,159;Όχι
11/08/2024 12:00;1,205;Όχι
11/08/2024 12:15;1,246;Όχι
11/08/2024 12:30;1,269;Όχι
11/08/2024 12:45;1,285;Όχι
11/08/2024 13:00;1,294;Όχι
11/08/2024 13:15;1,31;Όχι
11/08/2024 13:30;1,329;Όχι
11/08/2024 13:45;1,331;Όχι
11/08/2024 14:00;1,32;Όχι
11/08/2024 14:15;1,299;Όχι
11/08/2024 14:30;1,29;Όχι
11/08/2024 14:45;1,287;Όχι
11/08/2024 15:00;1,254;Όχι
11/08/2024 15:15;1,218;Όχι
11/08/2024 15:30;1,188;Όχι
11/08/2024 15:45;1,143;Όχι
11/08/2024 16:00;1,097;Όχι
11/08/2024 16:15;1,052;Όχι
11/08/2024 16:30;1,001;Όχι
11/08/2024 16:45;0,933;Όχι
11/08/2024 17:00;0,864;Όχι
11/08/2024 17:15;0,801;Όχι
11/08/2024 17:30;0,726;Όχι
11/08/2024 17:45;0,653;Όχι
11/08/2024 18:00;0,568;Όχι
11/08/2024 18:15;0,481;Όχι
11/08/2024 18:30;0,396;Όχι
11/08/2024 18:45;0,31;Όχι
11/08/2024 19:00;0,231;Όχι
11/08/2024 19:15;0,16;Όχι
11/08/2024 19:30;0,1;Όχι
11/08/2024 19:45;0,056;Όχι
11/08/2024 20:00;0,027;Όχι
11/08/2024 20:15;0,012;Όχι
11/08/2024 20:30;0,002;Όχι
11/08/2024 20:45;0;Όχι
11/08/2024 21:00;0;Όχι
11/08/2024 21:15;0;Όχι
11/08/2024 21:30;0;Όχι
11/08/2024 21:45;0;Όχι
11/08/2024 22:00;0;Όχι
11/08/2024 22:15;0;Όχι
11/08/2024 22:30;0;Όχι
11/08/2024 22:45;0;Όχι
11/08/2024 23:00;0;Όχι
11/08/2024 23:15;0;Όχι
11/08/2024 23:30;0;Όχι
11/08/2024 23:45;0;Όχι
12/08/2024 00:00;0;Όχι
12/08/2024 00:15;0;Όχι
12/08/2024 00:30;0;Όχι
12/08/2024 00:45;0;Όχι
12/08/2024 01:00;0;Όχι
12/08/2024 01:15;0;Όχι
12/08/2024 01:30;0;Όχι
12/08/2024 01:45;0;Όχι
12/08/2024 02:00;0;Όχι
12/08/2024 02:15;0;Όχι
12/08/2024 02:30;0;Όχι
12/08/2024 02:45;0;Όχι
12/08/2024 03:00;0;Όχι
12/08/2024 03:15;0;Όχι
12/08/2024 03:30;0;Όχι
12/08/2024 03:45;0;Όχι
12/08/2024 04:00;0;Όχι
12/08/2024 04:15;0;Όχι
12/08/2024 04:30;0;Όχι
12/08/2024 04:45;0;Όχι
12/08/2024 05:00;0;Όχι
12/08/2024 05:15;0;Όχι
12/08/2024 05:30;0;Όχι
12/08/2024 05:45;0;Όχι
12/08/2024 06:00;0;Όχι
12/08/2024 06:15;0;Όχι
12/08/2024 06:30;0;Όχι
12/08/2024 06:45;0;Όχι
12/08/2024 07:00;0,007;Όχι
12/08/2024 07:15;0,02;Όχι
12/08/2024 07:30;0,038;Όχι
12/08/2024 07:45;0,07;Όχι
12/08/2024 08:00;0,115;Όχι
12/08/2024 08:15;0,177;Όχι
12/08/2024 08:30;0,249;Όχι
12/08/2024 08:45;0,327;Όχι
12/08/2024 09:00;0,413;Όχι
12/08/2024 09:15;0,488;Όχι
12/08/2024 09:30;0,575;Όχι
12/08/2024 09:45;0,656;Όχι
12/08/2024 10:00;0,735;Όχι
12/08/2024 10:15;0,81;Όχι
12/08/2024 10:30;0,876;Όχι
12/08/2024 10:45;0,938;Όχι
12/08/2024 11:00;0,992;Όχι
12/08/2024 11:15;1,042;Όχι
12/08/2024 11:30;1,088;Όχι
12/08/2024 11:45;1,131;Όχι
12/08/2024 12:00;1,176;Όχι
12/08/2024 12:15;1,208;Όχι
12/08/2024 12:30;1,226;Όχι
12/08/2024 12:45;1,253;Όχι
12/08/2024 13:00;1,27;Όχι
12/08/2024 13:15;1,268;Όχι
12/08/2024 13:30;1,269;Όχι
12/08/2024 13:45;1,264;Όχι
12/08/2024 14:00;1,268;Όχι
12/08/2024 14:15;1,265;Όχι
12/08/2024 14:30;1,264;Όχι
12/08/2024 14:45;1,25;Όχι
12/08/2024 15:00;1,235;Όχι
12/08/2024 15:15;1,206;Όχι
12/08/2024 15:30;1,163;Όχι
12/08/2024 15:45;1,112;Όχι
12/08/2024 16:00;1,062;Όχι
12/08/2024 16:15;1,01;Όχι
12/08/2024 16:30;0,958;Όχι
12/08/2024 16:45;0,918;Όχι
12/08/2024 17:00;0,874;Όχι
12/08/2024 17:15;0,799;Όχι
12/08/2024 17:30;0,717;Όχι
12/08/2024 17:45;0,635;Όχι
12/08/2024 18:00;0,55;Όχι
12/08/2024 18:15;0,463;Όχι
12/08/2024 18:30;0,378;Όχι
12/08/2024 18:45;0,295;Όχι
12/08/2024 19:00;0,22;Όχι
12/08/2024 19:15;0,153;Όχι
12/08/2024 19:30;0,098;Όχι
12/08/2024 19:45;0,056;Όχι
12/08/2024 20:00;0,029;Όχι
12/08/2024 20:15;0,012;Όχι
12/08/2024 20:30;0,002;Όχι
12/08/2024 20:45;0;Όχι
12/08/2024 21:00;0;Όχι
12/08/2024 21:15;0;Όχι
12/08/2024 21:30;0;Όχι
12/08/2024 21:45;0;Όχι
12/08/2024 22:00;0;Όχι
12/08/2024 22:15;0;Όχι
12/08/2024 22:30;0;Όχι
12/08/2024 22:45;0;Όχι
12/08/2024 23:00;0;Όχι
12/08/2024 23:15;0;Όχι
12/08/2024 23:30;0;Όχι
12/08/2024 23:45;0;Όχι
13/08/2024 00:00;0;Όχι
13/08/2024 00:15;0;Όχι
13/08/2024 00:30;0;Όχι
13/08/2024 00:45;0;Όχι
13/08/2024 01:00;0;Όχι
13/08/2024 01:15;0;Όχι
13/08/2024 01:30;0;Όχι
13/08/2024 01:45;0;Όχι
13/08/2024 02:00;0;Όχι
13/08/2024 02:15;0;Όχι
13/08/2024 02:30;0;Όχι
13/08/2024 02:45;0;Όχι
13/08/2024 03:00;0;Όχι
13/08/2024 03:15;0;Όχι
13/08/2024 03:30;0;Όχι
13/08/2024 03:45;0;Όχι
13/08/2024 04:00;0;Όχι
13/08/2024 04:15;0;Όχι
13/08/2024 04:30;0;Όχι
13/08/2024 04:45;0;Όχι
13/08/2024 05:00;0;Όχι
13/08/2024 05:15;0;Όχι
13/08/2024 05:30;0;Όχι
13/08/2024 05:45;0;Όχι
13/08/2024 06:00;0;Όχι
13/08/2024 06:15;0;Όχι
13/08/2024 06:30;0;Όχι
13/08/2024 06:45;0;Όχι
13/08/2024 07:00;0,005;Όχι
13/08/2024 07:15;0,021;Όχι
13/08/2024 07:30;0,04;Όχι
13/08/2024 07:45;0,07;Όχι
13/08/2024 08:00;0,115;Όχι
13/08/2024 08:15;0,173;Όχι
13/08/2024 08:30;0,243;Όχι
13/08/2024 08:45;0,325;Όχι
13/08/2024 09:00;0,405;Όχι
13/08/2024 09:15;0,49;Όχι
13/08/2024 09:30;0,573;Όχι
13/08/2024 09:45;0,655;Όχι
13/08/2024 10:00;0,732;Όχι
13/08/2024 10:15;0,802;Όχι
13/08/2024 10:30;0,863;Όχι
13/08/2024 10:45;0,934;Όχι
13/08/2024 11:00;0,989;Όχι
13/08/2024 11:15;1,043;Όχι
13/08/2024 11:30;1,083;Όχι
13/08/2024 11:45;1,123;Όχι
13/08/2024 12:00;1,159;Όχι
13/08/2024 12:15;1,196;Όχι
13/08/2024 12:30;1,22;Όχι
13/08/2024 12:45;1,253;Όχι
13/08/2024 13:00;1,272;Όχι
13/08/2024 13:15;1,293;Όχι
13/08/2024 13:30;1,297;Όχι
13/08/2024 13:45;1,294;Όχι
13/08/2024 14:00;1,286;Όχι
13/08/2024 14:15;1,278;Όχι
13/08/2024 14:30;1,264;Όχι
13/08/2024 14:45;1,25;Όχι
13/08/2024 15:00;1,24;Όχι
13/08/2024 15:15;1,22;Όχι
13/08/2024 15:30;1,183;Όχι
13/08/2024 15:45;1,139;Όχι
13/08/2024 16:00;1,09;Όχι
13/08/2024 16:15;1,05;Όχι
13/08/2024 16:30;1,006;Όχι
13/08/2024 16:45;0,941;Όχι
13/08/2024 17:00;0,868;Όχι
13/08/2024 17:15;0,796;Όχι
13/08/2024 17:30;0,721;Όχι
13/08/2024 17:45;0,634;Όχι
13/08/2024 18:00;0,554;Όχι
13/08/2024 18:15;0,462;Όχι
13/08/2024 18:30;0,379;Όχι
13/08/2024 18:45;0,299;Όχι
13/08/2024 19:00;0,221;Όχι
13/08/2024 19:15;0,152;Όχι
13/08/2024 19:30;0,093;Όχι
13/08/2024 19:45;0,051;Όχι
13/08/2024 20:00;0,025;Όχι
13/08/2024 20:15;0,009;Όχι
13/08/2024 20:30;0,001;Όχι
13/08/2024 20:45;0;Όχι
13/08/2024 21:00;0;Όχι
13/08/2024 21:15;0;Όχι
13/08/2024 21:30;0;Όχι
13/08/2024 21:45;0;Όχι
13/08/2024 22:00;0;Όχι
13/08/2024 22:15;0;Όχι
13/08/2024 22:30;0;Όχι
13/08/2024 22:45;0;Όχι
13/08/2024 23:00;0;Όχι
13/08/2024 23:15;0;Όχι
13/08/2024 23:30;0;Όχι
13/08/2024 23:45;0;Όχι
14/08/2024 00:00;0;Όχι
14/08/2024 00:15;0;Όχι
14/08/2024 00:30;0;Όχι
14/08/2024 00:45;0;Όχι
14/08/2024 01:00;0;Όχι
14/08/2024 01:15;0;Όχι
14/08/2024 01:30;0;Όχι
14/08/2024 01:45;0;Όχι
14/08/2024 02:00;0;Όχι
14/08/2024 02:15;0;Όχι
14/08/2024 02:30;0;Όχι
14/08/2024 02:45;0;Όχι
14/08/2024 03:00;0;Όχι
14/08/2024 03:15;0;Όχι
14/08/2024 03:30;0;Όχι
14/08/2024 03:45;0;Όχι
14/08/2024 04:00;0;Όχι
14/08/2024 04:15;0;Όχι
14/08/2024 04:30;0;Όχι
14/08/2024 04:45;0;Όχι
14/08/2024 05:00;0;Όχι
14/08/2024 05:15;0;Όχι
14/08/2024 05:30;0;Όχι
14/08/2024 05:45;0;Όχι
14/08/2024 06:00;0;Όχι
14/08/2024 06:15;0;Όχι
14/08/2024 06:30;0;Όχι
14/08/2024 06:45;0;Όχι
14/08/2024 07:00;0,005;Όχι
14/08/2024 07:15;0,018;Όχι
14/08/2024 07:30;0,034;Όχι
14/08/2024 07:45;0,065;Όχι
14/08/2024 08:00;0,114;Όχι
14/08/2024 08:15;0,178;Όχι
14/08/2024 08:30;0,252;Όχι
14/08/2024 08:45;0,334;Όχι
14/08/2024 09:00;0,418;Όχι
14/08/2024 09:15;0,502;Όχι
14/08/2024 09:30;0,585;Όχι
14/08/2024 09:45;0,667;Όχι
14/08/2024 10:00;0,743;Όχι
14/08/2024 10:15;0,815;Όχι
14/08/2024 10:30;0,884;Όχι
14/08/2024 10:45;0,945;Όχι
14/08/2024 11:00;0,998;Όχι
14/08/2024 11:15;1,04;Όχι
14/08/2024 11:30;1,082;Όχι
14/08/2024 11:45;1,119;Όχι
14/08/2024 12:00;1,159;Όχι
14/08/2024 12:15;1,188;Όχι
14/08/2024 12:30;1,211;Όχι
14/08/2024 12:45;1,225;Όχι
14/08/2024 13:00;1,248;Όχι
14/08/2024 13:15;1,272;Όχι
14/08/2024 13:30;1,278;Όχι
14/08/2024 13:45;1,281;Όχι
14/08/2024 14:00;1,272;Όχι
14/08/2024 14:15;1,098;Όχι
14/08/2024 14:30;1,241;Όχι
14/08/2024 14:45;1,214;Όχι
14/08/2024 15:00;1,186;Όχι
14/08/2024 15:15;1,194;Όχι
14/08/2024 15:30;1,195;Όχι
14/08/2024 15:45;1,168;Όχι
14/08/2024 16:00;1,119;Όχι
14/08/2024 16:15;1,06;Όχι
14/08/2024 16:30;1,009;Όχι
14/08/2024 16:45;0,942;Όχι
14/08/2024 17:00;0,876;Όχι
14/08/2024 17:15;0,8;Όχι
14/08/2024 17:30;0,718;Όχι
14/08/2024 17:45;0,637;Όχι
14/08/2024 18:00;0,55;Όχι
14/08/2024 18:15;0,462;Όχι
14/08/2024 18:30;0,376;Όχι
14/08/2024 18:45;0,291;Όχι
14/08/2024 19:00;0,213;Όχι
14/08/2024 19:15;0,143;Όχι
14/08/2024 19:30;0,088;Όχι
14/08/2024 19:45;0,048;Όχι
14/08/2024 20:00;0,019;Όχι
14/08/2024 20:15;0,002;Όχι
14/08/2024 20:30;0,001;Όχι
14/08/2024 20:45;0;Όχι
14/08/2024 21:00;0;Όχι
14/08/2024 21:15;0;Όχι
14/08/2024 21:30;0;Όχι
14/08/2024 21:45;0;Όχι
14/08/2024 22:00;0;Όχι
14/08/2024 22:15;0;Όχι
14/08/2024 22:30;0;Όχι
14/08/2024 22:45;0;Όχι
14/08/2024 23:00;0;Όχι
14/08/2024 23:15;0;Όχι
14/08/2024 23:30;0;Όχι
14/08/2024 23:45;0;Όχι
15/08/2024 00:00;0;Όχι
15/08/2024 00:15;0;Όχι
15/08/2024 00:30;0;Όχι
15/08/2024 00:45;0;Όχι
15/08/2024 01:00;0;Όχι
15/08/2024 01:15;0;Όχι
15/08/2024 01:30;0;Όχι
15/08/2024 01:45;0;Όχι
15/08/2024 02:00;0;Όχι
15/08/2024 02:15;0;Όχι
15/08/2024 02:30;0;Όχι
15/08/2024 02:45;0;Όχι
15/08/2024 03:00;0;Όχι
15/08/2024 03:15;0;Όχι
15/08/2024 03:30;0;Όχι
15/08/2024 03:45;0;Όχι
15/08/2024 04:00;0;Όχι
15/08/2024 04:15;0;Όχι
15/08/2024 04:30;0;Όχι
15/08/2024 04:45;0;Όχι
15/08/2024 05:00;0;Όχι
15/08/2024 05:15;0;Όχι
15/08/2024 05:30;0;Όχι
15/08/2024 05:45;0;Όχι
15/08/2024 06:00;0;Όχι
15/08/2024 06:15;0;Όχι
15/08/2024 06:30;0;Όχι
15/08/2024 06:45;0;Όχι
15/08/2024 07:00;0,004;Όχι
15/08/2024 07:15;0,016;Όχι
15/08/2024 07:30;0,034;Όχι
15/08/2024 07:45;0,065;Όχι
15/08/2024 08:00;0,11;Όχι
15/08/2024 08:15;0,168;Όχι
15/08/2024 08:30;0,236;Όχι
15/08/2024 08:45;0,31;Όχι
15/08/2024 09:00;0,385;Όχι
15/08/2024 09:15;0,464;Όχι
15/08/2024 09:30;0,543;Όχι
15/08/2024 09:45;0,618;Όχι
15/08/2024 10:00;0,689;Όχι
15/08/2024 10:15;0,764;Όχι
15/08/2024 10:30;0,833;Όχι
15/08/2024 10:45;0,899;Όχι
15/08/2024 11:00;0,967;Όχι
15/08/2024 11:15;1,022;Όχι
15/08/2024 11:30;1,065;Όχι
15/08/2024 11:45;1,106;Όχι
15/08/2024 12:00;1,148;Όχι
15/08/2024 12:15;1,182;Όχι
15/08/2024 12:30;1,207;Όχι
15/08/2024 12:45;1,232;Όχι
15/08/2024 13:00;1,258;Όχι
15/08/2024 13:15;1,276;Όχι
15/08/2024 13:30;1,271;Όχι
15/08/2024 13:45;1,261;Όχι
15/08/2024 14:00;1,254;Όχι
15/08/2024 14:15;1,244;Όχι
15/08/2024 14:30;1,222;Όχι
15/08/2024 14:45;1,212;Όχι
15/08/2024 15:00;1,177;Όχι
15/08/2024 15:15;1,154;Όχι
15/08/2024 15:30;1,136;Όχι
15/08/2024 15:45;1,116;Όχι
15/08/2024 16:00;1,069;Όχι
15/08/2024 16:15;1,014;Όχι
15/08/2024 16:30;0,956;Όχι
15/08/2024 16:45;0,895;Όχι
15/08/2024 17:00;0,828;Όχι
15/08/2024 17:15;0,756;Όχι
15/08/2024 17:30;0,682;Όχι
15/08/2024 17:45;0,602;Όχι
15/08/2024 18:00;0,52;Όχι
15/08/2024 18:15;0,434;Όχι
15/08/2024 18:30;0,348;Όχι
15/08/2024 18:45;0,269;Όχι
15/08/2024 19:00;0,2;Όχι
15/08/2024 19:15;0,139;Όχι
15/08/2024 19:30;0,089;Όχι
15/08/2024 19:45;0,044;Όχι
15/08/2024 20:00;0,011;Όχι
15/08/2024 20:15;0,002;Όχι
15/08/2024 20:30;0;Όχι
15/08/2024 20:45;0;Όχι
15/08/2024 21:00;0;Όχι
15/08/2024 21:15;0;Όχι
15/08/2024 21:30;0;Όχι
15/08/2024 21:45;0;Όχι
15/08/2024 22:00;0;Όχι
15/08/2024 22:15;0;Όχι
15/08/2024 22:30;0;Όχι
15/08/2024 22:45;0;Όχι
15/08/2024 23:00;0;Όχι
15/08/2024 23:15;0;Όχι
15/08/2024 23:30;0;Όχι
15/08/2024 23:45;0;Όχι
16/08/2024 00:00;0;Όχι
16/08/2024 00:15;0;Όχι
16/08/2024 00:30;0;Όχι
16/08/2024 00:45;0;Όχι
16/08/2024 01:00;0;Όχι
16/08/2024 01:15;0;Όχι
16/08/2024 01:30;0;Όχι
16/08/2024 01:45;0;Όχι
16/08/2024 02:00;0;Όχι
16/08/2024 02:15;0;Όχι
16/08/2024 02:30;0;Όχι
16/08/2024 02:45;0;Όχι
16/08/2024 03:00;0;Όχι
16/08/2024 03:15;0;Όχι
16/08/2024 03:30;0;Όχι
16/08/2024 03:45;0;Όχι
16/08/2024 04:00;0;Όχι
16/08/2024 04:15;0;Όχι
16/08/2024 04:30;0;Όχι
16/08/2024 04:45;0;Όχι
16/08/2024 05:00;0;Όχι
16/08/2024 05:15;0;Όχι
16/08/2024 05:30;0;Όχι
16/08/2024 05:45;0;Όχι
16/08/2024 06:00;0;Όχι
16/08/2024 06:15;0;Όχι
16/08/2024 06:30;0;Όχι
16/08/2024 06:45;0;Όχι
16/08/2024 07:00;0,001;Όχι
16/08/2024 07:15;0,012;Όχι
16/08/2024 07:30;0,035;Όχι
16/08/2024 07:45;0,091;Όχι
16/08/2024 08:00;0,13;Όχι
16/08/2024 08:15;0,174;Όχι
16/08/2024 08:30;0,235;Όχι
16/08/2024 08:45;0,304;Όχι
16/08/2024 09:00;0,385;Όχι
16/08/2024 09:15;0,466;Όχι
16/08/2024 09:30;0,54;Όχι
16/08/2024 09:45;0,474;Όχι
16/08/2024 10:00;0,683;Όχι
16/08/2024 10:15;0,786;Όχι
16/08/2024 10:30;0,942;Όχι
16/08/2024 10:45;1,015;Όχι
16/08/2024 11:00;0,988;Όχι
16/08/2024 11:15;1,011;Όχι
16/08/2024 11:30;1,062;Όχι
16/08/2024 11:45;1,11;Όχι
16/08/2024 12:00;1,153;Όχι
16/08/2024 12:15;1,185;Όχι
16/08/2024 12:30;1,21;Όχι
16/08/2024 12:45;1,23;Όχι
16/08/2024 13:00;1,248;Όχι
16/08/2024 13:15;1,258;Όχι
16/08/2024 13:30;1,275;Όχι
16/08/2024 13:45;1,271;Όχι
16/08/2024 14:00;1,283;Όχι
16/08/2024 14:15;1,29;Όχι
16/08/2024 14:30;1,268;Όχι
16/08/2024 14:45;1,258;Όχι
16/08/2024 15:00;1,239;Όχι
16/08/2024 15:15;1,21;Όχι
16/08/2024 15:30;1,171;Όχι
16/08/2024 15:45;1,131;Όχι
16/08/2024 16:00;1,084;Όχι
16/08/2024 16:15;1,028;Όχι
16/08/2024 16:30;0,969;Όχι
16/08/2024 16:45;0,907;Όχι
16/08/2024 17:00;0,835;Όχι
16/08/2024 17:15;0,756;Όχι
16/08/2024 17:30;0,678;Όχι
16/08/2024 17:45;0,593;Όχι
16/08/2024 18:00;0,505;Όχι
16/08/2024 18:15;0,418;Όχι
16/08/2024 18:30;0,337;Όχι
16/08/2024 18:45;0,257;Όχι
16/08/2024 19:00;0,183;Όχι
16/08/2024 19:15;0,128;Όχι
16/08/2024 19:30;0,086;Όχι
16/08/2024 19:45;0,048;Όχι
16/08/2024 20:00;0,019;Όχι
16/08/2024 20:15;0,002;Όχι
16/08/2024 20:30;0;Όχι
16/08/2024 20:45;0;Όχι
16/08/2024 21:00;0;Όχι
16/08/2024 21:15;0;Όχι
16/08/2024 21:30;0;Όχι
16/08/2024 21:45;0;Όχι
16/08/2024 22:00;0;Όχι
16/08/2024 22:15;0;Όχι
16/08/2024 22:30;0;Όχι
16/08/2024 22:45;0;Όχι
16/08/2024 23:00;0;Όχι
16/08/2024 23:15;0;Όχι
16/08/2024 23:30;0;Όχι
16/08/2024 23:45;0;Όχι
17/08/2024 00:00;0;Όχι
17/08/2024 00:15;0;Όχι
17/08/2024 00:30;0;Όχι
17/08/2024 00:45;0;Όχι
17/08/2024 01:00;0;Όχι
17/08/2024 01:15;0;Όχι
17/08/2024 01:30;0;Όχι
17/08/2024 01:45;0;Όχι
17/08/2024 02:00;0;Όχι
17/08/2024 02:15;0;Όχι
17/08/2024 02:30;0;Όχι
17/08/2024 02:45;0;Όχι
17/08/2024 03:00;0;Όχι
17/08/2024 03:15;0;Όχι
17/08/2024 03:30;0;Όχι
17/08/2024 03:45;0;Όχι
17/08/2024 04:00;0;Όχι
17/08/2024 04:15;0;Όχι
17/08/2024 04:30;0;Όχι
17/08/2024 04:45;0;Όχι
17/08/2024 05:00;0;Όχι
17/08/2024 05:15;0;Όχι
17/08/2024 05:30;0;Όχι
17/08/2024 05:45;0;Όχι
17/08/2024 06:00;0;Όχι
17/08/2024 06:15;0;Όχι
17/08/2024 06:30;0;Όχι
17/08/2024 06:45;0;Όχι
17/08/2024 07:00;0,004;Όχι
17/08/2024 07:15;0,019;Όχι
17/08/2024 07:30;0,041;Όχι
17/08/2024 07:45;0,076;Όχι
17/08/2024 08:00;0,117;Όχι
17/08/2024 08:15;0,163;Όχι
17/08/2024 08:30;0,226;Όχι
17/08/2024 08:45;0,299;Όχι
17/08/2024 09:00;0,378;Όχι
17/08/2024 09:15;0,459;Όχι
17/08/2024 09:30;0,541;Όχι
17/08/2024 09:45;0,62;Όχι
17/08/2024 10:00;0,703;Όχι
17/08/2024 10:15;0,771;Όχι
17/08/2024 10:30;0,836;Όχι
17/08/2024 10:45;0,909;Όχι
17/08/2024 11:00;0,975;Όχι
17/08/2024 11:15;0,987;Όχι
17/08/2024 11:30;1,074;Όχι
17/08/2024 11:45;1,108;Όχι
17/08/2024 12:00;1,149;Όχι
17/08/2024 12:15;1,194;Όχι
17/08/2024 12:30;1,222;Όχι
17/08/2024 12:45;1,253;Όχι
17/08/2024 13:00;1,274;Όχι
17/08/2024 13:15;1,284;Όχι
17/08/2024 13:30;1,295;Όχι
17/08/2024 13:45;1,3;Όχι
17/08/2024 14:00;1,302;Όχι
17/08/2024 14:15;1,295;Όχι
17/08/2024 14:30;1,288;Όχι
17/08/2024 14:45;1,279;Όχι
17/08/2024 15:00;1,254;Όχι
17/08/2024 15:15;1,23;Όχι
17/08/2024 15:30;1,215;Όχι
17/08/2024 15:45;1,177;Όχι
17/08/2024 16:00;1,141;Όχι
17/08/2024 16:15;0,994;Όχι
17/08/2024 16:30;0,836;Όχι
17/08/2024 16:45;0,764;Όχι
17/08/2024 17:00;0,786;Όχι
17/08/2024 17:15;0,793;Όχι
17/08/2024 17:30;0,753;Όχι
17/08/2024 17:45;0,384;Όχι
17/08/2024 18:00;0,377;Όχι
17/08/2024 18:15;0,41;Όχι
17/08/2024 18:30;0,268;Όχι
17/08/2024 18:45;0,216;Όχι
17/08/2024 19:00;0,177;Όχι
17/08/2024 19:15;0,15;Όχι
17/08/2024 19:30;0,102;Όχι
17/08/2024 19:45;0,034;Όχι
17/08/2024 20:00;0,007;Όχι
17/08/2024 20:15;0,001;Όχι
17/08/2024 20:30;0;Όχι
17/08/2024 20:45;0;Όχι
17/08/2024 21:00;0;Όχι
17/08/2024 21:15;0;Όχι
17/08/2024 21:30;0;Όχι
17/08/2024 21:45;0;Όχι
17/08/2024 22:00;0;Όχι
17/08/2024 22:15;0;Όχι
17/08/2024 22:30;0;Όχι
17/08/2024 22:45;0;Όχι
17/08/2024 23:00;0;Όχι
17/08/2024 23:15;0;Όχι
17/08/2024 23:30;0;Όχι
17/08/2024 23:45;0;Όχι
18/08/2024 00:00;0;Όχι
18/08/2024 00:15;0;Όχι
18/08/2024 00:30;0;Όχι
18/08/2024 00:45;0;Όχι
18/08/2024 01:00;0;Όχι
18/08/2024 01:15;0;Όχι
18/08/2024 01:30;0;Όχι
18/08/2024 01:45;0;Όχι
18/08/2024 02:00;0;Όχι
18/08/2024 02:15;0;Όχι
18/08/2024 02:30;0;Όχι
18/08/2024 02:45;0;Όχι
18/08/2024 03:00;0;Όχι
18/08/2024 03:15;0;Όχι
18/08/2024 03:30;0;Όχι
18/08/2024 03:45;0;Όχι
18/08/2024 04:00;0;Όχι
18/08/2024 04:15;0;Όχι
18/08/2024 04:30;0;Όχι
18/08/2024 04:45;0;Όχι
18/08/2024 05:00;0;Όχι
18/08/2024 05:15;0;Όχι
18/08/2024 05:30;0;Όχι
18/08/2024 05:45;0;Όχι
18/08/2024 06:00;0;Όχι
18/08/2024 06:15;0;Όχι
18/08/2024 06:30;0;Όχι
18/08/2024 06:45;0;Όχι
18/08/2024 07:00;0,009;Όχι
18/08/2024 07:15;0,028;Όχι
18/08/2024 07:30;0,054;Όχι
18/08/2024 07:45;0,095;Όχι
18/08/2024 08:00;0,158;Όχι
18/08/2024 08:15;0,202;Όχι
18/08/2024 08:30;0,243;Όχι
18/08/2024 08:45;0,293;Όχι
18/08/2024 09:00;0,37;Όχι
18/08/2024 09:15;0,446;Όχι
18/08/2024 09:30;0,525;Όχι
18/08/2024 09:45;0,612;Όχι
18/08/2024 10:00;0,691;Όχι
18/08/2024 10:15;0,768;Όχι
18/08/2024 10:30;0,847;Όχι
18/08/2024 10:45;0,808;Όχι
18/08/2024 11:00;0,869;Όχι
18/08/2024 11:15;0,936;Όχι
18/08/2024 11:30;1,107;Όχι
18/08/2024 11:45;1,147;Όχι
18/08/2024 12:00;1,19;Όχι
18/08/2024 12:15;1,202;Όχι
18/08/2024 12:30;1,233;Όχι
18/08/2024 12:45;1,245;Όχι
18/08/2024 13:00;1,259;Όχι
18/08/2024 13:15;1,261;Όχι
18/08/2024 13:30;1,267;Όχι
18/08/2024 13:45;1,279;Όχι
18/08/2024 14:00;1,288;Όχι
18/08/2024 14:15;1,288;Όχι
18/08/2024 14:30;1,279;Όχι
18/08/2024 14:45;1,284;Όχι
18/08/2024 15:00;1,124;Όχι
18/08/2024 15:15;1,033;Όχι
18/08/2024 15:30;0,795;Όχι
18/08/2024 15:45;0,712;Όχι
18/08/2024 16:00;0,702;Όχι
18/08/2024 16:15;0,712;Όχι
18/08/2024 16:30;0,801;Όχι
18/08/2024 16:45;0,774;Όχι
18/08/2024 17:00;0,669;Όχι
18/08/2024 17:15;0,693;Όχι
18/08/2024 17:30;0,67;Όχι
18/08/2024 17:45;0,488;Όχι
18/08/2024 18:00;0,459;Όχι
18/08/2024 18:15;0,46;Όχι
18/08/2024 18:30;0,305;Όχι
18/08/2024 18:45;0,136;Όχι
18/08/2024 19:00;0,091;Όχι
18/08/2024 19:15;0,077;Όχι
18/08/2024 19:30;0,038;Όχι
18/08/2024 19:45;0,014;Όχι
18/08/2024 20:00;0,005;Όχι
18/08/2024 20:15;0;Όχι
18/08/2024 20:30;0;Όχι
18/08/2024 20:45;0;Όχι
18/08/2024 21:00;0;Όχι
18/08/2024 21:15;0;Όχι
18/08/2024 21:30;0;Όχι
18/08/2024 21:45;0;Όχι
18/08/2024 22:00;0;Όχι
18/08/2024 22:15;0;Όχι
18/08/2024 22:30;0;Όχι
18/08/2024 22:45;0;Όχι
18/08/2024 23:00;0;Όχι
18/08/2024 23:15;0;Όχι
18/08/2024 23:30;0;Όχι
18/08/2024 23:45;0;Όχι
19/08/2024 00:00;0;Όχι
19/08/2024 00:15;0;Όχι
19/08/2024 00:30;0;Όχι
19/08/2024 00:45;0;Όχι
19/08/2024 01:00;0;Όχι
19/08/2024 01:15;0;Όχι
19/08/2024 01:30;0;Όχι
19/08/2024 01:45;0;Όχι
19/08/2024 02:00;0;Όχι
19/08/2024 02:15;0;Όχι
19/08/2024 02:30;0;Όχι
19/08/2024 02:45;0;Όχι
19/08/2024 03:00;0;Όχι
19/08/2024 03:15;0;Όχι
19/08/2024 03:30;0;Όχι
19/08/2024 03:45;0;Όχι
19/08/2024 04:00;0;Όχι
19/08/2024 04:15;0;Όχι
19/08/2024 04:30;0;Όχι
19/08/2024 04:45;0;Όχι
19/08/2024 05:00;0;Όχι
19/08/2024 05:15;0;Όχι
19/08/2024 05:30;0;Όχι
19/08/2024 05:45;0;Όχι
19/08/2024 06:00;0;Όχι
19/08/2024 06:15;0;Όχι
19/08/2024 06:30;0;Όχι
19/08/2024 06:45;0;Όχι
19/08/2024 07:00;0,002;Όχι
19/08/2024 07:15;0,019;Όχι
19/08/2024 07:30;0,046;Όχι
19/08/2024 07:45;0,089;Όχι
19/08/2024 08:00;0,111;Όχι
19/08/2024 08:15;0,105;Όχι
19/08/2024 08:30;0,202;Όχι
19/08/2024 08:45;0,292;Όχι
19/08/2024 09:00;0,408;Όχι
19/08/2024 09:15;0,45;Όχι
19/08/2024 09:30;0,565;Όχι
19/08/2024 09:45;0,647;Όχι
19/08/2024 10:00;0,744;Όχι
19/08/2024 10:15;0,837;Όχι
19/08/2024 10:30;0,838;Όχι
19/08/2024 10:45;0,942;Όχι
19/08/2024 11:00;0,858;Όχι
19/08/2024 11:15;0,604;Όχι
19/08/2024 11:30;0,724;Όχι
19/08/2024 11:45;0,882;Όχι
19/08/2024 12:00;1,216;Όχι
19/08/2024 12:15;1,197;Όχι
19/08/2024 12:30;1,237;Όχι
19/08/2024 12:45;1,248;Όχι
19/08/2024 13:00;1,264;Όχι
19/08/2024 13:15;1,267;Όχι
19/08/2024 13:30;1,26;Όχι
19/08/2024 13:45;0,785;Όχι
19/08/2024 14:00;0,764;Όχι
19/08/2024 14:15;0,621;Όχι
19/08/2024 14:30;0,906;Όχι
19/08/2024 14:45;1,049;Όχι
19/08/2024 15:00;0,798;Όχι
19/08/2024 15:15;0,842;Όχι
19/08/2024 15:30;0,681;Όχι
19/08/2024 15:45;1,105;Όχι
19/08/2024 16:00;0,566;Όχι
19/08/2024 16:15;0,557;Όχι
19/08/2024 16:30;0,417;Όχι
19/08/2024 16:45;0,292;Όχι
19/08/2024 17:00;0,22;Όχι
19/08/2024 17:15;0,174;Όχι
19/08/2024 17:30;0,17;Όχι
19/08/2024 17:45;0,216;Όχι
19/08/2024 18:00;0,349;Όχι
19/08/2024 18:15;0,525;Όχι
19/08/2024 18:30;0,344;Όχι
19/08/2024 18:45;0,165;Όχι
19/08/2024 19:00;0,172;Όχι
19/08/2024 19:15;0,069;Όχι
19/08/2024 19:30;0,054;Όχι
19/08/2024 19:45;0,032;Όχι
19/08/2024 20:00;0,011;Όχι
19/08/2024 20:15;0,001;Όχι
19/08/2024 20:30;0;Όχι
19/08/2024 20:45;0;Όχι
19/08/2024 21:00;0;Όχι
19/08/2024 21:15;0;Όχι
19/08/2024 21:30;0;Όχι
19/08/2024 21:45;0;Όχι
19/08/2024 22:00;0;Όχι
19/08/2024 22:15;0;Όχι
19/08/2024 22:30;0;Όχι
19/08/2024 22:45;0;Όχι
19/08/2024 23:00;0;Όχι
19/08/2024 23:15;0;Όχι
19/08/2024 23:30;0;Όχι
19/08/2024 23:45;0;Όχι
20/08/2024 00:00;0;Όχι
20/08/2024 00:15;0;Όχι
20/08/2024 00:30;0;Όχι
20/08/2024 00:45;0;Όχι
20/08/2024 01:00;0;Όχι
20/08/2024 01:15;0;Όχι
20/08/2024 01:30;0;Όχι
20/08/2024 01:45;0;Όχι
20/08/2024 02:00;0;Όχι
20/08/2024 02:15;0;Όχι
20/08/2024 02:30;0;Όχι
20/08/2024 02:45;0;Όχι
20/08/2024 03:00;0;Όχι
20/08/2024 03:15;0;Όχι
20/08/2024 03:30;0;Όχι
20/08/2024 03:45;0;Όχι
20/08/2024 04:00;0;Όχι
20/08/2024 04:15;0;Όχι
20/08/2024 04:30;0;Όχι
20/08/2024 04:45;0;Όχι
20/08/2024 05:00;0;Όχι
20/08/2024 05:15;0;Όχι
20/08/2024 05:30;0;Όχι
20/08/2024 05:45;0;Όχι
20/08/2024 06:00;0;Όχι
20/08/2024 06:15;0;Όχι
20/08/2024 06:30;0;Όχι
20/08/2024 06:45;0;Όχι
20/08/2024 07:00;0,002;Όχι
20/08/2024 07:15;0,018;Όχι
20/08/2024 07:30;0,032;Όχι
20/08/2024 07:45;0,052;Όχι
20/08/2024 08:00;0,119;Όχι
20/08/2024 08:15;0,203;Όχι
20/08/2024 08:30;0,262;Όχι
20/08/2024 08:45;0,245;Όχι
20/08/2024 09:00;0,226;Όχι
20/08/2024 09:15;0,195;Όχι
20/08/2024 09:30;0,187;Όχι
20/08/2024 09:45;0,437;Όχι
20/08/2024 10:00;0,633;Όχι
20/08/2024 10:15;0,781;Όχι
20/08/2024 10:30;0,845;Όχι
20/08/2024 10:45;0,921;Όχι
20/08/2024 11:00;0,978;Όχι
20/08/2024 11:15;0,976;Όχι
20/08/2024 11:30;0,962;Όχι
20/08/2024 11:45;0,978;Όχι
20/08/2024 12:00;0,98;Όχι
20/08/2024 12:15;1,133;Όχι
20/08/2024 12:30;1,186;Όχι
20/08/2024 12:45;1,262;Όχι
20/08/2024 13:00;1,279;Όχι
20/08/2024 13:15;1,313;Όχι
20/08/2024 13:30;1,303;Όχι
20/08/2024 13:45;1,353;Όχι
20/08/2024 14:00;0,851;Όχι
20/08/2024 14:15;0,305;Όχι
20/08/2024 14:30;0,173;Όχι
20/08/2024 14:45;0,09;Όχι
20/08/2024 15:00;0,064;Όχι
20/08/2024 15:15;0,055;Όχι
20/08/2024 15:30;0,054;Όχι
20/08/2024 15:45;0,075;Όχι
20/08/2024 16:00;0,101;Όχι
20/08/2024 16:15;0,128;Όχι
20/08/2024 16:30;0,085;Όχι
20/08/2024 16:45;0,105;Όχι
20/08/2024 17:00;0,257;Όχι
20/08/2024 17:15;0,263;Όχι
20/08/2024 17:30;0,351;Όχι
20/08/2024 17:45;0,392;Όχι
20/08/2024 18:00;0,309;Όχι
20/08/2024 18:15;0,16;Όχι
20/08/2024 18:30;0,131;Όχι
20/08/2024 18:45;0,117;Όχι
20/08/2024 19:00;0,083;Όχι
20/08/2024 19:15;0,043;Όχι
20/08/2024 19:30;0,021;Όχι
20/08/2024 19:45;0,012;Όχι
20/08/2024 20:00;0,003;Όχι
20/08/2024 20:15;0;Όχι
20/08/2024 20:30;0;Όχι
20/08/2024 20:45;0;Όχι
20/08/2024 21:00;0;Όχι
20/08/2024 21:15;0;Όχι
20/08/2024 21:30;0;Όχι
20/08/2024 21:45;0;Όχι
20/08/2024 22:00;0;Όχι
20/08/2024 22:15;0;Όχι
20/08/2024 22:30;0;Όχι
20/08/2024 22:45;0;Όχι
20/08/2024 23:00;0;Όχι
20/08/2024 23:15;0;Όχι
20/08/2024 23:30;0;Όχι
20/08/2024 23:45;0;Όχι
21/08/2024 00:00;0;Όχι
21/08/2024 00:15;0;Όχι
21/08/2024 00:30;0;Όχι
21/08/2024 00:45;0;Όχι
21/08/2024 01:00;0;Όχι
21/08/2024 01:15;0;Όχι
21/08/2024 01:30;0;Όχι
21/08/2024 01:45;0;Όχι
21/08/2024 02:00;0;Όχι
21/08/2024 02:15;0;Όχι
21/08/2024 02:30;0;Όχι
21/08/2024 02:45;0;Όχι
21/08/2024 03:00;0;Όχι
21/08/2024 03:15;0;Όχι
21/08/2024 03:30;0;Όχι
21/08/2024 03:45;0;Όχι
21/08/2024 04:00;0;Όχι
21/08/2024 04:15;0;Όχι
21/08/2024 04:30;0;Όχι
21/08/2024 04:45;0;Όχι
21/08/2024 05:00;0;Όχι
21/08/2024 05:15;0;Όχι
21/08/2024 05:30;0;Όχι
21/08/2024 05:45;0;Όχι
21/08/2024 06:00;0;Όχι
21/08/2024 06:15;0;Όχι
21/08/2024 06:30;0;Όχι
21/08/2024 06:45;0;Όχι
21/08/2024 07:00;0,001;Όχι
21/08/2024 07:15;0,011;Όχι
21/08/2024 07:30;0,011;Όχι
21/08/2024 07:45;0,017;Όχι
21/08/2024 08:00;0,039;Όχι
21/08/2024 08:15;0,081;Όχι
21/08/2024 08:30;0,104;Όχι
21/08/2024 08:45;0,126;Όχι
21/08/2024 09:00;0,166;Όχι
21/08/2024 09:15;0,196;Όχι
21/08/2024 09:30;0,173;Όχι
21/08/2024 09:45;0,195;Όχι
21/08/2024 10:00;0,241;Όχι
21/08/2024 10:15;0,303;Όχι
21/08/2024 10:30;0,374;Όχι
21/08/2024 10:45;0,407;Όχι
21/08/2024 11:00;0,576;Όχι
21/08/2024 11:15;0,554;Όχι
21/08/2024 11:30;0,602;Όχι
21/08/2024 11:45;0,829;Όχι
21/08/2024 12:00;0,934;Όχι
21/08/2024 12:15;0,915;Όχι
21/08/2024 12:30;1,137;Όχι
21/08/2024 12:45;1,313;Όχι
21/08/2024 13:00;1,261;Όχι
21/08/2024 13:15;1,187;Όχι
21/08/2024 13:30;1,236;Όχι
21/08/2024 13:45;1,258;Όχι
21/08/2024 14:00;1,249;Όχι
21/08/2024 14:15;1,247;Όχι
21/08/2024 14:30;1,234;Όχι
21/08/2024 14:45;1,232;Όχι
21/08/2024 15:00;1,236;Όχι
21/08/2024 15:15;1,206;Όχι
21/08/2024 15:30;1,179;Όχι
21/08/2024 15:45;1,134;Όχι
21/08/2024 16:00;1,092;Όχι
21/08/2024 16:15;1,04;Όχι
21/08/2024 16:30;0,99;Όχι
21/08/2024 16:45;0,952;Όχι
21/08/2024 17:00;0,926;Όχι
21/08/2024 17:15;0,93;Όχι
21/08/2024 17:30;0,834;Όχι
21/08/2024 17:45;0,614;Όχι
21/08/2024 18:00;0,52;Όχι
21/08/2024 18:15;0,452;Όχι
21/08/2024 18:30;0,128;Όχι
21/08/2024 18:45;0,056;Όχι
21/08/2024 19:00;0,039;Όχι
21/08/2024 19:15;0,046;Όχι
21/08/2024 19:30;0,063;Όχι
21/08/2024 19:45;0,029;Όχι
21/08/2024 20:00;0,018;Όχι
21/08/2024 20:15;0,002;Όχι
21/08/2024 20:30;0;Όχι
21/08/2024 20:45;0;Όχι
21/08/2024 21:00;0;Όχι
21/08/2024 21:15;0;Όχι
21/08/2024 21:30;0;Όχι
21/08/2024 21:45;0;Όχι
21/08/2024 22:00;0;Όχι
21/08/2024 22:15;0;Όχι
21/08/2024 22:30;0;Όχι
21/08/2024 22:45;0;Όχι
21/08/2024 23:00;0;Όχι
21/08/2024 23:15;0;Όχι
21/08/2024 23:30;0;Όχι
21/08/2024 23:45;0;Όχι
22/08/2024 00:00;0;Όχι
22/08/2024 00:15;0;Όχι
22/08/2024 00:30;0;Όχι
22/08/2024 00:45;0;Όχι
22/08/2024 01:00;0;Όχι
22/08/2024 01:15;0;Όχι
22/08/2024 01:30;0;Όχι
22/08/2024 01:45;0;Όχι
22/08/2024 02:00;0;Όχι
22/08/2024 02:15;0;Όχι
22/08/2024 02:30;0;Όχι
22/08/2024 02:45;0;Όχι
22/08/2024 03:00;0;Όχι
22/08/2024 03:15;0;Όχι
22/08/2024 03:30;0;Όχι
22/08/2024 03:45;0;Όχι
22/08/2024 04:00;0;Όχι
22/08/2024 04:15;0;Όχι
22/08/2024 04:30;0;Όχι
22/08/2024 04:45;0;Όχι
22/08/2024 05:00;0;Όχι
22/08/2024 05:15;0;Όχι
22/08/2024 05:30;0;Όχι
22/08/2024 05:45;0;Όχι
22/08/2024 06:00;0;Όχι
22/08/2024 06:15;0;Όχι
22/08/2024 06:30;0;Όχι
22/08/2024 06:45;0;Όχι
22/08/2024 07:00;0;Όχι
22/08/2024 07:15;0,014;Όχι
22/08/2024 07:30;0,035;Όχι
22/08/2024 07:45;0,065;Όχι
22/08/2024 08:00;0,106;Όχι
22/08/2024 08:15;0,165;Όχι
22/08/2024 08:30;0,236;Όχι
22/08/2024 08:45;0,313;Όχι
22/08/2024 09:00;0,399;Όχι
22/08/2024 09:15;0,487;Όχι
22/08/2024 09:30;0,569;Όχι
22/08/2024 09:45;0,651;Όχι
22/08/2024 10:00;0,729;Όχι
22/08/2024 10:15;0,804;Όχι
22/08/2024 10:30;0,873;Όχι
22/08/2024 10:45;0,942;Όχι
22/08/2024 11:00;1,006;Όχι
22/08/2024 11:15;1,06;Όχι
22/08/2024 11:30;1,101;Όχι
22/08/2024 11:45;1,143;Όχι
22/08/2024 12:00;1,174;Όχι
22/08/2024 12:15;1,201;Όχι
22/08/2024 12:30;1,233;Όχι
22/08/2024 12:45;1,253;Όχι
22/08/2024 13:00;1,261;Όχι
22/08/2024 13:15;1,279;Όχι
22/08/2024 13:30;1,278;Όχι
22/08/2024 13:45;1,265;Όχι
22/08/2024 14:00;1,262;Όχι
22/08/2024 14:15;1,253;Όχι
22/08/2024 14:30;1,245;Όχι
22/08/2024 14:45;1,217;Όχι
22/08/2024 15:00;1,18;Όχι
22/08/2024 15:15;1,15;Όχι
22/08/2024 15:30;1,14;Όχι
22/08/2024 15:45;1,125;Όχι
22/08/2024 16:00;1,091;Όχι
22/08/2024 16:15;1,037;Όχι
22/08/2024 16:30;0,986;Όχι
22/08/2024 16:45;0,913;Όχι
22/08/2024 17:00;0,836;Όχι
22/08/2024 17:15;0,761;Όχι
22/08/2024 17:30;0,685;Όχι
22/08/2024 17:45;0,606;Όχι
22/08/2024 18:00;0,525;Όχι
22/08/2024 18:15;0,445;Όχι
22/08/2024 18:30;0,359;Όχι
22/08/2024 18:45;0,275;Όχι
22/08/2024 19:00;0,193;Όχι
22/08/2024 19:15;0,131;Όχι
22/08/2024 19:30;0,08;Όχι
22/08/2024 19:45;0,05;Όχι
22/08/2024 20:00;0,031;Όχι
22/08/2024 20:15;0,013;Όχι
22/08/2024 20:30;0,001;Όχι
22/08/2024 20:45;0;Όχι
22/08/2024 21:00;0;Όχι
22/08/2024 21:15;0;Όχι
22/08/2024 21:30;0;Όχι
22/08/2024 21:45;0;Όχι
22/08/2024 22:00;0;Όχι
22/08/2024 22:15;0;Όχι
22/08/2024 22:30;0;Όχι
22/08/2024 22:45;0;Όχι
22/08/2024 23:00;0;Όχι
22/08/2024 23:15;0;Όχι
22/08/2024 23:30;0;Όχι
22/08/2024 23:45;0;Όχι
23/08/2024 00:00;0;Όχι
23/08/2024 00:15;0;Όχι
23/08/2024 00:30;0;Όχι
23/08/2024 00:45;0;Όχι
23/08/2024 01:00;0;Όχι
23/08/2024 01:15;0;Όχι
23/08/2024 01:30;0;Όχι
23/08/2024 01:45;0;Όχι
23/08/2024 02:00;0;Όχι
23/08/2024 02:15;0;Όχι
23/08/2024 02:30;0;Όχι
23/08/2024 02:45;0;Όχι
23/08/2024 03:00;0;Όχι
23/08/2024 03:15;0;Όχι
23/08/2024 03:30;0;Όχι
23/08/2024 03:45;0;Όχι
23/08/2024 04:00;0;Όχι
23/08/2024 04:15;0;Όχι
23/08/2024 04:30;0;Όχι
23/08/2024 04:45;0;Όχι
23/08/2024 05:00;0;Όχι
23/08/2024 05:15;0;Όχι
23/08/2024 05:30;0;Όχι
23/08/2024 05:45;0;Όχι
23/08/2024 06:00;0;Όχι
23/08/2024 06:15;0;Όχι
23/08/2024 06:30;0;Όχι
23/08/2024 06:45;0;Όχι
23/08/2024 07:00;0,003;Όχι
23/08/2024 07:15;0,024;Όχι
23/08/2024 07:30;0,056;Όχι
23/08/2024 07:45;0,093;Όχι
23/08/2024 08:00;0,134;Όχι
23/08/2024 08:15;0,194;Όχι
23/08/2024 08:30;0,283;Όχι
23/08/2024 08:45;0,341;Όχι
23/08/2024 09:00;0,41;Όχι
23/08/2024 09:15;0,488;Όχι
23/08/2024 09:30;0,573;Όχι
23/08/2024 09:45;0,655;Όχι
23/08/2024 10:00;0,734;Όχι
23/08/2024 10:15;0,81;Όχι
23/08/2024 10:30;0,862;Όχι
23/08/2024 10:45;0,941;Όχι
23/08/2024 11:00;0,989;Όχι
23/08/2024 11:15;1,033;Όχι
23/08/2024 11:30;1,072;Όχι
23/08/2024 11:45;1,098;Όχι
23/08/2024 12:00;1,129;Όχι
23/08/2024 12:15;1,154;Όχι
23/08/2024 12:30;1,183;Όχι
23/08/2024 12:45;1,228;Όχι
23/08/2024 13:00;1,242;Όχι
23/08/2024 13:15;1,26;Όχι
23/08/2024 13:30;1,276;Όχι
23/08/2024 13:45;1,293;Όχι
23/08/2024 14:00;1,31;Όχι
23/08/2024 14:15;1,296;Όχι
23/08/2024 14:30;1,268;Όχι
23/08/2024 14:45;1,255;Όχι
23/08/2024 15:00;1,235;Όχι
23/08/2024 15:15;1,223;Όχι
23/08/2024 15:30;1,195;Όχι
23/08/2024 15:45;1,151;Όχι
23/08/2024 16:00;1,099;Όχι
23/08/2024 16:15;1,052;Όχι
23/08/2024 16:30;0,988;Όχι
23/08/2024 16:45;0,923;Όχι
23/08/2024 17:00;0,857;Όχι
23/08/2024 17:15;0,785;Όχι
23/08/2024 17:30;0,694;Όχι
23/08/2024 17:45;0,603;Όχι
23/08/2024 18:00;0,517;Όχι
23/08/2024 18:15;0,436;Όχι
23/08/2024 18:30;0,342;Όχι
23/08/2024 18:45;0,317;Όχι
23/08/2024 19:00;0,228;Όχι
23/08/2024 19:15;0,169;Όχι
23/08/2024 19:30;0,102;Όχι
23/08/2024 19:45;0,041;Όχι
23/08/2024 20:00;0,014;Όχι
23/08/2024 20:15;0,002;Όχι
23/08/2024 20:30;0;Όχι
23/08/2024 20:45;0;Όχι
23/08/2024 21:00;0;Όχι
23/08/2024 21:15;0;Όχι
23/08/2024 21:30;0;Όχι
23/08/2024 21:45;0;Όχι
23/08/2024 22:00;0;Όχι
23/08/2024 22:15;0;Όχι
23/08/2024 22:30;0;Όχι
23/08/2024 22:45;0;Όχι
23/08/2024 23:00;0;Όχι
23/08/2024 23:15;0;Όχι
23/08/2024 23:30;0;Όχι
23/08/2024 23:45;0;Όχι
24/08/2024 00:00;0;Όχι
24/08/2024 00:15;0;Όχι
24/08/2024 00:30;0;Όχι
24/08/2024 00:45;0;Όχι
24/08/2024 01:00;0;Όχι
24/08/2024 01:15;0;Όχι
24/08/2024 01:30;0;Όχι
24/08/2024 01:45;0;Όχι
24/08/2024 02:00;0;Όχι
24/08/2024 02:15;0;Όχι
24/08/2024 02:30;0;Όχι
24/08/2024 02:45;0;Όχι
24/08/2024 03:00;0;Όχι
24/08/2024 03:15;0;Όχι
24/08/2024 03:30;0;Όχι
24/08/2024 03:45;0;Όχι
24/08/2024 04:00;0;Όχι
24/08/2024 04:15;0;Όχι
24/08/2024 04:30;0;Όχι
24/08/2024 04:45;0;Όχι
24/08/2024 05:00;0;Όχι
24/08/2024 05:15;0;Όχι
24/08/2024 05:30;0;Όχι
24/08/2024 05:45;0;Όχι
24/08/2024 06:00;0;Όχι
24/08/2024 06:15;0;Όχι
24/08/2024 06:30;0;Όχι
24/08/2024 06:45;0;Όχι
24/08/2024 07:00;0;Όχι
24/08/2024 07:15;0,009;Όχι
24/08/2024 07:30;0,029;Όχι
24/08/2024 07:45;0,062;Όχι
24/08/2024 08:00;0,11;Όχι
24/08/2024 08:15;0,168;Όχι
24/08/2024 08:30;0,235;Όχι
24/08/2024 08:45;0,313;Όχι
24/08/2024 09:00;0,398;Όχι
24/08/2024 09:15;0,486;Όχι
24/08/2024 09:30;0,571;Όχι
24/08/2024 09:45;0,652;Όχι
24/08/2024 10:00;0,728;Όχι
24/08/2024 10:15;0,798;Όχι
24/08/2024 10:30;0,864;Όχι
24/08/2024 10:45;0,931;Όχι
24/08/2024 11:00;0,996;Όχι
24/08/2024 11:15;1,047;Όχι
24/08/2024 11:30;1,098;Όχι
24/08/2024 11:45;1,14;Όχι
24/08/2024 12:00;1,177;Όχι
24/08/2024 12:15;1,214;Όχι
24/08/2024 12:30;1,248;Όχι
24/08/2024 12:45;1,277;Όχι
24/08/2024 13:00;1,294;Όχι
24/08/2024 13:15;1,305;Όχι
24/08/2024 13:30;1,304;Όχι
24/08/2024 13:45;1,311;Όχι
24/08/2024 14:00;1,305;Όχι
24/08/2024 14:15;1,294;Όχι
24/08/2024 14:30;1,28;Όχι
24/08/2024 14:45;1,265;Όχι
24/08/2024 15:00;1,242;Όχι
24/08/2024 15:15;1,216;Όχι
24/08/2024 15:30;1,18;Όχι
24/08/2024 15:45;1,139;Όχι
24/08/2024 16:00;1,092;Όχι
24/08/2024 16:15;1,036;Όχι
24/08/2024 16:30;0,977;Όχι
24/08/2024 16:45;0,926;Όχι
24/08/2024 17:00;0,848;Όχι
24/08/2024 17:15;0,817;Όχι
24/08/2024 17:30;0,564;Όχι
24/08/2024 17:45;0,434;Όχι
24/08/2024 18:00;0,483;Όχι
24/08/2024 18:15;0,382;Όχι
24/08/2024 18:30;0,304;Όχι
24/08/2024 18:45;0,274;Όχι
24/08/2024 19:00;0,191;Όχι
24/08/2024 19:15;0,133;Όχι
24/08/2024 19:30;0,082;Όχι
24/08/2024 19:45;0,046;Όχι
24/08/2024 20:00;0,016;Όχι
24/08/2024 20:15;0,001;Όχι
24/08/2024 20:30;0;Όχι
24/08/2024 20:45;0;Όχι
24/08/2024 21:00;0;Όχι
24/08/2024 21:15;0;Όχι
24/08/2024 21:30;0;Όχι
24/08/2024 21:45;0;Όχι
24/08/2024 22:00;0;Όχι
24/08/2024 22:15;0;Όχι
24/08/2024 22:30;0;Όχι
24/08/2024 22:45;0;Όχι
24/08/2024 23:00;0;Όχι
24/08/2024 23:15;0;Όχι
24/08/2024 23:30;0;Όχι
24/08/2024 23:45;0;Όχι
25/08/2024 00:00;0;Όχι
25/08/2024 00:15;0;Όχι
25/08/2024 00:30;0;Όχι
25/08/2024 00:45;0;Όχι
25/08/2024 01:00;0;Όχι
25/08/2024 01:15;0;Όχι
25/08/2024 01:30;0;Όχι
25/08/2024 01:45;0;Όχι
25/08/2024 02:00;0;Όχι
25/08/2024 02:15;0;Όχι
25/08/2024 02:30;0;Όχι
25/08/2024 02:45;0;Όχι
25/08/2024 03:00;0;Όχι
25/08/2024 03:15;0;Όχι
25/08/2024 03:30;0;Όχι
25/08/2024 03:45;0;Όχι
25/08/2024 04:00;0;Όχι
25/08/2024 04:15;0;Όχι
25/08/2024 04:30;0;Όχι
25/08/2024 04:45;0;Όχι
25/08/2024 05:00;0;Όχι
25/08/2024 05:15;0;Όχι
25/08/2024 05:30;0;Όχι
25/08/2024 05:45;0;Όχι
25/08/2024 06:00;0;Όχι
25/08/2024 06:15;0;Όχι
25/08/2024 06:30;0;Όχι
25/08/2024 06:45;0;Όχι
25/08/2024 07:00;0;Όχι
25/08/2024 07:15;0,011;Όχι
25/08/2024 07:30;0,029;Όχι
25/08/2024 07:45;0,057;Όχι
25/08/2024 08:00;0,107;Όχι
25/08/2024 08:15;0,16;Όχι
25/08/2024 08:30;0,218;Όχι
25/08/2024 08:45;0,29;Όχι
25/08/2024 09:00;0,375;Όχι
25/08/2024 09:15;0,464;Όχι
25/08/2024 09:30;0,546;Όχι
25/08/2024 09:45;0,629;Όχι
25/08/2024 10:00;0,709;Όχι
25/08/2024 10:15;0,786;Όχι
25/08/2024 10:30;0,858;Όχι
25/08/2024 10:45;0,923;Όχι
25/08/2024 11:00;0,978;Όχι
25/08/2024 11:15;1,038;Όχι
25/08/2024 11:30;1,089;Όχι
25/08/2024 11:45;1,133;Όχι
25/08/2024 12:00;1,171;Όχι
25/08/2024 12:15;1,213;Όχι
25/08/2024 12:30;1,232;Όχι
25/08/2024 12:45;1,269;Όχι
25/08/2024 13:00;1,338;Όχι
25/08/2024 13:15;1,389;Όχι
25/08/2024 13:30;1,367;Όχι
25/08/2024 13:45;1,22;Όχι
25/08/2024 14:00;0,801;Όχι
25/08/2024 14:15;1,353;Όχι
25/08/2024 14:30;1,367;Όχι
25/08/2024 14:45;1,383;Όχι
25/08/2024 15:00;1,139;Όχι
25/08/2024 15:15;1,325;Όχι
25/08/2024 15:30;1,305;Όχι
25/08/2024 15:45;1,142;Όχι
25/08/2024 16:00;1,035;Όχι
25/08/2024 16:15;1,027;Όχι
25/08/2024 16:30;0,821;Όχι
25/08/2024 16:45;0,797;Όχι
25/08/2024 17:00;0,562;Όχι
25/08/2024 17:15;0,772;Όχι
25/08/2024 17:30;0,708;Όχι
25/08/2024 17:45;0,578;Όχι
25/08/2024 18:00;0,411;Όχι
25/08/2024 18:15;0,462;Όχι
25/08/2024 18:30;0,344;Όχι
25/08/2024 18:45;0,282;Όχι
25/08/2024 19:00;0,208;Όχι
25/08/2024 19:15;0,109;Όχι
25/08/2024 19:30;0,035;Όχι
25/08/2024 19:45;0,015;Όχι
25/08/2024 20:00;0,003;Όχι
25/08/2024 20:15;0;Όχι
25/08/2024 20:30;0;Όχι
25/08/2024 20:45;0;Όχι
25/08/2024 21:00;0;Όχι
25/08/2024 21:15;0;Όχι
25/08/2024 21:30;0;Όχι
25/08/2024 21:45;0;Όχι
25/08/2024 22:00;0;Όχι
25/08/2024 22:15;0;Όχι
25/08/2024 22:30;0;Όχι
25/08/2024 22:45;0;Όχι
25/08/2024 23:00;0;Όχι
25/08/2024 23:15;0;Όχι
25/08/2024 23:30;0;Όχι
25/08/2024 23:45;0;Όχι
26/08/2024 00:00;0;Όχι
26/08/2024 00:15;0;Όχι
26/08/2024 00:30;0;Όχι
26/08/2024 00:45;0;Όχι
26/08/2024 01:00;0;Όχι
26/08/2024 01:15;0;Όχι
26/08/2024 01:30;0;Όχι
26/08/2024 01:45;0;Όχι
26/08/2024 02:00;0;Όχι
26/08/2024 02:15;0;Όχι
26/08/2024 02:30;0;Όχι
26/08/2024 02:45;0;Όχι
26/08/2024 03:00;0;Όχι
26/08/2024 03:15;0;Όχι
26/08/2024 03:30;0;Όχι
26/08/2024 03:45;0;Όχι
26/08/2024 04:00;0;Όχι
26/08/2024 04:15;0;Όχι
26/08/2024 04:30;0;Όχι
26/08/2024 04:45;0;Όχι
26/08/2024 05:00;0;Όχι
26/08/2024 05:15;0;Όχι
26/08/2024 05:30;0;Όχι
26/08/2024 05:45;0;Όχι
26/08/2024 06:00;0;Όχι
26/08/2024 06:15;0;Όχι
26/08/2024 06:30;0;Όχι
26/08/2024 06:45;0;Όχι
26/08/2024 07:00;0;Όχι
26/08/2024 07:15;0;Όχι
26/08/2024 07:30;0,009;Όχι
26/08/2024 07:45;0,037;Όχι
26/08/2024 08:00;0,042;Όχι
26/08/2024 08:15;0,067;Όχι
26/08/2024 08:30;0,07;Όχι
26/08/2024 08:45;0,066;Όχι
26/08/2024 09:00;0,097;Όχι
26/08/2024 09:15;0,167;Όχι
26/08/2024 09:30;0,273;Όχι
26/08/2024 09:45;0,248;Όχι
26/08/2024 10:00;0,35;Όχι
26/08/2024 10:15;0,371;Όχι
26/08/2024 10:30;0,718;Όχι
26/08/2024 10:45;0,936;Όχι
26/08/2024 11:00;1,024;Όχι
26/08/2024 11:15;0,891;Όχι
26/08/2024 11:30;1,012;Όχι
26/08/2024 11:45;1,13;Όχι
26/08/2024 12:00;1,168;Όχι
26/08/2024 12:15;1,204;Όχι
26/08/2024 12:30;1,241;Όχι
26/08/2024 12:45;1,255;Όχι
26/08/2024 13:00;1,263;Όχι
26/08/2024 13:15;1,298;Όχι
26/08/2024 13:30;1,362;Όχι
26/08/2024 13:45;1,367;Όχι
26/08/2024 14:00;1,342;Όχι
26/08/2024 14:15;1,305;Όχι
26/08/2024 14:30;0,881;Όχι
26/08/2024 14:45;1,305;Όχι
26/08/2024 15:00;1,266;Όχι
26/08/2024 15:15;1,286;Όχι
26/08/2024 15:30;0,584;Όχι
26/08/2024 15:45;0,1;Όχι
26/08/2024 16:00;0,041;Όχι
26/08/2024 16:15;0,101;Όχι
26/08/2024 16:30;0,216;Όχι
26/08/2024 16:45;0,199;Όχι
26/08/2024 17:00;0,107;Όχι
26/08/2024 17:15;0,074;Όχι
26/08/2024 17:30;0,113;Όχι
26/08/2024 17:45;0,107;Όχι
26/08/2024 18:00;0,087;Όχι
26/08/2024 18:15;0,075;Όχι
26/08/2024 18:30;0,078;Όχι
26/08/2024 18:45;0,05;Όχι
26/08/2024 19:00;0,049;Όχι
26/08/2024 19:15;0,085;Όχι
26/08/2024 19:30;0,062;Όχι
26/08/2024 19:45;0,029;Όχι
26/08/2024 20:00;0,005;Όχι
26/08/2024 20:15;0;Όχι
26/08/2024 20:30;0;Όχι
26/08/2024 20:45;0;Όχι
26/08/2024 21:00;0;Όχι
26/08/2024 21:15;0;Όχι
26/08/2024 21:30;0;Όχι
26/08/2024 21:45;0;Όχι
26/08/2024 22:00;0;Όχι
26/08/2024 22:15;0;Όχι
26/08/2024 22:30;0;Όχι
26/08/2024 22:45;0;Όχι
26/08/2024 23:00;0;Όχι
26/08/2024 23:15;0;Όχι
26/08/2024 23:30;0;Όχι
26/08/2024 23:45;0;Όχι
27/08/2024 00:00;0;Όχι
27/08/2024 00:15;0;Όχι
27/08/2024 00:30;0;Όχι
27/08/2024 00:45;0;Όχι
27/08/2024 01:00;0;Όχι
27/08/2024 01:15;0;Όχι
27/08/2024 01:30;0;Όχι
27/08/2024 01:45;0;Όχι
27/08/2024 02:00;0;Όχι
27/08/2024 02:15;0;Όχι
27/08/2024 02:30;0;Όχι
27/08/2024 02:45;0;Όχι
27/08/2024 03:00;0;Όχι
27/08/2024 03:15;0;Όχι
27/08/2024 03:30;0;Όχι
27/08/2024 03:45;0;Όχι
27/08/2024 04:00;0;Όχι
27/08/2024 04:15;0;Όχι
27/08/2024 04:30;0;Όχι
27/08/2024 04:45;0;Όχι
27/08/2024 05:00;0;Όχι
27/08/2024 05:15;0;Όχι
27/08/2024 05:30;0;Όχι
27/08/2024 05:45;0;Όχι
27/08/2024 06:00;0;Όχι
27/08/2024 06:15;0;Όχι
27/08/2024 06:30;0;Όχι
27/08/2024 06:45;0;Όχι
27/08/2024 07:00;0;Όχι
27/08/2024 07:15;0,005;Όχι
27/08/2024 07:30;0,026;Όχι
27/08/2024 07:45;0,059;Όχι
27/08/2024 08:00;0,108;Όχι
27/08/2024 08:15;0,174;Όχι
27/08/2024 08:30;0,25;Όχι
27/08/2024 08:45;0,322;Όχι
27/08/2024 09:00;0,407;Όχι
27/08/2024 09:15;0,492;Όχι
27/08/2024 09:30;0,577;Όχι
27/08/2024 09:45;0,66;Όχι
27/08/2024 10:00;0,739;Όχι
27/08/2024 10:15;0,811;Όχι
27/08/2024 10:30;0,881;Όχι
27/08/2024 10:45;0,96;Όχι
27/08/2024 11:00;1,039;Όχι
27/08/2024 11:15;1,1;Όχι
27/08/2024 11:30;1,148;Όχι
27/08/2024 11:45;1,191;Όχι
27/08/2024 12:00;1,224;Όχι
27/08/2024 12:15;1,252;Όχι
27/08/2024 12:30;1,283;Όχι
27/08/2024 12:45;1,306;Όχι
27/08/2024 13:00;1,328;Όχι
27/08/2024 13:15;1,351;Όχι
27/08/2024 13:30;1,362;Όχι
27/08/2024 13:45;1,362;Όχι
27/08/2024 14:00;1,348;Όχι
27/08/2024 14:15;1,325;Όχι
27/08/2024 14:30;1,31;Όχι
27/08/2024 14:45;1,29;Όχι
27/08/2024 15:00;1,275;Όχι
27/08/2024 15:15;1,261;Όχι
27/08/2024 15:30;1,221;Όχι
27/08/2024 15:45;1,176;Όχι
27/08/2024 16:00;1,115;Όχι
27/08/2024 16:15;1,051;Όχι
27/08/2024 16:30;0,989;Όχι
27/08/2024 16:45;0,924;Όχι
27/08/2024 17:00;0,852;Όχι
27/08/2024 17:15;0,769;Όχι
27/08/2024 17:30;0,69;Όχι
27/08/2024 17:45;0,6;Όχι
27/08/2024 18:00;0,509;Όχι
27/08/2024 18:15;0,419;Όχι
27/08/2024 18:30;0,332;Όχι
27/08/2024 18:45;0,248;Όχι
27/08/2024 19:00;0,175;Όχι
27/08/2024 19:15;0,11;Όχι
27/08/2024 19:30;0,062;Όχι
27/08/2024 19:45;0,029;Όχι
27/08/2024 20:00;0,008;Όχι
27/08/2024 20:15;0,001;Όχι
27/08/2024 20:30;0;Όχι
27/08/2024 20:45;0;Όχι
27/08/2024 21:00;0;Όχι
27/08/2024 21:15;0;Όχι
27/08/2024 21:30;0;Όχι
27/08/2024 21:45;0;Όχι
27/08/2024 22:00;0;Όχι
27/08/2024 22:15;0;Όχι
27/08/2024 22:30;0;Όχι
27/08/2024 22:45;0;Όχι
27/08/2024 23:00;0;Όχι
27/08/2024 23:15;0;Όχι
27/08/2024 23:30;0;Όχι
27/08/2024 23:45;0;Όχι
28/08/2024 00:00;0;Όχι
28/08/2024 00:15;0;Όχι
28/08/2024 00:30;0;Όχι
28/08/2024 00:45;0;Όχι
28/08/2024 01:00;0;Όχι
28/08/2024 01:15;0;Όχι
28/08/2024 01:30;0;Όχι
28/08/2024 01:45;0;Όχι
28/08/2024 02:00;0;Όχι
28/08/2024 02:15;0;Όχι
28/08/2024 02:30;0;Όχι
28/08/2024 02:45;0;Όχι
28/08/2024 03:00;0;Όχι
28/08/2024 03:15;0;Όχι
28/08/2024 03:30;0;Όχι
28/08/2024 03:45;0;Όχι
28/08/2024 04:00;0;Όχι
28/08/2024 04:15;0;Όχι
28/08/2024 04:30;0;Όχι
28/08/2024 04:45;0;Όχι
28/08/2024 05:00;0;Όχι
28/08/2024 05:15;0;Όχι
28/08/2024 05:30;0;Όχι
28/08/2024 05:45;0;Όχι
28/08/2024 06:00;0;Όχι
28/08/2024 06:15;0;Όχι
28/08/2024 06:30;0;Όχι
28/08/2024 06:45;0;Όχι
28/08/2024 07:00;0;Όχι
28/08/2024 07:15;0,009;Όχι
28/08/2024 07:30;0,033;Όχι
28/08/2024 07:45;0,074;Όχι
28/08/2024 08:00;0,13;Όχι
28/08/2024 08:15;0,14;Όχι
28/08/2024 08:30;0,231;Όχι
28/08/2024 08:45;0,305;Όχι
28/08/2024 09:00;0,389;Όχι
28/08/2024 09:15;0,479;Όχι
28/08/2024 09:30;0,569;Όχι
28/08/2024 09:45;0,654;Όχι
28/08/2024 10:00;0,728;Όχι
28/08/2024 10:15;0,803;Όχι
28/08/2024 10:30;0,873;Όχι
28/08/2024 10:45;0,976;Όχι
28/08/2024 11:00;0,864;Όχι
28/08/2024 11:15;1,112;Όχι
28/08/2024 11:30;1,14;Όχι
28/08/2024 11:45;1,196;Όχι
28/08/2024 12:00;1,012;Όχι
28/08/2024 12:15;1,148;Όχι
28/08/2024 12:30;1,28;Όχι
28/08/2024 12:45;1,285;Όχι
28/08/2024 13:00;1,283;Όχι
28/08/2024 13:15;1,3;Όχι
28/08/2024 13:30;1,279;Όχι
28/08/2024 13:45;1,271;Όχι
28/08/2024 14:00;1,283;Όχι
28/08/2024 14:15;1,281;Όχι
28/08/2024 14:30;1,249;Όχι
28/08/2024 14:45;1,22;Όχι
28/08/2024 15:00;1,191;Όχι
28/08/2024 15:15;1,176;Όχι
28/08/2024 15:30;1,186;Όχι
28/08/2024 15:45;1,063;Όχι
28/08/2024 16:00;0,949;Όχι
28/08/2024 16:15;0,596;Όχι
28/08/2024 16:30;1,073;Όχι
28/08/2024 16:45;0,898;Όχι
28/08/2024 17:00;0,737;Όχι
28/08/2024 17:15;0,43;Όχι
28/08/2024 17:30;0,218;Όχι
28/08/2024 17:45;0,18;Όχι
28/08/2024 18:00;0,181;Όχι
28/08/2024 18:15;0,278;Όχι
28/08/2024 18:30;0,162;Όχι
28/08/2024 18:45;0,058;Όχι
28/08/2024 19:00;0,065;Όχι
28/08/2024 19:15;0,087;Όχι
28/08/2024 19:30;0,066;Όχι
28/08/2024 19:45;0,026;Όχι
28/08/2024 20:00;0,004;Όχι
28/08/2024 20:15;0;Όχι
28/08/2024 20:30;0;Όχι
28/08/2024 20:45;0;Όχι
28/08/2024 21:00;0;Όχι
28/08/2024 21:15;0;Όχι
28/08/2024 21:30;0;Όχι
28/08/2024 21:45;0;Όχι
28/08/2024 22:00;0;Όχι
28/08/2024 22:15;0;Όχι
28/08/2024 22:30;0;Όχι
28/08/2024 22:45;0;Όχι
28/08/2024 23:00;0;Όχι
28/08/2024 23:15;0;Όχι
28/08/2024 23:30;0;Όχι
28/08/2024 23:45;0;Όχι
29/08/2024 00:00;0;Όχι
29/08/2024 00:15;0;Όχι
29/08/2024 00:30;0;Όχι
29/08/2024 00:45;0;Όχι
29/08/2024 01:00;0;Όχι
29/08/2024 01:15;0;Όχι
29/08/2024 01:30;0;Όχι
29/08/2024 01:45;0;Όχι
29/08/2024 02:00;0;Όχι
29/08/2024 02:15;0;Όχι
29/08/2024 02:30;0;Όχι
29/08/2024 02:45;0;Όχι
29/08/2024 03:00;0;Όχι
29/08/2024 03:15;0;Όχι
29/08/2024 03:30;0;Όχι
29/08/2024 03:45;0;Όχι
29/08/2024 04:00;0;Όχι
29/08/2024 04:15;0;Όχι
29/08/2024 04:30;0;Όχι
29/08/2024 04:45;0;Όχι
29/08/2024 05:00;0;Όχι
29/08/2024 05:15;0;Όχι
29/08/2024 05:30;0;Όχι
29/08/2024 05:45;0;Όχι
29/08/2024 06:00;0;Όχι
29/08/2024 06:15;0;Όχι
29/08/2024 06:30;0;Όχι
29/08/2024 06:45;0;Όχι
29/08/2024 07:00;0;Όχι
29/08/2024 07:15;0,003;Όχι
29/08/2024 07:30;0,024;Όχι
29/08/2024 07:45;0,071;Όχι
29/08/2024 08:00;0,126;Όχι
29/08/2024 08:15;0,176;Όχι
29/08/2024 08:30;0,23;Όχι
29/08/2024 08:45;0,296;Όχι
29/08/2024 09:00;0,378;Όχι
29/08/2024 09:15;0,385;Όχι
29/08/2024 09:30;0,561;Όχι
29/08/2024 09:45;0,644;Όχι
29/08/2024 10:00;0,688;Όχι
29/08/2024 10:15;0,782;Όχι
29/08/2024 10:30;0,835;Όχι
29/08/2024 10:45;0,925;Όχι
29/08/2024 11:00;0,993;Όχι
29/08/2024 11:15;1,049;Όχι
29/08/2024 11:30;1,106;Όχι
29/08/2024 11:45;1,144;Όχι
29/08/2024 12:00;1,188;Όχι
29/08/2024 12:15;1,21;Όχι
29/08/2024 12:30;1,234;Όχι
29/08/2024 12:45;1,257;Όχι
29/08/2024 13:00;1,276;Όχι
29/08/2024 13:15;1,292;Όχι
29/08/2024 13:30;1,307;Όχι
29/08/2024 13:45;1,3;Όχι
29/08/2024 14:00;1,31;Όχι
29/08/2024 14:15;1,308;Όχι
29/08/2024 14:30;1,178;Όχι
29/08/2024 14:45;1,309;Όχι
29/08/2024 15:00;1,288;Όχι
29/08/2024 15:15;1,268;Όχι
29/08/2024 15:30;1,237;Όχι
29/08/2024 15:45;1,165;Όχι
29/08/2024 16:00;1,111;Όχι
29/08/2024 16:15;1,05;Όχι
29/08/2024 16:30;0,994;Όχι
29/08/2024 16:45;0,937;Όχι
29/08/2024 17:00;0,846;Όχι
29/08/2024 17:15;0,768;Όχι
29/08/2024 17:30;0,659;Όχι
29/08/2024 17:45;0,48;Όχι
29/08/2024 18:00;0,472;Όχι
29/08/2024 18:15;0,197;Όχι
29/08/2024 18:30;0,039;Όχι
29/08/2024 18:45;0,048;Όχι
29/08/2024 19:00;0,066;Όχι
29/08/2024 19:15;0,111;Όχι
29/08/2024 19:30;0,117;Όχι
29/08/2024 19:45;0,066;Όχι
29/08/2024 20:00;0,027;Όχι
29/08/2024 20:15;0;Όχι
29/08/2024 20:30;0;Όχι
29/08/2024 20:45;0;Όχι
29/08/2024 21:00;0;Όχι
29/08/2024 21:15;0;Όχι
29/08/2024 21:30;0;Όχι
29/08/2024 21:45;0;Όχι
29/08/2024 22:00;0;Όχι
29/08/2024 22:15;0;Όχι
29/08/2024 22:30;0;Όχι
29/08/2024 22:45;0;Όχι
29/08/2024 23:00;0;Όχι
29/08/2024 23:15;0;Όχι
29/08/2024 23:30;0;Όχι
29/08/2024 23:45;0;Όχι
30/08/2024 00:00;0;Όχι
30/08/2024 00:15;0;Όχι
30/08/2024 00:30;0;Όχι
30/08/2024 00:45;0;Όχι
30/08/2024 01:00;0;Όχι
30/08/2024 01:15;0;Όχι
30/08/2024 01:30;0;Όχι
30/08/2024 01:45;0;Όχι
30/08/2024 02:00;0;Όχι
30/08/2024 02:15;0;Όχι
30/08/2024 02:30;0;Όχι
30/08/2024 02:45;0;Όχι
30/08/2024 03:00;0;Όχι
30/08/2024 03:15;0;Όχι
30/08/2024 03:30;0;Όχι
30/08/2024 03:45;0;Όχι
30/08/2024 04:00;0;Όχι
30/08/2024 04:15;0;Όχι
30/08/2024 04:30;0;Όχι
30/08/2024 04:45;0;Όχι
30/08/2024 05:00;0;Όχι
30/08/2024 05:15;0;Όχι
30/08/2024 05:30;0;Όχι
30/08/2024 05:45;0;Όχι
30/08/2024 06:00;0;Όχι
30/08/2024 06:15;0;Όχι
30/08/2024 06:30;0;Όχι
30/08/2024 06:45;0;Όχι
30/08/2024 07:00;0;Όχι
30/08/2024 07:15;0,002;Όχι
30/08/2024 07:30;0,017;Όχι
30/08/2024 07:45;0,048;Όχι
30/08/2024 08:00;0,098;Όχι
30/08/2024 08:15;0,161;Όχι
30/08/2024 08:30;0,227;Όχι
30/08/2024 08:45;0,332;Όχι
30/08/2024 09:00;0,281;Όχι
30/08/2024 09:15;0,617;Όχι
30/08/2024 09:30;0,404;Όχι
30/08/2024 09:45;0,378;Όχι
30/08/2024 10:00;0,597;Όχι
30/08/2024 10:15;0,666;Όχι
30/08/2024 10:30;0,454;Όχι
30/08/2024 10:45;1,045;Όχι
30/08/2024 11:00;0,946;Όχι
30/08/2024 11:15;0,573;Όχι
30/08/2024 11:30;0,932;Όχι
30/08/2024 11:45;1,17;Όχι
30/08/2024 12:00;1,179;Όχι
30/08/2024 12:15;1,199;Όχι
30/08/2024 12:30;1,218;Όχι
30/08/2024 12:45;1,239;Όχι
30/08/2024 13:00;1,269;Όχι
30/08/2024 13:15;1,277;Όχι
30/08/2024 13:30;1,276;Όχι
30/08/2024 13:45;1,281;Όχι
30/08/2024 14:00;1,275;Όχι
30/08/2024 14:15;1,299;Όχι
30/08/2024 14:30;1,324;Όχι
30/08/2024 14:45;0,659;Όχι
30/08/2024 15:00;0,931;Όχι
30/08/2024 15:15;0,783;Όχι
30/08/2024 15:30;0,796;Όχι
30/08/2024 15:45;1,211;Όχι
30/08/2024 16:00;1,144;Όχι
30/08/2024 16:15;1,103;Όχι
30/08/2024 16:30;1,034;Όχι
30/08/2024 16:45;1,018;Όχι
30/08/2024 17:00;0,48;Όχι
30/08/2024 17:15;0,176;Όχι
30/08/2024 17:30;0,089;Όχι
30/08/2024 17:45;0,045;Όχι
30/08/2024 18:00;0,021;Όχι
30/08/2024 18:15;0,023;Όχι
30/08/2024 18:30;0,045;Όχι
30/08/2024 18:45;0,147;Όχι
30/08/2024 19:00;0,082;Όχι
30/08/2024 19:15;0,057;Όχι
30/08/2024 19:30;0,034;Όχι
30/08/2024 19:45;0,026;Όχι
30/08/2024 20:00;0,011;Όχι
30/08/2024 20:15;0;Όχι
30/08/2024 20:30;0;Όχι
30/08/2024 20:45;0;Όχι
30/08/2024 21:00;0;Όχι
30/08/2024 21:15;0;Όχι
30/08/2024 21:30;0;Όχι
30/08/2024 21:45;0;Όχι
30/08/2024 22:00;0;Όχι
30/08/2024 22:15;0;Όχι
30/08/2024 22:30;0;Όχι
30/08/2024 22:45;0;Όχι
30/08/2024 23:00;0;Όχι
30/08/2024 23:15;0;Όχι
30/08/2024 23:30;0;Όχι
30/08/2024 23:45;0;Όχι
31/08/2024 00:00;0;Όχι
31/08/2024 00:15;0;Όχι
31/08/2024 00:30;0;Όχι
31/08/2024 00:45;0;Όχι
31/08/2024 01:00;0;Όχι
31/08/2024 01:15;0;Όχι
31/08/2024 01:30;0;Όχι
31/08/2024 01:45;0;Όχι
31/08/2024 02:00;0;Όχι
31/08/2024 02:15;0;Όχι
31/08/2024 02:30;0;Όχι
31/08/2024 02:45;0;Όχι
31/08/2024 03:00;0;Όχι
31/08/2024 03:15;0;Όχι
31/08/2024 03:30;0;Όχι
31/08/2024 03:45;0;Όχι
31/08/2024 04:00;0;Όχι
31/08/2024 04:15;0;Όχι
31/08/2024 04:30;0;Όχι
31/08/2024 04:45;0;Όχι
31/08/2024 05:00;0;Όχι
31/08/2024 05:15;0;Όχι
31/08/2024 05:30;0;Όχι
31/08/2024 05:45;0;Όχι
31/08/2024 06:00;0;Όχι
31/08/2024 06:15;0;Όχι
31/08/2024 06:30;0;Όχι
31/08/2024 06:45;0;Όχι
31/08/2024 07:00;0;Όχι
31/08/2024 07:15;0,006;Όχι
31/08/2024 07:30;0,022;Όχι
31/08/2024 07:45;0,043;Όχι
31/08/2024 08:00;0,094;Όχι
31/08/2024 08:15;0,109;Όχι
31/08/2024 08:30;0,149;Όχι
31/08/2024 08:45;0,207;Όχι
31/08/2024 09:00;0,224;Όχι
31/08/2024 09:15;0,225;Όχι
31/08/2024 09:30;0,466;Όχι
31/08/2024 09:45;0,468;Όχι
31/08/2024 10:00;0,764;Όχι
31/08/2024 10:15;0,807;Όχι
31/08/2024 10:30;0,842;Όχι
31/08/2024 10:45;0,802;Όχι
31/08/2024 11:00;1,041;Όχι
31/08/2024 11:15;1,046;Όχι
31/08/2024 11:30;1,08;Όχι
31/08/2024 11:45;0,818;Όχι
31/08/2024 12:00;1,004;Όχι
31/08/2024 12:15;1,241;Όχι
31/08/2024 12:30;1,234;Όχι
31/08/2024 12:45;1,174;Όχι
31/08/2024 13:00;1,272;Όχι
31/08/2024 13:15;1,265;Όχι
31/08/2024 13:30;1,279;Όχι
31/08/2024 13:45;1,27;Όχι
31/08/2024 14:00;1,32;Όχι
31/08/2024 14:15;1,329;Όχι
31/08/2024 14:30;1,368;Όχι
31/08/2024 14:45;1,184;Όχι
31/08/2024 15:00;1,16;Όχι
31/08/2024 15:15;1,042;Όχι
31/08/2024 15:30;1,209;Όχι
31/08/2024 15:45;1,118;Όχι
31/08/2024 16:00;1,171;Όχι
31/08/2024 16:15;1,026;Όχι
31/08/2024 16:30;0,804;Όχι
31/08/2024 16:45;0,734;Όχι
31/08/2024 17:00;0,324;Όχι
31/08/2024 17:15;0,312;Όχι
31/08/2024 17:30;0,523;Όχι
31/08/2024 17:45;0,591;Όχι
31/08/2024 18:00;0,106;Όχι
31/08/2024 18:15;0,044;Όχι
31/08/2024 18:30;0,038;Όχι
31/08/2024 18:45;0,043;Όχι
31/08/2024 19:00;0,026;Όχι
31/08/2024 19:15;0,022;Όχι
31/08/2024 19:30;0,015;Όχι
31/08/2024 19:45;0,013;Όχι
31/08/2024 20:00;0,003;Όχι
31/08/2024 20:15;0;Όχι
31/08/2024 20:30;0;Όχι
31/08/2024 20:45;0;Όχι
31/08/2024 21:00;0;Όχι
31/08/2024 21:15;0;Όχι
31/08/2024 21:30;0;Όχι
31/08/2024 21:45;0;Όχι
31/08/2024 22:00;0;Όχι
31/08/2024 22:15;0;Όχι
31/08/2024 22:30;0;Όχι
31/08/2024 22:45;0;Όχι
31/08/2024 23:00;0;Όχι
31/08/2024 23:15;0;Όχι
31/08/2024 23:30;0;Όχι
31/08/2024 23:45;0;Όχι
01/09/2024 00:00;0;Όχι
01/09/2024 00:15;0;Όχι
01/09/2024 00:30;0;Όχι
01/09/2024 00:45;0;Όχι
01/09/2024 01:00;0;Όχι
01/09/2024 01:15;0;Όχι
01/09/2024 01:30;0;Όχι
01/09/2024 01:45;0;Όχι
01/09/2024 02:00;0;Όχι
01/09/2024 02:15;0;Όχι
01/09/2024 02:30;0;Όχι
01/09/2024 02:45;0;Όχι
01/09/2024 03:00;0;Όχι
01/09/2024 03:15;0;Όχι
01/09/2024 03:30;0;Όχι
01/09/2024 03:45;0;Όχι
01/09/2024 04:00;0;Όχι
01/09/2024 04:15;0;Όχι
01/09/2024 04:30;0;Όχι
01/09/2024 04:45;0;Όχι
01/09/2024 05:00;0;Όχι
01/09/2024 05:15;0;Όχι
01/09/2024 05:30;0;Όχι
01/09/2024 05:45;0;Όχι
01/09/2024 06:00;0;Όχι
01/09/2024 06:15;0;Όχι
01/09/2024 06:30;0;Όχι
01/09/2024 06:45;0;Όχι
01/09/2024 07:00;0;Όχι
01/09/2024 07:15;0,005;Όχι
01/09/2024 07:30;0,027;Όχι
01/09/2024 07:45;0,057;Όχι
01/09/2024 08:00;0,096;Όχι
01/09/2024 08:15;0,169;Όχι
01/09/2024 08:30;0,23;Όχι
01/09/2024 08:45;0,309;Όχι
01/09/2024 09:00;0,399;Όχι
01/09/2024 09:15;0,486;Όχι
01/09/2024 09:30;0,579;Όχι
01/09/2024 09:45;0,672;Όχι
01/09/2024 10:00;0,744;Όχι
01/09/2024 10:15;0,787;Όχι
01/09/2024 10:30;0,885;Όχι
01/09/2024 10:45;0,941;Όχι
01/09/2024 11:00;0,991;Όχι
01/09/2024 11:15;1,068;Όχι
01/09/2024 11:30;1,106;Όχι
01/09/2024 11:45;1,145;Όχι
01/09/2024 12:00;1,162;Όχι
01/09/2024 12:15;1,238;Όχι
01/09/2024 12:30;1,263;Όχι
01/09/2024 12:45;1,309;Όχι
01/09/2024 13:00;1,371;Όχι
01/09/2024 13:15;1,282;Όχι
01/09/2024 13:30;1,261;Όχι
01/09/2024 13:45;1,255;Όχι
01/09/2024 14:00;1,222;Όχι
01/09/2024 14:15;1,203;Όχι
01/09/2024 14:30;1,229;Όχι
01/09/2024 14:45;1,205;Όχι
01/09/2024 15:00;1,149;Όχι
01/09/2024 15:15;0,843;Όχι
01/09/2024 15:30;1,174;Όχι
01/09/2024 15:45;1,253;Όχι
01/09/2024 16:00;0,607;Όχι
01/09/2024 16:15;0,541;Όχι
01/09/2024 16:30;0,368;Όχι
01/09/2024 16:45;0,429;Όχι
01/09/2024 17:00;0,304;Όχι
01/09/2024 17:15;0,409;Όχι
01/09/2024 17:30;0,327;Όχι
01/09/2024 17:45;0,557;Όχι
01/09/2024 18:00;0,506;Όχι
01/09/2024 18:15;0,38;Όχι
01/09/2024 18:30;0,295;Όχι
01/09/2024 18:45;0,209;Όχι
01/09/2024 19:00;0,122;Όχι
01/09/2024 19:15;0,051;Όχι
01/09/2024 19:30;0,026;Όχι
01/09/2024 19:45;0,016;Όχι
01/09/2024 20:00;0,003;Όχι
01/09/2024 20:15;0;Όχι
01/09/2024 20:30;0;Όχι
01/09/2024 20:45;0;Όχι
01/09/2024 21:00;0;Όχι
01/09/2024 21:15;0;Όχι
01/09/2024 21:30;0;Όχι
01/09/2024 21:45;0;Όχι
01/09/2024 22:00;0;Όχι
01/09/2024 22:15;0;Όχι
01/09/2024 22:30;0;Όχι
01/09/2024 22:45;0;Όχι
01/09/2024 23:00;0;Όχι
01/09/2024 23:15;0;Όχι
01/09/2024 23:30;0;Όχι
01/09/2024 23:45;0;Όχι
02/09/2024 00:00;0;Όχι
