Ημερομηνία;Ενέργεια;Πιστοποιημένη
01/05/2023 00:15; ;Όχι
01/05/2023 00:30; ;Όχι
01/05/2023 00:45; ;Όχι
01/05/2023 01:00; ;Όχι
01/05/2023 01:15; ;Όχι
01/05/2023 01:30; ;Όχι
01/05/2023 01:45; ;Όχι
01/05/2023 02:00; ;Όχι
01/05/2023 02:15; ;Όχι
01/05/2023 02:30; ;Όχι
01/05/2023 02:45; ;Όχι
01/05/2023 03:00; ;Όχι
01/05/2023 03:15; ;Όχι
01/05/2023 03:30; ;Όχι
01/05/2023 03:45; ;Όχι
01/05/2023 04:00; ;Όχι
01/05/2023 04:15; ;Όχι
01/05/2023 04:30; ;Όχι
01/05/2023 04:45; ;Όχι
01/05/2023 05:00; ;Όχι
01/05/2023 05:15; ;Όχι
01/05/2023 05:30; ;Όχι
01/05/2023 05:45; ;Όχι
01/05/2023 06:00; ;Όχι
01/05/2023 06:15; ;Όχι
01/05/2023 06:30; ;Όχι
01/05/2023 06:45; ;Όχι
01/05/2023 07:00; ;Όχι
01/05/2023 07:15; ;Όχι
01/05/2023 07:30; ;Όχι
01/05/2023 07:45; ;Όχι
01/05/2023 08:00; ;Όχι
01/05/2023 08:15; ;Όχι
01/05/2023 08:30; ;Όχι
01/05/2023 08:45; ;Όχι
01/05/2023 09:00; ;Όχι
01/05/2023 09:15; ;Όχι
01/05/2023 09:30; ;Όχι
01/05/2023 09:45; ;Όχι
01/05/2023 10:00; ;Όχι
01/05/2023 10:15; ;Όχι
01/05/2023 10:30; ;Όχι
01/05/2023 10:45; ;Όχι
01/05/2023 11:00; ;Όχι
01/05/2023 11:15; ;Όχι
01/05/2023 11:30; ;Όχι
01/05/2023 11:45; ;Όχι
01/05/2023 12:00; ;Όχι
01/05/2023 12:15; ;Όχι
01/05/2023 12:30; ;Όχι
01/05/2023 12:45; ;Όχι
01/05/2023 13:00; ;Όχι
01/05/2023 13:15; ;Όχι
01/05/2023 13:30; ;Όχι
01/05/2023 13:45; ;Όχι
01/05/2023 14:00; ;Όχι
01/05/2023 14:15; ;Όχι
01/05/2023 14:30; ;Όχι
01/05/2023 14:45; ;Όχι
01/05/2023 15:00; ;Όχι
01/05/2023 15:15; ;Όχι
01/05/2023 15:30; ;Όχι
01/05/2023 15:45; ;Όχι
01/05/2023 16:00; ;Όχι
01/05/2023 16:15; ;Όχι
01/05/2023 16:30; ;Όχι
01/05/2023 16:45; ;Όχι
01/05/2023 17:00; ;Όχι
01/05/2023 17:15; ;Όχι
01/05/2023 17:30; ;Όχι
01/05/2023 17:45; ;Όχι
01/05/2023 18:00; ;Όχι
01/05/2023 18:15; ;Όχι
01/05/2023 18:30; ;Όχι
01/05/2023 18:45; ;Όχι
01/05/2023 19:00; ;Όχι
01/05/2023 19:15; ;Όχι
01/05/2023 19:30; ;Όχι
01/05/2023 19:45; ;Όχι
01/05/2023 20:00; ;Όχι
01/05/2023 20:15; ;Όχι
01/05/2023 20:30; ;Όχι
01/05/2023 20:45; ;Όχι
01/05/2023 21:00; ;Όχι
01/05/2023 21:15; ;Όχι
01/05/2023 21:30; ;Όχι
01/05/2023 21:45; ;Όχι
01/05/2023 22:00; ;Όχι
01/05/2023 22:15; ;Όχι
01/05/2023 22:30; ;Όχι
01/05/2023 22:45; ;Όχι
01/05/2023 23:00; ;Όχι
01/05/2023 23:15; ;Όχι
01/05/2023 23:30; ;Όχι
01/05/2023 23:45; ;Όχι
02/05/2023 00:00; ;Όχι
02/05/2023 00:15; ;Όχι
02/05/2023 00:30; ;Όχι
02/05/2023 00:45; ;Όχι
02/05/2023 01:00; ;Όχι
02/05/2023 01:15; ;Όχι
02/05/2023 01:30; ;Όχι
02/05/2023 01:45; ;Όχι
02/05/2023 02:00; ;Όχι
02/05/2023 02:15; ;Όχι
02/05/2023 02:30; ;Όχι
02/05/2023 02:45; ;Όχι
02/05/2023 03:00; ;Όχι
02/05/2023 03:15; ;Όχι
02/05/2023 03:30; ;Όχι
02/05/2023 03:45; ;Όχι
02/05/2023 04:00; ;Όχι
02/05/2023 04:15; ;Όχι
02/05/2023 04:30; ;Όχι
02/05/2023 04:45; ;Όχι
02/05/2023 05:00; ;Όχι
02/05/2023 05:15; ;Όχι
02/05/2023 05:30; ;Όχι
02/05/2023 05:45; ;Όχι
02/05/2023 06:00; ;Όχι
02/05/2023 06:15; ;Όχι
02/05/2023 06:30; ;Όχι
02/05/2023 06:45; ;Όχι
02/05/2023 07:00; ;Όχι
02/05/2023 07:15; ;Όχι
02/05/2023 07:30; ;Όχι
02/05/2023 07:45; ;Όχι
02/05/2023 08:00; ;Όχι
02/05/2023 08:15; ;Όχι
02/05/2023 08:30; ;Όχι
02/05/2023 08:45; ;Όχι
02/05/2023 09:00; ;Όχι
02/05/2023 09:15; ;Όχι
02/05/2023 09:30; ;Όχι
02/05/2023 09:45; ;Όχι
02/05/2023 10:00; ;Όχι
02/05/2023 10:15; ;Όχι
02/05/2023 10:30; ;Όχι
02/05/2023 10:45; ;Όχι
02/05/2023 11:00; ;Όχι
02/05/2023 11:15; ;Όχι
02/05/2023 11:30; ;Όχι
02/05/2023 11:45; ;Όχι
02/05/2023 12:00; ;Όχι
02/05/2023 12:15; ;Όχι
02/05/2023 12:30; ;Όχι
02/05/2023 12:45; ;Όχι
02/05/2023 13:00; ;Όχι
02/05/2023 13:15; ;Όχι
02/05/2023 13:30; ;Όχι
02/05/2023 13:45; ;Όχι
02/05/2023 14:00; ;Όχι
02/05/2023 14:15; ;Όχι
02/05/2023 14:30; ;Όχι
02/05/2023 14:45; ;Όχι
02/05/2023 15:00; ;Όχι
02/05/2023 15:15; ;Όχι
02/05/2023 15:30; ;Όχι
02/05/2023 15:45; ;Όχι
02/05/2023 16:00; ;Όχι
02/05/2023 16:15; ;Όχι
02/05/2023 16:30; ;Όχι
02/05/2023 16:45; ;Όχι
02/05/2023 17:00; ;Όχι
02/05/2023 17:15; ;Όχι
02/05/2023 17:30; ;Όχι
02/05/2023 17:45; ;Όχι
02/05/2023 18:00; ;Όχι
02/05/2023 18:15; ;Όχι
02/05/2023 18:30; ;Όχι
02/05/2023 18:45; ;Όχι
02/05/2023 19:00; ;Όχι
02/05/2023 19:15; ;Όχι
02/05/2023 19:30; ;Όχι
02/05/2023 19:45; ;Όχι
02/05/2023 20:00; ;Όχι
02/05/2023 20:15; ;Όχι
02/05/2023 20:30; ;Όχι
02/05/2023 20:45; ;Όχι
02/05/2023 21:00; ;Όχι
02/05/2023 21:15; ;Όχι
02/05/2023 21:30; ;Όχι
02/05/2023 21:45; ;Όχι
02/05/2023 22:00; ;Όχι
02/05/2023 22:15; ;Όχι
02/05/2023 22:30; ;Όχι
02/05/2023 22:45; ;Όχι
02/05/2023 23:00; ;Όχι
02/05/2023 23:15; ;Όχι
02/05/2023 23:30; ;Όχι
02/05/2023 23:45; ;Όχι
03/05/2023 00:00; ;Όχι
03/05/2023 00:15; ;Όχι
03/05/2023 00:30; ;Όχι
03/05/2023 00:45; ;Όχι
03/05/2023 01:00; ;Όχι
03/05/2023 01:15; ;Όχι
03/05/2023 01:30; ;Όχι
03/05/2023 01:45; ;Όχι
03/05/2023 02:00; ;Όχι
03/05/2023 02:15; ;Όχι
03/05/2023 02:30; ;Όχι
03/05/2023 02:45; ;Όχι
03/05/2023 03:00; ;Όχι
03/05/2023 03:15; ;Όχι
03/05/2023 03:30; ;Όχι
03/05/2023 03:45; ;Όχι
03/05/2023 04:00; ;Όχι
03/05/2023 04:15; ;Όχι
03/05/2023 04:30; ;Όχι
03/05/2023 04:45; ;Όχι
03/05/2023 05:00; ;Όχι
03/05/2023 05:15; ;Όχι
03/05/2023 05:30; ;Όχι
03/05/2023 05:45; ;Όχι
03/05/2023 06:00; ;Όχι
03/05/2023 06:15; ;Όχι
03/05/2023 06:30; ;Όχι
03/05/2023 06:45; ;Όχι
03/05/2023 07:00; ;Όχι
03/05/2023 07:15; ;Όχι
03/05/2023 07:30; ;Όχι
03/05/2023 07:45; ;Όχι
03/05/2023 08:00; ;Όχι
03/05/2023 08:15; ;Όχι
03/05/2023 08:30; ;Όχι
03/05/2023 08:45; ;Όχι
03/05/2023 09:00; ;Όχι
03/05/2023 09:15; ;Όχι
03/05/2023 09:30; ;Όχι
03/05/2023 09:45; ;Όχι
03/05/2023 10:00; ;Όχι
03/05/2023 10:15; ;Όχι
03/05/2023 10:30; ;Όχι
03/05/2023 10:45; ;Όχι
03/05/2023 11:00; ;Όχι
03/05/2023 11:15; ;Όχι
03/05/2023 11:30; ;Όχι
03/05/2023 11:45; ;Όχι
03/05/2023 12:00; ;Όχι
03/05/2023 12:15; ;Όχι
03/05/2023 12:30; ;Όχι
03/05/2023 12:45; ;Όχι
03/05/2023 13:00; ;Όχι
03/05/2023 13:15; ;Όχι
03/05/2023 13:30; ;Όχι
03/05/2023 13:45; ;Όχι
03/05/2023 14:00; ;Όχι
03/05/2023 14:15; ;Όχι
03/05/2023 14:30; ;Όχι
03/05/2023 14:45; ;Όχι
03/05/2023 15:00; ;Όχι
03/05/2023 15:15; ;Όχι
03/05/2023 15:30; ;Όχι
03/05/2023 15:45; ;Όχι
03/05/2023 16:00; ;Όχι
03/05/2023 16:15; ;Όχι
03/05/2023 16:30; ;Όχι
03/05/2023 16:45; ;Όχι
03/05/2023 17:00; ;Όχι
03/05/2023 17:15; ;Όχι
03/05/2023 17:30; ;Όχι
03/05/2023 17:45; ;Όχι
03/05/2023 18:00; ;Όχι
03/05/2023 18:15; ;Όχι
03/05/2023 18:30; ;Όχι
03/05/2023 18:45; ;Όχι
03/05/2023 19:00; ;Όχι
03/05/2023 19:15; ;Όχι
03/05/2023 19:30; ;Όχι
03/05/2023 19:45; ;Όχι
03/05/2023 20:00; ;Όχι
03/05/2023 20:15; ;Όχι
03/05/2023 20:30; ;Όχι
03/05/2023 20:45; ;Όχι
03/05/2023 21:00; ;Όχι
03/05/2023 21:15; ;Όχι
03/05/2023 21:30; ;Όχι
03/05/2023 21:45; ;Όχι
03/05/2023 22:00; ;Όχι
03/05/2023 22:15; ;Όχι
03/05/2023 22:30; ;Όχι
03/05/2023 22:45; ;Όχι
03/05/2023 23:00; ;Όχι
03/05/2023 23:15; ;Όχι
03/05/2023 23:30; ;Όχι
03/05/2023 23:45; ;Όχι
04/05/2023 00:00; ;Όχι
04/05/2023 00:15; ;Όχι
04/05/2023 00:30; ;Όχι
04/05/2023 00:45; ;Όχι
04/05/2023 01:00; ;Όχι
04/05/2023 01:15; ;Όχι
04/05/2023 01:30; ;Όχι
04/05/2023 01:45; ;Όχι
04/05/2023 02:00; ;Όχι
04/05/2023 02:15; ;Όχι
04/05/2023 02:30; ;Όχι
04/05/2023 02:45; ;Όχι
04/05/2023 03:00; ;Όχι
04/05/2023 03:15; ;Όχι
04/05/2023 03:30; ;Όχι
04/05/2023 03:45; ;Όχι
04/05/2023 04:00; ;Όχι
04/05/2023 04:15; ;Όχι
04/05/2023 04:30; ;Όχι
04/05/2023 04:45; ;Όχι
04/05/2023 05:00; ;Όχι
04/05/2023 05:15; ;Όχι
04/05/2023 05:30; ;Όχι
04/05/2023 05:45; ;Όχι
04/05/2023 06:00; ;Όχι
04/05/2023 06:15; ;Όχι
04/05/2023 06:30; ;Όχι
04/05/2023 06:45; ;Όχι
04/05/2023 07:00; ;Όχι
04/05/2023 07:15; ;Όχι
04/05/2023 07:30; ;Όχι
04/05/2023 07:45; ;Όχι
04/05/2023 08:00; ;Όχι
04/05/2023 08:15; ;Όχι
04/05/2023 08:30; ;Όχι
04/05/2023 08:45; ;Όχι
04/05/2023 09:00; ;Όχι
04/05/2023 09:15; ;Όχι
04/05/2023 09:30; ;Όχι
04/05/2023 09:45; ;Όχι
04/05/2023 10:00; ;Όχι
04/05/2023 10:15; ;Όχι
04/05/2023 10:30; ;Όχι
04/05/2023 10:45; ;Όχι
04/05/2023 11:00; ;Όχι
04/05/2023 11:15; ;Όχι
04/05/2023 11:30; ;Όχι
04/05/2023 11:45; ;Όχι
04/05/2023 12:00; ;Όχι
04/05/2023 12:15; ;Όχι
04/05/2023 12:30; ;Όχι
04/05/2023 12:45; ;Όχι
04/05/2023 13:00; ;Όχι
04/05/2023 13:15; ;Όχι
04/05/2023 13:30; ;Όχι
04/05/2023 13:45; ;Όχι
04/05/2023 14:00; ;Όχι
04/05/2023 14:15; ;Όχι
04/05/2023 14:30; ;Όχι
04/05/2023 14:45; ;Όχι
04/05/2023 15:00; ;Όχι
04/05/2023 15:15; ;Όχι
04/05/2023 15:30; ;Όχι
04/05/2023 15:45; ;Όχι
04/05/2023 16:00; ;Όχι
04/05/2023 16:15; ;Όχι
04/05/2023 16:30; ;Όχι
04/05/2023 16:45; ;Όχι
04/05/2023 17:00; ;Όχι
04/05/2023 17:15; ;Όχι
04/05/2023 17:30; ;Όχι
04/05/2023 17:45; ;Όχι
04/05/2023 18:00; ;Όχι
04/05/2023 18:15; ;Όχι
04/05/2023 18:30; ;Όχι
04/05/2023 18:45; ;Όχι
04/05/2023 19:00; ;Όχι
04/05/2023 19:15; ;Όχι
04/05/2023 19:30; ;Όχι
04/05/2023 19:45; ;Όχι
04/05/2023 20:00; ;Όχι
04/05/2023 20:15; ;Όχι
04/05/2023 20:30; ;Όχι
04/05/2023 20:45; ;Όχι
04/05/2023 21:00; ;Όχι
04/05/2023 21:15; ;Όχι
04/05/2023 21:30; ;Όχι
04/05/2023 21:45; ;Όχι
04/05/2023 22:00; ;Όχι
04/05/2023 22:15; ;Όχι
04/05/2023 22:30; ;Όχι
04/05/2023 22:45; ;Όχι
04/05/2023 23:00; ;Όχι
04/05/2023 23:15; ;Όχι
04/05/2023 23:30; ;Όχι
04/05/2023 23:45; ;Όχι
05/05/2023 00:00; ;Όχι
05/05/2023 00:15; ;Όχι
05/05/2023 00:30; ;Όχι
05/05/2023 00:45; ;Όχι
05/05/2023 01:00; ;Όχι
05/05/2023 01:15; ;Όχι
05/05/2023 01:30; ;Όχι
05/05/2023 01:45; ;Όχι
05/05/2023 02:00; ;Όχι
05/05/2023 02:15; ;Όχι
05/05/2023 02:30; ;Όχι
05/05/2023 02:45; ;Όχι
05/05/2023 03:00; ;Όχι
05/05/2023 03:15; ;Όχι
05/05/2023 03:30; ;Όχι
05/05/2023 03:45; ;Όχι
05/05/2023 04:00; ;Όχι
05/05/2023 04:15; ;Όχι
05/05/2023 04:30; ;Όχι
05/05/2023 04:45; ;Όχι
05/05/2023 05:00; ;Όχι
05/05/2023 05:15; ;Όχι
05/05/2023 05:30; ;Όχι
05/05/2023 05:45; ;Όχι
05/05/2023 06:00; ;Όχι
05/05/2023 06:15; ;Όχι
05/05/2023 06:30; ;Όχι
05/05/2023 06:45; ;Όχι
05/05/2023 07:00; ;Όχι
05/05/2023 07:15; ;Όχι
05/05/2023 07:30; ;Όχι
05/05/2023 07:45; ;Όχι
05/05/2023 08:00; ;Όχι
05/05/2023 08:15; ;Όχι
05/05/2023 08:30; ;Όχι
05/05/2023 08:45; ;Όχι
05/05/2023 09:00; ;Όχι
05/05/2023 09:15; ;Όχι
05/05/2023 09:30; ;Όχι
05/05/2023 09:45; ;Όχι
05/05/2023 10:00; ;Όχι
05/05/2023 10:15; ;Όχι
05/05/2023 10:30; ;Όχι
05/05/2023 10:45; ;Όχι
05/05/2023 11:00; ;Όχι
05/05/2023 11:15; ;Όχι
05/05/2023 11:30; ;Όχι
05/05/2023 11:45; ;Όχι
05/05/2023 12:00; ;Όχι
05/05/2023 12:15; ;Όχι
05/05/2023 12:30; ;Όχι
05/05/2023 12:45; ;Όχι
05/05/2023 13:00; ;Όχι
05/05/2023 13:15; ;Όχι
05/05/2023 13:30; ;Όχι
05/05/2023 13:45; ;Όχι
05/05/2023 14:00; ;Όχι
05/05/2023 14:15; ;Όχι
05/05/2023 14:30; ;Όχι
05/05/2023 14:45; ;Όχι
05/05/2023 15:00; ;Όχι
05/05/2023 15:15; ;Όχι
05/05/2023 15:30; ;Όχι
05/05/2023 15:45; ;Όχι
05/05/2023 16:00; ;Όχι
05/05/2023 16:15; ;Όχι
05/05/2023 16:30; ;Όχι
05/05/2023 16:45; ;Όχι
05/05/2023 17:00; ;Όχι
05/05/2023 17:15; ;Όχι
05/05/2023 17:30; ;Όχι
05/05/2023 17:45; ;Όχι
05/05/2023 18:00; ;Όχι
05/05/2023 18:15; ;Όχι
05/05/2023 18:30; ;Όχι
05/05/2023 18:45; ;Όχι
05/05/2023 19:00; ;Όχι
05/05/2023 19:15; ;Όχι
05/05/2023 19:30; ;Όχι
05/05/2023 19:45; ;Όχι
05/05/2023 20:00; ;Όχι
05/05/2023 20:15; ;Όχι
05/05/2023 20:30; ;Όχι
05/05/2023 20:45; ;Όχι
05/05/2023 21:00; ;Όχι
05/05/2023 21:15; ;Όχι
05/05/2023 21:30; ;Όχι
05/05/2023 21:45; ;Όχι
05/05/2023 22:00; ;Όχι
05/05/2023 22:15; ;Όχι
05/05/2023 22:30; ;Όχι
05/05/2023 22:45; ;Όχι
05/05/2023 23:00; ;Όχι
05/05/2023 23:15; ;Όχι
05/05/2023 23:30; ;Όχι
05/05/2023 23:45; ;Όχι
06/05/2023 00:00; ;Όχι
06/05/2023 00:15; ;Όχι
06/05/2023 00:30; ;Όχι
06/05/2023 00:45; ;Όχι
06/05/2023 01:00; ;Όχι
06/05/2023 01:15; ;Όχι
06/05/2023 01:30; ;Όχι
06/05/2023 01:45; ;Όχι
06/05/2023 02:00; ;Όχι
06/05/2023 02:15; ;Όχι
06/05/2023 02:30; ;Όχι
06/05/2023 02:45; ;Όχι
06/05/2023 03:00; ;Όχι
06/05/2023 03:15; ;Όχι
06/05/2023 03:30; ;Όχι
06/05/2023 03:45; ;Όχι
06/05/2023 04:00; ;Όχι
06/05/2023 04:15; ;Όχι
06/05/2023 04:30; ;Όχι
06/05/2023 04:45; ;Όχι
06/05/2023 05:00; ;Όχι
06/05/2023 05:15; ;Όχι
06/05/2023 05:30; ;Όχι
06/05/2023 05:45; ;Όχι
06/05/2023 06:00; ;Όχι
06/05/2023 06:15; ;Όχι
06/05/2023 06:30; ;Όχι
06/05/2023 06:45; ;Όχι
06/05/2023 07:00; ;Όχι
06/05/2023 07:15; ;Όχι
06/05/2023 07:30; ;Όχι
06/05/2023 07:45; ;Όχι
06/05/2023 08:00; ;Όχι
06/05/2023 08:15; ;Όχι
06/05/2023 08:30; ;Όχι
06/05/2023 08:45; ;Όχι
06/05/2023 09:00; ;Όχι
06/05/2023 09:15; ;Όχι
06/05/2023 09:30; ;Όχι
06/05/2023 09:45; ;Όχι
06/05/2023 10:00; ;Όχι
06/05/2023 10:15; ;Όχι
06/05/2023 10:30; ;Όχι
06/05/2023 10:45; ;Όχι
06/05/2023 11:00; ;Όχι
06/05/2023 11:15; ;Όχι
06/05/2023 11:30; ;Όχι
06/05/2023 11:45; ;Όχι
06/05/2023 12:00; ;Όχι
06/05/2023 12:15; ;Όχι
06/05/2023 12:30; ;Όχι
06/05/2023 12:45; ;Όχι
06/05/2023 13:00; ;Όχι
06/05/2023 13:15; ;Όχι
06/05/2023 13:30; ;Όχι
06/05/2023 13:45; ;Όχι
06/05/2023 14:00; ;Όχι
06/05/2023 14:15; ;Όχι
06/05/2023 14:30; ;Όχι
06/05/2023 14:45; ;Όχι
06/05/2023 15:00; ;Όχι
06/05/2023 15:15; ;Όχι
06/05/2023 15:30; ;Όχι
06/05/2023 15:45; ;Όχι
06/05/2023 16:00; ;Όχι
06/05/2023 16:15; ;Όχι
06/05/2023 16:30; ;Όχι
06/05/2023 16:45; ;Όχι
06/05/2023 17:00; ;Όχι
06/05/2023 17:15; ;Όχι
06/05/2023 17:30; ;Όχι
06/05/2023 17:45; ;Όχι
06/05/2023 18:00; ;Όχι
06/05/2023 18:15; ;Όχι
06/05/2023 18:30; ;Όχι
06/05/2023 18:45; ;Όχι
06/05/2023 19:00; ;Όχι
06/05/2023 19:15; ;Όχι
06/05/2023 19:30; ;Όχι
06/05/2023 19:45; ;Όχι
06/05/2023 20:00; ;Όχι
06/05/2023 20:15; ;Όχι
06/05/2023 20:30; ;Όχι
06/05/2023 20:45; ;Όχι
06/05/2023 21:00; ;Όχι
06/05/2023 21:15; ;Όχι
06/05/2023 21:30; ;Όχι
06/05/2023 21:45; ;Όχι
06/05/2023 22:00; ;Όχι
06/05/2023 22:15; ;Όχι
06/05/2023 22:30; ;Όχι
06/05/2023 22:45; ;Όχι
06/05/2023 23:00; ;Όχι
06/05/2023 23:15; ;Όχι
06/05/2023 23:30; ;Όχι
06/05/2023 23:45; ;Όχι
07/05/2023 00:00; ;Όχι
07/05/2023 00:15; ;Όχι
07/05/2023 00:30; ;Όχι
07/05/2023 00:45; ;Όχι
07/05/2023 01:00; ;Όχι
07/05/2023 01:15; ;Όχι
07/05/2023 01:30; ;Όχι
07/05/2023 01:45; ;Όχι
07/05/2023 02:00; ;Όχι
07/05/2023 02:15; ;Όχι
07/05/2023 02:30; ;Όχι
07/05/2023 02:45; ;Όχι
07/05/2023 03:00; ;Όχι
07/05/2023 03:15; ;Όχι
07/05/2023 03:30; ;Όχι
07/05/2023 03:45; ;Όχι
07/05/2023 04:00; ;Όχι
07/05/2023 04:15; ;Όχι
07/05/2023 04:30; ;Όχι
07/05/2023 04:45; ;Όχι
07/05/2023 05:00; ;Όχι
07/05/2023 05:15; ;Όχι
07/05/2023 05:30; ;Όχι
07/05/2023 05:45; ;Όχι
07/05/2023 06:00; ;Όχι
07/05/2023 06:15; ;Όχι
07/05/2023 06:30; ;Όχι
07/05/2023 06:45; ;Όχι
07/05/2023 07:00; ;Όχι
07/05/2023 07:15; ;Όχι
07/05/2023 07:30; ;Όχι
07/05/2023 07:45; ;Όχι
07/05/2023 08:00; ;Όχι
07/05/2023 08:15; ;Όχι
07/05/2023 08:30; ;Όχι
07/05/2023 08:45; ;Όχι
07/05/2023 09:00; ;Όχι
07/05/2023 09:15; ;Όχι
07/05/2023 09:30; ;Όχι
07/05/2023 09:45; ;Όχι
07/05/2023 10:00; ;Όχι
07/05/2023 10:15; ;Όχι
07/05/2023 10:30; ;Όχι
07/05/2023 10:45; ;Όχι
07/05/2023 11:00; ;Όχι
07/05/2023 11:15; ;Όχι
07/05/2023 11:30; ;Όχι
07/05/2023 11:45; ;Όχι
07/05/2023 12:00; ;Όχι
07/05/2023 12:15; ;Όχι
07/05/2023 12:30; ;Όχι
07/05/2023 12:45; ;Όχι
07/05/2023 13:00; ;Όχι
07/05/2023 13:15; ;Όχι
07/05/2023 13:30; ;Όχι
07/05/2023 13:45; ;Όχι
07/05/2023 14:00; ;Όχι
07/05/2023 14:15; ;Όχι
07/05/2023 14:30; ;Όχι
07/05/2023 14:45; ;Όχι
07/05/2023 15:00; ;Όχι
07/05/2023 15:15; ;Όχι
07/05/2023 15:30; ;Όχι
07/05/2023 15:45; ;Όχι
07/05/2023 16:00; ;Όχι
07/05/2023 16:15; ;Όχι
07/05/2023 16:30; ;Όχι
07/05/2023 16:45; ;Όχι
07/05/2023 17:00; ;Όχι
07/05/2023 17:15; ;Όχι
07/05/2023 17:30; ;Όχι
07/05/2023 17:45; ;Όχι
07/05/2023 18:00; ;Όχι
07/05/2023 18:15; ;Όχι
07/05/2023 18:30; ;Όχι
07/05/2023 18:45; ;Όχι
07/05/2023 19:00; ;Όχι
07/05/2023 19:15; ;Όχι
07/05/2023 19:30; ;Όχι
07/05/2023 19:45; ;Όχι
07/05/2023 20:00; ;Όχι
07/05/2023 20:15; ;Όχι
07/05/2023 20:30; ;Όχι
07/05/2023 20:45; ;Όχι
07/05/2023 21:00; ;Όχι
07/05/2023 21:15; ;Όχι
07/05/2023 21:30; ;Όχι
07/05/2023 21:45; ;Όχι
07/05/2023 22:00; ;Όχι
07/05/2023 22:15; ;Όχι
07/05/2023 22:30; ;Όχι
07/05/2023 22:45; ;Όχι
07/05/2023 23:00; ;Όχι
07/05/2023 23:15; ;Όχι
07/05/2023 23:30; ;Όχι
07/05/2023 23:45; ;Όχι
08/05/2023 00:00; ;Όχι
08/05/2023 00:15; ;Όχι
08/05/2023 00:30; ;Όχι
08/05/2023 00:45; ;Όχι
08/05/2023 01:00; ;Όχι
08/05/2023 01:15; ;Όχι
08/05/2023 01:30; ;Όχι
08/05/2023 01:45; ;Όχι
08/05/2023 02:00; ;Όχι
08/05/2023 02:15; ;Όχι
08/05/2023 02:30; ;Όχι
08/05/2023 02:45; ;Όχι
08/05/2023 03:00; ;Όχι
08/05/2023 03:15; ;Όχι
08/05/2023 03:30; ;Όχι
08/05/2023 03:45; ;Όχι
08/05/2023 04:00; ;Όχι
08/05/2023 04:15; ;Όχι
08/05/2023 04:30; ;Όχι
08/05/2023 04:45; ;Όχι
08/05/2023 05:00; ;Όχι
08/05/2023 05:15; ;Όχι
08/05/2023 05:30; ;Όχι
08/05/2023 05:45; ;Όχι
08/05/2023 06:00; ;Όχι
08/05/2023 06:15; ;Όχι
08/05/2023 06:30; ;Όχι
08/05/2023 06:45; ;Όχι
08/05/2023 07:00; ;Όχι
08/05/2023 07:15; ;Όχι
08/05/2023 07:30; ;Όχι
08/05/2023 07:45; ;Όχι
08/05/2023 08:00; ;Όχι
08/05/2023 08:15; ;Όχι
08/05/2023 08:30; ;Όχι
08/05/2023 08:45; ;Όχι
08/05/2023 09:00; ;Όχι
08/05/2023 09:15; ;Όχι
08/05/2023 09:30; ;Όχι
08/05/2023 09:45; ;Όχι
08/05/2023 10:00; ;Όχι
08/05/2023 10:15; ;Όχι
08/05/2023 10:30; ;Όχι
08/05/2023 10:45; ;Όχι
08/05/2023 11:00; ;Όχι
08/05/2023 11:15; ;Όχι
08/05/2023 11:30; ;Όχι
08/05/2023 11:45; ;Όχι
08/05/2023 12:00; ;Όχι
08/05/2023 12:15; ;Όχι
08/05/2023 12:30; ;Όχι
08/05/2023 12:45; ;Όχι
08/05/2023 13:00; ;Όχι
08/05/2023 13:15; ;Όχι
08/05/2023 13:30; ;Όχι
08/05/2023 13:45; ;Όχι
08/05/2023 14:00; ;Όχι
08/05/2023 14:15; ;Όχι
08/05/2023 14:30; ;Όχι
08/05/2023 14:45; ;Όχι
08/05/2023 15:00; ;Όχι
08/05/2023 15:15; ;Όχι
08/05/2023 15:30; ;Όχι
08/05/2023 15:45; ;Όχι
08/05/2023 16:00; ;Όχι
08/05/2023 16:15; ;Όχι
08/05/2023 16:30; ;Όχι
08/05/2023 16:45; ;Όχι
08/05/2023 17:00; ;Όχι
08/05/2023 17:15; ;Όχι
08/05/2023 17:30; ;Όχι
08/05/2023 17:45; ;Όχι
08/05/2023 18:00; ;Όχι
08/05/2023 18:15; ;Όχι
08/05/2023 18:30; ;Όχι
08/05/2023 18:45; ;Όχι
08/05/2023 19:00; ;Όχι
08/05/2023 19:15; ;Όχι
08/05/2023 19:30; ;Όχι
08/05/2023 19:45; ;Όχι
08/05/2023 20:00; ;Όχι
08/05/2023 20:15; ;Όχι
08/05/2023 20:30; ;Όχι
08/05/2023 20:45; ;Όχι
08/05/2023 21:00; ;Όχι
08/05/2023 21:15; ;Όχι
08/05/2023 21:30; ;Όχι
08/05/2023 21:45; ;Όχι
08/05/2023 22:00; ;Όχι
08/05/2023 22:15; ;Όχι
08/05/2023 22:30; ;Όχι
08/05/2023 22:45; ;Όχι
08/05/2023 23:00; ;Όχι
08/05/2023 23:15; ;Όχι
08/05/2023 23:30; ;Όχι
08/05/2023 23:45; ;Όχι
09/05/2023 00:00; ;Όχι
09/05/2023 00:15; ;Όχι
09/05/2023 00:30; ;Όχι
09/05/2023 00:45; ;Όχι
09/05/2023 01:00; ;Όχι
09/05/2023 01:15; ;Όχι
09/05/2023 01:30; ;Όχι
09/05/2023 01:45; ;Όχι
09/05/2023 02:00; ;Όχι
09/05/2023 02:15; ;Όχι
09/05/2023 02:30; ;Όχι
09/05/2023 02:45; ;Όχι
09/05/2023 03:00; ;Όχι
09/05/2023 03:15; ;Όχι
09/05/2023 03:30; ;Όχι
09/05/2023 03:45; ;Όχι
09/05/2023 04:00; ;Όχι
09/05/2023 04:15; ;Όχι
09/05/2023 04:30; ;Όχι
09/05/2023 04:45; ;Όχι
09/05/2023 05:00; ;Όχι
09/05/2023 05:15; ;Όχι
09/05/2023 05:30; ;Όχι
09/05/2023 05:45; ;Όχι
09/05/2023 06:00; ;Όχι
09/05/2023 06:15; ;Όχι
09/05/2023 06:30; ;Όχι
09/05/2023 06:45; ;Όχι
09/05/2023 07:00; ;Όχι
09/05/2023 07:15; ;Όχι
09/05/2023 07:30; ;Όχι
09/05/2023 07:45; ;Όχι
09/05/2023 08:00; ;Όχι
09/05/2023 08:15; ;Όχι
09/05/2023 08:30; ;Όχι
09/05/2023 08:45; ;Όχι
09/05/2023 09:00; ;Όχι
09/05/2023 09:15; ;Όχι
09/05/2023 09:30; ;Όχι
09/05/2023 09:45; ;Όχι
09/05/2023 10:00; ;Όχι
09/05/2023 10:15; ;Όχι
09/05/2023 10:30; ;Όχι
09/05/2023 10:45; ;Όχι
09/05/2023 11:00; ;Όχι
09/05/2023 11:15; ;Όχι
09/05/2023 11:30; ;Όχι
09/05/2023 11:45; ;Όχι
09/05/2023 12:00; ;Όχι
09/05/2023 12:15; ;Όχι
09/05/2023 12:30; ;Όχι
09/05/2023 12:45; ;Όχι
09/05/2023 13:00; ;Όχι
09/05/2023 13:15; ;Όχι
09/05/2023 13:30; ;Όχι
09/05/2023 13:45; ;Όχι
09/05/2023 14:00; ;Όχι
09/05/2023 14:15; ;Όχι
09/05/2023 14:30; ;Όχι
09/05/2023 14:45; ;Όχι
09/05/2023 15:00; ;Όχι
09/05/2023 15:15; ;Όχι
09/05/2023 15:30; ;Όχι
09/05/2023 15:45; ;Όχι
09/05/2023 16:00; ;Όχι
09/05/2023 16:15; ;Όχι
09/05/2023 16:30; ;Όχι
09/05/2023 16:45; ;Όχι
09/05/2023 17:00; ;Όχι
09/05/2023 17:15; ;Όχι
09/05/2023 17:30; ;Όχι
09/05/2023 17:45; ;Όχι
09/05/2023 18:00; ;Όχι
09/05/2023 18:15; ;Όχι
09/05/2023 18:30; ;Όχι
09/05/2023 18:45; ;Όχι
09/05/2023 19:00; ;Όχι
09/05/2023 19:15; ;Όχι
09/05/2023 19:30; ;Όχι
09/05/2023 19:45; ;Όχι
09/05/2023 20:00; ;Όχι
09/05/2023 20:15; ;Όχι
09/05/2023 20:30; ;Όχι
09/05/2023 20:45; ;Όχι
09/05/2023 21:00; ;Όχι
09/05/2023 21:15; ;Όχι
09/05/2023 21:30; ;Όχι
09/05/2023 21:45; ;Όχι
09/05/2023 22:00; ;Όχι
09/05/2023 22:15; ;Όχι
09/05/2023 22:30; ;Όχι
09/05/2023 22:45; ;Όχι
09/05/2023 23:00; ;Όχι
09/05/2023 23:15; ;Όχι
09/05/2023 23:30; ;Όχι
09/05/2023 23:45; ;Όχι
10/05/2023 00:00; ;Όχι
10/05/2023 00:15; ;Όχι
10/05/2023 00:30; ;Όχι
10/05/2023 00:45; ;Όχι
10/05/2023 01:00; ;Όχι
10/05/2023 01:15; ;Όχι
10/05/2023 01:30; ;Όχι
10/05/2023 01:45; ;Όχι
10/05/2023 02:00; ;Όχι
10/05/2023 02:15; ;Όχι
10/05/2023 02:30; ;Όχι
10/05/2023 02:45; ;Όχι
10/05/2023 03:00; ;Όχι
10/05/2023 03:15; ;Όχι
10/05/2023 03:30; ;Όχι
10/05/2023 03:45; ;Όχι
10/05/2023 04:00; ;Όχι
10/05/2023 04:15; ;Όχι
10/05/2023 04:30; ;Όχι
10/05/2023 04:45; ;Όχι
10/05/2023 05:00; ;Όχι
10/05/2023 05:15; ;Όχι
10/05/2023 05:30; ;Όχι
10/05/2023 05:45; ;Όχι
10/05/2023 06:00; ;Όχι
10/05/2023 06:15; ;Όχι
10/05/2023 06:30; ;Όχι
10/05/2023 06:45; ;Όχι
10/05/2023 07:00; ;Όχι
10/05/2023 07:15; ;Όχι
10/05/2023 07:30; ;Όχι
10/05/2023 07:45; ;Όχι
10/05/2023 08:00; ;Όχι
10/05/2023 08:15; ;Όχι
10/05/2023 08:30; ;Όχι
10/05/2023 08:45; ;Όχι
10/05/2023 09:00; ;Όχι
10/05/2023 09:15; ;Όχι
10/05/2023 09:30; ;Όχι
10/05/2023 09:45; ;Όχι
10/05/2023 10:00; ;Όχι
10/05/2023 10:15; ;Όχι
10/05/2023 10:30; ;Όχι
10/05/2023 10:45; ;Όχι
10/05/2023 11:00; ;Όχι
10/05/2023 11:15; ;Όχι
10/05/2023 11:30; ;Όχι
10/05/2023 11:45; ;Όχι
10/05/2023 12:00; ;Όχι
10/05/2023 12:15; ;Όχι
10/05/2023 12:30; ;Όχι
10/05/2023 12:45; ;Όχι
10/05/2023 13:00; ;Όχι
10/05/2023 13:15; ;Όχι
10/05/2023 13:30; ;Όχι
10/05/2023 13:45; ;Όχι
10/05/2023 14:00; ;Όχι
10/05/2023 14:15; ;Όχι
10/05/2023 14:30; ;Όχι
10/05/2023 14:45; ;Όχι
10/05/2023 15:00; ;Όχι
10/05/2023 15:15; ;Όχι
10/05/2023 15:30; ;Όχι
10/05/2023 15:45; ;Όχι
10/05/2023 16:00; ;Όχι
10/05/2023 16:15; ;Όχι
10/05/2023 16:30; ;Όχι
10/05/2023 16:45; ;Όχι
10/05/2023 17:00; ;Όχι
10/05/2023 17:15; ;Όχι
10/05/2023 17:30; ;Όχι
10/05/2023 17:45; ;Όχι
10/05/2023 18:00; ;Όχι
10/05/2023 18:15; ;Όχι
10/05/2023 18:30; ;Όχι
10/05/2023 18:45; ;Όχι
10/05/2023 19:00; ;Όχι
10/05/2023 19:15; ;Όχι
10/05/2023 19:30; ;Όχι
10/05/2023 19:45; ;Όχι
10/05/2023 20:00; ;Όχι
10/05/2023 20:15; ;Όχι
10/05/2023 20:30; ;Όχι
10/05/2023 20:45; ;Όχι
10/05/2023 21:00; ;Όχι
10/05/2023 21:15; ;Όχι
10/05/2023 21:30; ;Όχι
10/05/2023 21:45; ;Όχι
10/05/2023 22:00; ;Όχι
10/05/2023 22:15; ;Όχι
10/05/2023 22:30; ;Όχι
10/05/2023 22:45; ;Όχι
10/05/2023 23:00; ;Όχι
10/05/2023 23:15; ;Όχι
10/05/2023 23:30; ;Όχι
10/05/2023 23:45; ;Όχι
11/05/2023 00:00; ;Όχι
11/05/2023 00:15; ;Όχι
11/05/2023 00:30; ;Όχι
11/05/2023 00:45; ;Όχι
11/05/2023 01:00; ;Όχι
11/05/2023 01:15; ;Όχι
11/05/2023 01:30; ;Όχι
11/05/2023 01:45; ;Όχι
11/05/2023 02:00; ;Όχι
11/05/2023 02:15; ;Όχι
11/05/2023 02:30; ;Όχι
11/05/2023 02:45; ;Όχι
11/05/2023 03:00; ;Όχι
11/05/2023 03:15; ;Όχι
11/05/2023 03:30; ;Όχι
11/05/2023 03:45; ;Όχι
11/05/2023 04:00; ;Όχι
11/05/2023 04:15; ;Όχι
11/05/2023 04:30; ;Όχι
11/05/2023 04:45; ;Όχι
11/05/2023 05:00; ;Όχι
11/05/2023 05:15; ;Όχι
11/05/2023 05:30; ;Όχι
11/05/2023 05:45; ;Όχι
11/05/2023 06:00; ;Όχι
11/05/2023 06:15; ;Όχι
11/05/2023 06:30; ;Όχι
11/05/2023 06:45; ;Όχι
11/05/2023 07:00; ;Όχι
11/05/2023 07:15; ;Όχι
11/05/2023 07:30; ;Όχι
11/05/2023 07:45; ;Όχι
11/05/2023 08:00; ;Όχι
11/05/2023 08:15; ;Όχι
11/05/2023 08:30; ;Όχι
11/05/2023 08:45; ;Όχι
11/05/2023 09:00; ;Όχι
11/05/2023 09:15; ;Όχι
11/05/2023 09:30; ;Όχι
11/05/2023 09:45; ;Όχι
11/05/2023 10:00; ;Όχι
11/05/2023 10:15; ;Όχι
11/05/2023 10:30; ;Όχι
11/05/2023 10:45; ;Όχι
11/05/2023 11:00; ;Όχι
11/05/2023 11:15; ;Όχι
11/05/2023 11:30; ;Όχι
11/05/2023 11:45; ;Όχι
11/05/2023 12:00; ;Όχι
11/05/2023 12:15; ;Όχι
11/05/2023 12:30; ;Όχι
11/05/2023 12:45; ;Όχι
11/05/2023 13:00; ;Όχι
11/05/2023 13:15; ;Όχι
11/05/2023 13:30; ;Όχι
11/05/2023 13:45; ;Όχι
11/05/2023 14:00; ;Όχι
11/05/2023 14:15; ;Όχι
11/05/2023 14:30; ;Όχι
11/05/2023 14:45; ;Όχι
11/05/2023 15:00; ;Όχι
11/05/2023 15:15; ;Όχι
11/05/2023 15:30; ;Όχι
11/05/2023 15:45; ;Όχι
11/05/2023 16:00; ;Όχι
11/05/2023 16:15; ;Όχι
11/05/2023 16:30; ;Όχι
11/05/2023 16:45; ;Όχι
11/05/2023 17:00; ;Όχι
11/05/2023 17:15; ;Όχι
11/05/2023 17:30; ;Όχι
11/05/2023 17:45; ;Όχι
11/05/2023 18:00; ;Όχι
11/05/2023 18:15; ;Όχι
11/05/2023 18:30; ;Όχι
11/05/2023 18:45; ;Όχι
11/05/2023 19:00; ;Όχι
11/05/2023 19:15; ;Όχι
11/05/2023 19:30; ;Όχι
11/05/2023 19:45; ;Όχι
11/05/2023 20:00; ;Όχι
11/05/2023 20:15; ;Όχι
11/05/2023 20:30; ;Όχι
11/05/2023 20:45; ;Όχι
11/05/2023 21:00; ;Όχι
11/05/2023 21:15; ;Όχι
11/05/2023 21:30; ;Όχι
11/05/2023 21:45; ;Όχι
11/05/2023 22:00; ;Όχι
11/05/2023 22:15; ;Όχι
11/05/2023 22:30; ;Όχι
11/05/2023 22:45; ;Όχι
11/05/2023 23:00; ;Όχι
11/05/2023 23:15; ;Όχι
11/05/2023 23:30; ;Όχι
11/05/2023 23:45; ;Όχι
12/05/2023 00:00; ;Όχι
12/05/2023 00:15; ;Όχι
12/05/2023 00:30; ;Όχι
12/05/2023 00:45; ;Όχι
12/05/2023 01:00; ;Όχι
12/05/2023 01:15; ;Όχι
12/05/2023 01:30; ;Όχι
12/05/2023 01:45; ;Όχι
12/05/2023 02:00; ;Όχι
12/05/2023 02:15; ;Όχι
12/05/2023 02:30; ;Όχι
12/05/2023 02:45; ;Όχι
12/05/2023 03:00; ;Όχι
12/05/2023 03:15; ;Όχι
12/05/2023 03:30; ;Όχι
12/05/2023 03:45; ;Όχι
12/05/2023 04:00; ;Όχι
12/05/2023 04:15; ;Όχι
12/05/2023 04:30; ;Όχι
12/05/2023 04:45; ;Όχι
12/05/2023 05:00; ;Όχι
12/05/2023 05:15; ;Όχι
12/05/2023 05:30; ;Όχι
12/05/2023 05:45; ;Όχι
12/05/2023 06:00; ;Όχι
12/05/2023 06:15; ;Όχι
12/05/2023 06:30; ;Όχι
12/05/2023 06:45; ;Όχι
12/05/2023 07:00; ;Όχι
12/05/2023 07:15; ;Όχι
12/05/2023 07:30; ;Όχι
12/05/2023 07:45; ;Όχι
12/05/2023 08:00; ;Όχι
12/05/2023 08:15; ;Όχι
12/05/2023 08:30; ;Όχι
12/05/2023 08:45; ;Όχι
12/05/2023 09:00; ;Όχι
12/05/2023 09:15; ;Όχι
12/05/2023 09:30; ;Όχι
12/05/2023 09:45; ;Όχι
12/05/2023 10:00; ;Όχι
12/05/2023 10:15; ;Όχι
12/05/2023 10:30; ;Όχι
12/05/2023 10:45; ;Όχι
12/05/2023 11:00; ;Όχι
12/05/2023 11:15; ;Όχι
12/05/2023 11:30; ;Όχι
12/05/2023 11:45; ;Όχι
12/05/2023 12:00; ;Όχι
12/05/2023 12:15; ;Όχι
12/05/2023 12:30; ;Όχι
12/05/2023 12:45; ;Όχι
12/05/2023 13:00; ;Όχι
12/05/2023 13:15; ;Όχι
12/05/2023 13:30; ;Όχι
12/05/2023 13:45; ;Όχι
12/05/2023 14:00; ;Όχι
12/05/2023 14:15; ;Όχι
12/05/2023 14:30; ;Όχι
12/05/2023 14:45; ;Όχι
12/05/2023 15:00; ;Όχι
12/05/2023 15:15; ;Όχι
12/05/2023 15:30; ;Όχι
12/05/2023 15:45; ;Όχι
12/05/2023 16:00; ;Όχι
12/05/2023 16:15; ;Όχι
12/05/2023 16:30; ;Όχι
12/05/2023 16:45; ;Όχι
12/05/2023 17:00; ;Όχι
12/05/2023 17:15; ;Όχι
12/05/2023 17:30; ;Όχι
12/05/2023 17:45; ;Όχι
12/05/2023 18:00; ;Όχι
12/05/2023 18:15; ;Όχι
12/05/2023 18:30; ;Όχι
12/05/2023 18:45; ;Όχι
12/05/2023 19:00; ;Όχι
12/05/2023 19:15; ;Όχι
12/05/2023 19:30; ;Όχι
12/05/2023 19:45; ;Όχι
12/05/2023 20:00; ;Όχι
12/05/2023 20:15; ;Όχι
12/05/2023 20:30; ;Όχι
12/05/2023 20:45; ;Όχι
12/05/2023 21:00; ;Όχι
12/05/2023 21:15; ;Όχι
12/05/2023 21:30; ;Όχι
12/05/2023 21:45; ;Όχι
12/05/2023 22:00; ;Όχι
12/05/2023 22:15; ;Όχι
12/05/2023 22:30; ;Όχι
12/05/2023 22:45; ;Όχι
12/05/2023 23:00; ;Όχι
12/05/2023 23:15; ;Όχι
12/05/2023 23:30; ;Όχι
12/05/2023 23:45; ;Όχι
13/05/2023 00:00; ;Όχι
13/05/2023 00:15; ;Όχι
13/05/2023 00:30; ;Όχι
13/05/2023 00:45; ;Όχι
13/05/2023 01:00; ;Όχι
13/05/2023 01:15; ;Όχι
13/05/2023 01:30; ;Όχι
13/05/2023 01:45; ;Όχι
13/05/2023 02:00; ;Όχι
13/05/2023 02:15; ;Όχι
13/05/2023 02:30; ;Όχι
13/05/2023 02:45; ;Όχι
13/05/2023 03:00; ;Όχι
13/05/2023 03:15; ;Όχι
13/05/2023 03:30; ;Όχι
13/05/2023 03:45; ;Όχι
13/05/2023 04:00; ;Όχι
13/05/2023 04:15; ;Όχι
13/05/2023 04:30; ;Όχι
13/05/2023 04:45; ;Όχι
13/05/2023 05:00; ;Όχι
13/05/2023 05:15; ;Όχι
13/05/2023 05:30; ;Όχι
13/05/2023 05:45; ;Όχι
13/05/2023 06:00; ;Όχι
13/05/2023 06:15; ;Όχι
13/05/2023 06:30; ;Όχι
13/05/2023 06:45; ;Όχι
13/05/2023 07:00; ;Όχι
13/05/2023 07:15; ;Όχι
13/05/2023 07:30; ;Όχι
13/05/2023 07:45; ;Όχι
13/05/2023 08:00; ;Όχι
13/05/2023 08:15; ;Όχι
13/05/2023 08:30; ;Όχι
13/05/2023 08:45; ;Όχι
13/05/2023 09:00; ;Όχι
13/05/2023 09:15; ;Όχι
13/05/2023 09:30; ;Όχι
13/05/2023 09:45; ;Όχι
13/05/2023 10:00; ;Όχι
13/05/2023 10:15; ;Όχι
13/05/2023 10:30; ;Όχι
13/05/2023 10:45; ;Όχι
13/05/2023 11:00; ;Όχι
13/05/2023 11:15; ;Όχι
13/05/2023 11:30; ;Όχι
13/05/2023 11:45; ;Όχι
13/05/2023 12:00; ;Όχι
13/05/2023 12:15; ;Όχι
13/05/2023 12:30; ;Όχι
13/05/2023 12:45; ;Όχι
13/05/2023 13:00; ;Όχι
13/05/2023 13:15; ;Όχι
13/05/2023 13:30; ;Όχι
13/05/2023 13:45; ;Όχι
13/05/2023 14:00; ;Όχι
13/05/2023 14:15; ;Όχι
13/05/2023 14:30; ;Όχι
13/05/2023 14:45; ;Όχι
13/05/2023 15:00; ;Όχι
13/05/2023 15:15; ;Όχι
13/05/2023 15:30; ;Όχι
13/05/2023 15:45; ;Όχι
13/05/2023 16:00; ;Όχι
13/05/2023 16:15; ;Όχι
13/05/2023 16:30; ;Όχι
13/05/2023 16:45; ;Όχι
13/05/2023 17:00; ;Όχι
13/05/2023 17:15; ;Όχι
13/05/2023 17:30; ;Όχι
13/05/2023 17:45; ;Όχι
13/05/2023 18:00; ;Όχι
13/05/2023 18:15; ;Όχι
13/05/2023 18:30; ;Όχι
13/05/2023 18:45; ;Όχι
13/05/2023 19:00; ;Όχι
13/05/2023 19:15; ;Όχι
13/05/2023 19:30; ;Όχι
13/05/2023 19:45; ;Όχι
13/05/2023 20:00; ;Όχι
13/05/2023 20:15; ;Όχι
13/05/2023 20:30; ;Όχι
13/05/2023 20:45; ;Όχι
13/05/2023 21:00; ;Όχι
13/05/2023 21:15; ;Όχι
13/05/2023 21:30; ;Όχι
13/05/2023 21:45; ;Όχι
13/05/2023 22:00; ;Όχι
13/05/2023 22:15; ;Όχι
13/05/2023 22:30; ;Όχι
13/05/2023 22:45; ;Όχι
13/05/2023 23:00; ;Όχι
13/05/2023 23:15; ;Όχι
13/05/2023 23:30; ;Όχι
13/05/2023 23:45; ;Όχι
14/05/2023 00:00; ;Όχι
14/05/2023 00:15; ;Όχι
14/05/2023 00:30; ;Όχι
14/05/2023 00:45; ;Όχι
14/05/2023 01:00; ;Όχι
14/05/2023 01:15; ;Όχι
14/05/2023 01:30; ;Όχι
14/05/2023 01:45; ;Όχι
14/05/2023 02:00; ;Όχι
14/05/2023 02:15; ;Όχι
14/05/2023 02:30; ;Όχι
14/05/2023 02:45; ;Όχι
14/05/2023 03:00; ;Όχι
14/05/2023 03:15; ;Όχι
14/05/2023 03:30; ;Όχι
14/05/2023 03:45; ;Όχι
14/05/2023 04:00; ;Όχι
14/05/2023 04:15; ;Όχι
14/05/2023 04:30; ;Όχι
14/05/2023 04:45; ;Όχι
14/05/2023 05:00; ;Όχι
14/05/2023 05:15; ;Όχι
14/05/2023 05:30; ;Όχι
14/05/2023 05:45; ;Όχι
14/05/2023 06:00; ;Όχι
14/05/2023 06:15; ;Όχι
14/05/2023 06:30; ;Όχι
14/05/2023 06:45; ;Όχι
14/05/2023 07:00; ;Όχι
14/05/2023 07:15; ;Όχι
14/05/2023 07:30; ;Όχι
14/05/2023 07:45; ;Όχι
14/05/2023 08:00; ;Όχι
14/05/2023 08:15; ;Όχι
14/05/2023 08:30; ;Όχι
14/05/2023 08:45; ;Όχι
14/05/2023 09:00; ;Όχι
14/05/2023 09:15; ;Όχι
14/05/2023 09:30; ;Όχι
14/05/2023 09:45; ;Όχι
14/05/2023 10:00; ;Όχι
14/05/2023 10:15; ;Όχι
14/05/2023 10:30; ;Όχι
14/05/2023 10:45; ;Όχι
14/05/2023 11:00; ;Όχι
14/05/2023 11:15; ;Όχι
14/05/2023 11:30; ;Όχι
14/05/2023 11:45; ;Όχι
14/05/2023 12:00; ;Όχι
14/05/2023 12:15; ;Όχι
14/05/2023 12:30; ;Όχι
14/05/2023 12:45; ;Όχι
14/05/2023 13:00; ;Όχι
14/05/2023 13:15; ;Όχι
14/05/2023 13:30; ;Όχι
14/05/2023 13:45; ;Όχι
14/05/2023 14:00; ;Όχι
14/05/2023 14:15; ;Όχι
14/05/2023 14:30; ;Όχι
14/05/2023 14:45; ;Όχι
14/05/2023 15:00; ;Όχι
14/05/2023 15:15; ;Όχι
14/05/2023 15:30; ;Όχι
14/05/2023 15:45; ;Όχι
14/05/2023 16:00; ;Όχι
14/05/2023 16:15; ;Όχι
14/05/2023 16:30; ;Όχι
14/05/2023 16:45; ;Όχι
14/05/2023 17:00; ;Όχι
14/05/2023 17:15; ;Όχι
14/05/2023 17:30; ;Όχι
14/05/2023 17:45; ;Όχι
14/05/2023 18:00; ;Όχι
14/05/2023 18:15; ;Όχι
14/05/2023 18:30; ;Όχι
14/05/2023 18:45; ;Όχι
14/05/2023 19:00; ;Όχι
14/05/2023 19:15; ;Όχι
14/05/2023 19:30; ;Όχι
14/05/2023 19:45; ;Όχι
14/05/2023 20:00; ;Όχι
14/05/2023 20:15; ;Όχι
14/05/2023 20:30; ;Όχι
14/05/2023 20:45; ;Όχι
14/05/2023 21:00; ;Όχι
14/05/2023 21:15; ;Όχι
14/05/2023 21:30; ;Όχι
14/05/2023 21:45; ;Όχι
14/05/2023 22:00; ;Όχι
14/05/2023 22:15; ;Όχι
14/05/2023 22:30; ;Όχι
14/05/2023 22:45; ;Όχι
14/05/2023 23:00; ;Όχι
14/05/2023 23:15; ;Όχι
14/05/2023 23:30; ;Όχι
14/05/2023 23:45; ;Όχι
15/05/2023 00:00; ;Όχι
15/05/2023 00:15; ;Όχι
15/05/2023 00:30; ;Όχι
15/05/2023 00:45; ;Όχι
15/05/2023 01:00; ;Όχι
15/05/2023 01:15; ;Όχι
15/05/2023 01:30; ;Όχι
15/05/2023 01:45; ;Όχι
15/05/2023 02:00; ;Όχι
15/05/2023 02:15; ;Όχι
15/05/2023 02:30; ;Όχι
15/05/2023 02:45; ;Όχι
15/05/2023 03:00; ;Όχι
15/05/2023 03:15; ;Όχι
15/05/2023 03:30; ;Όχι
15/05/2023 03:45; ;Όχι
15/05/2023 04:00; ;Όχι
15/05/2023 04:15; ;Όχι
15/05/2023 04:30; ;Όχι
15/05/2023 04:45; ;Όχι
15/05/2023 05:00; ;Όχι
15/05/2023 05:15; ;Όχι
15/05/2023 05:30; ;Όχι
15/05/2023 05:45; ;Όχι
15/05/2023 06:00; ;Όχι
15/05/2023 06:15; ;Όχι
15/05/2023 06:30; ;Όχι
15/05/2023 06:45; ;Όχι
15/05/2023 07:00; ;Όχι
15/05/2023 07:15; ;Όχι
15/05/2023 07:30; ;Όχι
15/05/2023 07:45; ;Όχι
15/05/2023 08:00; ;Όχι
15/05/2023 08:15; ;Όχι
15/05/2023 08:30; ;Όχι
15/05/2023 08:45; ;Όχι
15/05/2023 09:00; ;Όχι
15/05/2023 09:15; ;Όχι
15/05/2023 09:30; ;Όχι
15/05/2023 09:45; ;Όχι
15/05/2023 10:00; ;Όχι
15/05/2023 10:15; ;Όχι
15/05/2023 10:30; ;Όχι
15/05/2023 10:45; ;Όχι
15/05/2023 11:00; ;Όχι
15/05/2023 11:15; ;Όχι
15/05/2023 11:30; ;Όχι
15/05/2023 11:45; ;Όχι
15/05/2023 12:00; ;Όχι
15/05/2023 12:15; ;Όχι
15/05/2023 12:30; ;Όχι
15/05/2023 12:45; ;Όχι
15/05/2023 13:00; ;Όχι
15/05/2023 13:15; ;Όχι
15/05/2023 13:30; ;Όχι
15/05/2023 13:45; ;Όχι
15/05/2023 14:00; ;Όχι
15/05/2023 14:15; ;Όχι
15/05/2023 14:30; ;Όχι
15/05/2023 14:45; ;Όχι
15/05/2023 15:00; ;Όχι
15/05/2023 15:15; ;Όχι
15/05/2023 15:30; ;Όχι
15/05/2023 15:45; ;Όχι
15/05/2023 16:00; ;Όχι
15/05/2023 16:15; ;Όχι
15/05/2023 16:30; ;Όχι
15/05/2023 16:45; ;Όχι
15/05/2023 17:00; ;Όχι
15/05/2023 17:15; ;Όχι
15/05/2023 17:30; ;Όχι
15/05/2023 17:45; ;Όχι
15/05/2023 18:00; ;Όχι
15/05/2023 18:15; ;Όχι
15/05/2023 18:30; ;Όχι
15/05/2023 18:45; ;Όχι
15/05/2023 19:00; ;Όχι
15/05/2023 19:15; ;Όχι
15/05/2023 19:30; ;Όχι
15/05/2023 19:45; ;Όχι
15/05/2023 20:00; ;Όχι
15/05/2023 20:15; ;Όχι
15/05/2023 20:30; ;Όχι
15/05/2023 20:45; ;Όχι
15/05/2023 21:00; ;Όχι
15/05/2023 21:15; ;Όχι
15/05/2023 21:30; ;Όχι
15/05/2023 21:45; ;Όχι
15/05/2023 22:00; ;Όχι
15/05/2023 22:15; ;Όχι
15/05/2023 22:30; ;Όχι
15/05/2023 22:45; ;Όχι
15/05/2023 23:00; ;Όχι
15/05/2023 23:15; ;Όχι
15/05/2023 23:30; ;Όχι
15/05/2023 23:45; ;Όχι
16/05/2023 00:00; ;Όχι
16/05/2023 00:15; ;Όχι
16/05/2023 00:30; ;Όχι
16/05/2023 00:45; ;Όχι
16/05/2023 01:00; ;Όχι
16/05/2023 01:15; ;Όχι
16/05/2023 01:30; ;Όχι
16/05/2023 01:45; ;Όχι
16/05/2023 02:00; ;Όχι
16/05/2023 02:15; ;Όχι
16/05/2023 02:30; ;Όχι
16/05/2023 02:45; ;Όχι
16/05/2023 03:00; ;Όχι
16/05/2023 03:15; ;Όχι
16/05/2023 03:30; ;Όχι
16/05/2023 03:45; ;Όχι
16/05/2023 04:00; ;Όχι
16/05/2023 04:15; ;Όχι
16/05/2023 04:30; ;Όχι
16/05/2023 04:45; ;Όχι
16/05/2023 05:00; ;Όχι
16/05/2023 05:15; ;Όχι
16/05/2023 05:30; ;Όχι
16/05/2023 05:45; ;Όχι
16/05/2023 06:00; ;Όχι
16/05/2023 06:15; ;Όχι
16/05/2023 06:30; ;Όχι
16/05/2023 06:45; ;Όχι
16/05/2023 07:00; ;Όχι
16/05/2023 07:15; ;Όχι
16/05/2023 07:30; ;Όχι
16/05/2023 07:45; ;Όχι
16/05/2023 08:00; ;Όχι
16/05/2023 08:15; ;Όχι
16/05/2023 08:30; ;Όχι
16/05/2023 08:45; ;Όχι
16/05/2023 09:00; ;Όχι
16/05/2023 09:15; ;Όχι
16/05/2023 09:30; ;Όχι
16/05/2023 09:45; ;Όχι
16/05/2023 10:00; ;Όχι
16/05/2023 10:15; ;Όχι
16/05/2023 10:30; ;Όχι
16/05/2023 10:45; ;Όχι
16/05/2023 11:00; ;Όχι
16/05/2023 11:15; ;Όχι
16/05/2023 11:30; ;Όχι
16/05/2023 11:45; ;Όχι
16/05/2023 12:00; ;Όχι
16/05/2023 12:15; ;Όχι
16/05/2023 12:30; ;Όχι
16/05/2023 12:45; ;Όχι
16/05/2023 13:00; ;Όχι
16/05/2023 13:15; ;Όχι
16/05/2023 13:30; ;Όχι
16/05/2023 13:45; ;Όχι
16/05/2023 14:00; ;Όχι
16/05/2023 14:15; ;Όχι
16/05/2023 14:30; ;Όχι
16/05/2023 14:45; ;Όχι
16/05/2023 15:00; ;Όχι
16/05/2023 15:15; ;Όχι
16/05/2023 15:30; ;Όχι
16/05/2023 15:45; ;Όχι
16/05/2023 16:00; ;Όχι
16/05/2023 16:15; ;Όχι
16/05/2023 16:30; ;Όχι
16/05/2023 16:45; ;Όχι
16/05/2023 17:00; ;Όχι
16/05/2023 17:15; ;Όχι
16/05/2023 17:30; ;Όχι
16/05/2023 17:45; ;Όχι
16/05/2023 18:00; ;Όχι
16/05/2023 18:15; ;Όχι
16/05/2023 18:30; ;Όχι
16/05/2023 18:45; ;Όχι
16/05/2023 19:00; ;Όχι
16/05/2023 19:15; ;Όχι
16/05/2023 19:30; ;Όχι
16/05/2023 19:45; ;Όχι
16/05/2023 20:00; ;Όχι
16/05/2023 20:15; ;Όχι
16/05/2023 20:30; ;Όχι
16/05/2023 20:45; ;Όχι
16/05/2023 21:00; ;Όχι
16/05/2023 21:15; ;Όχι
16/05/2023 21:30; ;Όχι
16/05/2023 21:45; ;Όχι
16/05/2023 22:00; ;Όχι
16/05/2023 22:15; ;Όχι
16/05/2023 22:30; ;Όχι
16/05/2023 22:45; ;Όχι
16/05/2023 23:00; ;Όχι
16/05/2023 23:15; ;Όχι
16/05/2023 23:30; ;Όχι
16/05/2023 23:45; ;Όχι
17/05/2023 00:00; ;Όχι
17/05/2023 00:15; ;Όχι
17/05/2023 00:30; ;Όχι
17/05/2023 00:45; ;Όχι
17/05/2023 01:00; ;Όχι
17/05/2023 01:15; ;Όχι
17/05/2023 01:30; ;Όχι
17/05/2023 01:45; ;Όχι
17/05/2023 02:00; ;Όχι
17/05/2023 02:15; ;Όχι
17/05/2023 02:30; ;Όχι
17/05/2023 02:45; ;Όχι
17/05/2023 03:00; ;Όχι
17/05/2023 03:15; ;Όχι
17/05/2023 03:30; ;Όχι
17/05/2023 03:45; ;Όχι
17/05/2023 04:00; ;Όχι
17/05/2023 04:15; ;Όχι
17/05/2023 04:30; ;Όχι
17/05/2023 04:45; ;Όχι
17/05/2023 05:00; ;Όχι
17/05/2023 05:15; ;Όχι
17/05/2023 05:30; ;Όχι
17/05/2023 05:45; ;Όχι
17/05/2023 06:00; ;Όχι
17/05/2023 06:15; ;Όχι
17/05/2023 06:30; ;Όχι
17/05/2023 06:45; ;Όχι
17/05/2023 07:00; ;Όχι
17/05/2023 07:15; ;Όχι
17/05/2023 07:30; ;Όχι
17/05/2023 07:45; ;Όχι
17/05/2023 08:00; ;Όχι
17/05/2023 08:15; ;Όχι
17/05/2023 08:30; ;Όχι
17/05/2023 08:45; ;Όχι
17/05/2023 09:00; ;Όχι
17/05/2023 09:15; ;Όχι
17/05/2023 09:30; ;Όχι
17/05/2023 09:45; ;Όχι
17/05/2023 10:00; ;Όχι
17/05/2023 10:15; ;Όχι
17/05/2023 10:30; ;Όχι
17/05/2023 10:45; ;Όχι
17/05/2023 11:00; ;Όχι
17/05/2023 11:15; ;Όχι
17/05/2023 11:30; ;Όχι
17/05/2023 11:45; ;Όχι
17/05/2023 12:00; ;Όχι
17/05/2023 12:15; ;Όχι
17/05/2023 12:30; ;Όχι
17/05/2023 12:45; ;Όχι
17/05/2023 13:00; ;Όχι
17/05/2023 13:15; ;Όχι
17/05/2023 13:30; ;Όχι
17/05/2023 13:45; ;Όχι
17/05/2023 14:00; ;Όχι
17/05/2023 14:15; ;Όχι
17/05/2023 14:30; ;Όχι
17/05/2023 14:45; ;Όχι
17/05/2023 15:00; ;Όχι
17/05/2023 15:15; ;Όχι
17/05/2023 15:30; ;Όχι
17/05/2023 15:45; ;Όχι
17/05/2023 16:00; ;Όχι
17/05/2023 16:15; ;Όχι
17/05/2023 16:30; ;Όχι
17/05/2023 16:45; ;Όχι
17/05/2023 17:00; ;Όχι
17/05/2023 17:15; ;Όχι
17/05/2023 17:30; ;Όχι
17/05/2023 17:45; ;Όχι
17/05/2023 18:00; ;Όχι
17/05/2023 18:15; ;Όχι
17/05/2023 18:30; ;Όχι
17/05/2023 18:45; ;Όχι
17/05/2023 19:00; ;Όχι
17/05/2023 19:15; ;Όχι
17/05/2023 19:30; ;Όχι
17/05/2023 19:45; ;Όχι
17/05/2023 20:00; ;Όχι
17/05/2023 20:15; ;Όχι
17/05/2023 20:30; ;Όχι
17/05/2023 20:45; ;Όχι
17/05/2023 21:00; ;Όχι
17/05/2023 21:15; ;Όχι
17/05/2023 21:30; ;Όχι
17/05/2023 21:45; ;Όχι
17/05/2023 22:00; ;Όχι
17/05/2023 22:15; ;Όχι
17/05/2023 22:30; ;Όχι
17/05/2023 22:45; ;Όχι
17/05/2023 23:00; ;Όχι
17/05/2023 23:15; ;Όχι
17/05/2023 23:30; ;Όχι
17/05/2023 23:45; ;Όχι
18/05/2023 00:00; ;Όχι
18/05/2023 00:15; ;Όχι
18/05/2023 00:30; ;Όχι
18/05/2023 00:45; ;Όχι
18/05/2023 01:00; ;Όχι
18/05/2023 01:15; ;Όχι
18/05/2023 01:30; ;Όχι
18/05/2023 01:45; ;Όχι
18/05/2023 02:00; ;Όχι
18/05/2023 02:15; ;Όχι
18/05/2023 02:30; ;Όχι
18/05/2023 02:45; ;Όχι
18/05/2023 03:00; ;Όχι
18/05/2023 03:15; ;Όχι
18/05/2023 03:30; ;Όχι
18/05/2023 03:45; ;Όχι
18/05/2023 04:00; ;Όχι
18/05/2023 04:15; ;Όχι
18/05/2023 04:30; ;Όχι
18/05/2023 04:45; ;Όχι
18/05/2023 05:00; ;Όχι
18/05/2023 05:15; ;Όχι
18/05/2023 05:30; ;Όχι
18/05/2023 05:45; ;Όχι
18/05/2023 06:00; ;Όχι
18/05/2023 06:15; ;Όχι
18/05/2023 06:30; ;Όχι
18/05/2023 06:45; ;Όχι
18/05/2023 07:00; ;Όχι
18/05/2023 07:15; ;Όχι
18/05/2023 07:30; ;Όχι
18/05/2023 07:45; ;Όχι
18/05/2023 08:00; ;Όχι
18/05/2023 08:15; ;Όχι
18/05/2023 08:30; ;Όχι
18/05/2023 08:45; ;Όχι
18/05/2023 09:00; ;Όχι
18/05/2023 09:15; ;Όχι
18/05/2023 09:30; ;Όχι
18/05/2023 09:45; ;Όχι
18/05/2023 10:00; ;Όχι
18/05/2023 10:15; ;Όχι
18/05/2023 10:30; ;Όχι
18/05/2023 10:45; ;Όχι
18/05/2023 11:00; ;Όχι
18/05/2023 11:15; ;Όχι
18/05/2023 11:30; ;Όχι
18/05/2023 11:45; ;Όχι
18/05/2023 12:00; ;Όχι
18/05/2023 12:15; ;Όχι
18/05/2023 12:30; ;Όχι
18/05/2023 12:45; ;Όχι
18/05/2023 13:00; ;Όχι
18/05/2023 13:15; ;Όχι
18/05/2023 13:30; ;Όχι
18/05/2023 13:45; ;Όχι
18/05/2023 14:00; ;Όχι
18/05/2023 14:15; ;Όχι
18/05/2023 14:30; ;Όχι
18/05/2023 14:45; ;Όχι
18/05/2023 15:00; ;Όχι
18/05/2023 15:15; ;Όχι
18/05/2023 15:30; ;Όχι
18/05/2023 15:45; ;Όχι
18/05/2023 16:00; ;Όχι
18/05/2023 16:15; ;Όχι
18/05/2023 16:30; ;Όχι
18/05/2023 16:45; ;Όχι
18/05/2023 17:00; ;Όχι
18/05/2023 17:15; ;Όχι
18/05/2023 17:30; ;Όχι
18/05/2023 17:45; ;Όχι
18/05/2023 18:00; ;Όχι
18/05/2023 18:15; ;Όχι
18/05/2023 18:30; ;Όχι
18/05/2023 18:45; ;Όχι
18/05/2023 19:00; ;Όχι
18/05/2023 19:15; ;Όχι
18/05/2023 19:30; ;Όχι
18/05/2023 19:45; ;Όχι
18/05/2023 20:00; ;Όχι
18/05/2023 20:15; ;Όχι
18/05/2023 20:30; ;Όχι
18/05/2023 20:45; ;Όχι
18/05/2023 21:00; ;Όχι
18/05/2023 21:15; ;Όχι
18/05/2023 21:30; ;Όχι
18/05/2023 21:45; ;Όχι
18/05/2023 22:00; ;Όχι
18/05/2023 22:15; ;Όχι
18/05/2023 22:30; ;Όχι
18/05/2023 22:45; ;Όχι
18/05/2023 23:00; ;Όχι
18/05/2023 23:15; ;Όχι
18/05/2023 23:30; ;Όχι
18/05/2023 23:45; ;Όχι
19/05/2023 00:00; ;Όχι
19/05/2023 00:15; ;Όχι
19/05/2023 00:30; ;Όχι
19/05/2023 00:45; ;Όχι
19/05/2023 01:00; ;Όχι
19/05/2023 01:15; ;Όχι
19/05/2023 01:30; ;Όχι
19/05/2023 01:45; ;Όχι
19/05/2023 02:00; ;Όχι
19/05/2023 02:15; ;Όχι
19/05/2023 02:30; ;Όχι
19/05/2023 02:45; ;Όχι
19/05/2023 03:00; ;Όχι
19/05/2023 03:15; ;Όχι
19/05/2023 03:30; ;Όχι
19/05/2023 03:45; ;Όχι
19/05/2023 04:00; ;Όχι
19/05/2023 04:15; ;Όχι
19/05/2023 04:30; ;Όχι
19/05/2023 04:45; ;Όχι
19/05/2023 05:00; ;Όχι
19/05/2023 05:15; ;Όχι
19/05/2023 05:30; ;Όχι
19/05/2023 05:45; ;Όχι
19/05/2023 06:00; ;Όχι
19/05/2023 06:15; ;Όχι
19/05/2023 06:30; ;Όχι
19/05/2023 06:45; ;Όχι
19/05/2023 07:00; ;Όχι
19/05/2023 07:15; ;Όχι
19/05/2023 07:30; ;Όχι
19/05/2023 07:45; ;Όχι
19/05/2023 08:00; ;Όχι
19/05/2023 08:15; ;Όχι
19/05/2023 08:30; ;Όχι
19/05/2023 08:45; ;Όχι
19/05/2023 09:00; ;Όχι
19/05/2023 09:15; ;Όχι
19/05/2023 09:30; ;Όχι
19/05/2023 09:45; ;Όχι
19/05/2023 10:00; ;Όχι
19/05/2023 10:15; ;Όχι
19/05/2023 10:30; ;Όχι
19/05/2023 10:45; ;Όχι
19/05/2023 11:00; ;Όχι
19/05/2023 11:15; ;Όχι
19/05/2023 11:30; ;Όχι
19/05/2023 11:45; ;Όχι
19/05/2023 12:00; ;Όχι
19/05/2023 12:15; ;Όχι
19/05/2023 12:30; ;Όχι
19/05/2023 12:45; ;Όχι
19/05/2023 13:00; ;Όχι
19/05/2023 13:15; ;Όχι
19/05/2023 13:30; ;Όχι
19/05/2023 13:45; ;Όχι
19/05/2023 14:00; ;Όχι
19/05/2023 14:15; ;Όχι
19/05/2023 14:30; ;Όχι
19/05/2023 14:45; ;Όχι
19/05/2023 15:00; ;Όχι
19/05/2023 15:15; ;Όχι
19/05/2023 15:30; ;Όχι
19/05/2023 15:45; ;Όχι
19/05/2023 16:00; ;Όχι
19/05/2023 16:15; ;Όχι
19/05/2023 16:30; ;Όχι
19/05/2023 16:45; ;Όχι
19/05/2023 17:00; ;Όχι
19/05/2023 17:15; ;Όχι
19/05/2023 17:30; ;Όχι
19/05/2023 17:45; ;Όχι
19/05/2023 18:00; ;Όχι
19/05/2023 18:15; ;Όχι
19/05/2023 18:30; ;Όχι
19/05/2023 18:45; ;Όχι
19/05/2023 19:00; ;Όχι
19/05/2023 19:15; ;Όχι
19/05/2023 19:30; ;Όχι
19/05/2023 19:45; ;Όχι
19/05/2023 20:00; ;Όχι
19/05/2023 20:15; ;Όχι
19/05/2023 20:30; ;Όχι
19/05/2023 20:45; ;Όχι
19/05/2023 21:00; ;Όχι
19/05/2023 21:15; ;Όχι
19/05/2023 21:30; ;Όχι
19/05/2023 21:45; ;Όχι
19/05/2023 22:00; ;Όχι
19/05/2023 22:15; ;Όχι
19/05/2023 22:30; ;Όχι
19/05/2023 22:45; ;Όχι
19/05/2023 23:00; ;Όχι
19/05/2023 23:15; ;Όχι
19/05/2023 23:30; ;Όχι
19/05/2023 23:45; ;Όχι
20/05/2023 00:00; ;Όχι
20/05/2023 00:15; ;Όχι
20/05/2023 00:30; ;Όχι
20/05/2023 00:45; ;Όχι
20/05/2023 01:00; ;Όχι
20/05/2023 01:15; ;Όχι
20/05/2023 01:30; ;Όχι
20/05/2023 01:45; ;Όχι
20/05/2023 02:00; ;Όχι
20/05/2023 02:15; ;Όχι
20/05/2023 02:30; ;Όχι
20/05/2023 02:45; ;Όχι
20/05/2023 03:00; ;Όχι
20/05/2023 03:15; ;Όχι
20/05/2023 03:30; ;Όχι
20/05/2023 03:45; ;Όχι
20/05/2023 04:00; ;Όχι
20/05/2023 04:15; ;Όχι
20/05/2023 04:30; ;Όχι
20/05/2023 04:45; ;Όχι
20/05/2023 05:00; ;Όχι
20/05/2023 05:15; ;Όχι
20/05/2023 05:30; ;Όχι
20/05/2023 05:45; ;Όχι
20/05/2023 06:00; ;Όχι
20/05/2023 06:15; ;Όχι
20/05/2023 06:30; ;Όχι
20/05/2023 06:45; ;Όχι
20/05/2023 07:00; ;Όχι
20/05/2023 07:15; ;Όχι
20/05/2023 07:30; ;Όχι
20/05/2023 07:45; ;Όχι
20/05/2023 08:00; ;Όχι
20/05/2023 08:15; ;Όχι
20/05/2023 08:30; ;Όχι
20/05/2023 08:45; ;Όχι
20/05/2023 09:00; ;Όχι
20/05/2023 09:15; ;Όχι
20/05/2023 09:30; ;Όχι
20/05/2023 09:45; ;Όχι
20/05/2023 10:00; ;Όχι
20/05/2023 10:15; ;Όχι
20/05/2023 10:30; ;Όχι
20/05/2023 10:45; ;Όχι
20/05/2023 11:00; ;Όχι
20/05/2023 11:15; ;Όχι
20/05/2023 11:30; ;Όχι
20/05/2023 11:45; ;Όχι
20/05/2023 12:00; ;Όχι
20/05/2023 12:15; ;Όχι
20/05/2023 12:30; ;Όχι
20/05/2023 12:45; ;Όχι
20/05/2023 13:00; ;Όχι
20/05/2023 13:15; ;Όχι
20/05/2023 13:30; ;Όχι
20/05/2023 13:45; ;Όχι
20/05/2023 14:00; ;Όχι
20/05/2023 14:15; ;Όχι
20/05/2023 14:30; ;Όχι
20/05/2023 14:45; ;Όχι
20/05/2023 15:00; ;Όχι
20/05/2023 15:15; ;Όχι
20/05/2023 15:30; ;Όχι
20/05/2023 15:45; ;Όχι
20/05/2023 16:00; ;Όχι
20/05/2023 16:15; ;Όχι
20/05/2023 16:30; ;Όχι
20/05/2023 16:45; ;Όχι
20/05/2023 17:00; ;Όχι
20/05/2023 17:15; ;Όχι
20/05/2023 17:30; ;Όχι
20/05/2023 17:45; ;Όχι
20/05/2023 18:00; ;Όχι
20/05/2023 18:15; ;Όχι
20/05/2023 18:30; ;Όχι
20/05/2023 18:45; ;Όχι
20/05/2023 19:00; ;Όχι
20/05/2023 19:15; ;Όχι
20/05/2023 19:30; ;Όχι
20/05/2023 19:45; ;Όχι
20/05/2023 20:00; ;Όχι
20/05/2023 20:15; ;Όχι
20/05/2023 20:30; ;Όχι
20/05/2023 20:45; ;Όχι
20/05/2023 21:00; ;Όχι
20/05/2023 21:15; ;Όχι
20/05/2023 21:30; ;Όχι
20/05/2023 21:45; ;Όχι
20/05/2023 22:00; ;Όχι
20/05/2023 22:15; ;Όχι
20/05/2023 22:30; ;Όχι
20/05/2023 22:45; ;Όχι
20/05/2023 23:00; ;Όχι
20/05/2023 23:15; ;Όχι
20/05/2023 23:30; ;Όχι
20/05/2023 23:45; ;Όχι
21/05/2023 00:00; ;Όχι
21/05/2023 00:15; ;Όχι
21/05/2023 00:30; ;Όχι
21/05/2023 00:45; ;Όχι
21/05/2023 01:00; ;Όχι
21/05/2023 01:15; ;Όχι
21/05/2023 01:30; ;Όχι
21/05/2023 01:45; ;Όχι
21/05/2023 02:00; ;Όχι
21/05/2023 02:15; ;Όχι
21/05/2023 02:30; ;Όχι
21/05/2023 02:45; ;Όχι
21/05/2023 03:00; ;Όχι
21/05/2023 03:15; ;Όχι
21/05/2023 03:30; ;Όχι
21/05/2023 03:45; ;Όχι
21/05/2023 04:00; ;Όχι
21/05/2023 04:15; ;Όχι
21/05/2023 04:30; ;Όχι
21/05/2023 04:45; ;Όχι
21/05/2023 05:00; ;Όχι
21/05/2023 05:15; ;Όχι
21/05/2023 05:30; ;Όχι
21/05/2023 05:45; ;Όχι
21/05/2023 06:00; ;Όχι
21/05/2023 06:15; ;Όχι
21/05/2023 06:30; ;Όχι
21/05/2023 06:45; ;Όχι
21/05/2023 07:00; ;Όχι
21/05/2023 07:15; ;Όχι
21/05/2023 07:30; ;Όχι
21/05/2023 07:45; ;Όχι
21/05/2023 08:00; ;Όχι
21/05/2023 08:15; ;Όχι
21/05/2023 08:30; ;Όχι
21/05/2023 08:45; ;Όχι
21/05/2023 09:00; ;Όχι
21/05/2023 09:15; ;Όχι
21/05/2023 09:30; ;Όχι
21/05/2023 09:45; ;Όχι
21/05/2023 10:00; ;Όχι
21/05/2023 10:15; ;Όχι
21/05/2023 10:30; ;Όχι
21/05/2023 10:45; ;Όχι
21/05/2023 11:00; ;Όχι
21/05/2023 11:15; ;Όχι
21/05/2023 11:30; ;Όχι
21/05/2023 11:45; ;Όχι
21/05/2023 12:00; ;Όχι
21/05/2023 12:15; ;Όχι
21/05/2023 12:30; ;Όχι
21/05/2023 12:45; ;Όχι
21/05/2023 13:00; ;Όχι
21/05/2023 13:15; ;Όχι
21/05/2023 13:30; ;Όχι
21/05/2023 13:45; ;Όχι
21/05/2023 14:00; ;Όχι
21/05/2023 14:15; ;Όχι
21/05/2023 14:30; ;Όχι
21/05/2023 14:45; ;Όχι
21/05/2023 15:00; ;Όχι
21/05/2023 15:15; ;Όχι
21/05/2023 15:30; ;Όχι
21/05/2023 15:45; ;Όχι
21/05/2023 16:00; ;Όχι
21/05/2023 16:15; ;Όχι
21/05/2023 16:30; ;Όχι
21/05/2023 16:45; ;Όχι
21/05/2023 17:00; ;Όχι
21/05/2023 17:15; ;Όχι
21/05/2023 17:30; ;Όχι
21/05/2023 17:45; ;Όχι
21/05/2023 18:00; ;Όχι
21/05/2023 18:15; ;Όχι
21/05/2023 18:30; ;Όχι
21/05/2023 18:45; ;Όχι
21/05/2023 19:00; ;Όχι
21/05/2023 19:15; ;Όχι
21/05/2023 19:30; ;Όχι
21/05/2023 19:45; ;Όχι
21/05/2023 20:00; ;Όχι
21/05/2023 20:15; ;Όχι
21/05/2023 20:30; ;Όχι
21/05/2023 20:45; ;Όχι
21/05/2023 21:00; ;Όχι
21/05/2023 21:15; ;Όχι
21/05/2023 21:30; ;Όχι
21/05/2023 21:45; ;Όχι
21/05/2023 22:00; ;Όχι
21/05/2023 22:15; ;Όχι
21/05/2023 22:30; ;Όχι
21/05/2023 22:45; ;Όχι
21/05/2023 23:00; ;Όχι
21/05/2023 23:15; ;Όχι
21/05/2023 23:30; ;Όχι
21/05/2023 23:45; ;Όχι
22/05/2023 00:00; ;Όχι
22/05/2023 00:15; ;Όχι
22/05/2023 00:30; ;Όχι
22/05/2023 00:45; ;Όχι
22/05/2023 01:00; ;Όχι
22/05/2023 01:15; ;Όχι
22/05/2023 01:30; ;Όχι
22/05/2023 01:45; ;Όχι
22/05/2023 02:00; ;Όχι
22/05/2023 02:15; ;Όχι
22/05/2023 02:30; ;Όχι
22/05/2023 02:45; ;Όχι
22/05/2023 03:00; ;Όχι
22/05/2023 03:15; ;Όχι
22/05/2023 03:30; ;Όχι
22/05/2023 03:45; ;Όχι
22/05/2023 04:00; ;Όχι
22/05/2023 04:15; ;Όχι
22/05/2023 04:30; ;Όχι
22/05/2023 04:45; ;Όχι
22/05/2023 05:00; ;Όχι
22/05/2023 05:15; ;Όχι
22/05/2023 05:30; ;Όχι
22/05/2023 05:45; ;Όχι
22/05/2023 06:00; ;Όχι
22/05/2023 06:15; ;Όχι
22/05/2023 06:30; ;Όχι
22/05/2023 06:45; ;Όχι
22/05/2023 07:00; ;Όχι
22/05/2023 07:15; ;Όχι
22/05/2023 07:30; ;Όχι
22/05/2023 07:45; ;Όχι
22/05/2023 08:00; ;Όχι
22/05/2023 08:15; ;Όχι
22/05/2023 08:30; ;Όχι
22/05/2023 08:45; ;Όχι
22/05/2023 09:00; ;Όχι
22/05/2023 09:15; ;Όχι
22/05/2023 09:30; ;Όχι
22/05/2023 09:45; ;Όχι
22/05/2023 10:00; ;Όχι
22/05/2023 10:15; ;Όχι
22/05/2023 10:30; ;Όχι
22/05/2023 10:45; ;Όχι
22/05/2023 11:00; ;Όχι
22/05/2023 11:15; ;Όχι
22/05/2023 11:30; ;Όχι
22/05/2023 11:45; ;Όχι
22/05/2023 12:00; ;Όχι
22/05/2023 12:15; ;Όχι
22/05/2023 12:30; ;Όχι
22/05/2023 12:45; ;Όχι
22/05/2023 13:00; ;Όχι
22/05/2023 13:15; ;Όχι
22/05/2023 13:30; ;Όχι
22/05/2023 13:45; ;Όχι
22/05/2023 14:00; ;Όχι
22/05/2023 14:15; ;Όχι
22/05/2023 14:30; ;Όχι
22/05/2023 14:45; ;Όχι
22/05/2023 15:00; ;Όχι
22/05/2023 15:15; ;Όχι
22/05/2023 15:30; ;Όχι
22/05/2023 15:45; ;Όχι
22/05/2023 16:00; ;Όχι
22/05/2023 16:15; ;Όχι
22/05/2023 16:30; ;Όχι
22/05/2023 16:45; ;Όχι
22/05/2023 17:00; ;Όχι
22/05/2023 17:15; ;Όχι
22/05/2023 17:30; ;Όχι
22/05/2023 17:45; ;Όχι
22/05/2023 18:00; ;Όχι
22/05/2023 18:15; ;Όχι
22/05/2023 18:30; ;Όχι
22/05/2023 18:45; ;Όχι
22/05/2023 19:00; ;Όχι
22/05/2023 19:15; ;Όχι
22/05/2023 19:30; ;Όχι
22/05/2023 19:45; ;Όχι
22/05/2023 20:00; ;Όχι
22/05/2023 20:15; ;Όχι
22/05/2023 20:30; ;Όχι
22/05/2023 20:45; ;Όχι
22/05/2023 21:00; ;Όχι
22/05/2023 21:15; ;Όχι
22/05/2023 21:30; ;Όχι
22/05/2023 21:45; ;Όχι
22/05/2023 22:00; ;Όχι
22/05/2023 22:15; ;Όχι
22/05/2023 22:30; ;Όχι
22/05/2023 22:45; ;Όχι
22/05/2023 23:00; ;Όχι
22/05/2023 23:15; ;Όχι
22/05/2023 23:30; ;Όχι
22/05/2023 23:45; ;Όχι
23/05/2023 00:00; ;Όχι
23/05/2023 00:15; ;Όχι
23/05/2023 00:30; ;Όχι
23/05/2023 00:45; ;Όχι
23/05/2023 01:00; ;Όχι
23/05/2023 01:15; ;Όχι
23/05/2023 01:30; ;Όχι
23/05/2023 01:45; ;Όχι
23/05/2023 02:00; ;Όχι
23/05/2023 02:15; ;Όχι
23/05/2023 02:30; ;Όχι
23/05/2023 02:45; ;Όχι
23/05/2023 03:00; ;Όχι
23/05/2023 03:15; ;Όχι
23/05/2023 03:30; ;Όχι
23/05/2023 03:45; ;Όχι
23/05/2023 04:00; ;Όχι
23/05/2023 04:15; ;Όχι
23/05/2023 04:30; ;Όχι
23/05/2023 04:45; ;Όχι
23/05/2023 05:00; ;Όχι
23/05/2023 05:15; ;Όχι
23/05/2023 05:30; ;Όχι
23/05/2023 05:45; ;Όχι
23/05/2023 06:00; ;Όχι
23/05/2023 06:15; ;Όχι
23/05/2023 06:30; ;Όχι
23/05/2023 06:45; ;Όχι
23/05/2023 07:00; ;Όχι
23/05/2023 07:15; ;Όχι
23/05/2023 07:30; ;Όχι
23/05/2023 07:45; ;Όχι
23/05/2023 08:00; ;Όχι
23/05/2023 08:15; ;Όχι
23/05/2023 08:30; ;Όχι
23/05/2023 08:45; ;Όχι
23/05/2023 09:00; ;Όχι
23/05/2023 09:15; ;Όχι
23/05/2023 09:30; ;Όχι
23/05/2023 09:45; ;Όχι
23/05/2023 10:00; ;Όχι
23/05/2023 10:15; ;Όχι
23/05/2023 10:30; ;Όχι
23/05/2023 10:45; ;Όχι
23/05/2023 11:00; ;Όχι
23/05/2023 11:15; ;Όχι
23/05/2023 11:30; ;Όχι
23/05/2023 11:45; ;Όχι
23/05/2023 12:00; ;Όχι
23/05/2023 12:15; ;Όχι
23/05/2023 12:30; ;Όχι
23/05/2023 12:45; ;Όχι
23/05/2023 13:00; ;Όχι
23/05/2023 13:15; ;Όχι
23/05/2023 13:30; ;Όχι
23/05/2023 13:45; ;Όχι
23/05/2023 14:00; ;Όχι
23/05/2023 14:15; ;Όχι
23/05/2023 14:30; ;Όχι
23/05/2023 14:45; ;Όχι
23/05/2023 15:00; ;Όχι
23/05/2023 15:15; ;Όχι
23/05/2023 15:30; ;Όχι
23/05/2023 15:45; ;Όχι
23/05/2023 16:00; ;Όχι
23/05/2023 16:15; ;Όχι
23/05/2023 16:30; ;Όχι
23/05/2023 16:45; ;Όχι
23/05/2023 17:00; ;Όχι
23/05/2023 17:15; ;Όχι
23/05/2023 17:30; ;Όχι
23/05/2023 17:45; ;Όχι
23/05/2023 18:00; ;Όχι
23/05/2023 18:15; ;Όχι
23/05/2023 18:30; ;Όχι
23/05/2023 18:45; ;Όχι
23/05/2023 19:00; ;Όχι
23/05/2023 19:15; ;Όχι
23/05/2023 19:30; ;Όχι
23/05/2023 19:45; ;Όχι
23/05/2023 20:00; ;Όχι
23/05/2023 20:15; ;Όχι
23/05/2023 20:30; ;Όχι
23/05/2023 20:45; ;Όχι
23/05/2023 21:00; ;Όχι
23/05/2023 21:15; ;Όχι
23/05/2023 21:30; ;Όχι
23/05/2023 21:45; ;Όχι
23/05/2023 22:00; ;Όχι
23/05/2023 22:15; ;Όχι
23/05/2023 22:30; ;Όχι
23/05/2023 22:45; ;Όχι
23/05/2023 23:00; ;Όχι
23/05/2023 23:15; ;Όχι
23/05/2023 23:30; ;Όχι
23/05/2023 23:45; ;Όχι
24/05/2023 00:00; ;Όχι
24/05/2023 00:15; ;Όχι
24/05/2023 00:30; ;Όχι
24/05/2023 00:45; ;Όχι
24/05/2023 01:00; ;Όχι
24/05/2023 01:15; ;Όχι
24/05/2023 01:30; ;Όχι
24/05/2023 01:45; ;Όχι
24/05/2023 02:00; ;Όχι
24/05/2023 02:15; ;Όχι
24/05/2023 02:30; ;Όχι
24/05/2023 02:45; ;Όχι
24/05/2023 03:00; ;Όχι
24/05/2023 03:15; ;Όχι
24/05/2023 03:30; ;Όχι
24/05/2023 03:45; ;Όχι
24/05/2023 04:00; ;Όχι
24/05/2023 04:15; ;Όχι
24/05/2023 04:30; ;Όχι
24/05/2023 04:45; ;Όχι
24/05/2023 05:00; ;Όχι
24/05/2023 05:15; ;Όχι
24/05/2023 05:30; ;Όχι
24/05/2023 05:45; ;Όχι
24/05/2023 06:00; ;Όχι
24/05/2023 06:15; ;Όχι
24/05/2023 06:30; ;Όχι
24/05/2023 06:45; ;Όχι
24/05/2023 07:00; ;Όχι
24/05/2023 07:15; ;Όχι
24/05/2023 07:30; ;Όχι
24/05/2023 07:45; ;Όχι
24/05/2023 08:00; ;Όχι
24/05/2023 08:15; ;Όχι
24/05/2023 08:30; ;Όχι
24/05/2023 08:45; ;Όχι
24/05/2023 09:00; ;Όχι
24/05/2023 09:15; ;Όχι
24/05/2023 09:30; ;Όχι
24/05/2023 09:45; ;Όχι
24/05/2023 10:00; ;Όχι
24/05/2023 10:15; ;Όχι
24/05/2023 10:30; ;Όχι
24/05/2023 10:45; ;Όχι
24/05/2023 11:00; ;Όχι
24/05/2023 11:15; ;Όχι
24/05/2023 11:30; ;Όχι
24/05/2023 11:45; ;Όχι
24/05/2023 12:00; ;Όχι
24/05/2023 12:15; ;Όχι
24/05/2023 12:30; ;Όχι
24/05/2023 12:45; ;Όχι
24/05/2023 13:00; ;Όχι
24/05/2023 13:15; ;Όχι
24/05/2023 13:30; ;Όχι
24/05/2023 13:45; ;Όχι
24/05/2023 14:00; ;Όχι
24/05/2023 14:15; ;Όχι
24/05/2023 14:30; ;Όχι
24/05/2023 14:45; ;Όχι
24/05/2023 15:00; ;Όχι
24/05/2023 15:15; ;Όχι
24/05/2023 15:30; ;Όχι
24/05/2023 15:45; ;Όχι
24/05/2023 16:00; ;Όχι
24/05/2023 16:15; ;Όχι
24/05/2023 16:30; ;Όχι
24/05/2023 16:45; ;Όχι
24/05/2023 17:00; ;Όχι
24/05/2023 17:15; ;Όχι
24/05/2023 17:30; ;Όχι
24/05/2023 17:45; ;Όχι
24/05/2023 18:00; ;Όχι
24/05/2023 18:15; ;Όχι
24/05/2023 18:30; ;Όχι
24/05/2023 18:45; ;Όχι
24/05/2023 19:00; ;Όχι
24/05/2023 19:15; ;Όχι
24/05/2023 19:30; ;Όχι
24/05/2023 19:45; ;Όχι
24/05/2023 20:00; ;Όχι
24/05/2023 20:15; ;Όχι
24/05/2023 20:30; ;Όχι
24/05/2023 20:45; ;Όχι
24/05/2023 21:00; ;Όχι
24/05/2023 21:15; ;Όχι
24/05/2023 21:30; ;Όχι
24/05/2023 21:45; ;Όχι
24/05/2023 22:00; ;Όχι
24/05/2023 22:15; ;Όχι
24/05/2023 22:30; ;Όχι
24/05/2023 22:45; ;Όχι
24/05/2023 23:00; ;Όχι
24/05/2023 23:15; ;Όχι
24/05/2023 23:30; ;Όχι
24/05/2023 23:45; ;Όχι
25/05/2023 00:00; ;Όχι
25/05/2023 00:15; ;Όχι
25/05/2023 00:30; ;Όχι
25/05/2023 00:45; ;Όχι
25/05/2023 01:00; ;Όχι
25/05/2023 01:15; ;Όχι
25/05/2023 01:30; ;Όχι
25/05/2023 01:45; ;Όχι
25/05/2023 02:00; ;Όχι
25/05/2023 02:15; ;Όχι
25/05/2023 02:30; ;Όχι
25/05/2023 02:45; ;Όχι
25/05/2023 03:00; ;Όχι
25/05/2023 03:15; ;Όχι
25/05/2023 03:30; ;Όχι
25/05/2023 03:45; ;Όχι
25/05/2023 04:00; ;Όχι
25/05/2023 04:15; ;Όχι
25/05/2023 04:30; ;Όχι
25/05/2023 04:45; ;Όχι
25/05/2023 05:00; ;Όχι
25/05/2023 05:15; ;Όχι
25/05/2023 05:30; ;Όχι
25/05/2023 05:45; ;Όχι
25/05/2023 06:00; ;Όχι
25/05/2023 06:15; ;Όχι
25/05/2023 06:30; ;Όχι
25/05/2023 06:45; ;Όχι
25/05/2023 07:00; ;Όχι
25/05/2023 07:15; ;Όχι
25/05/2023 07:30; ;Όχι
25/05/2023 07:45; ;Όχι
25/05/2023 08:00; ;Όχι
25/05/2023 08:15; ;Όχι
25/05/2023 08:30; ;Όχι
25/05/2023 08:45; ;Όχι
25/05/2023 09:00; ;Όχι
25/05/2023 09:15; ;Όχι
25/05/2023 09:30; ;Όχι
25/05/2023 09:45; ;Όχι
25/05/2023 10:00; ;Όχι
25/05/2023 10:15; ;Όχι
25/05/2023 10:30; ;Όχι
25/05/2023 10:45; ;Όχι
25/05/2023 11:00; ;Όχι
25/05/2023 11:15; ;Όχι
25/05/2023 11:30; ;Όχι
25/05/2023 11:45; ;Όχι
25/05/2023 12:00; ;Όχι
25/05/2023 12:15; ;Όχι
25/05/2023 12:30; ;Όχι
25/05/2023 12:45; ;Όχι
25/05/2023 13:00; ;Όχι
25/05/2023 13:15; ;Όχι
25/05/2023 13:30; ;Όχι
25/05/2023 13:45; ;Όχι
25/05/2023 14:00; ;Όχι
25/05/2023 14:15; ;Όχι
25/05/2023 14:30; ;Όχι
25/05/2023 14:45; ;Όχι
25/05/2023 15:00; ;Όχι
25/05/2023 15:15; ;Όχι
25/05/2023 15:30; ;Όχι
25/05/2023 15:45; ;Όχι
25/05/2023 16:00; ;Όχι
25/05/2023 16:15; ;Όχι
25/05/2023 16:30; ;Όχι
25/05/2023 16:45; ;Όχι
25/05/2023 17:00; ;Όχι
25/05/2023 17:15; ;Όχι
25/05/2023 17:30; ;Όχι
25/05/2023 17:45; ;Όχι
25/05/2023 18:00; ;Όχι
25/05/2023 18:15; ;Όχι
25/05/2023 18:30; ;Όχι
25/05/2023 18:45; ;Όχι
25/05/2023 19:00; ;Όχι
25/05/2023 19:15; ;Όχι
25/05/2023 19:30; ;Όχι
25/05/2023 19:45; ;Όχι
25/05/2023 20:00; ;Όχι
25/05/2023 20:15; ;Όχι
25/05/2023 20:30; ;Όχι
25/05/2023 20:45; ;Όχι
25/05/2023 21:00; ;Όχι
25/05/2023 21:15; ;Όχι
25/05/2023 21:30; ;Όχι
25/05/2023 21:45; ;Όχι
25/05/2023 22:00; ;Όχι
25/05/2023 22:15; ;Όχι
25/05/2023 22:30; ;Όχι
25/05/2023 22:45; ;Όχι
25/05/2023 23:00; ;Όχι
25/05/2023 23:15; ;Όχι
25/05/2023 23:30; ;Όχι
25/05/2023 23:45; ;Όχι
26/05/2023 00:00; ;Όχι
26/05/2023 00:15; ;Όχι
26/05/2023 00:30; ;Όχι
26/05/2023 00:45; ;Όχι
26/05/2023 01:00; ;Όχι
26/05/2023 01:15; ;Όχι
26/05/2023 01:30; ;Όχι
26/05/2023 01:45; ;Όχι
26/05/2023 02:00; ;Όχι
26/05/2023 02:15; ;Όχι
26/05/2023 02:30; ;Όχι
26/05/2023 02:45; ;Όχι
26/05/2023 03:00; ;Όχι
26/05/2023 03:15; ;Όχι
26/05/2023 03:30; ;Όχι
26/05/2023 03:45; ;Όχι
26/05/2023 04:00; ;Όχι
26/05/2023 04:15; ;Όχι
26/05/2023 04:30; ;Όχι
26/05/2023 04:45; ;Όχι
26/05/2023 05:00; ;Όχι
26/05/2023 05:15; ;Όχι
26/05/2023 05:30; ;Όχι
26/05/2023 05:45; ;Όχι
26/05/2023 06:00; ;Όχι
26/05/2023 06:15; ;Όχι
26/05/2023 06:30; ;Όχι
26/05/2023 06:45; ;Όχι
26/05/2023 07:00; ;Όχι
26/05/2023 07:15; ;Όχι
26/05/2023 07:30; ;Όχι
26/05/2023 07:45; ;Όχι
26/05/2023 08:00; ;Όχι
26/05/2023 08:15; ;Όχι
26/05/2023 08:30; ;Όχι
26/05/2023 08:45; ;Όχι
26/05/2023 09:00; ;Όχι
26/05/2023 09:15; ;Όχι
26/05/2023 09:30; ;Όχι
26/05/2023 09:45; ;Όχι
26/05/2023 10:00; ;Όχι
26/05/2023 10:15; ;Όχι
26/05/2023 10:30; ;Όχι
26/05/2023 10:45; ;Όχι
26/05/2023 11:00; ;Όχι
26/05/2023 11:15; ;Όχι
26/05/2023 11:30; ;Όχι
26/05/2023 11:45; ;Όχι
26/05/2023 12:00; ;Όχι
26/05/2023 12:15; ;Όχι
26/05/2023 12:30; ;Όχι
26/05/2023 12:45; ;Όχι
26/05/2023 13:00; ;Όχι
26/05/2023 13:15; ;Όχι
26/05/2023 13:30; ;Όχι
26/05/2023 13:45; ;Όχι
26/05/2023 14:00; ;Όχι
26/05/2023 14:15; ;Όχι
26/05/2023 14:30; ;Όχι
26/05/2023 14:45; ;Όχι
26/05/2023 15:00; ;Όχι
26/05/2023 15:15; ;Όχι
26/05/2023 15:30; ;Όχι
26/05/2023 15:45; ;Όχι
26/05/2023 16:00; ;Όχι
26/05/2023 16:15; ;Όχι
26/05/2023 16:30; ;Όχι
26/05/2023 16:45; ;Όχι
26/05/2023 17:00; ;Όχι
26/05/2023 17:15; ;Όχι
26/05/2023 17:30; ;Όχι
26/05/2023 17:45; ;Όχι
26/05/2023 18:00; ;Όχι
26/05/2023 18:15; ;Όχι
26/05/2023 18:30; ;Όχι
26/05/2023 18:45; ;Όχι
26/05/2023 19:00; ;Όχι
26/05/2023 19:15; ;Όχι
26/05/2023 19:30; ;Όχι
26/05/2023 19:45; ;Όχι
26/05/2023 20:00; ;Όχι
26/05/2023 20:15; ;Όχι
26/05/2023 20:30; ;Όχι
26/05/2023 20:45; ;Όχι
26/05/2023 21:00; ;Όχι
26/05/2023 21:15; ;Όχι
26/05/2023 21:30; ;Όχι
26/05/2023 21:45; ;Όχι
26/05/2023 22:00; ;Όχι
26/05/2023 22:15; ;Όχι
26/05/2023 22:30; ;Όχι
26/05/2023 22:45; ;Όχι
26/05/2023 23:00; ;Όχι
26/05/2023 23:15; ;Όχι
26/05/2023 23:30; ;Όχι
26/05/2023 23:45; ;Όχι
27/05/2023 00:00; ;Όχι
27/05/2023 00:15; ;Όχι
27/05/2023 00:30; ;Όχι
27/05/2023 00:45; ;Όχι
27/05/2023 01:00; ;Όχι
27/05/2023 01:15; ;Όχι
27/05/2023 01:30; ;Όχι
27/05/2023 01:45; ;Όχι
27/05/2023 02:00; ;Όχι
27/05/2023 02:15; ;Όχι
27/05/2023 02:30; ;Όχι
27/05/2023 02:45; ;Όχι
27/05/2023 03:00; ;Όχι
27/05/2023 03:15; ;Όχι
27/05/2023 03:30; ;Όχι
27/05/2023 03:45; ;Όχι
27/05/2023 04:00; ;Όχι
27/05/2023 04:15; ;Όχι
27/05/2023 04:30; ;Όχι
27/05/2023 04:45; ;Όχι
27/05/2023 05:00; ;Όχι
27/05/2023 05:15; ;Όχι
27/05/2023 05:30; ;Όχι
27/05/2023 05:45; ;Όχι
27/05/2023 06:00; ;Όχι
27/05/2023 06:15; ;Όχι
27/05/2023 06:30; ;Όχι
27/05/2023 06:45; ;Όχι
27/05/2023 07:00; ;Όχι
27/05/2023 07:15; ;Όχι
27/05/2023 07:30; ;Όχι
27/05/2023 07:45; ;Όχι
27/05/2023 08:00; ;Όχι
27/05/2023 08:15; ;Όχι
27/05/2023 08:30; ;Όχι
27/05/2023 08:45; ;Όχι
27/05/2023 09:00; ;Όχι
27/05/2023 09:15; ;Όχι
27/05/2023 09:30; ;Όχι
27/05/2023 09:45; ;Όχι
27/05/2023 10:00; ;Όχι
27/05/2023 10:15; ;Όχι
27/05/2023 10:30; ;Όχι
27/05/2023 10:45; ;Όχι
27/05/2023 11:00; ;Όχι
27/05/2023 11:15; ;Όχι
27/05/2023 11:30; ;Όχι
27/05/2023 11:45; ;Όχι
27/05/2023 12:00; ;Όχι
27/05/2023 12:15; ;Όχι
27/05/2023 12:30; ;Όχι
27/05/2023 12:45; ;Όχι
27/05/2023 13:00; ;Όχι
27/05/2023 13:15; ;Όχι
27/05/2023 13:30; ;Όχι
27/05/2023 13:45; ;Όχι
27/05/2023 14:00; ;Όχι
27/05/2023 14:15; ;Όχι
27/05/2023 14:30; ;Όχι
27/05/2023 14:45; ;Όχι
27/05/2023 15:00; ;Όχι
27/05/2023 15:15; ;Όχι
27/05/2023 15:30; ;Όχι
27/05/2023 15:45; ;Όχι
27/05/2023 16:00; ;Όχι
27/05/2023 16:15; ;Όχι
27/05/2023 16:30; ;Όχι
27/05/2023 16:45; ;Όχι
27/05/2023 17:00; ;Όχι
27/05/2023 17:15; ;Όχι
27/05/2023 17:30; ;Όχι
27/05/2023 17:45; ;Όχι
27/05/2023 18:00; ;Όχι
27/05/2023 18:15; ;Όχι
27/05/2023 18:30; ;Όχι
27/05/2023 18:45; ;Όχι
27/05/2023 19:00; ;Όχι
27/05/2023 19:15; ;Όχι
27/05/2023 19:30; ;Όχι
27/05/2023 19:45; ;Όχι
27/05/2023 20:00; ;Όχι
27/05/2023 20:15; ;Όχι
27/05/2023 20:30; ;Όχι
27/05/2023 20:45; ;Όχι
27/05/2023 21:00; ;Όχι
27/05/2023 21:15; ;Όχι
27/05/2023 21:30; ;Όχι
27/05/2023 21:45; ;Όχι
27/05/2023 22:00; ;Όχι
27/05/2023 22:15; ;Όχι
27/05/2023 22:30; ;Όχι
27/05/2023 22:45; ;Όχι
27/05/2023 23:00; ;Όχι
27/05/2023 23:15; ;Όχι
27/05/2023 23:30; ;Όχι
27/05/2023 23:45; ;Όχι
28/05/2023 00:00; ;Όχι
28/05/2023 00:15; ;Όχι
28/05/2023 00:30; ;Όχι
28/05/2023 00:45; ;Όχι
28/05/2023 01:00; ;Όχι
28/05/2023 01:15; ;Όχι
28/05/2023 01:30; ;Όχι
28/05/2023 01:45; ;Όχι
28/05/2023 02:00; ;Όχι
28/05/2023 02:15; ;Όχι
28/05/2023 02:30; ;Όχι
28/05/2023 02:45; ;Όχι
28/05/2023 03:00; ;Όχι
28/05/2023 03:15; ;Όχι
28/05/2023 03:30; ;Όχι
28/05/2023 03:45; ;Όχι
28/05/2023 04:00; ;Όχι
28/05/2023 04:15; ;Όχι
28/05/2023 04:30; ;Όχι
28/05/2023 04:45; ;Όχι
28/05/2023 05:00; ;Όχι
28/05/2023 05:15; ;Όχι
28/05/2023 05:30; ;Όχι
28/05/2023 05:45; ;Όχι
28/05/2023 06:00; ;Όχι
28/05/2023 06:15; ;Όχι
28/05/2023 06:30; ;Όχι
28/05/2023 06:45; ;Όχι
28/05/2023 07:00; ;Όχι
28/05/2023 07:15; ;Όχι
28/05/2023 07:30; ;Όχι
28/05/2023 07:45; ;Όχι
28/05/2023 08:00; ;Όχι
28/05/2023 08:15; ;Όχι
28/05/2023 08:30; ;Όχι
28/05/2023 08:45; ;Όχι
28/05/2023 09:00; ;Όχι
28/05/2023 09:15; ;Όχι
28/05/2023 09:30; ;Όχι
28/05/2023 09:45; ;Όχι
28/05/2023 10:00; ;Όχι
28/05/2023 10:15; ;Όχι
28/05/2023 10:30; ;Όχι
28/05/2023 10:45; ;Όχι
28/05/2023 11:00; ;Όχι
28/05/2023 11:15; ;Όχι
28/05/2023 11:30; ;Όχι
28/05/2023 11:45; ;Όχι
28/05/2023 12:00; ;Όχι
28/05/2023 12:15; ;Όχι
28/05/2023 12:30; ;Όχι
28/05/2023 12:45; ;Όχι
28/05/2023 13:00; ;Όχι
28/05/2023 13:15; ;Όχι
28/05/2023 13:30; ;Όχι
28/05/2023 13:45; ;Όχι
28/05/2023 14:00; ;Όχι
28/05/2023 14:15; ;Όχι
28/05/2023 14:30; ;Όχι
28/05/2023 14:45; ;Όχι
28/05/2023 15:00; ;Όχι
28/05/2023 15:15; ;Όχι
28/05/2023 15:30; ;Όχι
28/05/2023 15:45; ;Όχι
28/05/2023 16:00; ;Όχι
28/05/2023 16:15; ;Όχι
28/05/2023 16:30; ;Όχι
28/05/2023 16:45; ;Όχι
28/05/2023 17:00; ;Όχι
28/05/2023 17:15; ;Όχι
28/05/2023 17:30; ;Όχι
28/05/2023 17:45; ;Όχι
28/05/2023 18:00; ;Όχι
28/05/2023 18:15; ;Όχι
28/05/2023 18:30; ;Όχι
28/05/2023 18:45; ;Όχι
28/05/2023 19:00; ;Όχι
28/05/2023 19:15; ;Όχι
28/05/2023 19:30; ;Όχι
28/05/2023 19:45; ;Όχι
28/05/2023 20:00; ;Όχι
28/05/2023 20:15; ;Όχι
28/05/2023 20:30; ;Όχι
28/05/2023 20:45; ;Όχι
28/05/2023 21:00; ;Όχι
28/05/2023 21:15; ;Όχι
28/05/2023 21:30; ;Όχι
28/05/2023 21:45; ;Όχι
28/05/2023 22:00; ;Όχι
28/05/2023 22:15; ;Όχι
28/05/2023 22:30; ;Όχι
28/05/2023 22:45; ;Όχι
28/05/2023 23:00; ;Όχι
28/05/2023 23:15; ;Όχι
28/05/2023 23:30; ;Όχι
28/05/2023 23:45; ;Όχι
29/05/2023 00:00; ;Όχι
29/05/2023 00:15; ;Όχι
29/05/2023 00:30; ;Όχι
29/05/2023 00:45; ;Όχι
29/05/2023 01:00; ;Όχι
29/05/2023 01:15; ;Όχι
29/05/2023 01:30; ;Όχι
29/05/2023 01:45; ;Όχι
29/05/2023 02:00; ;Όχι
29/05/2023 02:15; ;Όχι
29/05/2023 02:30; ;Όχι
29/05/2023 02:45; ;Όχι
29/05/2023 03:00; ;Όχι
29/05/2023 03:15; ;Όχι
29/05/2023 03:30; ;Όχι
29/05/2023 03:45; ;Όχι
29/05/2023 04:00; ;Όχι
29/05/2023 04:15; ;Όχι
29/05/2023 04:30; ;Όχι
29/05/2023 04:45; ;Όχι
29/05/2023 05:00; ;Όχι
29/05/2023 05:15; ;Όχι
29/05/2023 05:30; ;Όχι
29/05/2023 05:45; ;Όχι
29/05/2023 06:00; ;Όχι
29/05/2023 06:15; ;Όχι
29/05/2023 06:30; ;Όχι
29/05/2023 06:45; ;Όχι
29/05/2023 07:00; ;Όχι
29/05/2023 07:15; ;Όχι
29/05/2023 07:30; ;Όχι
29/05/2023 07:45; ;Όχι
29/05/2023 08:00; ;Όχι
29/05/2023 08:15; ;Όχι
29/05/2023 08:30; ;Όχι
29/05/2023 08:45; ;Όχι
29/05/2023 09:00; ;Όχι
29/05/2023 09:15; ;Όχι
29/05/2023 09:30; ;Όχι
29/05/2023 09:45; ;Όχι
29/05/2023 10:00; ;Όχι
29/05/2023 10:15; ;Όχι
29/05/2023 10:30; ;Όχι
29/05/2023 10:45; ;Όχι
29/05/2023 11:00; ;Όχι
29/05/2023 11:15; ;Όχι
29/05/2023 11:30; ;Όχι
29/05/2023 11:45; ;Όχι
29/05/2023 12:00; ;Όχι
29/05/2023 12:15; ;Όχι
29/05/2023 12:30; ;Όχι
29/05/2023 12:45; ;Όχι
29/05/2023 13:00; ;Όχι
29/05/2023 13:15; ;Όχι
29/05/2023 13:30; ;Όχι
29/05/2023 13:45; ;Όχι
29/05/2023 14:00; ;Όχι
29/05/2023 14:15; ;Όχι
29/05/2023 14:30; ;Όχι
29/05/2023 14:45; ;Όχι
29/05/2023 15:00; ;Όχι
29/05/2023 15:15; ;Όχι
29/05/2023 15:30; ;Όχι
29/05/2023 15:45; ;Όχι
29/05/2023 16:00; ;Όχι
29/05/2023 16:15; ;Όχι
29/05/2023 16:30; ;Όχι
29/05/2023 16:45; ;Όχι
29/05/2023 17:00; ;Όχι
29/05/2023 17:15; ;Όχι
29/05/2023 17:30; ;Όχι
29/05/2023 17:45; ;Όχι
29/05/2023 18:00; ;Όχι
29/05/2023 18:15; ;Όχι
29/05/2023 18:30; ;Όχι
29/05/2023 18:45; ;Όχι
29/05/2023 19:00; ;Όχι
29/05/2023 19:15; ;Όχι
29/05/2023 19:30; ;Όχι
29/05/2023 19:45; ;Όχι
29/05/2023 20:00; ;Όχι
29/05/2023 20:15; ;Όχι
29/05/2023 20:30; ;Όχι
29/05/2023 20:45; ;Όχι
29/05/2023 21:00; ;Όχι
29/05/2023 21:15; ;Όχι
29/05/2023 21:30; ;Όχι
29/05/2023 21:45; ;Όχι
29/05/2023 22:00; ;Όχι
29/05/2023 22:15; ;Όχι
29/05/2023 22:30; ;Όχι
29/05/2023 22:45; ;Όχι
29/05/2023 23:00; ;Όχι
29/05/2023 23:15; ;Όχι
29/05/2023 23:30; ;Όχι
29/05/2023 23:45; ;Όχι
30/05/2023 00:00; ;Όχι
30/05/2023 00:15; ;Όχι
30/05/2023 00:30; ;Όχι
30/05/2023 00:45; ;Όχι
30/05/2023 01:00; ;Όχι
30/05/2023 01:15; ;Όχι
30/05/2023 01:30; ;Όχι
30/05/2023 01:45; ;Όχι
30/05/2023 02:00; ;Όχι
30/05/2023 02:15; ;Όχι
30/05/2023 02:30; ;Όχι
30/05/2023 02:45; ;Όχι
30/05/2023 03:00; ;Όχι
30/05/2023 03:15; ;Όχι
30/05/2023 03:30; ;Όχι
30/05/2023 03:45; ;Όχι
30/05/2023 04:00; ;Όχι
30/05/2023 04:15; ;Όχι
30/05/2023 04:30; ;Όχι
30/05/2023 04:45; ;Όχι
30/05/2023 05:00; ;Όχι
30/05/2023 05:15; ;Όχι
30/05/2023 05:30; ;Όχι
30/05/2023 05:45; ;Όχι
30/05/2023 06:00; ;Όχι
30/05/2023 06:15; ;Όχι
30/05/2023 06:30; ;Όχι
30/05/2023 06:45; ;Όχι
30/05/2023 07:00; ;Όχι
30/05/2023 07:15; ;Όχι
30/05/2023 07:30; ;Όχι
30/05/2023 07:45; ;Όχι
30/05/2023 08:00; ;Όχι
30/05/2023 08:15; ;Όχι
30/05/2023 08:30; ;Όχι
30/05/2023 08:45; ;Όχι
30/05/2023 09:00; ;Όχι
30/05/2023 09:15; ;Όχι
30/05/2023 09:30; ;Όχι
30/05/2023 09:45; ;Όχι
30/05/2023 10:00; ;Όχι
30/05/2023 10:15; ;Όχι
30/05/2023 10:30; ;Όχι
30/05/2023 10:45; ;Όχι
30/05/2023 11:00; ;Όχι
30/05/2023 11:15; ;Όχι
30/05/2023 11:30; ;Όχι
30/05/2023 11:45; ;Όχι
30/05/2023 12:00; ;Όχι
30/05/2023 12:15; ;Όχι
30/05/2023 12:30; ;Όχι
30/05/2023 12:45; ;Όχι
30/05/2023 13:00; ;Όχι
30/05/2023 13:15; ;Όχι
30/05/2023 13:30; ;Όχι
30/05/2023 13:45; ;Όχι
30/05/2023 14:00; ;Όχι
30/05/2023 14:15; ;Όχι
30/05/2023 14:30; ;Όχι
30/05/2023 14:45; ;Όχι
30/05/2023 15:00; ;Όχι
30/05/2023 15:15; ;Όχι
30/05/2023 15:30; ;Όχι
30/05/2023 15:45; ;Όχι
30/05/2023 16:00; ;Όχι
30/05/2023 16:15; ;Όχι
30/05/2023 16:30; ;Όχι
30/05/2023 16:45; ;Όχι
30/05/2023 17:00; ;Όχι
30/05/2023 17:15; ;Όχι
30/05/2023 17:30; ;Όχι
30/05/2023 17:45; ;Όχι
30/05/2023 18:00; ;Όχι
30/05/2023 18:15; ;Όχι
30/05/2023 18:30; ;Όχι
30/05/2023 18:45; ;Όχι
30/05/2023 19:00; ;Όχι
30/05/2023 19:15; ;Όχι
30/05/2023 19:30; ;Όχι
30/05/2023 19:45; ;Όχι
30/05/2023 20:00; ;Όχι
30/05/2023 20:15; ;Όχι
30/05/2023 20:30; ;Όχι
30/05/2023 20:45; ;Όχι
30/05/2023 21:00; ;Όχι
30/05/2023 21:15; ;Όχι
30/05/2023 21:30; ;Όχι
30/05/2023 21:45; ;Όχι
30/05/2023 22:00; ;Όχι
30/05/2023 22:15; ;Όχι
30/05/2023 22:30; ;Όχι
30/05/2023 22:45; ;Όχι
30/05/2023 23:00; ;Όχι
30/05/2023 23:15; ;Όχι
30/05/2023 23:30; ;Όχι
30/05/2023 23:45; ;Όχι
31/05/2023 00:00; ;Όχι
31/05/2023 00:15; ;Όχι
31/05/2023 00:30; ;Όχι
31/05/2023 00:45; ;Όχι
31/05/2023 01:00; ;Όχι
31/05/2023 01:15; ;Όχι
31/05/2023 01:30; ;Όχι
31/05/2023 01:45; ;Όχι
31/05/2023 02:00; ;Όχι
31/05/2023 02:15; ;Όχι
31/05/2023 02:30; ;Όχι
31/05/2023 02:45; ;Όχι
31/05/2023 03:00; ;Όχι
31/05/2023 03:15; ;Όχι
31/05/2023 03:30; ;Όχι
31/05/2023 03:45; ;Όχι
31/05/2023 04:00; ;Όχι
31/05/2023 04:15; ;Όχι
31/05/2023 04:30; ;Όχι
31/05/2023 04:45; ;Όχι
31/05/2023 05:00; ;Όχι
31/05/2023 05:15; ;Όχι
31/05/2023 05:30; ;Όχι
31/05/2023 05:45; ;Όχι
31/05/2023 06:00; ;Όχι
31/05/2023 06:15; ;Όχι
31/05/2023 06:30; ;Όχι
31/05/2023 06:45; ;Όχι
31/05/2023 07:00; ;Όχι
31/05/2023 07:15; ;Όχι
31/05/2023 07:30; ;Όχι
31/05/2023 07:45; ;Όχι
31/05/2023 08:00; ;Όχι
31/05/2023 08:15; ;Όχι
31/05/2023 08:30; ;Όχι
31/05/2023 08:45; ;Όχι
31/05/2023 09:00; ;Όχι
31/05/2023 09:15; ;Όχι
31/05/2023 09:30; ;Όχι
31/05/2023 09:45; ;Όχι
31/05/2023 10:00; ;Όχι
31/05/2023 10:15; ;Όχι
31/05/2023 10:30; ;Όχι
31/05/2023 10:45; ;Όχι
31/05/2023 11:00; ;Όχι
31/05/2023 11:15; ;Όχι
31/05/2023 11:30; ;Όχι
31/05/2023 11:45; ;Όχι
31/05/2023 12:00; ;Όχι
31/05/2023 12:15; ;Όχι
31/05/2023 12:30; ;Όχι
31/05/2023 12:45; ;Όχι
31/05/2023 13:00; ;Όχι
31/05/2023 13:15; ;Όχι
31/05/2023 13:30; ;Όχι
31/05/2023 13:45; ;Όχι
31/05/2023 14:00; ;Όχι
31/05/2023 14:15; ;Όχι
31/05/2023 14:30; ;Όχι
31/05/2023 14:45; ;Όχι
31/05/2023 15:00; ;Όχι
31/05/2023 15:15; ;Όχι
31/05/2023 15:30; ;Όχι
31/05/2023 15:45; ;Όχι
31/05/2023 16:00; ;Όχι
31/05/2023 16:15; ;Όχι
31/05/2023 16:30; ;Όχι
31/05/2023 16:45; ;Όχι
31/05/2023 17:00; ;Όχι
31/05/2023 17:15; ;Όχι
31/05/2023 17:30; ;Όχι
31/05/2023 17:45; ;Όχι
31/05/2023 18:00; ;Όχι
31/05/2023 18:15; ;Όχι
31/05/2023 18:30; ;Όχι
31/05/2023 18:45; ;Όχι
31/05/2023 19:00; ;Όχι
31/05/2023 19:15; ;Όχι
31/05/2023 19:30; ;Όχι
31/05/2023 19:45; ;Όχι
31/05/2023 20:00; ;Όχι
31/05/2023 20:15; ;Όχι
31/05/2023 20:30; ;Όχι
31/05/2023 20:45; ;Όχι
31/05/2023 21:00; ;Όχι
31/05/2023 21:15; ;Όχι
31/05/2023 21:30; ;Όχι
31/05/2023 21:45; ;Όχι
31/05/2023 22:00; ;Όχι
31/05/2023 22:15; ;Όχι
31/05/2023 22:30; ;Όχι
31/05/2023 22:45; ;Όχι
31/05/2023 23:00; ;Όχι
31/05/2023 23:15; ;Όχι
31/05/2023 23:30; ;Όχι
31/05/2023 23:45; ;Όχι
01/06/2023 00:00; ;Όχι
01/06/2023 00:15; ;Όχι
01/06/2023 00:30; ;Όχι
01/06/2023 00:45; ;Όχι
01/06/2023 01:00; ;Όχι
01/06/2023 01:15; ;Όχι
01/06/2023 01:30; ;Όχι
01/06/2023 01:45; ;Όχι
01/06/2023 02:00; ;Όχι
01/06/2023 02:15; ;Όχι
01/06/2023 02:30; ;Όχι
01/06/2023 02:45; ;Όχι
01/06/2023 03:00; ;Όχι
01/06/2023 03:15; ;Όχι
01/06/2023 03:30; ;Όχι
01/06/2023 03:45; ;Όχι
01/06/2023 04:00; ;Όχι
01/06/2023 04:15; ;Όχι
01/06/2023 04:30; ;Όχι
01/06/2023 04:45; ;Όχι
01/06/2023 05:00; ;Όχι
01/06/2023 05:15; ;Όχι
01/06/2023 05:30; ;Όχι
01/06/2023 05:45; ;Όχι
01/06/2023 06:00; ;Όχι
01/06/2023 06:15; ;Όχι
01/06/2023 06:30; ;Όχι
01/06/2023 06:45; ;Όχι
01/06/2023 07:00; ;Όχι
01/06/2023 07:15; ;Όχι
01/06/2023 07:30; ;Όχι
01/06/2023 07:45; ;Όχι
01/06/2023 08:00; ;Όχι
01/06/2023 08:15; ;Όχι
01/06/2023 08:30; ;Όχι
01/06/2023 08:45; ;Όχι
01/06/2023 09:00; ;Όχι
01/06/2023 09:15; ;Όχι
01/06/2023 09:30; ;Όχι
01/06/2023 09:45; ;Όχι
01/06/2023 10:00; ;Όχι
01/06/2023 10:15; ;Όχι
01/06/2023 10:30; ;Όχι
01/06/2023 10:45; ;Όχι
01/06/2023 11:00; ;Όχι
01/06/2023 11:15; ;Όχι
01/06/2023 11:30; ;Όχι
01/06/2023 11:45; ;Όχι
01/06/2023 12:00; ;Όχι
01/06/2023 12:15; ;Όχι
01/06/2023 12:30; ;Όχι
01/06/2023 12:45; ;Όχι
01/06/2023 13:00; ;Όχι
01/06/2023 13:15; ;Όχι
01/06/2023 13:30; ;Όχι
01/06/2023 13:45; ;Όχι
01/06/2023 14:00; ;Όχι
01/06/2023 14:15; ;Όχι
01/06/2023 14:30; ;Όχι
01/06/2023 14:45; ;Όχι
01/06/2023 15:00; ;Όχι
01/06/2023 15:15; ;Όχι
01/06/2023 15:30; ;Όχι
01/06/2023 15:45; ;Όχι
01/06/2023 16:00; ;Όχι
01/06/2023 16:15; ;Όχι
01/06/2023 16:30; ;Όχι
01/06/2023 16:45; ;Όχι
01/06/2023 17:00; ;Όχι
01/06/2023 17:15; ;Όχι
01/06/2023 17:30; ;Όχι
01/06/2023 17:45; ;Όχι
01/06/2023 18:00; ;Όχι
01/06/2023 18:15; ;Όχι
01/06/2023 18:30; ;Όχι
01/06/2023 18:45; ;Όχι
01/06/2023 19:00; ;Όχι
01/06/2023 19:15; ;Όχι
01/06/2023 19:30; ;Όχι
01/06/2023 19:45; ;Όχι
01/06/2023 20:00; ;Όχι
01/06/2023 20:15; ;Όχι
01/06/2023 20:30; ;Όχι
01/06/2023 20:45; ;Όχι
01/06/2023 21:00; ;Όχι
01/06/2023 21:15; ;Όχι
01/06/2023 21:30; ;Όχι
01/06/2023 21:45; ;Όχι
01/06/2023 22:00; ;Όχι
01/06/2023 22:15; ;Όχι
01/06/2023 22:30; ;Όχι
01/06/2023 22:45; ;Όχι
01/06/2023 23:00; ;Όχι
01/06/2023 23:15; ;Όχι
01/06/2023 23:30; ;Όχι
01/06/2023 23:45; ;Όχι
02/06/2023 00:00; ;Όχι
02/06/2023 00:15; ;Όχι
02/06/2023 00:30; ;Όχι
02/06/2023 00:45; ;Όχι
02/06/2023 01:00; ;Όχι
02/06/2023 01:15; ;Όχι
02/06/2023 01:30; ;Όχι
02/06/2023 01:45; ;Όχι
02/06/2023 02:00; ;Όχι
02/06/2023 02:15; ;Όχι
02/06/2023 02:30; ;Όχι
02/06/2023 02:45; ;Όχι
02/06/2023 03:00; ;Όχι
02/06/2023 03:15; ;Όχι
02/06/2023 03:30; ;Όχι
02/06/2023 03:45; ;Όχι
02/06/2023 04:00; ;Όχι
02/06/2023 04:15; ;Όχι
02/06/2023 04:30; ;Όχι
02/06/2023 04:45; ;Όχι
02/06/2023 05:00; ;Όχι
02/06/2023 05:15; ;Όχι
02/06/2023 05:30; ;Όχι
02/06/2023 05:45; ;Όχι
02/06/2023 06:00; ;Όχι
02/06/2023 06:15; ;Όχι
02/06/2023 06:30; ;Όχι
02/06/2023 06:45; ;Όχι
02/06/2023 07:00; ;Όχι
02/06/2023 07:15; ;Όχι
02/06/2023 07:30; ;Όχι
02/06/2023 07:45; ;Όχι
02/06/2023 08:00; ;Όχι
02/06/2023 08:15; ;Όχι
02/06/2023 08:30; ;Όχι
02/06/2023 08:45; ;Όχι
02/06/2023 09:00; ;Όχι
02/06/2023 09:15; ;Όχι
02/06/2023 09:30; ;Όχι
02/06/2023 09:45; ;Όχι
02/06/2023 10:00; ;Όχι
02/06/2023 10:15; ;Όχι
02/06/2023 10:30; ;Όχι
02/06/2023 10:45; ;Όχι
02/06/2023 11:00; ;Όχι
02/06/2023 11:15; ;Όχι
02/06/2023 11:30; ;Όχι
02/06/2023 11:45; ;Όχι
02/06/2023 12:00; ;Όχι
02/06/2023 12:15; ;Όχι
02/06/2023 12:30; ;Όχι
02/06/2023 12:45; ;Όχι
02/06/2023 13:00; ;Όχι
02/06/2023 13:15; ;Όχι
02/06/2023 13:30; ;Όχι
02/06/2023 13:45; ;Όχι
02/06/2023 14:00; ;Όχι
02/06/2023 14:15; ;Όχι
02/06/2023 14:30; ;Όχι
02/06/2023 14:45; ;Όχι
02/06/2023 15:00; ;Όχι
02/06/2023 15:15; ;Όχι
02/06/2023 15:30; ;Όχι
02/06/2023 15:45; ;Όχι
02/06/2023 16:00; ;Όχι
02/06/2023 16:15; ;Όχι
02/06/2023 16:30; ;Όχι
02/06/2023 16:45; ;Όχι
02/06/2023 17:00; ;Όχι
02/06/2023 17:15; ;Όχι
02/06/2023 17:30; ;Όχι
02/06/2023 17:45; ;Όχι
02/06/2023 18:00; ;Όχι
02/06/2023 18:15; ;Όχι
02/06/2023 18:30; ;Όχι
02/06/2023 18:45; ;Όχι
02/06/2023 19:00; ;Όχι
02/06/2023 19:15; ;Όχι
02/06/2023 19:30; ;Όχι
02/06/2023 19:45; ;Όχι
02/06/2023 20:00; ;Όχι
02/06/2023 20:15; ;Όχι
02/06/2023 20:30; ;Όχι
02/06/2023 20:45; ;Όχι
02/06/2023 21:00; ;Όχι
02/06/2023 21:15; ;Όχι
02/06/2023 21:30; ;Όχι
02/06/2023 21:45; ;Όχι
02/06/2023 22:00; ;Όχι
02/06/2023 22:15; ;Όχι
02/06/2023 22:30; ;Όχι
02/06/2023 22:45; ;Όχι
02/06/2023 23:00; ;Όχι
02/06/2023 23:15; ;Όχι
02/06/2023 23:30; ;Όχι
02/06/2023 23:45; ;Όχι
03/06/2023 00:00; ;Όχι
03/06/2023 00:15; ;Όχι
03/06/2023 00:30; ;Όχι
03/06/2023 00:45; ;Όχι
03/06/2023 01:00; ;Όχι
03/06/2023 01:15; ;Όχι
03/06/2023 01:30; ;Όχι
03/06/2023 01:45; ;Όχι
03/06/2023 02:00; ;Όχι
03/06/2023 02:15; ;Όχι
03/06/2023 02:30; ;Όχι
03/06/2023 02:45; ;Όχι
03/06/2023 03:00; ;Όχι
03/06/2023 03:15; ;Όχι
03/06/2023 03:30; ;Όχι
03/06/2023 03:45; ;Όχι
03/06/2023 04:00; ;Όχι
03/06/2023 04:15; ;Όχι
03/06/2023 04:30; ;Όχι
03/06/2023 04:45; ;Όχι
03/06/2023 05:00; ;Όχι
03/06/2023 05:15; ;Όχι
03/06/2023 05:30; ;Όχι
03/06/2023 05:45; ;Όχι
03/06/2023 06:00; ;Όχι
03/06/2023 06:15; ;Όχι
03/06/2023 06:30; ;Όχι
03/06/2023 06:45; ;Όχι
03/06/2023 07:00; ;Όχι
03/06/2023 07:15; ;Όχι
03/06/2023 07:30; ;Όχι
03/06/2023 07:45; ;Όχι
03/06/2023 08:00; ;Όχι
03/06/2023 08:15; ;Όχι
03/06/2023 08:30; ;Όχι
03/06/2023 08:45; ;Όχι
03/06/2023 09:00; ;Όχι
03/06/2023 09:15; ;Όχι
03/06/2023 09:30; ;Όχι
03/06/2023 09:45; ;Όχι
03/06/2023 10:00; ;Όχι
03/06/2023 10:15; ;Όχι
03/06/2023 10:30; ;Όχι
03/06/2023 10:45; ;Όχι
03/06/2023 11:00; ;Όχι
03/06/2023 11:15; ;Όχι
03/06/2023 11:30; ;Όχι
03/06/2023 11:45; ;Όχι
03/06/2023 12:00; ;Όχι
03/06/2023 12:15; ;Όχι
03/06/2023 12:30; ;Όχι
03/06/2023 12:45; ;Όχι
03/06/2023 13:00; ;Όχι
03/06/2023 13:15; ;Όχι
03/06/2023 13:30; ;Όχι
03/06/2023 13:45; ;Όχι
03/06/2023 14:00; ;Όχι
03/06/2023 14:15; ;Όχι
03/06/2023 14:30; ;Όχι
03/06/2023 14:45; ;Όχι
03/06/2023 15:00; ;Όχι
03/06/2023 15:15; ;Όχι
03/06/2023 15:30; ;Όχι
03/06/2023 15:45; ;Όχι
03/06/2023 16:00; ;Όχι
03/06/2023 16:15; ;Όχι
03/06/2023 16:30; ;Όχι
03/06/2023 16:45; ;Όχι
03/06/2023 17:00; ;Όχι
03/06/2023 17:15; ;Όχι
03/06/2023 17:30; ;Όχι
03/06/2023 17:45; ;Όχι
03/06/2023 18:00; ;Όχι
03/06/2023 18:15; ;Όχι
03/06/2023 18:30; ;Όχι
03/06/2023 18:45; ;Όχι
03/06/2023 19:00; ;Όχι
03/06/2023 19:15; ;Όχι
03/06/2023 19:30; ;Όχι
03/06/2023 19:45; ;Όχι
03/06/2023 20:00; ;Όχι
03/06/2023 20:15; ;Όχι
03/06/2023 20:30; ;Όχι
03/06/2023 20:45; ;Όχι
03/06/2023 21:00; ;Όχι
03/06/2023 21:15; ;Όχι
03/06/2023 21:30; ;Όχι
03/06/2023 21:45; ;Όχι
03/06/2023 22:00; ;Όχι
03/06/2023 22:15; ;Όχι
03/06/2023 22:30; ;Όχι
03/06/2023 22:45; ;Όχι
03/06/2023 23:00; ;Όχι
03/06/2023 23:15; ;Όχι
03/06/2023 23:30; ;Όχι
03/06/2023 23:45; ;Όχι
04/06/2023 00:00; ;Όχι
04/06/2023 00:15; ;Όχι
04/06/2023 00:30; ;Όχι
04/06/2023 00:45; ;Όχι
04/06/2023 01:00; ;Όχι
04/06/2023 01:15; ;Όχι
04/06/2023 01:30; ;Όχι
04/06/2023 01:45; ;Όχι
04/06/2023 02:00; ;Όχι
04/06/2023 02:15; ;Όχι
04/06/2023 02:30; ;Όχι
04/06/2023 02:45; ;Όχι
04/06/2023 03:00; ;Όχι
04/06/2023 03:15; ;Όχι
04/06/2023 03:30; ;Όχι
04/06/2023 03:45; ;Όχι
04/06/2023 04:00; ;Όχι
04/06/2023 04:15; ;Όχι
04/06/2023 04:30; ;Όχι
04/06/2023 04:45; ;Όχι
04/06/2023 05:00; ;Όχι
04/06/2023 05:15; ;Όχι
04/06/2023 05:30; ;Όχι
04/06/2023 05:45; ;Όχι
04/06/2023 06:00; ;Όχι
04/06/2023 06:15; ;Όχι
04/06/2023 06:30; ;Όχι
04/06/2023 06:45; ;Όχι
04/06/2023 07:00; ;Όχι
04/06/2023 07:15; ;Όχι
04/06/2023 07:30; ;Όχι
04/06/2023 07:45; ;Όχι
04/06/2023 08:00; ;Όχι
04/06/2023 08:15; ;Όχι
04/06/2023 08:30; ;Όχι
04/06/2023 08:45; ;Όχι
04/06/2023 09:00; ;Όχι
04/06/2023 09:15; ;Όχι
04/06/2023 09:30; ;Όχι
04/06/2023 09:45; ;Όχι
04/06/2023 10:00; ;Όχι
04/06/2023 10:15; ;Όχι
04/06/2023 10:30; ;Όχι
04/06/2023 10:45; ;Όχι
04/06/2023 11:00; ;Όχι
04/06/2023 11:15; ;Όχι
04/06/2023 11:30; ;Όχι
04/06/2023 11:45; ;Όχι
04/06/2023 12:00; ;Όχι
04/06/2023 12:15; ;Όχι
04/06/2023 12:30; ;Όχι
04/06/2023 12:45; ;Όχι
04/06/2023 13:00; ;Όχι
04/06/2023 13:15; ;Όχι
04/06/2023 13:30; ;Όχι
04/06/2023 13:45; ;Όχι
04/06/2023 14:00; ;Όχι
04/06/2023 14:15; ;Όχι
04/06/2023 14:30; ;Όχι
04/06/2023 14:45; ;Όχι
04/06/2023 15:00; ;Όχι
04/06/2023 15:15; ;Όχι
04/06/2023 15:30; ;Όχι
04/06/2023 15:45; ;Όχι
04/06/2023 16:00; ;Όχι
04/06/2023 16:15; ;Όχι
04/06/2023 16:30; ;Όχι
04/06/2023 16:45; ;Όχι
04/06/2023 17:00; ;Όχι
04/06/2023 17:15; ;Όχι
04/06/2023 17:30; ;Όχι
04/06/2023 17:45; ;Όχι
04/06/2023 18:00; ;Όχι
04/06/2023 18:15; ;Όχι
04/06/2023 18:30; ;Όχι
04/06/2023 18:45; ;Όχι
04/06/2023 19:00; ;Όχι
04/06/2023 19:15; ;Όχι
04/06/2023 19:30; ;Όχι
04/06/2023 19:45; ;Όχι
04/06/2023 20:00; ;Όχι
04/06/2023 20:15; ;Όχι
04/06/2023 20:30; ;Όχι
04/06/2023 20:45; ;Όχι
04/06/2023 21:00; ;Όχι
04/06/2023 21:15; ;Όχι
04/06/2023 21:30; ;Όχι
04/06/2023 21:45; ;Όχι
04/06/2023 22:00; ;Όχι
04/06/2023 22:15; ;Όχι
04/06/2023 22:30; ;Όχι
04/06/2023 22:45; ;Όχι
04/06/2023 23:00; ;Όχι
04/06/2023 23:15; ;Όχι
04/06/2023 23:30; ;Όχι
04/06/2023 23:45; ;Όχι
05/06/2023 00:00; ;Όχι
05/06/2023 00:15; ;Όχι
05/06/2023 00:30; ;Όχι
05/06/2023 00:45; ;Όχι
05/06/2023 01:00; ;Όχι
05/06/2023 01:15; ;Όχι
05/06/2023 01:30; ;Όχι
05/06/2023 01:45; ;Όχι
05/06/2023 02:00; ;Όχι
05/06/2023 02:15; ;Όχι
05/06/2023 02:30; ;Όχι
05/06/2023 02:45; ;Όχι
05/06/2023 03:00; ;Όχι
05/06/2023 03:15; ;Όχι
05/06/2023 03:30; ;Όχι
05/06/2023 03:45; ;Όχι
05/06/2023 04:00; ;Όχι
05/06/2023 04:15; ;Όχι
05/06/2023 04:30; ;Όχι
05/06/2023 04:45; ;Όχι
05/06/2023 05:00; ;Όχι
05/06/2023 05:15; ;Όχι
05/06/2023 05:30; ;Όχι
05/06/2023 05:45; ;Όχι
05/06/2023 06:00; ;Όχι
05/06/2023 06:15; ;Όχι
05/06/2023 06:30; ;Όχι
05/06/2023 06:45; ;Όχι
05/06/2023 07:00; ;Όχι
05/06/2023 07:15; ;Όχι
05/06/2023 07:30; ;Όχι
05/06/2023 07:45; ;Όχι
05/06/2023 08:00; ;Όχι
05/06/2023 08:15; ;Όχι
05/06/2023 08:30; ;Όχι
05/06/2023 08:45; ;Όχι
05/06/2023 09:00; ;Όχι
05/06/2023 09:15; ;Όχι
05/06/2023 09:30; ;Όχι
05/06/2023 09:45; ;Όχι
05/06/2023 10:00; ;Όχι
05/06/2023 10:15; ;Όχι
05/06/2023 10:30; ;Όχι
05/06/2023 10:45; ;Όχι
05/06/2023 11:00; ;Όχι
05/06/2023 11:15; ;Όχι
05/06/2023 11:30; ;Όχι
05/06/2023 11:45; ;Όχι
05/06/2023 12:00; ;Όχι
05/06/2023 12:15; ;Όχι
05/06/2023 12:30; ;Όχι
05/06/2023 12:45; ;Όχι
05/06/2023 13:00; ;Όχι
05/06/2023 13:15; ;Όχι
05/06/2023 13:30; ;Όχι
05/06/2023 13:45; ;Όχι
05/06/2023 14:00; ;Όχι
05/06/2023 14:15; ;Όχι
05/06/2023 14:30; ;Όχι
05/06/2023 14:45; ;Όχι
05/06/2023 15:00; ;Όχι
05/06/2023 15:15; ;Όχι
05/06/2023 15:30; ;Όχι
05/06/2023 15:45; ;Όχι
05/06/2023 16:00; ;Όχι
05/06/2023 16:15; ;Όχι
05/06/2023 16:30; ;Όχι
05/06/2023 16:45; ;Όχι
05/06/2023 17:00; ;Όχι
05/06/2023 17:15; ;Όχι
05/06/2023 17:30; ;Όχι
05/06/2023 17:45; ;Όχι
05/06/2023 18:00; ;Όχι
05/06/2023 18:15; ;Όχι
05/06/2023 18:30; ;Όχι
05/06/2023 18:45; ;Όχι
05/06/2023 19:00; ;Όχι
05/06/2023 19:15; ;Όχι
05/06/2023 19:30; ;Όχι
05/06/2023 19:45; ;Όχι
05/06/2023 20:00; ;Όχι
05/06/2023 20:15; ;Όχι
05/06/2023 20:30; ;Όχι
05/06/2023 20:45; ;Όχι
05/06/2023 21:00; ;Όχι
05/06/2023 21:15; ;Όχι
05/06/2023 21:30; ;Όχι
05/06/2023 21:45; ;Όχι
05/06/2023 22:00; ;Όχι
05/06/2023 22:15; ;Όχι
05/06/2023 22:30; ;Όχι
05/06/2023 22:45; ;Όχι
05/06/2023 23:00; ;Όχι
05/06/2023 23:15; ;Όχι
05/06/2023 23:30; ;Όχι
05/06/2023 23:45; ;Όχι
06/06/2023 00:00; ;Όχι
06/06/2023 00:15; ;Όχι
06/06/2023 00:30; ;Όχι
06/06/2023 00:45; ;Όχι
06/06/2023 01:00; ;Όχι
06/06/2023 01:15; ;Όχι
06/06/2023 01:30; ;Όχι
06/06/2023 01:45; ;Όχι
06/06/2023 02:00; ;Όχι
06/06/2023 02:15; ;Όχι
06/06/2023 02:30; ;Όχι
06/06/2023 02:45; ;Όχι
06/06/2023 03:00; ;Όχι
06/06/2023 03:15; ;Όχι
06/06/2023 03:30; ;Όχι
06/06/2023 03:45; ;Όχι
06/06/2023 04:00; ;Όχι
06/06/2023 04:15; ;Όχι
06/06/2023 04:30; ;Όχι
06/06/2023 04:45; ;Όχι
06/06/2023 05:00; ;Όχι
06/06/2023 05:15; ;Όχι
06/06/2023 05:30; ;Όχι
06/06/2023 05:45; ;Όχι
06/06/2023 06:00; ;Όχι
06/06/2023 06:15; ;Όχι
06/06/2023 06:30; ;Όχι
06/06/2023 06:45; ;Όχι
06/06/2023 07:00; ;Όχι
06/06/2023 07:15; ;Όχι
06/06/2023 07:30; ;Όχι
06/06/2023 07:45; ;Όχι
06/06/2023 08:00; ;Όχι
06/06/2023 08:15; ;Όχι
06/06/2023 08:30; ;Όχι
06/06/2023 08:45; ;Όχι
06/06/2023 09:00; ;Όχι
06/06/2023 09:15; ;Όχι
06/06/2023 09:30; ;Όχι
06/06/2023 09:45; ;Όχι
06/06/2023 10:00; ;Όχι
06/06/2023 10:15; ;Όχι
06/06/2023 10:30; ;Όχι
06/06/2023 10:45; ;Όχι
06/06/2023 11:00; ;Όχι
06/06/2023 11:15; ;Όχι
06/06/2023 11:30; ;Όχι
06/06/2023 11:45; ;Όχι
06/06/2023 12:00; ;Όχι
06/06/2023 12:15; ;Όχι
06/06/2023 12:30; ;Όχι
06/06/2023 12:45; ;Όχι
06/06/2023 13:00; ;Όχι
06/06/2023 13:15; ;Όχι
06/06/2023 13:30; ;Όχι
06/06/2023 13:45; ;Όχι
06/06/2023 14:00; ;Όχι
06/06/2023 14:15; ;Όχι
06/06/2023 14:30; ;Όχι
06/06/2023 14:45; ;Όχι
06/06/2023 15:00; ;Όχι
06/06/2023 15:15; ;Όχι
06/06/2023 15:30; ;Όχι
06/06/2023 15:45; ;Όχι
06/06/2023 16:00; ;Όχι
06/06/2023 16:15; ;Όχι
06/06/2023 16:30; ;Όχι
06/06/2023 16:45; ;Όχι
06/06/2023 17:00; ;Όχι
06/06/2023 17:15; ;Όχι
06/06/2023 17:30; ;Όχι
06/06/2023 17:45; ;Όχι
06/06/2023 18:00; ;Όχι
06/06/2023 18:15; ;Όχι
06/06/2023 18:30; ;Όχι
06/06/2023 18:45; ;Όχι
06/06/2023 19:00; ;Όχι
06/06/2023 19:15; ;Όχι
06/06/2023 19:30; ;Όχι
06/06/2023 19:45; ;Όχι
06/06/2023 20:00; ;Όχι
06/06/2023 20:15; ;Όχι
06/06/2023 20:30; ;Όχι
06/06/2023 20:45; ;Όχι
06/06/2023 21:00; ;Όχι
06/06/2023 21:15; ;Όχι
06/06/2023 21:30; ;Όχι
06/06/2023 21:45; ;Όχι
06/06/2023 22:00; ;Όχι
06/06/2023 22:15; ;Όχι
06/06/2023 22:30; ;Όχι
06/06/2023 22:45; ;Όχι
06/06/2023 23:00; ;Όχι
06/06/2023 23:15; ;Όχι
06/06/2023 23:30; ;Όχι
06/06/2023 23:45; ;Όχι
07/06/2023 00:00; ;Όχι
07/06/2023 00:15; ;Όχι
07/06/2023 00:30; ;Όχι
07/06/2023 00:45; ;Όχι
07/06/2023 01:00; ;Όχι
07/06/2023 01:15; ;Όχι
07/06/2023 01:30; ;Όχι
07/06/2023 01:45; ;Όχι
07/06/2023 02:00; ;Όχι
07/06/2023 02:15; ;Όχι
07/06/2023 02:30; ;Όχι
07/06/2023 02:45; ;Όχι
07/06/2023 03:00; ;Όχι
07/06/2023 03:15; ;Όχι
07/06/2023 03:30; ;Όχι
07/06/2023 03:45; ;Όχι
07/06/2023 04:00; ;Όχι
07/06/2023 04:15; ;Όχι
07/06/2023 04:30; ;Όχι
07/06/2023 04:45; ;Όχι
07/06/2023 05:00; ;Όχι
07/06/2023 05:15; ;Όχι
07/06/2023 05:30; ;Όχι
07/06/2023 05:45; ;Όχι
07/06/2023 06:00; ;Όχι
07/06/2023 06:15; ;Όχι
07/06/2023 06:30; ;Όχι
07/06/2023 06:45; ;Όχι
07/06/2023 07:00; ;Όχι
07/06/2023 07:15; ;Όχι
07/06/2023 07:30; ;Όχι
07/06/2023 07:45; ;Όχι
07/06/2023 08:00; ;Όχι
07/06/2023 08:15; ;Όχι
07/06/2023 08:30; ;Όχι
07/06/2023 08:45; ;Όχι
07/06/2023 09:00; ;Όχι
07/06/2023 09:15; ;Όχι
07/06/2023 09:30; ;Όχι
07/06/2023 09:45; ;Όχι
07/06/2023 10:00; ;Όχι
07/06/2023 10:15; ;Όχι
07/06/2023 10:30; ;Όχι
07/06/2023 10:45; ;Όχι
07/06/2023 11:00; ;Όχι
07/06/2023 11:15; ;Όχι
07/06/2023 11:30; ;Όχι
07/06/2023 11:45; ;Όχι
07/06/2023 12:00; ;Όχι
07/06/2023 12:15; ;Όχι
07/06/2023 12:30; ;Όχι
07/06/2023 12:45; ;Όχι
07/06/2023 13:00; ;Όχι
07/06/2023 13:15; ;Όχι
07/06/2023 13:30; ;Όχι
07/06/2023 13:45; ;Όχι
07/06/2023 14:00; ;Όχι
07/06/2023 14:15; ;Όχι
07/06/2023 14:30; ;Όχι
07/06/2023 14:45; ;Όχι
07/06/2023 15:00; ;Όχι
07/06/2023 15:15; ;Όχι
07/06/2023 15:30; ;Όχι
07/06/2023 15:45; ;Όχι
07/06/2023 16:00; ;Όχι
07/06/2023 16:15; ;Όχι
07/06/2023 16:30; ;Όχι
07/06/2023 16:45; ;Όχι
07/06/2023 17:00; ;Όχι
07/06/2023 17:15; ;Όχι
07/06/2023 17:30; ;Όχι
07/06/2023 17:45; ;Όχι
07/06/2023 18:00; ;Όχι
07/06/2023 18:15; ;Όχι
07/06/2023 18:30; ;Όχι
07/06/2023 18:45; ;Όχι
07/06/2023 19:00; ;Όχι
07/06/2023 19:15; ;Όχι
07/06/2023 19:30; ;Όχι
07/06/2023 19:45; ;Όχι
07/06/2023 20:00; ;Όχι
07/06/2023 20:15; ;Όχι
07/06/2023 20:30; ;Όχι
07/06/2023 20:45; ;Όχι
07/06/2023 21:00; ;Όχι
07/06/2023 21:15; ;Όχι
07/06/2023 21:30; ;Όχι
07/06/2023 21:45; ;Όχι
07/06/2023 22:00; ;Όχι
07/06/2023 22:15; ;Όχι
07/06/2023 22:30; ;Όχι
07/06/2023 22:45; ;Όχι
07/06/2023 23:00; ;Όχι
07/06/2023 23:15; ;Όχι
07/06/2023 23:30; ;Όχι
07/06/2023 23:45; ;Όχι
08/06/2023 00:00; ;Όχι
08/06/2023 00:15; ;Όχι
08/06/2023 00:30; ;Όχι
08/06/2023 00:45; ;Όχι
08/06/2023 01:00; ;Όχι
08/06/2023 01:15; ;Όχι
08/06/2023 01:30; ;Όχι
08/06/2023 01:45; ;Όχι
08/06/2023 02:00; ;Όχι
08/06/2023 02:15; ;Όχι
08/06/2023 02:30; ;Όχι
08/06/2023 02:45; ;Όχι
08/06/2023 03:00; ;Όχι
08/06/2023 03:15; ;Όχι
08/06/2023 03:30; ;Όχι
08/06/2023 03:45; ;Όχι
08/06/2023 04:00; ;Όχι
08/06/2023 04:15; ;Όχι
08/06/2023 04:30; ;Όχι
08/06/2023 04:45; ;Όχι
08/06/2023 05:00; ;Όχι
08/06/2023 05:15; ;Όχι
08/06/2023 05:30; ;Όχι
08/06/2023 05:45; ;Όχι
08/06/2023 06:00; ;Όχι
08/06/2023 06:15; ;Όχι
08/06/2023 06:30; ;Όχι
08/06/2023 06:45; ;Όχι
08/06/2023 07:00; ;Όχι
08/06/2023 07:15; ;Όχι
08/06/2023 07:30; ;Όχι
08/06/2023 07:45; ;Όχι
08/06/2023 08:00; ;Όχι
08/06/2023 08:15; ;Όχι
08/06/2023 08:30; ;Όχι
08/06/2023 08:45; ;Όχι
08/06/2023 09:00; ;Όχι
08/06/2023 09:15; ;Όχι
08/06/2023 09:30; ;Όχι
08/06/2023 09:45; ;Όχι
08/06/2023 10:00; ;Όχι
08/06/2023 10:15; ;Όχι
08/06/2023 10:30; ;Όχι
08/06/2023 10:45; ;Όχι
08/06/2023 11:00; ;Όχι
08/06/2023 11:15; ;Όχι
08/06/2023 11:30; ;Όχι
08/06/2023 11:45; ;Όχι
08/06/2023 12:00; ;Όχι
08/06/2023 12:15; ;Όχι
08/06/2023 12:30; ;Όχι
08/06/2023 12:45; ;Όχι
08/06/2023 13:00; ;Όχι
08/06/2023 13:15; ;Όχι
08/06/2023 13:30; ;Όχι
08/06/2023 13:45; ;Όχι
08/06/2023 14:00; ;Όχι
08/06/2023 14:15; ;Όχι
08/06/2023 14:30; ;Όχι
08/06/2023 14:45; ;Όχι
08/06/2023 15:00; ;Όχι
08/06/2023 15:15; ;Όχι
08/06/2023 15:30; ;Όχι
08/06/2023 15:45; ;Όχι
08/06/2023 16:00; ;Όχι
08/06/2023 16:15; ;Όχι
08/06/2023 16:30; ;Όχι
08/06/2023 16:45; ;Όχι
08/06/2023 17:00; ;Όχι
08/06/2023 17:15; ;Όχι
08/06/2023 17:30; ;Όχι
08/06/2023 17:45; ;Όχι
08/06/2023 18:00; ;Όχι
08/06/2023 18:15; ;Όχι
08/06/2023 18:30; ;Όχι
08/06/2023 18:45; ;Όχι
08/06/2023 19:00; ;Όχι
08/06/2023 19:15; ;Όχι
08/06/2023 19:30; ;Όχι
08/06/2023 19:45; ;Όχι
08/06/2023 20:00; ;Όχι
08/06/2023 20:15; ;Όχι
08/06/2023 20:30; ;Όχι
08/06/2023 20:45; ;Όχι
08/06/2023 21:00; ;Όχι
08/06/2023 21:15; ;Όχι
08/06/2023 21:30; ;Όχι
08/06/2023 21:45; ;Όχι
08/06/2023 22:00; ;Όχι
08/06/2023 22:15; ;Όχι
08/06/2023 22:30; ;Όχι
08/06/2023 22:45; ;Όχι
08/06/2023 23:00; ;Όχι
08/06/2023 23:15; ;Όχι
08/06/2023 23:30; ;Όχι
08/06/2023 23:45; ;Όχι
09/06/2023 00:00; ;Όχι
09/06/2023 00:15; ;Όχι
09/06/2023 00:30; ;Όχι
09/06/2023 00:45; ;Όχι
09/06/2023 01:00; ;Όχι
09/06/2023 01:15; ;Όχι
09/06/2023 01:30; ;Όχι
09/06/2023 01:45; ;Όχι
09/06/2023 02:00; ;Όχι
09/06/2023 02:15; ;Όχι
09/06/2023 02:30; ;Όχι
09/06/2023 02:45; ;Όχι
09/06/2023 03:00; ;Όχι
09/06/2023 03:15; ;Όχι
09/06/2023 03:30; ;Όχι
09/06/2023 03:45; ;Όχι
09/06/2023 04:00; ;Όχι
09/06/2023 04:15; ;Όχι
09/06/2023 04:30; ;Όχι
09/06/2023 04:45; ;Όχι
09/06/2023 05:00; ;Όχι
09/06/2023 05:15; ;Όχι
09/06/2023 05:30; ;Όχι
09/06/2023 05:45; ;Όχι
09/06/2023 06:00; ;Όχι
09/06/2023 06:15; ;Όχι
09/06/2023 06:30; ;Όχι
09/06/2023 06:45; ;Όχι
09/06/2023 07:00; ;Όχι
09/06/2023 07:15; ;Όχι
09/06/2023 07:30; ;Όχι
09/06/2023 07:45; ;Όχι
09/06/2023 08:00; ;Όχι
09/06/2023 08:15; ;Όχι
09/06/2023 08:30; ;Όχι
09/06/2023 08:45; ;Όχι
09/06/2023 09:00; ;Όχι
09/06/2023 09:15; ;Όχι
09/06/2023 09:30; ;Όχι
09/06/2023 09:45; ;Όχι
09/06/2023 10:00; ;Όχι
09/06/2023 10:15; ;Όχι
09/06/2023 10:30; ;Όχι
09/06/2023 10:45; ;Όχι
09/06/2023 11:00; ;Όχι
09/06/2023 11:15; ;Όχι
09/06/2023 11:30; ;Όχι
09/06/2023 11:45; ;Όχι
09/06/2023 12:00; ;Όχι
09/06/2023 12:15; ;Όχι
09/06/2023 12:30; ;Όχι
09/06/2023 12:45; ;Όχι
09/06/2023 13:00; ;Όχι
09/06/2023 13:15; ;Όχι
09/06/2023 13:30; ;Όχι
09/06/2023 13:45; ;Όχι
09/06/2023 14:00; ;Όχι
09/06/2023 14:15; ;Όχι
09/06/2023 14:30; ;Όχι
09/06/2023 14:45; ;Όχι
09/06/2023 15:00; ;Όχι
09/06/2023 15:15; ;Όχι
09/06/2023 15:30; ;Όχι
09/06/2023 15:45; ;Όχι
09/06/2023 16:00; ;Όχι
09/06/2023 16:15; ;Όχι
09/06/2023 16:30; ;Όχι
09/06/2023 16:45; ;Όχι
09/06/2023 17:00; ;Όχι
09/06/2023 17:15; ;Όχι
09/06/2023 17:30; ;Όχι
09/06/2023 17:45; ;Όχι
09/06/2023 18:00; ;Όχι
09/06/2023 18:15; ;Όχι
09/06/2023 18:30; ;Όχι
09/06/2023 18:45; ;Όχι
09/06/2023 19:00; ;Όχι
09/06/2023 19:15; ;Όχι
09/06/2023 19:30; ;Όχι
09/06/2023 19:45; ;Όχι
09/06/2023 20:00; ;Όχι
09/06/2023 20:15; ;Όχι
09/06/2023 20:30; ;Όχι
09/06/2023 20:45; ;Όχι
09/06/2023 21:00; ;Όχι
09/06/2023 21:15; ;Όχι
09/06/2023 21:30; ;Όχι
09/06/2023 21:45; ;Όχι
09/06/2023 22:00; ;Όχι
09/06/2023 22:15; ;Όχι
09/06/2023 22:30; ;Όχι
09/06/2023 22:45; ;Όχι
09/06/2023 23:00; ;Όχι
09/06/2023 23:15; ;Όχι
09/06/2023 23:30; ;Όχι
09/06/2023 23:45; ;Όχι
10/06/2023 00:00; ;Όχι
10/06/2023 00:15; ;Όχι
10/06/2023 00:30; ;Όχι
10/06/2023 00:45; ;Όχι
10/06/2023 01:00; ;Όχι
10/06/2023 01:15; ;Όχι
10/06/2023 01:30; ;Όχι
10/06/2023 01:45; ;Όχι
10/06/2023 02:00; ;Όχι
10/06/2023 02:15; ;Όχι
10/06/2023 02:30; ;Όχι
10/06/2023 02:45; ;Όχι
10/06/2023 03:00; ;Όχι
10/06/2023 03:15; ;Όχι
10/06/2023 03:30; ;Όχι
10/06/2023 03:45; ;Όχι
10/06/2023 04:00; ;Όχι
10/06/2023 04:15; ;Όχι
10/06/2023 04:30; ;Όχι
10/06/2023 04:45; ;Όχι
10/06/2023 05:00; ;Όχι
10/06/2023 05:15; ;Όχι
10/06/2023 05:30; ;Όχι
10/06/2023 05:45; ;Όχι
10/06/2023 06:00; ;Όχι
10/06/2023 06:15; ;Όχι
10/06/2023 06:30; ;Όχι
10/06/2023 06:45; ;Όχι
10/06/2023 07:00; ;Όχι
10/06/2023 07:15; ;Όχι
10/06/2023 07:30; ;Όχι
10/06/2023 07:45; ;Όχι
10/06/2023 08:00; ;Όχι
10/06/2023 08:15; ;Όχι
10/06/2023 08:30; ;Όχι
10/06/2023 08:45; ;Όχι
10/06/2023 09:00; ;Όχι
10/06/2023 09:15; ;Όχι
10/06/2023 09:30; ;Όχι
10/06/2023 09:45; ;Όχι
10/06/2023 10:00; ;Όχι
10/06/2023 10:15; ;Όχι
10/06/2023 10:30; ;Όχι
10/06/2023 10:45; ;Όχι
10/06/2023 11:00; ;Όχι
10/06/2023 11:15; ;Όχι
10/06/2023 11:30; ;Όχι
10/06/2023 11:45; ;Όχι
10/06/2023 12:00; ;Όχι
10/06/2023 12:15; ;Όχι
10/06/2023 12:30; ;Όχι
10/06/2023 12:45; ;Όχι
10/06/2023 13:00; ;Όχι
10/06/2023 13:15; ;Όχι
10/06/2023 13:30; ;Όχι
10/06/2023 13:45; ;Όχι
10/06/2023 14:00; ;Όχι
10/06/2023 14:15; ;Όχι
10/06/2023 14:30; ;Όχι
10/06/2023 14:45; ;Όχι
10/06/2023 15:00; ;Όχι
10/06/2023 15:15; ;Όχι
10/06/2023 15:30; ;Όχι
10/06/2023 15:45; ;Όχι
10/06/2023 16:00; ;Όχι
10/06/2023 16:15; ;Όχι
10/06/2023 16:30; ;Όχι
10/06/2023 16:45; ;Όχι
10/06/2023 17:00; ;Όχι
10/06/2023 17:15; ;Όχι
10/06/2023 17:30; ;Όχι
10/06/2023 17:45; ;Όχι
10/06/2023 18:00; ;Όχι
10/06/2023 18:15; ;Όχι
10/06/2023 18:30; ;Όχι
10/06/2023 18:45; ;Όχι
10/06/2023 19:00; ;Όχι
10/06/2023 19:15; ;Όχι
10/06/2023 19:30; ;Όχι
10/06/2023 19:45; ;Όχι
10/06/2023 20:00; ;Όχι
10/06/2023 20:15; ;Όχι
10/06/2023 20:30; ;Όχι
10/06/2023 20:45; ;Όχι
10/06/2023 21:00; ;Όχι
10/06/2023 21:15; ;Όχι
10/06/2023 21:30; ;Όχι
10/06/2023 21:45; ;Όχι
10/06/2023 22:00; ;Όχι
10/06/2023 22:15; ;Όχι
10/06/2023 22:30; ;Όχι
10/06/2023 22:45; ;Όχι
10/06/2023 23:00; ;Όχι
10/06/2023 23:15; ;Όχι
10/06/2023 23:30; ;Όχι
10/06/2023 23:45; ;Όχι
11/06/2023 00:00; ;Όχι
11/06/2023 00:15; ;Όχι
11/06/2023 00:30; ;Όχι
11/06/2023 00:45; ;Όχι
11/06/2023 01:00; ;Όχι
11/06/2023 01:15; ;Όχι
11/06/2023 01:30; ;Όχι
11/06/2023 01:45; ;Όχι
11/06/2023 02:00; ;Όχι
11/06/2023 02:15; ;Όχι
11/06/2023 02:30; ;Όχι
11/06/2023 02:45; ;Όχι
11/06/2023 03:00; ;Όχι
11/06/2023 03:15; ;Όχι
11/06/2023 03:30; ;Όχι
11/06/2023 03:45; ;Όχι
11/06/2023 04:00; ;Όχι
11/06/2023 04:15; ;Όχι
11/06/2023 04:30; ;Όχι
11/06/2023 04:45; ;Όχι
11/06/2023 05:00; ;Όχι
11/06/2023 05:15; ;Όχι
11/06/2023 05:30; ;Όχι
11/06/2023 05:45; ;Όχι
11/06/2023 06:00; ;Όχι
11/06/2023 06:15; ;Όχι
11/06/2023 06:30; ;Όχι
11/06/2023 06:45; ;Όχι
11/06/2023 07:00; ;Όχι
11/06/2023 07:15; ;Όχι
11/06/2023 07:30; ;Όχι
11/06/2023 07:45; ;Όχι
11/06/2023 08:00; ;Όχι
11/06/2023 08:15; ;Όχι
11/06/2023 08:30; ;Όχι
11/06/2023 08:45; ;Όχι
11/06/2023 09:00; ;Όχι
11/06/2023 09:15; ;Όχι
11/06/2023 09:30; ;Όχι
11/06/2023 09:45; ;Όχι
11/06/2023 10:00; ;Όχι
11/06/2023 10:15; ;Όχι
11/06/2023 10:30; ;Όχι
11/06/2023 10:45; ;Όχι
11/06/2023 11:00; ;Όχι
11/06/2023 11:15; ;Όχι
11/06/2023 11:30; ;Όχι
11/06/2023 11:45; ;Όχι
11/06/2023 12:00; ;Όχι
11/06/2023 12:15; ;Όχι
11/06/2023 12:30; ;Όχι
11/06/2023 12:45; ;Όχι
11/06/2023 13:00; ;Όχι
11/06/2023 13:15; ;Όχι
11/06/2023 13:30; ;Όχι
11/06/2023 13:45; ;Όχι
11/06/2023 14:00; ;Όχι
11/06/2023 14:15; ;Όχι
11/06/2023 14:30; ;Όχι
11/06/2023 14:45; ;Όχι
11/06/2023 15:00; ;Όχι
11/06/2023 15:15; ;Όχι
11/06/2023 15:30; ;Όχι
11/06/2023 15:45; ;Όχι
11/06/2023 16:00; ;Όχι
11/06/2023 16:15; ;Όχι
11/06/2023 16:30; ;Όχι
11/06/2023 16:45; ;Όχι
11/06/2023 17:00; ;Όχι
11/06/2023 17:15; ;Όχι
11/06/2023 17:30; ;Όχι
11/06/2023 17:45; ;Όχι
11/06/2023 18:00; ;Όχι
11/06/2023 18:15; ;Όχι
11/06/2023 18:30; ;Όχι
11/06/2023 18:45; ;Όχι
11/06/2023 19:00; ;Όχι
11/06/2023 19:15; ;Όχι
11/06/2023 19:30; ;Όχι
11/06/2023 19:45; ;Όχι
11/06/2023 20:00; ;Όχι
11/06/2023 20:15; ;Όχι
11/06/2023 20:30; ;Όχι
11/06/2023 20:45; ;Όχι
11/06/2023 21:00; ;Όχι
11/06/2023 21:15; ;Όχι
11/06/2023 21:30; ;Όχι
11/06/2023 21:45; ;Όχι
11/06/2023 22:00; ;Όχι
11/06/2023 22:15; ;Όχι
11/06/2023 22:30; ;Όχι
11/06/2023 22:45; ;Όχι
11/06/2023 23:00; ;Όχι
11/06/2023 23:15; ;Όχι
11/06/2023 23:30; ;Όχι
11/06/2023 23:45; ;Όχι
12/06/2023 00:00; ;Όχι
12/06/2023 00:15; ;Όχι
12/06/2023 00:30; ;Όχι
12/06/2023 00:45; ;Όχι
12/06/2023 01:00; ;Όχι
12/06/2023 01:15; ;Όχι
12/06/2023 01:30; ;Όχι
12/06/2023 01:45; ;Όχι
12/06/2023 02:00; ;Όχι
12/06/2023 02:15; ;Όχι
12/06/2023 02:30; ;Όχι
12/06/2023 02:45; ;Όχι
12/06/2023 03:00; ;Όχι
12/06/2023 03:15; ;Όχι
12/06/2023 03:30; ;Όχι
12/06/2023 03:45; ;Όχι
12/06/2023 04:00; ;Όχι
12/06/2023 04:15; ;Όχι
12/06/2023 04:30; ;Όχι
12/06/2023 04:45; ;Όχι
12/06/2023 05:00; ;Όχι
12/06/2023 05:15; ;Όχι
12/06/2023 05:30; ;Όχι
12/06/2023 05:45; ;Όχι
12/06/2023 06:00; ;Όχι
12/06/2023 06:15; ;Όχι
12/06/2023 06:30; ;Όχι
12/06/2023 06:45; ;Όχι
12/06/2023 07:00; ;Όχι
12/06/2023 07:15; ;Όχι
12/06/2023 07:30; ;Όχι
12/06/2023 07:45; ;Όχι
12/06/2023 08:00; ;Όχι
12/06/2023 08:15; ;Όχι
12/06/2023 08:30; ;Όχι
12/06/2023 08:45; ;Όχι
12/06/2023 09:00; ;Όχι
12/06/2023 09:15; ;Όχι
12/06/2023 09:30; ;Όχι
12/06/2023 09:45; ;Όχι
12/06/2023 10:00; ;Όχι
12/06/2023 10:15; ;Όχι
12/06/2023 10:30; ;Όχι
12/06/2023 10:45; ;Όχι
12/06/2023 11:00; ;Όχι
12/06/2023 11:15; ;Όχι
12/06/2023 11:30; ;Όχι
12/06/2023 11:45; ;Όχι
12/06/2023 12:00; ;Όχι
12/06/2023 12:15; ;Όχι
12/06/2023 12:30; ;Όχι
12/06/2023 12:45; ;Όχι
12/06/2023 13:00; ;Όχι
12/06/2023 13:15; ;Όχι
12/06/2023 13:30; ;Όχι
12/06/2023 13:45; ;Όχι
12/06/2023 14:00; ;Όχι
12/06/2023 14:15; ;Όχι
12/06/2023 14:30; ;Όχι
12/06/2023 14:45; ;Όχι
12/06/2023 15:00; ;Όχι
12/06/2023 15:15; ;Όχι
12/06/2023 15:30; ;Όχι
12/06/2023 15:45; ;Όχι
12/06/2023 16:00; ;Όχι
12/06/2023 16:15; ;Όχι
12/06/2023 16:30; ;Όχι
12/06/2023 16:45; ;Όχι
12/06/2023 17:00; ;Όχι
12/06/2023 17:15; ;Όχι
12/06/2023 17:30; ;Όχι
12/06/2023 17:45; ;Όχι
12/06/2023 18:00; ;Όχι
12/06/2023 18:15; ;Όχι
12/06/2023 18:30; ;Όχι
12/06/2023 18:45; ;Όχι
12/06/2023 19:00; ;Όχι
12/06/2023 19:15; ;Όχι
12/06/2023 19:30; ;Όχι
12/06/2023 19:45; ;Όχι
12/06/2023 20:00; ;Όχι
12/06/2023 20:15; ;Όχι
12/06/2023 20:30; ;Όχι
12/06/2023 20:45; ;Όχι
12/06/2023 21:00; ;Όχι
12/06/2023 21:15; ;Όχι
12/06/2023 21:30; ;Όχι
12/06/2023 21:45; ;Όχι
12/06/2023 22:00; ;Όχι
12/06/2023 22:15; ;Όχι
12/06/2023 22:30; ;Όχι
12/06/2023 22:45; ;Όχι
12/06/2023 23:00; ;Όχι
12/06/2023 23:15; ;Όχι
12/06/2023 23:30; ;Όχι
12/06/2023 23:45; ;Όχι
13/06/2023 00:00; ;Όχι
13/06/2023 00:15; ;Όχι
13/06/2023 00:30; ;Όχι
13/06/2023 00:45; ;Όχι
13/06/2023 01:00; ;Όχι
13/06/2023 01:15; ;Όχι
13/06/2023 01:30; ;Όχι
13/06/2023 01:45; ;Όχι
13/06/2023 02:00; ;Όχι
13/06/2023 02:15; ;Όχι
13/06/2023 02:30; ;Όχι
13/06/2023 02:45; ;Όχι
13/06/2023 03:00; ;Όχι
13/06/2023 03:15; ;Όχι
13/06/2023 03:30; ;Όχι
13/06/2023 03:45; ;Όχι
13/06/2023 04:00; ;Όχι
13/06/2023 04:15; ;Όχι
13/06/2023 04:30; ;Όχι
13/06/2023 04:45; ;Όχι
13/06/2023 05:00; ;Όχι
13/06/2023 05:15; ;Όχι
13/06/2023 05:30; ;Όχι
13/06/2023 05:45; ;Όχι
13/06/2023 06:00; ;Όχι
13/06/2023 06:15; ;Όχι
13/06/2023 06:30; ;Όχι
13/06/2023 06:45; ;Όχι
13/06/2023 07:00; ;Όχι
13/06/2023 07:15; ;Όχι
13/06/2023 07:30; ;Όχι
13/06/2023 07:45; ;Όχι
13/06/2023 08:00; ;Όχι
13/06/2023 08:15; ;Όχι
13/06/2023 08:30; ;Όχι
13/06/2023 08:45; ;Όχι
13/06/2023 09:00; ;Όχι
13/06/2023 09:15; ;Όχι
13/06/2023 09:30; ;Όχι
13/06/2023 09:45; ;Όχι
13/06/2023 10:00; ;Όχι
13/06/2023 10:15; ;Όχι
13/06/2023 10:30; ;Όχι
13/06/2023 10:45; ;Όχι
13/06/2023 11:00; ;Όχι
13/06/2023 11:15; ;Όχι
13/06/2023 11:30; ;Όχι
13/06/2023 11:45; ;Όχι
13/06/2023 12:00; ;Όχι
13/06/2023 12:15; ;Όχι
13/06/2023 12:30; ;Όχι
13/06/2023 12:45; ;Όχι
13/06/2023 13:00; ;Όχι
13/06/2023 13:15; ;Όχι
13/06/2023 13:30; ;Όχι
13/06/2023 13:45; ;Όχι
13/06/2023 14:00; ;Όχι
13/06/2023 14:15; ;Όχι
13/06/2023 14:30; ;Όχι
13/06/2023 14:45; ;Όχι
13/06/2023 15:00; ;Όχι
13/06/2023 15:15; ;Όχι
13/06/2023 15:30; ;Όχι
13/06/2023 15:45; ;Όχι
13/06/2023 16:00; ;Όχι
13/06/2023 16:15; ;Όχι
13/06/2023 16:30; ;Όχι
13/06/2023 16:45; ;Όχι
13/06/2023 17:00; ;Όχι
13/06/2023 17:15; ;Όχι
13/06/2023 17:30; ;Όχι
13/06/2023 17:45; ;Όχι
13/06/2023 18:00; ;Όχι
13/06/2023 18:15; ;Όχι
13/06/2023 18:30; ;Όχι
13/06/2023 18:45; ;Όχι
13/06/2023 19:00; ;Όχι
13/06/2023 19:15; ;Όχι
13/06/2023 19:30; ;Όχι
13/06/2023 19:45; ;Όχι
13/06/2023 20:00; ;Όχι
13/06/2023 20:15; ;Όχι
13/06/2023 20:30; ;Όχι
13/06/2023 20:45; ;Όχι
13/06/2023 21:00; ;Όχι
13/06/2023 21:15; ;Όχι
13/06/2023 21:30; ;Όχι
13/06/2023 21:45; ;Όχι
13/06/2023 22:00; ;Όχι
13/06/2023 22:15; ;Όχι
13/06/2023 22:30; ;Όχι
13/06/2023 22:45; ;Όχι
13/06/2023 23:00; ;Όχι
13/06/2023 23:15; ;Όχι
13/06/2023 23:30; ;Όχι
13/06/2023 23:45; ;Όχι
14/06/2023 00:00; ;Όχι
14/06/2023 00:15; ;Όχι
14/06/2023 00:30; ;Όχι
14/06/2023 00:45; ;Όχι
14/06/2023 01:00; ;Όχι
14/06/2023 01:15; ;Όχι
14/06/2023 01:30; ;Όχι
14/06/2023 01:45; ;Όχι
14/06/2023 02:00; ;Όχι
14/06/2023 02:15; ;Όχι
14/06/2023 02:30; ;Όχι
14/06/2023 02:45; ;Όχι
14/06/2023 03:00; ;Όχι
14/06/2023 03:15; ;Όχι
14/06/2023 03:30; ;Όχι
14/06/2023 03:45; ;Όχι
14/06/2023 04:00; ;Όχι
14/06/2023 04:15; ;Όχι
14/06/2023 04:30; ;Όχι
14/06/2023 04:45; ;Όχι
14/06/2023 05:00; ;Όχι
14/06/2023 05:15; ;Όχι
14/06/2023 05:30; ;Όχι
14/06/2023 05:45; ;Όχι
14/06/2023 06:00; ;Όχι
14/06/2023 06:15; ;Όχι
14/06/2023 06:30; ;Όχι
14/06/2023 06:45; ;Όχι
14/06/2023 07:00; ;Όχι
14/06/2023 07:15; ;Όχι
14/06/2023 07:30; ;Όχι
14/06/2023 07:45; ;Όχι
14/06/2023 08:00; ;Όχι
14/06/2023 08:15; ;Όχι
14/06/2023 08:30; ;Όχι
14/06/2023 08:45; ;Όχι
14/06/2023 09:00; ;Όχι
14/06/2023 09:15; ;Όχι
14/06/2023 09:30; ;Όχι
14/06/2023 09:45; ;Όχι
14/06/2023 10:00; ;Όχι
14/06/2023 10:15; ;Όχι
14/06/2023 10:30; ;Όχι
14/06/2023 10:45; ;Όχι
14/06/2023 11:00; ;Όχι
14/06/2023 11:15; ;Όχι
14/06/2023 11:30; ;Όχι
14/06/2023 11:45; ;Όχι
14/06/2023 12:00; ;Όχι
14/06/2023 12:15; ;Όχι
14/06/2023 12:30; ;Όχι
14/06/2023 12:45; ;Όχι
14/06/2023 13:00; ;Όχι
14/06/2023 13:15; ;Όχι
14/06/2023 13:30; ;Όχι
14/06/2023 13:45; ;Όχι
14/06/2023 14:00; ;Όχι
14/06/2023 14:15; ;Όχι
14/06/2023 14:30; ;Όχι
14/06/2023 14:45; ;Όχι
14/06/2023 15:00; ;Όχι
14/06/2023 15:15; ;Όχι
14/06/2023 15:30; ;Όχι
14/06/2023 15:45; ;Όχι
14/06/2023 16:00; ;Όχι
14/06/2023 16:15; ;Όχι
14/06/2023 16:30; ;Όχι
14/06/2023 16:45; ;Όχι
14/06/2023 17:00; ;Όχι
14/06/2023 17:15; ;Όχι
14/06/2023 17:30; ;Όχι
14/06/2023 17:45; ;Όχι
14/06/2023 18:00; ;Όχι
14/06/2023 18:15; ;Όχι
14/06/2023 18:30; ;Όχι
14/06/2023 18:45; ;Όχι
14/06/2023 19:00; ;Όχι
14/06/2023 19:15; ;Όχι
14/06/2023 19:30; ;Όχι
14/06/2023 19:45; ;Όχι
14/06/2023 20:00; ;Όχι
14/06/2023 20:15; ;Όχι
14/06/2023 20:30; ;Όχι
14/06/2023 20:45; ;Όχι
14/06/2023 21:00; ;Όχι
14/06/2023 21:15; ;Όχι
14/06/2023 21:30; ;Όχι
14/06/2023 21:45; ;Όχι
14/06/2023 22:00; ;Όχι
14/06/2023 22:15; ;Όχι
14/06/2023 22:30; ;Όχι
14/06/2023 22:45; ;Όχι
14/06/2023 23:00; ;Όχι
14/06/2023 23:15; ;Όχι
14/06/2023 23:30; ;Όχι
14/06/2023 23:45; ;Όχι
15/06/2023 00:00; ;Όχι
15/06/2023 00:15; ;Όχι
15/06/2023 00:30; ;Όχι
15/06/2023 00:45; ;Όχι
15/06/2023 01:00; ;Όχι
15/06/2023 01:15; ;Όχι
15/06/2023 01:30; ;Όχι
15/06/2023 01:45; ;Όχι
15/06/2023 02:00; ;Όχι
15/06/2023 02:15; ;Όχι
15/06/2023 02:30; ;Όχι
15/06/2023 02:45; ;Όχι
15/06/2023 03:00; ;Όχι
15/06/2023 03:15; ;Όχι
15/06/2023 03:30; ;Όχι
15/06/2023 03:45; ;Όχι
15/06/2023 04:00; ;Όχι
15/06/2023 04:15; ;Όχι
15/06/2023 04:30; ;Όχι
15/06/2023 04:45; ;Όχι
15/06/2023 05:00; ;Όχι
15/06/2023 05:15; ;Όχι
15/06/2023 05:30; ;Όχι
15/06/2023 05:45; ;Όχι
15/06/2023 06:00; ;Όχι
15/06/2023 06:15; ;Όχι
15/06/2023 06:30; ;Όχι
15/06/2023 06:45; ;Όχι
15/06/2023 07:00; ;Όχι
15/06/2023 07:15; ;Όχι
15/06/2023 07:30; ;Όχι
15/06/2023 07:45; ;Όχι
15/06/2023 08:00; ;Όχι
15/06/2023 08:15; ;Όχι
15/06/2023 08:30; ;Όχι
15/06/2023 08:45; ;Όχι
15/06/2023 09:00; ;Όχι
15/06/2023 09:15; ;Όχι
15/06/2023 09:30; ;Όχι
15/06/2023 09:45; ;Όχι
15/06/2023 10:00; ;Όχι
15/06/2023 10:15; ;Όχι
15/06/2023 10:30; ;Όχι
15/06/2023 10:45; ;Όχι
15/06/2023 11:00; ;Όχι
15/06/2023 11:15; ;Όχι
15/06/2023 11:30; ;Όχι
15/06/2023 11:45; ;Όχι
15/06/2023 12:00; ;Όχι
15/06/2023 12:15; ;Όχι
15/06/2023 12:30; ;Όχι
15/06/2023 12:45; ;Όχι
15/06/2023 13:00; ;Όχι
15/06/2023 13:15; ;Όχι
15/06/2023 13:30; ;Όχι
15/06/2023 13:45; ;Όχι
15/06/2023 14:00; ;Όχι
15/06/2023 14:15; ;Όχι
15/06/2023 14:30; ;Όχι
15/06/2023 14:45; ;Όχι
15/06/2023 15:00; ;Όχι
15/06/2023 15:15; ;Όχι
15/06/2023 15:30; ;Όχι
15/06/2023 15:45; ;Όχι
15/06/2023 16:00; ;Όχι
15/06/2023 16:15; ;Όχι
15/06/2023 16:30; ;Όχι
15/06/2023 16:45; ;Όχι
15/06/2023 17:00; ;Όχι
15/06/2023 17:15; ;Όχι
15/06/2023 17:30; ;Όχι
15/06/2023 17:45; ;Όχι
15/06/2023 18:00; ;Όχι
15/06/2023 18:15; ;Όχι
15/06/2023 18:30; ;Όχι
15/06/2023 18:45; ;Όχι
15/06/2023 19:00; ;Όχι
15/06/2023 19:15; ;Όχι
15/06/2023 19:30; ;Όχι
15/06/2023 19:45; ;Όχι
15/06/2023 20:00; ;Όχι
15/06/2023 20:15; ;Όχι
15/06/2023 20:30; ;Όχι
15/06/2023 20:45; ;Όχι
15/06/2023 21:00; ;Όχι
15/06/2023 21:15; ;Όχι
15/06/2023 21:30; ;Όχι
15/06/2023 21:45; ;Όχι
15/06/2023 22:00; ;Όχι
15/06/2023 22:15; ;Όχι
15/06/2023 22:30; ;Όχι
15/06/2023 22:45; ;Όχι
15/06/2023 23:00; ;Όχι
15/06/2023 23:15; ;Όχι
15/06/2023 23:30; ;Όχι
15/06/2023 23:45; ;Όχι
16/06/2023 00:00; ;Όχι
16/06/2023 00:15; ;Όχι
16/06/2023 00:30; ;Όχι
16/06/2023 00:45; ;Όχι
16/06/2023 01:00; ;Όχι
16/06/2023 01:15; ;Όχι
16/06/2023 01:30; ;Όχι
16/06/2023 01:45; ;Όχι
16/06/2023 02:00; ;Όχι
16/06/2023 02:15; ;Όχι
16/06/2023 02:30; ;Όχι
16/06/2023 02:45; ;Όχι
16/06/2023 03:00; ;Όχι
16/06/2023 03:15; ;Όχι
16/06/2023 03:30; ;Όχι
16/06/2023 03:45; ;Όχι
16/06/2023 04:00; ;Όχι
16/06/2023 04:15; ;Όχι
16/06/2023 04:30; ;Όχι
16/06/2023 04:45; ;Όχι
16/06/2023 05:00; ;Όχι
16/06/2023 05:15; ;Όχι
16/06/2023 05:30; ;Όχι
16/06/2023 05:45; ;Όχι
16/06/2023 06:00; ;Όχι
16/06/2023 06:15; ;Όχι
16/06/2023 06:30; ;Όχι
16/06/2023 06:45; ;Όχι
16/06/2023 07:00; ;Όχι
16/06/2023 07:15; ;Όχι
16/06/2023 07:30; ;Όχι
16/06/2023 07:45; ;Όχι
16/06/2023 08:00; ;Όχι
16/06/2023 08:15; ;Όχι
16/06/2023 08:30; ;Όχι
16/06/2023 08:45; ;Όχι
16/06/2023 09:00; ;Όχι
16/06/2023 09:15; ;Όχι
16/06/2023 09:30; ;Όχι
16/06/2023 09:45; ;Όχι
16/06/2023 10:00; ;Όχι
16/06/2023 10:15; ;Όχι
16/06/2023 10:30; ;Όχι
16/06/2023 10:45; ;Όχι
16/06/2023 11:00; ;Όχι
16/06/2023 11:15; ;Όχι
16/06/2023 11:30; ;Όχι
16/06/2023 11:45; ;Όχι
16/06/2023 12:00; ;Όχι
16/06/2023 12:15; ;Όχι
16/06/2023 12:30; ;Όχι
16/06/2023 12:45; ;Όχι
16/06/2023 13:00; ;Όχι
16/06/2023 13:15; ;Όχι
16/06/2023 13:30; ;Όχι
16/06/2023 13:45; ;Όχι
16/06/2023 14:00; ;Όχι
16/06/2023 14:15; ;Όχι
16/06/2023 14:30; ;Όχι
16/06/2023 14:45; ;Όχι
16/06/2023 15:00; ;Όχι
16/06/2023 15:15; ;Όχι
16/06/2023 15:30; ;Όχι
16/06/2023 15:45; ;Όχι
16/06/2023 16:00; ;Όχι
16/06/2023 16:15; ;Όχι
16/06/2023 16:30; ;Όχι
16/06/2023 16:45; ;Όχι
16/06/2023 17:00; ;Όχι
16/06/2023 17:15; ;Όχι
16/06/2023 17:30; ;Όχι
16/06/2023 17:45; ;Όχι
16/06/2023 18:00; ;Όχι
16/06/2023 18:15; ;Όχι
16/06/2023 18:30; ;Όχι
16/06/2023 18:45; ;Όχι
16/06/2023 19:00; ;Όχι
16/06/2023 19:15; ;Όχι
16/06/2023 19:30; ;Όχι
16/06/2023 19:45; ;Όχι
16/06/2023 20:00; ;Όχι
16/06/2023 20:15; ;Όχι
16/06/2023 20:30; ;Όχι
16/06/2023 20:45; ;Όχι
16/06/2023 21:00; ;Όχι
16/06/2023 21:15; ;Όχι
16/06/2023 21:30; ;Όχι
16/06/2023 21:45; ;Όχι
16/06/2023 22:00; ;Όχι
16/06/2023 22:15; ;Όχι
16/06/2023 22:30; ;Όχι
16/06/2023 22:45; ;Όχι
16/06/2023 23:00; ;Όχι
16/06/2023 23:15; ;Όχι
16/06/2023 23:30; ;Όχι
16/06/2023 23:45; ;Όχι
17/06/2023 00:00; ;Όχι
17/06/2023 00:15; ;Όχι
17/06/2023 00:30; ;Όχι
17/06/2023 00:45; ;Όχι
17/06/2023 01:00; ;Όχι
17/06/2023 01:15; ;Όχι
17/06/2023 01:30; ;Όχι
17/06/2023 01:45; ;Όχι
17/06/2023 02:00; ;Όχι
17/06/2023 02:15; ;Όχι
17/06/2023 02:30; ;Όχι
17/06/2023 02:45; ;Όχι
17/06/2023 03:00; ;Όχι
17/06/2023 03:15; ;Όχι
17/06/2023 03:30; ;Όχι
17/06/2023 03:45; ;Όχι
17/06/2023 04:00; ;Όχι
17/06/2023 04:15; ;Όχι
17/06/2023 04:30; ;Όχι
17/06/2023 04:45; ;Όχι
17/06/2023 05:00; ;Όχι
17/06/2023 05:15; ;Όχι
17/06/2023 05:30; ;Όχι
17/06/2023 05:45; ;Όχι
17/06/2023 06:00; ;Όχι
17/06/2023 06:15; ;Όχι
17/06/2023 06:30; ;Όχι
17/06/2023 06:45; ;Όχι
17/06/2023 07:00; ;Όχι
17/06/2023 07:15; ;Όχι
17/06/2023 07:30; ;Όχι
17/06/2023 07:45; ;Όχι
17/06/2023 08:00; ;Όχι
17/06/2023 08:15; ;Όχι
17/06/2023 08:30; ;Όχι
17/06/2023 08:45; ;Όχι
17/06/2023 09:00; ;Όχι
17/06/2023 09:15; ;Όχι
17/06/2023 09:30; ;Όχι
17/06/2023 09:45; ;Όχι
17/06/2023 10:00; ;Όχι
17/06/2023 10:15; ;Όχι
17/06/2023 10:30; ;Όχι
17/06/2023 10:45; ;Όχι
17/06/2023 11:00; ;Όχι
17/06/2023 11:15; ;Όχι
17/06/2023 11:30; ;Όχι
17/06/2023 11:45; ;Όχι
17/06/2023 12:00; ;Όχι
17/06/2023 12:15; ;Όχι
17/06/2023 12:30; ;Όχι
17/06/2023 12:45; ;Όχι
17/06/2023 13:00; ;Όχι
17/06/2023 13:15; ;Όχι
17/06/2023 13:30; ;Όχι
17/06/2023 13:45; ;Όχι
17/06/2023 14:00; ;Όχι
17/06/2023 14:15; ;Όχι
17/06/2023 14:30; ;Όχι
17/06/2023 14:45; ;Όχι
17/06/2023 15:00; ;Όχι
17/06/2023 15:15; ;Όχι
17/06/2023 15:30; ;Όχι
17/06/2023 15:45; ;Όχι
17/06/2023 16:00; ;Όχι
17/06/2023 16:15; ;Όχι
17/06/2023 16:30; ;Όχι
17/06/2023 16:45; ;Όχι
17/06/2023 17:00; ;Όχι
17/06/2023 17:15; ;Όχι
17/06/2023 17:30; ;Όχι
17/06/2023 17:45; ;Όχι
17/06/2023 18:00; ;Όχι
17/06/2023 18:15; ;Όχι
17/06/2023 18:30; ;Όχι
17/06/2023 18:45; ;Όχι
17/06/2023 19:00; ;Όχι
17/06/2023 19:15; ;Όχι
17/06/2023 19:30; ;Όχι
17/06/2023 19:45; ;Όχι
17/06/2023 20:00; ;Όχι
17/06/2023 20:15; ;Όχι
17/06/2023 20:30; ;Όχι
17/06/2023 20:45; ;Όχι
17/06/2023 21:00; ;Όχι
17/06/2023 21:15; ;Όχι
17/06/2023 21:30; ;Όχι
17/06/2023 21:45; ;Όχι
17/06/2023 22:00; ;Όχι
17/06/2023 22:15; ;Όχι
17/06/2023 22:30; ;Όχι
17/06/2023 22:45; ;Όχι
17/06/2023 23:00; ;Όχι
17/06/2023 23:15; ;Όχι
17/06/2023 23:30; ;Όχι
17/06/2023 23:45; ;Όχι
18/06/2023 00:00; ;Όχι
18/06/2023 00:15; ;Όχι
18/06/2023 00:30; ;Όχι
18/06/2023 00:45; ;Όχι
18/06/2023 01:00; ;Όχι
18/06/2023 01:15; ;Όχι
18/06/2023 01:30; ;Όχι
18/06/2023 01:45; ;Όχι
18/06/2023 02:00; ;Όχι
18/06/2023 02:15; ;Όχι
18/06/2023 02:30; ;Όχι
18/06/2023 02:45; ;Όχι
18/06/2023 03:00; ;Όχι
18/06/2023 03:15; ;Όχι
18/06/2023 03:30; ;Όχι
18/06/2023 03:45; ;Όχι
18/06/2023 04:00; ;Όχι
18/06/2023 04:15; ;Όχι
18/06/2023 04:30; ;Όχι
18/06/2023 04:45; ;Όχι
18/06/2023 05:00; ;Όχι
18/06/2023 05:15; ;Όχι
18/06/2023 05:30; ;Όχι
18/06/2023 05:45; ;Όχι
18/06/2023 06:00; ;Όχι
18/06/2023 06:15; ;Όχι
18/06/2023 06:30; ;Όχι
18/06/2023 06:45; ;Όχι
18/06/2023 07:00; ;Όχι
18/06/2023 07:15; ;Όχι
18/06/2023 07:30; ;Όχι
18/06/2023 07:45; ;Όχι
18/06/2023 08:00; ;Όχι
18/06/2023 08:15; ;Όχι
18/06/2023 08:30; ;Όχι
18/06/2023 08:45; ;Όχι
18/06/2023 09:00; ;Όχι
18/06/2023 09:15; ;Όχι
18/06/2023 09:30; ;Όχι
18/06/2023 09:45; ;Όχι
18/06/2023 10:00; ;Όχι
18/06/2023 10:15; ;Όχι
18/06/2023 10:30; ;Όχι
18/06/2023 10:45; ;Όχι
18/06/2023 11:00; ;Όχι
18/06/2023 11:15; ;Όχι
18/06/2023 11:30; ;Όχι
18/06/2023 11:45; ;Όχι
18/06/2023 12:00; ;Όχι
18/06/2023 12:15; ;Όχι
18/06/2023 12:30; ;Όχι
18/06/2023 12:45; ;Όχι
18/06/2023 13:00; ;Όχι
18/06/2023 13:15; ;Όχι
18/06/2023 13:30; ;Όχι
18/06/2023 13:45; ;Όχι
18/06/2023 14:00; ;Όχι
18/06/2023 14:15; ;Όχι
18/06/2023 14:30; ;Όχι
18/06/2023 14:45; ;Όχι
18/06/2023 15:00; ;Όχι
18/06/2023 15:15; ;Όχι
18/06/2023 15:30; ;Όχι
18/06/2023 15:45; ;Όχι
18/06/2023 16:00; ;Όχι
18/06/2023 16:15; ;Όχι
18/06/2023 16:30; ;Όχι
18/06/2023 16:45; ;Όχι
18/06/2023 17:00; ;Όχι
18/06/2023 17:15; ;Όχι
18/06/2023 17:30; ;Όχι
18/06/2023 17:45; ;Όχι
18/06/2023 18:00; ;Όχι
18/06/2023 18:15; ;Όχι
18/06/2023 18:30; ;Όχι
18/06/2023 18:45; ;Όχι
18/06/2023 19:00; ;Όχι
18/06/2023 19:15; ;Όχι
18/06/2023 19:30; ;Όχι
18/06/2023 19:45; ;Όχι
18/06/2023 20:00; ;Όχι
18/06/2023 20:15; ;Όχι
18/06/2023 20:30; ;Όχι
18/06/2023 20:45; ;Όχι
18/06/2023 21:00; ;Όχι
18/06/2023 21:15; ;Όχι
18/06/2023 21:30; ;Όχι
18/06/2023 21:45; ;Όχι
18/06/2023 22:00; ;Όχι
18/06/2023 22:15; ;Όχι
18/06/2023 22:30; ;Όχι
18/06/2023 22:45; ;Όχι
18/06/2023 23:00; ;Όχι
18/06/2023 23:15; ;Όχι
18/06/2023 23:30; ;Όχι
18/06/2023 23:45; ;Όχι
19/06/2023 00:00; ;Όχι
19/06/2023 00:15; ;Όχι
19/06/2023 00:30; ;Όχι
19/06/2023 00:45; ;Όχι
19/06/2023 01:00; ;Όχι
19/06/2023 01:15; ;Όχι
19/06/2023 01:30; ;Όχι
19/06/2023 01:45; ;Όχι
19/06/2023 02:00; ;Όχι
19/06/2023 02:15; ;Όχι
19/06/2023 02:30; ;Όχι
19/06/2023 02:45; ;Όχι
19/06/2023 03:00; ;Όχι
19/06/2023 03:15; ;Όχι
19/06/2023 03:30; ;Όχι
19/06/2023 03:45; ;Όχι
19/06/2023 04:00; ;Όχι
19/06/2023 04:15; ;Όχι
19/06/2023 04:30; ;Όχι
19/06/2023 04:45; ;Όχι
19/06/2023 05:00; ;Όχι
19/06/2023 05:15; ;Όχι
19/06/2023 05:30; ;Όχι
19/06/2023 05:45; ;Όχι
19/06/2023 06:00; ;Όχι
19/06/2023 06:15; ;Όχι
19/06/2023 06:30; ;Όχι
19/06/2023 06:45; ;Όχι
19/06/2023 07:00; ;Όχι
19/06/2023 07:15; ;Όχι
19/06/2023 07:30; ;Όχι
19/06/2023 07:45; ;Όχι
19/06/2023 08:00; ;Όχι
19/06/2023 08:15; ;Όχι
19/06/2023 08:30; ;Όχι
19/06/2023 08:45; ;Όχι
19/06/2023 09:00; ;Όχι
19/06/2023 09:15; ;Όχι
19/06/2023 09:30; ;Όχι
19/06/2023 09:45; ;Όχι
19/06/2023 10:00; ;Όχι
19/06/2023 10:15; ;Όχι
19/06/2023 10:30; ;Όχι
19/06/2023 10:45; ;Όχι
19/06/2023 11:00; ;Όχι
19/06/2023 11:15; ;Όχι
19/06/2023 11:30; ;Όχι
19/06/2023 11:45; ;Όχι
19/06/2023 12:00; ;Όχι
19/06/2023 12:15; ;Όχι
19/06/2023 12:30; ;Όχι
19/06/2023 12:45; ;Όχι
19/06/2023 13:00; ;Όχι
19/06/2023 13:15; ;Όχι
19/06/2023 13:30; ;Όχι
19/06/2023 13:45; ;Όχι
19/06/2023 14:00; ;Όχι
19/06/2023 14:15; ;Όχι
19/06/2023 14:30; ;Όχι
19/06/2023 14:45; ;Όχι
19/06/2023 15:00; ;Όχι
19/06/2023 15:15; ;Όχι
19/06/2023 15:30; ;Όχι
19/06/2023 15:45; ;Όχι
19/06/2023 16:00; ;Όχι
19/06/2023 16:15; ;Όχι
19/06/2023 16:30; ;Όχι
19/06/2023 16:45; ;Όχι
19/06/2023 17:00; ;Όχι
19/06/2023 17:15; ;Όχι
19/06/2023 17:30; ;Όχι
19/06/2023 17:45; ;Όχι
19/06/2023 18:00; ;Όχι
19/06/2023 18:15; ;Όχι
19/06/2023 18:30; ;Όχι
19/06/2023 18:45; ;Όχι
19/06/2023 19:00; ;Όχι
19/06/2023 19:15; ;Όχι
19/06/2023 19:30; ;Όχι
19/06/2023 19:45; ;Όχι
19/06/2023 20:00; ;Όχι
19/06/2023 20:15; ;Όχι
19/06/2023 20:30; ;Όχι
19/06/2023 20:45; ;Όχι
19/06/2023 21:00; ;Όχι
19/06/2023 21:15; ;Όχι
19/06/2023 21:30; ;Όχι
19/06/2023 21:45; ;Όχι
19/06/2023 22:00; ;Όχι
19/06/2023 22:15; ;Όχι
19/06/2023 22:30; ;Όχι
19/06/2023 22:45; ;Όχι
19/06/2023 23:00; ;Όχι
19/06/2023 23:15; ;Όχι
19/06/2023 23:30; ;Όχι
19/06/2023 23:45; ;Όχι
20/06/2023 00:00; ;Όχι
20/06/2023 00:15; ;Όχι
20/06/2023 00:30; ;Όχι
20/06/2023 00:45; ;Όχι
20/06/2023 01:00; ;Όχι
20/06/2023 01:15; ;Όχι
20/06/2023 01:30; ;Όχι
20/06/2023 01:45; ;Όχι
20/06/2023 02:00; ;Όχι
20/06/2023 02:15; ;Όχι
20/06/2023 02:30; ;Όχι
20/06/2023 02:45; ;Όχι
20/06/2023 03:00; ;Όχι
20/06/2023 03:15; ;Όχι
20/06/2023 03:30; ;Όχι
20/06/2023 03:45; ;Όχι
20/06/2023 04:00; ;Όχι
20/06/2023 04:15; ;Όχι
20/06/2023 04:30; ;Όχι
20/06/2023 04:45; ;Όχι
20/06/2023 05:00; ;Όχι
20/06/2023 05:15; ;Όχι
20/06/2023 05:30; ;Όχι
20/06/2023 05:45; ;Όχι
20/06/2023 06:00; ;Όχι
20/06/2023 06:15; ;Όχι
20/06/2023 06:30; ;Όχι
20/06/2023 06:45; ;Όχι
20/06/2023 07:00; ;Όχι
20/06/2023 07:15; ;Όχι
20/06/2023 07:30; ;Όχι
20/06/2023 07:45; ;Όχι
20/06/2023 08:00; ;Όχι
20/06/2023 08:15; ;Όχι
20/06/2023 08:30; ;Όχι
20/06/2023 08:45; ;Όχι
20/06/2023 09:00; ;Όχι
20/06/2023 09:15; ;Όχι
20/06/2023 09:30; ;Όχι
20/06/2023 09:45; ;Όχι
20/06/2023 10:00; ;Όχι
20/06/2023 10:15; ;Όχι
20/06/2023 10:30; ;Όχι
20/06/2023 10:45; ;Όχι
20/06/2023 11:00; ;Όχι
20/06/2023 11:15; ;Όχι
20/06/2023 11:30; ;Όχι
20/06/2023 11:45; ;Όχι
20/06/2023 12:00; ;Όχι
20/06/2023 12:15; ;Όχι
20/06/2023 12:30; ;Όχι
20/06/2023 12:45; ;Όχι
20/06/2023 13:00; ;Όχι
20/06/2023 13:15; ;Όχι
20/06/2023 13:30; ;Όχι
20/06/2023 13:45; ;Όχι
20/06/2023 14:00; ;Όχι
20/06/2023 14:15; ;Όχι
20/06/2023 14:30; ;Όχι
20/06/2023 14:45; ;Όχι
20/06/2023 15:00; ;Όχι
20/06/2023 15:15; ;Όχι
20/06/2023 15:30; ;Όχι
20/06/2023 15:45; ;Όχι
20/06/2023 16:00; ;Όχι
20/06/2023 16:15; ;Όχι
20/06/2023 16:30; ;Όχι
20/06/2023 16:45; ;Όχι
20/06/2023 17:00; ;Όχι
20/06/2023 17:15; ;Όχι
20/06/2023 17:30; ;Όχι
20/06/2023 17:45; ;Όχι
20/06/2023 18:00; ;Όχι
20/06/2023 18:15; ;Όχι
20/06/2023 18:30; ;Όχι
20/06/2023 18:45; ;Όχι
20/06/2023 19:00; ;Όχι
20/06/2023 19:15; ;Όχι
20/06/2023 19:30; ;Όχι
20/06/2023 19:45; ;Όχι
20/06/2023 20:00; ;Όχι
20/06/2023 20:15; ;Όχι
20/06/2023 20:30; ;Όχι
20/06/2023 20:45; ;Όχι
20/06/2023 21:00; ;Όχι
20/06/2023 21:15; ;Όχι
20/06/2023 21:30; ;Όχι
20/06/2023 21:45; ;Όχι
20/06/2023 22:00; ;Όχι
20/06/2023 22:15; ;Όχι
20/06/2023 22:30; ;Όχι
20/06/2023 22:45; ;Όχι
20/06/2023 23:00; ;Όχι
20/06/2023 23:15; ;Όχι
20/06/2023 23:30; ;Όχι
20/06/2023 23:45; ;Όχι
21/06/2023 00:00; ;Όχι
21/06/2023 00:15; ;Όχι
21/06/2023 00:30; ;Όχι
21/06/2023 00:45; ;Όχι
21/06/2023 01:00; ;Όχι
21/06/2023 01:15; ;Όχι
21/06/2023 01:30; ;Όχι
21/06/2023 01:45; ;Όχι
21/06/2023 02:00; ;Όχι
21/06/2023 02:15; ;Όχι
21/06/2023 02:30; ;Όχι
21/06/2023 02:45; ;Όχι
21/06/2023 03:00; ;Όχι
21/06/2023 03:15; ;Όχι
21/06/2023 03:30; ;Όχι
21/06/2023 03:45; ;Όχι
21/06/2023 04:00; ;Όχι
21/06/2023 04:15; ;Όχι
21/06/2023 04:30; ;Όχι
21/06/2023 04:45; ;Όχι
21/06/2023 05:00; ;Όχι
21/06/2023 05:15; ;Όχι
21/06/2023 05:30; ;Όχι
21/06/2023 05:45; ;Όχι
21/06/2023 06:00; ;Όχι
21/06/2023 06:15; ;Όχι
21/06/2023 06:30; ;Όχι
21/06/2023 06:45; ;Όχι
21/06/2023 07:00; ;Όχι
21/06/2023 07:15; ;Όχι
21/06/2023 07:30; ;Όχι
21/06/2023 07:45; ;Όχι
21/06/2023 08:00; ;Όχι
21/06/2023 08:15; ;Όχι
21/06/2023 08:30; ;Όχι
21/06/2023 08:45; ;Όχι
21/06/2023 09:00; ;Όχι
21/06/2023 09:15; ;Όχι
21/06/2023 09:30; ;Όχι
21/06/2023 09:45; ;Όχι
21/06/2023 10:00; ;Όχι
21/06/2023 10:15; ;Όχι
21/06/2023 10:30; ;Όχι
21/06/2023 10:45; ;Όχι
21/06/2023 11:00; ;Όχι
21/06/2023 11:15; ;Όχι
21/06/2023 11:30; ;Όχι
21/06/2023 11:45; ;Όχι
21/06/2023 12:00; ;Όχι
21/06/2023 12:15; ;Όχι
21/06/2023 12:30; ;Όχι
21/06/2023 12:45; ;Όχι
21/06/2023 13:00; ;Όχι
21/06/2023 13:15; ;Όχι
21/06/2023 13:30; ;Όχι
21/06/2023 13:45; ;Όχι
21/06/2023 14:00; ;Όχι
21/06/2023 14:15; ;Όχι
21/06/2023 14:30; ;Όχι
21/06/2023 14:45; ;Όχι
21/06/2023 15:00; ;Όχι
21/06/2023 15:15; ;Όχι
21/06/2023 15:30; ;Όχι
21/06/2023 15:45; ;Όχι
21/06/2023 16:00; ;Όχι
21/06/2023 16:15; ;Όχι
21/06/2023 16:30; ;Όχι
21/06/2023 16:45; ;Όχι
21/06/2023 17:00; ;Όχι
21/06/2023 17:15; ;Όχι
21/06/2023 17:30; ;Όχι
21/06/2023 17:45; ;Όχι
21/06/2023 18:00; ;Όχι
21/06/2023 18:15; ;Όχι
21/06/2023 18:30; ;Όχι
21/06/2023 18:45; ;Όχι
21/06/2023 19:00; ;Όχι
21/06/2023 19:15; ;Όχι
21/06/2023 19:30; ;Όχι
21/06/2023 19:45; ;Όχι
21/06/2023 20:00; ;Όχι
21/06/2023 20:15; ;Όχι
21/06/2023 20:30; ;Όχι
21/06/2023 20:45; ;Όχι
21/06/2023 21:00; ;Όχι
21/06/2023 21:15; ;Όχι
21/06/2023 21:30; ;Όχι
21/06/2023 21:45; ;Όχι
21/06/2023 22:00; ;Όχι
21/06/2023 22:15; ;Όχι
21/06/2023 22:30; ;Όχι
21/06/2023 22:45; ;Όχι
21/06/2023 23:00; ;Όχι
21/06/2023 23:15; ;Όχι
21/06/2023 23:30; ;Όχι
21/06/2023 23:45; ;Όχι
22/06/2023 00:00; ;Όχι
22/06/2023 00:15; ;Όχι
22/06/2023 00:30; ;Όχι
22/06/2023 00:45; ;Όχι
22/06/2023 01:00; ;Όχι
22/06/2023 01:15; ;Όχι
22/06/2023 01:30; ;Όχι
22/06/2023 01:45; ;Όχι
22/06/2023 02:00; ;Όχι
22/06/2023 02:15; ;Όχι
22/06/2023 02:30; ;Όχι
22/06/2023 02:45; ;Όχι
22/06/2023 03:00; ;Όχι
22/06/2023 03:15; ;Όχι
22/06/2023 03:30; ;Όχι
22/06/2023 03:45; ;Όχι
22/06/2023 04:00; ;Όχι
22/06/2023 04:15; ;Όχι
22/06/2023 04:30; ;Όχι
22/06/2023 04:45; ;Όχι
22/06/2023 05:00; ;Όχι
22/06/2023 05:15; ;Όχι
22/06/2023 05:30; ;Όχι
22/06/2023 05:45; ;Όχι
22/06/2023 06:00; ;Όχι
22/06/2023 06:15; ;Όχι
22/06/2023 06:30; ;Όχι
22/06/2023 06:45; ;Όχι
22/06/2023 07:00; ;Όχι
22/06/2023 07:15; ;Όχι
22/06/2023 07:30; ;Όχι
22/06/2023 07:45; ;Όχι
22/06/2023 08:00; ;Όχι
22/06/2023 08:15; ;Όχι
22/06/2023 08:30; ;Όχι
22/06/2023 08:45; ;Όχι
22/06/2023 09:00; ;Όχι
22/06/2023 09:15; ;Όχι
22/06/2023 09:30; ;Όχι
22/06/2023 09:45; ;Όχι
22/06/2023 10:00; ;Όχι
22/06/2023 10:15; ;Όχι
22/06/2023 10:30; ;Όχι
22/06/2023 10:45; ;Όχι
22/06/2023 11:00; ;Όχι
22/06/2023 11:15; ;Όχι
22/06/2023 11:30; ;Όχι
22/06/2023 11:45; ;Όχι
22/06/2023 12:00; ;Όχι
22/06/2023 12:15; ;Όχι
22/06/2023 12:30; ;Όχι
22/06/2023 12:45; ;Όχι
22/06/2023 13:00; ;Όχι
22/06/2023 13:15; ;Όχι
22/06/2023 13:30; ;Όχι
22/06/2023 13:45; ;Όχι
22/06/2023 14:00; ;Όχι
22/06/2023 14:15; ;Όχι
22/06/2023 14:30; ;Όχι
22/06/2023 14:45; ;Όχι
22/06/2023 15:00; ;Όχι
22/06/2023 15:15; ;Όχι
22/06/2023 15:30; ;Όχι
22/06/2023 15:45; ;Όχι
22/06/2023 16:00; ;Όχι
22/06/2023 16:15; ;Όχι
22/06/2023 16:30; ;Όχι
22/06/2023 16:45; ;Όχι
22/06/2023 17:00; ;Όχι
22/06/2023 17:15; ;Όχι
22/06/2023 17:30; ;Όχι
22/06/2023 17:45; ;Όχι
22/06/2023 18:00; ;Όχι
22/06/2023 18:15; ;Όχι
22/06/2023 18:30; ;Όχι
22/06/2023 18:45; ;Όχι
22/06/2023 19:00; ;Όχι
22/06/2023 19:15; ;Όχι
22/06/2023 19:30; ;Όχι
22/06/2023 19:45; ;Όχι
22/06/2023 20:00; ;Όχι
22/06/2023 20:15; ;Όχι
22/06/2023 20:30; ;Όχι
22/06/2023 20:45; ;Όχι
22/06/2023 21:00; ;Όχι
22/06/2023 21:15; ;Όχι
22/06/2023 21:30; ;Όχι
22/06/2023 21:45; ;Όχι
22/06/2023 22:00; ;Όχι
22/06/2023 22:15; ;Όχι
22/06/2023 22:30; ;Όχι
22/06/2023 22:45; ;Όχι
22/06/2023 23:00; ;Όχι
22/06/2023 23:15; ;Όχι
22/06/2023 23:30; ;Όχι
22/06/2023 23:45; ;Όχι
23/06/2023 00:00; ;Όχι
23/06/2023 00:15; ;Όχι
23/06/2023 00:30; ;Όχι
23/06/2023 00:45; ;Όχι
23/06/2023 01:00; ;Όχι
23/06/2023 01:15; ;Όχι
23/06/2023 01:30; ;Όχι
23/06/2023 01:45; ;Όχι
23/06/2023 02:00; ;Όχι
23/06/2023 02:15; ;Όχι
23/06/2023 02:30; ;Όχι
23/06/2023 02:45; ;Όχι
23/06/2023 03:00; ;Όχι
23/06/2023 03:15; ;Όχι
23/06/2023 03:30; ;Όχι
23/06/2023 03:45; ;Όχι
23/06/2023 04:00; ;Όχι
23/06/2023 04:15; ;Όχι
23/06/2023 04:30; ;Όχι
23/06/2023 04:45; ;Όχι
23/06/2023 05:00; ;Όχι
23/06/2023 05:15; ;Όχι
23/06/2023 05:30; ;Όχι
23/06/2023 05:45; ;Όχι
23/06/2023 06:00; ;Όχι
23/06/2023 06:15; ;Όχι
23/06/2023 06:30; ;Όχι
23/06/2023 06:45; ;Όχι
23/06/2023 07:00; ;Όχι
23/06/2023 07:15; ;Όχι
23/06/2023 07:30; ;Όχι
23/06/2023 07:45; ;Όχι
23/06/2023 08:00; ;Όχι
23/06/2023 08:15; ;Όχι
23/06/2023 08:30; ;Όχι
23/06/2023 08:45; ;Όχι
23/06/2023 09:00; ;Όχι
23/06/2023 09:15; ;Όχι
23/06/2023 09:30; ;Όχι
23/06/2023 09:45; ;Όχι
23/06/2023 10:00; ;Όχι
23/06/2023 10:15; ;Όχι
23/06/2023 10:30; ;Όχι
23/06/2023 10:45; ;Όχι
23/06/2023 11:00; ;Όχι
23/06/2023 11:15; ;Όχι
23/06/2023 11:30; ;Όχι
23/06/2023 11:45; ;Όχι
23/06/2023 12:00; ;Όχι
23/06/2023 12:15; ;Όχι
23/06/2023 12:30; ;Όχι
23/06/2023 12:45; ;Όχι
23/06/2023 13:00; ;Όχι
23/06/2023 13:15; ;Όχι
23/06/2023 13:30; ;Όχι
23/06/2023 13:45; ;Όχι
23/06/2023 14:00; ;Όχι
23/06/2023 14:15; ;Όχι
23/06/2023 14:30; ;Όχι
23/06/2023 14:45; ;Όχι
23/06/2023 15:00; ;Όχι
23/06/2023 15:15; ;Όχι
23/06/2023 15:30; ;Όχι
23/06/2023 15:45; ;Όχι
23/06/2023 16:00; ;Όχι
23/06/2023 16:15; ;Όχι
23/06/2023 16:30; ;Όχι
23/06/2023 16:45; ;Όχι
23/06/2023 17:00; ;Όχι
23/06/2023 17:15; ;Όχι
23/06/2023 17:30; ;Όχι
23/06/2023 17:45; ;Όχι
23/06/2023 18:00; ;Όχι
23/06/2023 18:15; ;Όχι
23/06/2023 18:30; ;Όχι
23/06/2023 18:45; ;Όχι
23/06/2023 19:00; ;Όχι
23/06/2023 19:15; ;Όχι
23/06/2023 19:30; ;Όχι
23/06/2023 19:45; ;Όχι
23/06/2023 20:00; ;Όχι
23/06/2023 20:15; ;Όχι
23/06/2023 20:30; ;Όχι
23/06/2023 20:45; ;Όχι
23/06/2023 21:00; ;Όχι
23/06/2023 21:15; ;Όχι
23/06/2023 21:30; ;Όχι
23/06/2023 21:45; ;Όχι
23/06/2023 22:00; ;Όχι
23/06/2023 22:15; ;Όχι
23/06/2023 22:30; ;Όχι
23/06/2023 22:45; ;Όχι
23/06/2023 23:00; ;Όχι
23/06/2023 23:15; ;Όχι
23/06/2023 23:30; ;Όχι
23/06/2023 23:45; ;Όχι
24/06/2023 00:00; ;Όχι
24/06/2023 00:15; ;Όχι
24/06/2023 00:30; ;Όχι
24/06/2023 00:45; ;Όχι
24/06/2023 01:00; ;Όχι
24/06/2023 01:15; ;Όχι
24/06/2023 01:30; ;Όχι
24/06/2023 01:45; ;Όχι
24/06/2023 02:00; ;Όχι
24/06/2023 02:15; ;Όχι
24/06/2023 02:30; ;Όχι
24/06/2023 02:45; ;Όχι
24/06/2023 03:00; ;Όχι
24/06/2023 03:15; ;Όχι
24/06/2023 03:30; ;Όχι
24/06/2023 03:45; ;Όχι
24/06/2023 04:00; ;Όχι
24/06/2023 04:15; ;Όχι
24/06/2023 04:30; ;Όχι
24/06/2023 04:45; ;Όχι
24/06/2023 05:00; ;Όχι
24/06/2023 05:15; ;Όχι
24/06/2023 05:30; ;Όχι
24/06/2023 05:45; ;Όχι
24/06/2023 06:00; ;Όχι
24/06/2023 06:15; ;Όχι
24/06/2023 06:30; ;Όχι
24/06/2023 06:45; ;Όχι
24/06/2023 07:00; ;Όχι
24/06/2023 07:15; ;Όχι
24/06/2023 07:30; ;Όχι
24/06/2023 07:45; ;Όχι
24/06/2023 08:00; ;Όχι
24/06/2023 08:15; ;Όχι
24/06/2023 08:30; ;Όχι
24/06/2023 08:45; ;Όχι
24/06/2023 09:00; ;Όχι
24/06/2023 09:15; ;Όχι
24/06/2023 09:30; ;Όχι
24/06/2023 09:45; ;Όχι
24/06/2023 10:00; ;Όχι
24/06/2023 10:15; ;Όχι
24/06/2023 10:30; ;Όχι
24/06/2023 10:45; ;Όχι
24/06/2023 11:00; ;Όχι
24/06/2023 11:15; ;Όχι
24/06/2023 11:30; ;Όχι
24/06/2023 11:45; ;Όχι
24/06/2023 12:00; ;Όχι
24/06/2023 12:15; ;Όχι
24/06/2023 12:30; ;Όχι
24/06/2023 12:45; ;Όχι
24/06/2023 13:00; ;Όχι
24/06/2023 13:15; ;Όχι
24/06/2023 13:30; ;Όχι
24/06/2023 13:45; ;Όχι
24/06/2023 14:00; ;Όχι
24/06/2023 14:15; ;Όχι
24/06/2023 14:30; ;Όχι
24/06/2023 14:45; ;Όχι
24/06/2023 15:00; ;Όχι
24/06/2023 15:15; ;Όχι
24/06/2023 15:30; ;Όχι
24/06/2023 15:45; ;Όχι
24/06/2023 16:00; ;Όχι
24/06/2023 16:15; ;Όχι
24/06/2023 16:30; ;Όχι
24/06/2023 16:45; ;Όχι
24/06/2023 17:00; ;Όχι
24/06/2023 17:15; ;Όχι
24/06/2023 17:30; ;Όχι
24/06/2023 17:45; ;Όχι
24/06/2023 18:00; ;Όχι
24/06/2023 18:15; ;Όχι
24/06/2023 18:30; ;Όχι
24/06/2023 18:45; ;Όχι
24/06/2023 19:00; ;Όχι
24/06/2023 19:15; ;Όχι
24/06/2023 19:30; ;Όχι
24/06/2023 19:45; ;Όχι
24/06/2023 20:00; ;Όχι
24/06/2023 20:15; ;Όχι
24/06/2023 20:30; ;Όχι
24/06/2023 20:45; ;Όχι
24/06/2023 21:00; ;Όχι
24/06/2023 21:15; ;Όχι
24/06/2023 21:30; ;Όχι
24/06/2023 21:45; ;Όχι
24/06/2023 22:00; ;Όχι
24/06/2023 22:15; ;Όχι
24/06/2023 22:30; ;Όχι
24/06/2023 22:45; ;Όχι
24/06/2023 23:00; ;Όχι
24/06/2023 23:15; ;Όχι
24/06/2023 23:30; ;Όχι
24/06/2023 23:45; ;Όχι
25/06/2023 00:00; ;Όχι
25/06/2023 00:15; ;Όχι
25/06/2023 00:30; ;Όχι
25/06/2023 00:45; ;Όχι
25/06/2023 01:00; ;Όχι
25/06/2023 01:15; ;Όχι
25/06/2023 01:30; ;Όχι
25/06/2023 01:45; ;Όχι
25/06/2023 02:00; ;Όχι
25/06/2023 02:15; ;Όχι
25/06/2023 02:30; ;Όχι
25/06/2023 02:45; ;Όχι
25/06/2023 03:00; ;Όχι
25/06/2023 03:15; ;Όχι
25/06/2023 03:30; ;Όχι
25/06/2023 03:45; ;Όχι
25/06/2023 04:00; ;Όχι
25/06/2023 04:15; ;Όχι
25/06/2023 04:30; ;Όχι
25/06/2023 04:45; ;Όχι
25/06/2023 05:00; ;Όχι
25/06/2023 05:15; ;Όχι
25/06/2023 05:30; ;Όχι
25/06/2023 05:45; ;Όχι
25/06/2023 06:00; ;Όχι
25/06/2023 06:15; ;Όχι
25/06/2023 06:30; ;Όχι
25/06/2023 06:45; ;Όχι
25/06/2023 07:00; ;Όχι
25/06/2023 07:15; ;Όχι
25/06/2023 07:30; ;Όχι
25/06/2023 07:45; ;Όχι
25/06/2023 08:00; ;Όχι
25/06/2023 08:15; ;Όχι
25/06/2023 08:30; ;Όχι
25/06/2023 08:45; ;Όχι
25/06/2023 09:00; ;Όχι
25/06/2023 09:15; ;Όχι
25/06/2023 09:30; ;Όχι
25/06/2023 09:45; ;Όχι
25/06/2023 10:00; ;Όχι
25/06/2023 10:15; ;Όχι
25/06/2023 10:30; ;Όχι
25/06/2023 10:45; ;Όχι
25/06/2023 11:00; ;Όχι
25/06/2023 11:15; ;Όχι
25/06/2023 11:30; ;Όχι
25/06/2023 11:45; ;Όχι
25/06/2023 12:00; ;Όχι
25/06/2023 12:15; ;Όχι
25/06/2023 12:30; ;Όχι
25/06/2023 12:45; ;Όχι
25/06/2023 13:00; ;Όχι
25/06/2023 13:15; ;Όχι
25/06/2023 13:30; ;Όχι
25/06/2023 13:45; ;Όχι
25/06/2023 14:00; ;Όχι
25/06/2023 14:15; ;Όχι
25/06/2023 14:30; ;Όχι
25/06/2023 14:45; ;Όχι
25/06/2023 15:00; ;Όχι
25/06/2023 15:15; ;Όχι
25/06/2023 15:30; ;Όχι
25/06/2023 15:45; ;Όχι
25/06/2023 16:00; ;Όχι
25/06/2023 16:15; ;Όχι
25/06/2023 16:30; ;Όχι
25/06/2023 16:45; ;Όχι
25/06/2023 17:00; ;Όχι
25/06/2023 17:15; ;Όχι
25/06/2023 17:30; ;Όχι
25/06/2023 17:45; ;Όχι
25/06/2023 18:00; ;Όχι
25/06/2023 18:15; ;Όχι
25/06/2023 18:30; ;Όχι
25/06/2023 18:45; ;Όχι
25/06/2023 19:00; ;Όχι
25/06/2023 19:15; ;Όχι
25/06/2023 19:30; ;Όχι
25/06/2023 19:45; ;Όχι
25/06/2023 20:00; ;Όχι
25/06/2023 20:15; ;Όχι
25/06/2023 20:30; ;Όχι
25/06/2023 20:45; ;Όχι
25/06/2023 21:00; ;Όχι
25/06/2023 21:15; ;Όχι
25/06/2023 21:30; ;Όχι
25/06/2023 21:45; ;Όχι
25/06/2023 22:00; ;Όχι
25/06/2023 22:15; ;Όχι
25/06/2023 22:30; ;Όχι
25/06/2023 22:45; ;Όχι
25/06/2023 23:00; ;Όχι
25/06/2023 23:15; ;Όχι
25/06/2023 23:30; ;Όχι
25/06/2023 23:45; ;Όχι
26/06/2023 00:00; ;Όχι
26/06/2023 00:15; ;Όχι
26/06/2023 00:30; ;Όχι
26/06/2023 00:45; ;Όχι
26/06/2023 01:00; ;Όχι
26/06/2023 01:15; ;Όχι
26/06/2023 01:30; ;Όχι
26/06/2023 01:45; ;Όχι
26/06/2023 02:00; ;Όχι
26/06/2023 02:15; ;Όχι
26/06/2023 02:30; ;Όχι
26/06/2023 02:45; ;Όχι
26/06/2023 03:00; ;Όχι
26/06/2023 03:15; ;Όχι
26/06/2023 03:30; ;Όχι
26/06/2023 03:45; ;Όχι
26/06/2023 04:00; ;Όχι
26/06/2023 04:15; ;Όχι
26/06/2023 04:30; ;Όχι
26/06/2023 04:45; ;Όχι
26/06/2023 05:00; ;Όχι
26/06/2023 05:15; ;Όχι
26/06/2023 05:30; ;Όχι
26/06/2023 05:45; ;Όχι
26/06/2023 06:00; ;Όχι
26/06/2023 06:15; ;Όχι
26/06/2023 06:30; ;Όχι
26/06/2023 06:45; ;Όχι
26/06/2023 07:00; ;Όχι
26/06/2023 07:15; ;Όχι
26/06/2023 07:30; ;Όχι
26/06/2023 07:45; ;Όχι
26/06/2023 08:00; ;Όχι
26/06/2023 08:15; ;Όχι
26/06/2023 08:30; ;Όχι
26/06/2023 08:45; ;Όχι
26/06/2023 09:00; ;Όχι
26/06/2023 09:15; ;Όχι
26/06/2023 09:30; ;Όχι
26/06/2023 09:45; ;Όχι
26/06/2023 10:00; ;Όχι
26/06/2023 10:15; ;Όχι
26/06/2023 10:30; ;Όχι
26/06/2023 10:45; ;Όχι
26/06/2023 11:00; ;Όχι
26/06/2023 11:15; ;Όχι
26/06/2023 11:30; ;Όχι
26/06/2023 11:45; ;Όχι
26/06/2023 12:00; ;Όχι
26/06/2023 12:15; ;Όχι
26/06/2023 12:30; ;Όχι
26/06/2023 12:45; ;Όχι
26/06/2023 13:00; ;Όχι
26/06/2023 13:15; ;Όχι
26/06/2023 13:30; ;Όχι
26/06/2023 13:45; ;Όχι
26/06/2023 14:00; ;Όχι
26/06/2023 14:15; ;Όχι
26/06/2023 14:30; ;Όχι
26/06/2023 14:45; ;Όχι
26/06/2023 15:00; ;Όχι
26/06/2023 15:15; ;Όχι
26/06/2023 15:30; ;Όχι
26/06/2023 15:45; ;Όχι
26/06/2023 16:00; ;Όχι
26/06/2023 16:15; ;Όχι
26/06/2023 16:30; ;Όχι
26/06/2023 16:45; ;Όχι
26/06/2023 17:00; ;Όχι
26/06/2023 17:15; ;Όχι
26/06/2023 17:30; ;Όχι
26/06/2023 17:45; ;Όχι
26/06/2023 18:00; ;Όχι
26/06/2023 18:15; ;Όχι
26/06/2023 18:30; ;Όχι
26/06/2023 18:45; ;Όχι
26/06/2023 19:00; ;Όχι
26/06/2023 19:15; ;Όχι
26/06/2023 19:30; ;Όχι
26/06/2023 19:45; ;Όχι
26/06/2023 20:00; ;Όχι
26/06/2023 20:15; ;Όχι
26/06/2023 20:30; ;Όχι
26/06/2023 20:45; ;Όχι
26/06/2023 21:00; ;Όχι
26/06/2023 21:15; ;Όχι
26/06/2023 21:30; ;Όχι
26/06/2023 21:45; ;Όχι
26/06/2023 22:00; ;Όχι
26/06/2023 22:15; ;Όχι
26/06/2023 22:30; ;Όχι
26/06/2023 22:45; ;Όχι
26/06/2023 23:00; ;Όχι
26/06/2023 23:15; ;Όχι
26/06/2023 23:30; ;Όχι
26/06/2023 23:45; ;Όχι
27/06/2023 00:00; ;Όχι
27/06/2023 00:15; ;Όχι
27/06/2023 00:30; ;Όχι
27/06/2023 00:45; ;Όχι
27/06/2023 01:00; ;Όχι
27/06/2023 01:15; ;Όχι
27/06/2023 01:30; ;Όχι
27/06/2023 01:45; ;Όχι
27/06/2023 02:00; ;Όχι
27/06/2023 02:15; ;Όχι
27/06/2023 02:30; ;Όχι
27/06/2023 02:45; ;Όχι
27/06/2023 03:00; ;Όχι
27/06/2023 03:15; ;Όχι
27/06/2023 03:30; ;Όχι
27/06/2023 03:45; ;Όχι
27/06/2023 04:00; ;Όχι
27/06/2023 04:15; ;Όχι
27/06/2023 04:30; ;Όχι
27/06/2023 04:45; ;Όχι
27/06/2023 05:00; ;Όχι
27/06/2023 05:15; ;Όχι
27/06/2023 05:30; ;Όχι
27/06/2023 05:45; ;Όχι
27/06/2023 06:00; ;Όχι
27/06/2023 06:15; ;Όχι
27/06/2023 06:30; ;Όχι
27/06/2023 06:45; ;Όχι
27/06/2023 07:00; ;Όχι
27/06/2023 07:15; ;Όχι
27/06/2023 07:30; ;Όχι
27/06/2023 07:45; ;Όχι
27/06/2023 08:00; ;Όχι
27/06/2023 08:15; ;Όχι
27/06/2023 08:30; ;Όχι
27/06/2023 08:45; ;Όχι
27/06/2023 09:00; ;Όχι
27/06/2023 09:15; ;Όχι
27/06/2023 09:30; ;Όχι
27/06/2023 09:45; ;Όχι
27/06/2023 10:00; ;Όχι
27/06/2023 10:15; ;Όχι
27/06/2023 10:30; ;Όχι
27/06/2023 10:45; ;Όχι
27/06/2023 11:00; ;Όχι
27/06/2023 11:15; ;Όχι
27/06/2023 11:30; ;Όχι
27/06/2023 11:45; ;Όχι
27/06/2023 12:00; ;Όχι
27/06/2023 12:15; ;Όχι
27/06/2023 12:30; ;Όχι
27/06/2023 12:45; ;Όχι
27/06/2023 13:00; ;Όχι
27/06/2023 13:15; ;Όχι
27/06/2023 13:30; ;Όχι
27/06/2023 13:45; ;Όχι
27/06/2023 14:00; ;Όχι
27/06/2023 14:15; ;Όχι
27/06/2023 14:30; ;Όχι
27/06/2023 14:45; ;Όχι
27/06/2023 15:00; ;Όχι
27/06/2023 15:15; ;Όχι
27/06/2023 15:30; ;Όχι
27/06/2023 15:45; ;Όχι
27/06/2023 16:00; ;Όχι
27/06/2023 16:15; ;Όχι
27/06/2023 16:30; ;Όχι
27/06/2023 16:45; ;Όχι
27/06/2023 17:00; ;Όχι
27/06/2023 17:15; ;Όχι
27/06/2023 17:30; ;Όχι
27/06/2023 17:45; ;Όχι
27/06/2023 18:00; ;Όχι
27/06/2023 18:15; ;Όχι
27/06/2023 18:30; ;Όχι
27/06/2023 18:45; ;Όχι
27/06/2023 19:00; ;Όχι
27/06/2023 19:15; ;Όχι
27/06/2023 19:30; ;Όχι
27/06/2023 19:45; ;Όχι
27/06/2023 20:00; ;Όχι
27/06/2023 20:15; ;Όχι
27/06/2023 20:30; ;Όχι
27/06/2023 20:45; ;Όχι
27/06/2023 21:00; ;Όχι
27/06/2023 21:15; ;Όχι
27/06/2023 21:30; ;Όχι
27/06/2023 21:45; ;Όχι
27/06/2023 22:00; ;Όχι
27/06/2023 22:15; ;Όχι
27/06/2023 22:30; ;Όχι
27/06/2023 22:45; ;Όχι
27/06/2023 23:00; ;Όχι
27/06/2023 23:15; ;Όχι
27/06/2023 23:30; ;Όχι
27/06/2023 23:45; ;Όχι
28/06/2023 00:00; ;Όχι
28/06/2023 00:15; ;Όχι
28/06/2023 00:30; ;Όχι
28/06/2023 00:45; ;Όχι
28/06/2023 01:00; ;Όχι
28/06/2023 01:15; ;Όχι
28/06/2023 01:30; ;Όχι
28/06/2023 01:45; ;Όχι
28/06/2023 02:00; ;Όχι
28/06/2023 02:15; ;Όχι
28/06/2023 02:30; ;Όχι
28/06/2023 02:45; ;Όχι
28/06/2023 03:00; ;Όχι
28/06/2023 03:15; ;Όχι
28/06/2023 03:30; ;Όχι
28/06/2023 03:45; ;Όχι
28/06/2023 04:00; ;Όχι
28/06/2023 04:15; ;Όχι
28/06/2023 04:30; ;Όχι
28/06/2023 04:45; ;Όχι
28/06/2023 05:00; ;Όχι
28/06/2023 05:15; ;Όχι
28/06/2023 05:30; ;Όχι
28/06/2023 05:45; ;Όχι
28/06/2023 06:00; ;Όχι
28/06/2023 06:15; ;Όχι
28/06/2023 06:30; ;Όχι
28/06/2023 06:45; ;Όχι
28/06/2023 07:00; ;Όχι
28/06/2023 07:15; ;Όχι
28/06/2023 07:30; ;Όχι
28/06/2023 07:45; ;Όχι
28/06/2023 08:00; ;Όχι
28/06/2023 08:15; ;Όχι
28/06/2023 08:30; ;Όχι
28/06/2023 08:45; ;Όχι
28/06/2023 09:00; ;Όχι
28/06/2023 09:15; ;Όχι
28/06/2023 09:30; ;Όχι
28/06/2023 09:45; ;Όχι
28/06/2023 10:00; ;Όχι
28/06/2023 10:15; ;Όχι
28/06/2023 10:30; ;Όχι
28/06/2023 10:45; ;Όχι
28/06/2023 11:00; ;Όχι
28/06/2023 11:15; ;Όχι
28/06/2023 11:30; ;Όχι
28/06/2023 11:45; ;Όχι
28/06/2023 12:00; ;Όχι
28/06/2023 12:15; ;Όχι
28/06/2023 12:30; ;Όχι
28/06/2023 12:45; ;Όχι
28/06/2023 13:00; ;Όχι
28/06/2023 13:15; ;Όχι
28/06/2023 13:30; ;Όχι
28/06/2023 13:45; ;Όχι
28/06/2023 14:00; ;Όχι
28/06/2023 14:15; ;Όχι
28/06/2023 14:30; ;Όχι
28/06/2023 14:45; ;Όχι
28/06/2023 15:00; ;Όχι
28/06/2023 15:15; ;Όχι
28/06/2023 15:30; ;Όχι
28/06/2023 15:45; ;Όχι
28/06/2023 16:00; ;Όχι
28/06/2023 16:15; ;Όχι
28/06/2023 16:30; ;Όχι
28/06/2023 16:45; ;Όχι
28/06/2023 17:00; ;Όχι
28/06/2023 17:15; ;Όχι
28/06/2023 17:30; ;Όχι
28/06/2023 17:45; ;Όχι
28/06/2023 18:00; ;Όχι
28/06/2023 18:15; ;Όχι
28/06/2023 18:30; ;Όχι
28/06/2023 18:45; ;Όχι
28/06/2023 19:00; ;Όχι
28/06/2023 19:15; ;Όχι
28/06/2023 19:30; ;Όχι
28/06/2023 19:45; ;Όχι
28/06/2023 20:00; ;Όχι
28/06/2023 20:15; ;Όχι
28/06/2023 20:30; ;Όχι
28/06/2023 20:45; ;Όχι
28/06/2023 21:00; ;Όχι
28/06/2023 21:15; ;Όχι
28/06/2023 21:30; ;Όχι
28/06/2023 21:45; ;Όχι
28/06/2023 22:00; ;Όχι
28/06/2023 22:15; ;Όχι
28/06/2023 22:30; ;Όχι
28/06/2023 22:45; ;Όχι
28/06/2023 23:00; ;Όχι
28/06/2023 23:15; ;Όχι
28/06/2023 23:30; ;Όχι
28/06/2023 23:45; ;Όχι
29/06/2023 00:00; ;Όχι
29/06/2023 00:15; ;Όχι
29/06/2023 00:30; ;Όχι
29/06/2023 00:45; ;Όχι
29/06/2023 01:00; ;Όχι
29/06/2023 01:15; ;Όχι
29/06/2023 01:30; ;Όχι
29/06/2023 01:45; ;Όχι
29/06/2023 02:00; ;Όχι
29/06/2023 02:15; ;Όχι
29/06/2023 02:30; ;Όχι
29/06/2023 02:45; ;Όχι
29/06/2023 03:00; ;Όχι
29/06/2023 03:15; ;Όχι
29/06/2023 03:30; ;Όχι
29/06/2023 03:45; ;Όχι
29/06/2023 04:00; ;Όχι
29/06/2023 04:15; ;Όχι
29/06/2023 04:30; ;Όχι
29/06/2023 04:45; ;Όχι
29/06/2023 05:00; ;Όχι
29/06/2023 05:15; ;Όχι
29/06/2023 05:30; ;Όχι
29/06/2023 05:45; ;Όχι
29/06/2023 06:00; ;Όχι
29/06/2023 06:15; ;Όχι
29/06/2023 06:30; ;Όχι
29/06/2023 06:45; ;Όχι
29/06/2023 07:00; ;Όχι
29/06/2023 07:15; ;Όχι
29/06/2023 07:30; ;Όχι
29/06/2023 07:45; ;Όχι
29/06/2023 08:00; ;Όχι
29/06/2023 08:15; ;Όχι
29/06/2023 08:30; ;Όχι
29/06/2023 08:45; ;Όχι
29/06/2023 09:00; ;Όχι
29/06/2023 09:15; ;Όχι
29/06/2023 09:30; ;Όχι
29/06/2023 09:45; ;Όχι
29/06/2023 10:00; ;Όχι
29/06/2023 10:15; ;Όχι
29/06/2023 10:30; ;Όχι
29/06/2023 10:45; ;Όχι
29/06/2023 11:00; ;Όχι
29/06/2023 11:15; ;Όχι
29/06/2023 11:30; ;Όχι
29/06/2023 11:45; ;Όχι
29/06/2023 12:00; ;Όχι
29/06/2023 12:15; ;Όχι
29/06/2023 12:30; ;Όχι
29/06/2023 12:45; ;Όχι
29/06/2023 13:00; ;Όχι
29/06/2023 13:15; ;Όχι
29/06/2023 13:30; ;Όχι
29/06/2023 13:45; ;Όχι
29/06/2023 14:00; ;Όχι
29/06/2023 14:15; ;Όχι
29/06/2023 14:30; ;Όχι
29/06/2023 14:45; ;Όχι
29/06/2023 15:00; ;Όχι
29/06/2023 15:15; ;Όχι
29/06/2023 15:30; ;Όχι
29/06/2023 15:45; ;Όχι
29/06/2023 16:00; ;Όχι
29/06/2023 16:15; ;Όχι
29/06/2023 16:30; ;Όχι
29/06/2023 16:45; ;Όχι
29/06/2023 17:00; ;Όχι
29/06/2023 17:15; ;Όχι
29/06/2023 17:30; ;Όχι
29/06/2023 17:45; ;Όχι
29/06/2023 18:00; ;Όχι
29/06/2023 18:15; ;Όχι
29/06/2023 18:30; ;Όχι
29/06/2023 18:45; ;Όχι
29/06/2023 19:00; ;Όχι
29/06/2023 19:15; ;Όχι
29/06/2023 19:30; ;Όχι
29/06/2023 19:45; ;Όχι
29/06/2023 20:00; ;Όχι
29/06/2023 20:15; ;Όχι
29/06/2023 20:30; ;Όχι
29/06/2023 20:45; ;Όχι
29/06/2023 21:00; ;Όχι
29/06/2023 21:15; ;Όχι
29/06/2023 21:30; ;Όχι
29/06/2023 21:45; ;Όχι
29/06/2023 22:00; ;Όχι
29/06/2023 22:15; ;Όχι
29/06/2023 22:30; ;Όχι
29/06/2023 22:45; ;Όχι
29/06/2023 23:00; ;Όχι
29/06/2023 23:15; ;Όχι
29/06/2023 23:30; ;Όχι
29/06/2023 23:45; ;Όχι
30/06/2023 00:00; ;Όχι
30/06/2023 00:15; ;Όχι
30/06/2023 00:30; ;Όχι
30/06/2023 00:45; ;Όχι
30/06/2023 01:00; ;Όχι
30/06/2023 01:15; ;Όχι
30/06/2023 01:30; ;Όχι
30/06/2023 01:45; ;Όχι
30/06/2023 02:00; ;Όχι
30/06/2023 02:15; ;Όχι
30/06/2023 02:30; ;Όχι
30/06/2023 02:45; ;Όχι
30/06/2023 03:00; ;Όχι
30/06/2023 03:15; ;Όχι
30/06/2023 03:30; ;Όχι
30/06/2023 03:45; ;Όχι
30/06/2023 04:00; ;Όχι
30/06/2023 04:15; ;Όχι
30/06/2023 04:30; ;Όχι
30/06/2023 04:45; ;Όχι
30/06/2023 05:00; ;Όχι
30/06/2023 05:15; ;Όχι
30/06/2023 05:30; ;Όχι
30/06/2023 05:45; ;Όχι
30/06/2023 06:00; ;Όχι
30/06/2023 06:15; ;Όχι
30/06/2023 06:30; ;Όχι
30/06/2023 06:45; ;Όχι
30/06/2023 07:00; ;Όχι
30/06/2023 07:15; ;Όχι
30/06/2023 07:30; ;Όχι
30/06/2023 07:45; ;Όχι
30/06/2023 08:00; ;Όχι
30/06/2023 08:15; ;Όχι
30/06/2023 08:30; ;Όχι
30/06/2023 08:45; ;Όχι
30/06/2023 09:00; ;Όχι
30/06/2023 09:15; ;Όχι
30/06/2023 09:30; ;Όχι
30/06/2023 09:45; ;Όχι
30/06/2023 10:00; ;Όχι
30/06/2023 10:15; ;Όχι
30/06/2023 10:30; ;Όχι
30/06/2023 10:45; ;Όχι
30/06/2023 11:00; ;Όχι
30/06/2023 11:15; ;Όχι
30/06/2023 11:30; ;Όχι
30/06/2023 11:45; ;Όχι
30/06/2023 12:00; ;Όχι
30/06/2023 12:15; ;Όχι
30/06/2023 12:30; ;Όχι
30/06/2023 12:45; ;Όχι
30/06/2023 13:00; ;Όχι
30/06/2023 13:15; ;Όχι
30/06/2023 13:30; ;Όχι
30/06/2023 13:45; ;Όχι
30/06/2023 14:00; ;Όχι
30/06/2023 14:15; ;Όχι
30/06/2023 14:30; ;Όχι
30/06/2023 14:45; ;Όχι
30/06/2023 15:00; ;Όχι
30/06/2023 15:15; ;Όχι
30/06/2023 15:30; ;Όχι
30/06/2023 15:45; ;Όχι
30/06/2023 16:00; ;Όχι
30/06/2023 16:15; ;Όχι
30/06/2023 16:30; ;Όχι
30/06/2023 16:45; ;Όχι
30/06/2023 17:00; ;Όχι
30/06/2023 17:15; ;Όχι
30/06/2023 17:30; ;Όχι
30/06/2023 17:45; ;Όχι
30/06/2023 18:00; ;Όχι
30/06/2023 18:15; ;Όχι
30/06/2023 18:30; ;Όχι
30/06/2023 18:45; ;Όχι
30/06/2023 19:00; ;Όχι
30/06/2023 19:15; ;Όχι
30/06/2023 19:30; ;Όχι
30/06/2023 19:45; ;Όχι
30/06/2023 20:00; ;Όχι
30/06/2023 20:15; ;Όχι
30/06/2023 20:30; ;Όχι
30/06/2023 20:45; ;Όχι
30/06/2023 21:00; ;Όχι
30/06/2023 21:15; ;Όχι
30/06/2023 21:30; ;Όχι
30/06/2023 21:45; ;Όχι
30/06/2023 22:00; ;Όχι
30/06/2023 22:15; ;Όχι
30/06/2023 22:30; ;Όχι
30/06/2023 22:45; ;Όχι
30/06/2023 23:00; ;Όχι
30/06/2023 23:15; ;Όχι
30/06/2023 23:30; ;Όχι
30/06/2023 23:45; ;Όχι
01/07/2023 00:00; ;Όχι
01/07/2023 00:15; ;Όχι
01/07/2023 00:30; ;Όχι
01/07/2023 00:45; ;Όχι
01/07/2023 01:00; ;Όχι
01/07/2023 01:15; ;Όχι
01/07/2023 01:30; ;Όχι
01/07/2023 01:45; ;Όχι
01/07/2023 02:00; ;Όχι
01/07/2023 02:15; ;Όχι
01/07/2023 02:30; ;Όχι
01/07/2023 02:45; ;Όχι
01/07/2023 03:00; ;Όχι
01/07/2023 03:15; ;Όχι
01/07/2023 03:30; ;Όχι
01/07/2023 03:45; ;Όχι
01/07/2023 04:00; ;Όχι
01/07/2023 04:15; ;Όχι
01/07/2023 04:30; ;Όχι
01/07/2023 04:45; ;Όχι
01/07/2023 05:00; ;Όχι
01/07/2023 05:15; ;Όχι
01/07/2023 05:30; ;Όχι
01/07/2023 05:45; ;Όχι
01/07/2023 06:00; ;Όχι
01/07/2023 06:15; ;Όχι
01/07/2023 06:30; ;Όχι
01/07/2023 06:45; ;Όχι
01/07/2023 07:00; ;Όχι
01/07/2023 07:15; ;Όχι
01/07/2023 07:30; ;Όχι
01/07/2023 07:45; ;Όχι
01/07/2023 08:00; ;Όχι
01/07/2023 08:15; ;Όχι
01/07/2023 08:30; ;Όχι
01/07/2023 08:45; ;Όχι
01/07/2023 09:00; ;Όχι
01/07/2023 09:15; ;Όχι
01/07/2023 09:30; ;Όχι
01/07/2023 09:45; ;Όχι
01/07/2023 10:00; ;Όχι
01/07/2023 10:15; ;Όχι
01/07/2023 10:30; ;Όχι
01/07/2023 10:45; ;Όχι
01/07/2023 11:00; ;Όχι
01/07/2023 11:15; ;Όχι
01/07/2023 11:30; ;Όχι
01/07/2023 11:45; ;Όχι
01/07/2023 12:00; ;Όχι
01/07/2023 12:15; ;Όχι
01/07/2023 12:30; ;Όχι
01/07/2023 12:45; ;Όχι
01/07/2023 13:00; ;Όχι
01/07/2023 13:15; ;Όχι
01/07/2023 13:30; ;Όχι
01/07/2023 13:45; ;Όχι
01/07/2023 14:00; ;Όχι
01/07/2023 14:15; ;Όχι
01/07/2023 14:30; ;Όχι
01/07/2023 14:45; ;Όχι
01/07/2023 15:00; ;Όχι
01/07/2023 15:15; ;Όχι
01/07/2023 15:30; ;Όχι
01/07/2023 15:45; ;Όχι
01/07/2023 16:00; ;Όχι
01/07/2023 16:15; ;Όχι
01/07/2023 16:30; ;Όχι
01/07/2023 16:45; ;Όχι
01/07/2023 17:00; ;Όχι
01/07/2023 17:15; ;Όχι
01/07/2023 17:30; ;Όχι
01/07/2023 17:45; ;Όχι
01/07/2023 18:00; ;Όχι
01/07/2023 18:15; ;Όχι
01/07/2023 18:30; ;Όχι
01/07/2023 18:45; ;Όχι
01/07/2023 19:00; ;Όχι
01/07/2023 19:15; ;Όχι
01/07/2023 19:30; ;Όχι
01/07/2023 19:45; ;Όχι
01/07/2023 20:00; ;Όχι
01/07/2023 20:15; ;Όχι
01/07/2023 20:30; ;Όχι
01/07/2023 20:45; ;Όχι
01/07/2023 21:00; ;Όχι
01/07/2023 21:15; ;Όχι
01/07/2023 21:30; ;Όχι
01/07/2023 21:45; ;Όχι
01/07/2023 22:00; ;Όχι
01/07/2023 22:15; ;Όχι
01/07/2023 22:30; ;Όχι
01/07/2023 22:45; ;Όχι
01/07/2023 23:00; ;Όχι
01/07/2023 23:15; ;Όχι
01/07/2023 23:30; ;Όχι
01/07/2023 23:45; ;Όχι
02/07/2023 00:00; ;Όχι
02/07/2023 00:15; ;Όχι
02/07/2023 00:30; ;Όχι
02/07/2023 00:45; ;Όχι
02/07/2023 01:00; ;Όχι
02/07/2023 01:15; ;Όχι
02/07/2023 01:30; ;Όχι
02/07/2023 01:45; ;Όχι
02/07/2023 02:00; ;Όχι
02/07/2023 02:15; ;Όχι
02/07/2023 02:30; ;Όχι
02/07/2023 02:45; ;Όχι
02/07/2023 03:00; ;Όχι
02/07/2023 03:15; ;Όχι
02/07/2023 03:30; ;Όχι
02/07/2023 03:45; ;Όχι
02/07/2023 04:00; ;Όχι
02/07/2023 04:15; ;Όχι
02/07/2023 04:30; ;Όχι
02/07/2023 04:45; ;Όχι
02/07/2023 05:00; ;Όχι
02/07/2023 05:15; ;Όχι
02/07/2023 05:30; ;Όχι
02/07/2023 05:45; ;Όχι
02/07/2023 06:00; ;Όχι
02/07/2023 06:15; ;Όχι
02/07/2023 06:30; ;Όχι
02/07/2023 06:45; ;Όχι
02/07/2023 07:00; ;Όχι
02/07/2023 07:15; ;Όχι
02/07/2023 07:30; ;Όχι
02/07/2023 07:45; ;Όχι
02/07/2023 08:00; ;Όχι
02/07/2023 08:15; ;Όχι
02/07/2023 08:30; ;Όχι
02/07/2023 08:45; ;Όχι
02/07/2023 09:00; ;Όχι
02/07/2023 09:15; ;Όχι
02/07/2023 09:30; ;Όχι
02/07/2023 09:45; ;Όχι
02/07/2023 10:00; ;Όχι
02/07/2023 10:15; ;Όχι
02/07/2023 10:30; ;Όχι
02/07/2023 10:45; ;Όχι
02/07/2023 11:00; ;Όχι
02/07/2023 11:15; ;Όχι
02/07/2023 11:30; ;Όχι
02/07/2023 11:45; ;Όχι
02/07/2023 12:00; ;Όχι
02/07/2023 12:15; ;Όχι
02/07/2023 12:30; ;Όχι
02/07/2023 12:45; ;Όχι
02/07/2023 13:00; ;Όχι
02/07/2023 13:15; ;Όχι
02/07/2023 13:30; ;Όχι
02/07/2023 13:45; ;Όχι
02/07/2023 14:00; ;Όχι
02/07/2023 14:15; ;Όχι
02/07/2023 14:30; ;Όχι
02/07/2023 14:45; ;Όχι
02/07/2023 15:00; ;Όχι
02/07/2023 15:15; ;Όχι
02/07/2023 15:30; ;Όχι
02/07/2023 15:45; ;Όχι
02/07/2023 16:00; ;Όχι
02/07/2023 16:15; ;Όχι
02/07/2023 16:30; ;Όχι
02/07/2023 16:45; ;Όχι
02/07/2023 17:00; ;Όχι
02/07/2023 17:15; ;Όχι
02/07/2023 17:30; ;Όχι
02/07/2023 17:45; ;Όχι
02/07/2023 18:00; ;Όχι
02/07/2023 18:15; ;Όχι
02/07/2023 18:30; ;Όχι
02/07/2023 18:45; ;Όχι
02/07/2023 19:00; ;Όχι
02/07/2023 19:15; ;Όχι
02/07/2023 19:30; ;Όχι
02/07/2023 19:45; ;Όχι
02/07/2023 20:00; ;Όχι
02/07/2023 20:15; ;Όχι
02/07/2023 20:30; ;Όχι
02/07/2023 20:45; ;Όχι
02/07/2023 21:00; ;Όχι
02/07/2023 21:15; ;Όχι
02/07/2023 21:30; ;Όχι
02/07/2023 21:45; ;Όχι
02/07/2023 22:00; ;Όχι
02/07/2023 22:15; ;Όχι
02/07/2023 22:30; ;Όχι
02/07/2023 22:45; ;Όχι
02/07/2023 23:00; ;Όχι
02/07/2023 23:15; ;Όχι
02/07/2023 23:30; ;Όχι
02/07/2023 23:45; ;Όχι
03/07/2023 00:00; ;Όχι
03/07/2023 00:15; ;Όχι
03/07/2023 00:30; ;Όχι
03/07/2023 00:45; ;Όχι
03/07/2023 01:00; ;Όχι
03/07/2023 01:15; ;Όχι
03/07/2023 01:30; ;Όχι
03/07/2023 01:45; ;Όχι
03/07/2023 02:00; ;Όχι
03/07/2023 02:15; ;Όχι
03/07/2023 02:30; ;Όχι
03/07/2023 02:45; ;Όχι
03/07/2023 03:00; ;Όχι
03/07/2023 03:15; ;Όχι
03/07/2023 03:30; ;Όχι
03/07/2023 03:45; ;Όχι
03/07/2023 04:00; ;Όχι
03/07/2023 04:15; ;Όχι
03/07/2023 04:30; ;Όχι
03/07/2023 04:45; ;Όχι
03/07/2023 05:00; ;Όχι
03/07/2023 05:15; ;Όχι
03/07/2023 05:30; ;Όχι
03/07/2023 05:45; ;Όχι
03/07/2023 06:00; ;Όχι
03/07/2023 06:15; ;Όχι
03/07/2023 06:30; ;Όχι
03/07/2023 06:45; ;Όχι
03/07/2023 07:00; ;Όχι
03/07/2023 07:15; ;Όχι
03/07/2023 07:30; ;Όχι
03/07/2023 07:45; ;Όχι
03/07/2023 08:00; ;Όχι
03/07/2023 08:15; ;Όχι
03/07/2023 08:30; ;Όχι
03/07/2023 08:45; ;Όχι
03/07/2023 09:00; ;Όχι
03/07/2023 09:15; ;Όχι
03/07/2023 09:30; ;Όχι
03/07/2023 09:45; ;Όχι
03/07/2023 10:00; ;Όχι
03/07/2023 10:15; ;Όχι
03/07/2023 10:30; ;Όχι
03/07/2023 10:45; ;Όχι
03/07/2023 11:00; ;Όχι
03/07/2023 11:15; ;Όχι
03/07/2023 11:30; ;Όχι
03/07/2023 11:45; ;Όχι
03/07/2023 12:00; ;Όχι
03/07/2023 12:15; ;Όχι
03/07/2023 12:30; ;Όχι
03/07/2023 12:45; ;Όχι
03/07/2023 13:00; ;Όχι
03/07/2023 13:15;0,065;Όχι
03/07/2023 13:30;0,557;Όχι
03/07/2023 13:45;0;Όχι
03/07/2023 14:00;0,157;Όχι
03/07/2023 14:15;0;Όχι
03/07/2023 14:30;0,006;Όχι
03/07/2023 14:45;0;Όχι
03/07/2023 15:00;0;Όχι
03/07/2023 15:15;0;Όχι
03/07/2023 15:30;0,006;Όχι
03/07/2023 15:45;0;Όχι
03/07/2023 16:00;0,056;Όχι
03/07/2023 16:15;0;Όχι
03/07/2023 16:30;0;Όχι
03/07/2023 16:45;0,007;Όχι
03/07/2023 17:00;0,091;Όχι
03/07/2023 17:15;0,009;Όχι
03/07/2023 17:30;0,035;Όχι
03/07/2023 17:45;0,07;Όχι
03/07/2023 18:00;0;Όχι
03/07/2023 18:15;0,105;Όχι
03/07/2023 18:30;0,067;Όχι
03/07/2023 18:45;0,155;Όχι
03/07/2023 19:00;0,243;Όχι
03/07/2023 19:15;0,33;Όχι
03/07/2023 19:30;0,262;Όχι
03/07/2023 19:45;0,155;Όχι
03/07/2023 20:00;0,171;Όχι
03/07/2023 20:15;0,214;Όχι
03/07/2023 20:30;0,271;Όχι
03/07/2023 20:45;0,298;Όχι
03/07/2023 21:00;0,316;Όχι
03/07/2023 21:15;0,33;Όχι
03/07/2023 21:30;0,481;Όχι
03/07/2023 21:45;0,589;Όχι
03/07/2023 22:00;0,573;Όχι
03/07/2023 22:15;0,578;Όχι
03/07/2023 22:30;0,564;Όχι
03/07/2023 22:45;0,577;Όχι
03/07/2023 23:00;0,572;Όχι
03/07/2023 23:15;0,57;Όχι
03/07/2023 23:30;0,57;Όχι
03/07/2023 23:45;0,575;Όχι
04/07/2023 00:00;0,618;Όχι
04/07/2023 00:15;0,575;Όχι
04/07/2023 00:30;0,583;Όχι
04/07/2023 00:45;0,565;Όχι
04/07/2023 01:00;0,577;Όχι
04/07/2023 01:15;0,577;Όχι
04/07/2023 01:30;0,567;Όχι
04/07/2023 01:45;0,576;Όχι
04/07/2023 02:00;0,579;Όχι
04/07/2023 02:15;0,616;Όχι
04/07/2023 02:30;0,565;Όχι
04/07/2023 02:45;0,578;Όχι
04/07/2023 03:00;0,569;Όχι
04/07/2023 03:15;0,566;Όχι
04/07/2023 03:30;0,584;Όχι
04/07/2023 03:45;0,563;Όχι
04/07/2023 04:00;0,559;Όχι
04/07/2023 04:15;0,57;Όχι
04/07/2023 04:30;0,565;Όχι
04/07/2023 04:45;0,621;Όχι
04/07/2023 05:00;0,567;Όχι
04/07/2023 05:15;0,56;Όχι
04/07/2023 05:30;0,563;Όχι
04/07/2023 05:45;0,575;Όχι
04/07/2023 06:00;0,459;Όχι
04/07/2023 06:15;0,314;Όχι
04/07/2023 06:30;0,335;Όχι
04/07/2023 06:45;0,281;Όχι
04/07/2023 07:00;0,205;Όχι
04/07/2023 07:15;2,166;Όχι
04/07/2023 07:30;1,657;Όχι
04/07/2023 07:45;0,97;Όχι
04/07/2023 08:00;0,965;Όχι
04/07/2023 08:15;0,701;Όχι
04/07/2023 08:30;0,446;Όχι
04/07/2023 08:45;0,299;Όχι
04/07/2023 09:00;0,294;Όχι
04/07/2023 09:15;0,596;Όχι
04/07/2023 09:30;0,237;Όχι
04/07/2023 09:45;0,007;Όχι
04/07/2023 10:00;0,136;Όχι
04/07/2023 10:15;0,044;Όχι
04/07/2023 10:30;0,18;Όχι
04/07/2023 10:45;0,005;Όχι
04/07/2023 11:00;0,007;Όχι
04/07/2023 11:15;0,057;Όχι
04/07/2023 11:30;0,027;Όχι
04/07/2023 11:45;0,002;Όχι
04/07/2023 12:00;0,045;Όχι
04/07/2023 12:15;0,056;Όχι
04/07/2023 12:30;0;Όχι
04/07/2023 12:45;0,002;Όχι
04/07/2023 13:00;0;Όχι
04/07/2023 13:15;0,013;Όχι
04/07/2023 13:30;0,001;Όχι
04/07/2023 13:45;0,001;Όχι
04/07/2023 14:00;0;Όχι
04/07/2023 14:15;0;Όχι
04/07/2023 14:30;0,004;Όχι
04/07/2023 14:45;0;Όχι
04/07/2023 15:00;0,014;Όχι
04/07/2023 15:15;0;Όχι
04/07/2023 15:30;0;Όχι
04/07/2023 15:45;0;Όχι
04/07/2023 16:00;0;Όχι
04/07/2023 16:15;0;Όχι
04/07/2023 16:30;0;Όχι
04/07/2023 16:45;0;Όχι
04/07/2023 17:00;0;Όχι
04/07/2023 17:15;0;Όχι
04/07/2023 17:30;0;Όχι
04/07/2023 17:45;0,002;Όχι
04/07/2023 18:00;0,007;Όχι
04/07/2023 18:15;0,02;Όχι
04/07/2023 18:30;0,058;Όχι
04/07/2023 18:45;0,168;Όχι
04/07/2023 19:00;0,315;Όχι
04/07/2023 19:15;0,428;Όχι
04/07/2023 19:30;0,694;Όχι
04/07/2023 19:45;0,743;Όχι
04/07/2023 20:00;0,742;Όχι
04/07/2023 20:15;0,477;Όχι
04/07/2023 20:30;0,294;Όχι
04/07/2023 20:45;0,307;Όχι
04/07/2023 21:00;0,325;Όχι
04/07/2023 21:15;0,321;Όχι
04/07/2023 21:30;0,539;Όχι
04/07/2023 21:45;0,617;Όχι
04/07/2023 22:00;0,564;Όχι
04/07/2023 22:15;0,56;Όχι
04/07/2023 22:30;0,56;Όχι
04/07/2023 22:45;0,569;Όχι
04/07/2023 23:00;0,556;Όχι
04/07/2023 23:15;0,547;Όχι
04/07/2023 23:30;0,569;Όχι
04/07/2023 23:45;0,572;Όχι
05/07/2023 00:00;0,608;Όχι
05/07/2023 00:15;0,567;Όχι
05/07/2023 00:30;0,537;Όχι
05/07/2023 00:45;0,558;Όχι
05/07/2023 01:00;0,572;Όχι
05/07/2023 01:15;0,555;Όχι
05/07/2023 01:30;0,548;Όχι
05/07/2023 01:45;0,589;Όχι
05/07/2023 02:00;0,589;Όχι
05/07/2023 02:15;0,567;Όχι
05/07/2023 02:30;0,574;Όχι
05/07/2023 02:45;0,564;Όχι
05/07/2023 03:00;0,564;Όχι
05/07/2023 03:15;0,579;Όχι
05/07/2023 03:30;0,56;Όχι
05/07/2023 03:45;0,564;Όχι
05/07/2023 04:00;0,573;Όχι
05/07/2023 04:15;0,554;Όχι
05/07/2023 04:30;0,62;Όχι
05/07/2023 04:45;0,566;Όχι
05/07/2023 05:00;0,543;Όχι
05/07/2023 05:15;0,555;Όχι
05/07/2023 05:30;0,576;Όχι
05/07/2023 05:45;0,541;Όχι
05/07/2023 06:00;0,45;Όχι
05/07/2023 06:15;0,33;Όχι
05/07/2023 06:30;0,292;Όχι
05/07/2023 06:45;0,219;Όχι
05/07/2023 07:00;0,211;Όχι
05/07/2023 07:15;0,387;Όχι
05/07/2023 07:30;1,756;Όχι
05/07/2023 07:45;1,34;Όχι
05/07/2023 08:00;0,815;Όχι
05/07/2023 08:15;0,874;Όχι
05/07/2023 08:30;1,101;Όχι
05/07/2023 08:45;0,772;Όχι
05/07/2023 09:00;0,772;Όχι
05/07/2023 09:15;0,385;Όχι
05/07/2023 09:30;0,439;Όχι
05/07/2023 09:45;0,324;Όχι
05/07/2023 10:00;0,691;Όχι
05/07/2023 10:15;0,384;Όχι
05/07/2023 10:30;0,246;Όχι
05/07/2023 10:45;0,142;Όχι
05/07/2023 11:00;0,057;Όχι
05/07/2023 11:15;0,133;Όχι
05/07/2023 11:30;0,043;Όχι
05/07/2023 11:45;0,102;Όχι
05/07/2023 12:00;0;Όχι
05/07/2023 12:15;0,022;Όχι
05/07/2023 12:30;0,047;Όχι
05/07/2023 12:45;0,02;Όχι
05/07/2023 13:00;0,003;Όχι
05/07/2023 13:15;0,021;Όχι
05/07/2023 13:30;0,01;Όχι
05/07/2023 13:45;0,179;Όχι
05/07/2023 14:00;0,147;Όχι
05/07/2023 14:15;0,062;Όχι
05/07/2023 14:30;0,544;Όχι
05/07/2023 14:45;0,673;Όχι
05/07/2023 15:00;0,651;Όχι
05/07/2023 15:15;0,004;Όχι
05/07/2023 15:30;0,08;Όχι
05/07/2023 15:45;0,034;Όχι
05/07/2023 16:00;0,054;Όχι
05/07/2023 16:15;0,001;Όχι
05/07/2023 16:30;0,052;Όχι
05/07/2023 16:45;0,375;Όχι
05/07/2023 17:00;0,717;Όχι
05/07/2023 17:15;1,011;Όχι
05/07/2023 17:30;1,075;Όχι
05/07/2023 17:45;1,082;Όχι
05/07/2023 18:00;1,032;Όχι
05/07/2023 18:15;1,042;Όχι
05/07/2023 18:30;1,058;Όχι
05/07/2023 18:45;1,073;Όχι
05/07/2023 19:00;0,8;Όχι
05/07/2023 19:15;0,864;Όχι
05/07/2023 19:30;0,875;Όχι
05/07/2023 19:45;0,387;Όχι
05/07/2023 20:00;0,299;Όχι
05/07/2023 20:15;0,347;Όχι
05/07/2023 20:30;0,296;Όχι
05/07/2023 20:45;0,313;Όχι
05/07/2023 21:00;0,329;Όχι
05/07/2023 21:15;0,32;Όχι
05/07/2023 21:30;0,548;Όχι
05/07/2023 21:45;0,571;Όχι
05/07/2023 22:00;0,61;Όχι
05/07/2023 22:15;0,557;Όχι
05/07/2023 22:30;0,567;Όχι
05/07/2023 22:45;0,558;Όχι
05/07/2023 23:00;0,555;Όχι
05/07/2023 23:15;0,558;Όχι
05/07/2023 23:30;0,546;Όχι
05/07/2023 23:45;0,551;Όχι
06/07/2023 00:00;0,565;Όχι
06/07/2023 00:15;0,549;Όχι
06/07/2023 00:30;0,589;Όχι
06/07/2023 00:45;0,562;Όχι
06/07/2023 01:00;0,56;Όχι
06/07/2023 01:15;0,541;Όχι
06/07/2023 01:30;0,547;Όχι
06/07/2023 01:45;0,562;Όχι
06/07/2023 02:00;0,554;Όχι
06/07/2023 02:15;0,549;Όχι
06/07/2023 02:30;0,546;Όχι
06/07/2023 02:45;0,552;Όχι
06/07/2023 03:00;0,56;Όχι
06/07/2023 03:15;0,6;Όχι
06/07/2023 03:30;0,535;Όχι
06/07/2023 03:45;0,559;Όχι
06/07/2023 04:00;0,566;Όχι
06/07/2023 04:15;0,548;Όχι
06/07/2023 04:30;0,538;Όχι
06/07/2023 04:45;0,566;Όχι
06/07/2023 05:00;0,556;Όχι
06/07/2023 05:15;0,555;Όχι
06/07/2023 05:30;0,54;Όχι
06/07/2023 05:45;0,548;Όχι
06/07/2023 06:00;0,538;Όχι
06/07/2023 06:15;0,358;Όχι
06/07/2023 06:30;0,26;Όχι
06/07/2023 06:45;0,233;Όχι
06/07/2023 07:00;0,237;Όχι
06/07/2023 07:15;2,435;Όχι
06/07/2023 07:30;1,675;Όχι
06/07/2023 07:45;1,306;Όχι
06/07/2023 08:00;1,164;Όχι
06/07/2023 08:15;0,725;Όχι
06/07/2023 08:30;0,611;Όχι
06/07/2023 08:45;0,39;Όχι
06/07/2023 09:00;0,463;Όχι
06/07/2023 09:15;0,358;Όχι
06/07/2023 09:30;0,257;Όχι
06/07/2023 09:45;0,18;Όχι
06/07/2023 10:00;0,178;Όχι
06/07/2023 10:15;0,029;Όχι
06/07/2023 10:30;0,03;Όχι
06/07/2023 10:45;0,056;Όχι
06/07/2023 11:00;0,061;Όχι
06/07/2023 11:15;0,016;Όχι
06/07/2023 11:30;0;Όχι
06/07/2023 11:45;0,01;Όχι
06/07/2023 12:00;0,009;Όχι
06/07/2023 12:15;0,013;Όχι
06/07/2023 12:30;0;Όχι
06/07/2023 12:45;0,001;Όχι
06/07/2023 13:00;0,003;Όχι
06/07/2023 13:15;0,032;Όχι
06/07/2023 13:30;0;Όχι
06/07/2023 13:45;0,002;Όχι
06/07/2023 14:00;0,001;Όχι
06/07/2023 14:15;0,013;Όχι
06/07/2023 14:30;0,009;Όχι
06/07/2023 14:45;0,034;Όχι
06/07/2023 15:00;0,037;Όχι
06/07/2023 15:15;0;Όχι
06/07/2023 15:30;0,009;Όχι
06/07/2023 15:45;0;Όχι
06/07/2023 16:00;0;Όχι
06/07/2023 16:15;0;Όχι
06/07/2023 16:30;0,002;Όχι
06/07/2023 16:45;0;Όχι
06/07/2023 17:00;0;Όχι
06/07/2023 17:15;0;Όχι
06/07/2023 17:30;0,036;Όχι
06/07/2023 17:45;0,282;Όχι
06/07/2023 18:00;0,242;Όχι
06/07/2023 18:15;0,341;Όχι
06/07/2023 18:30;0,499;Όχι
06/07/2023 18:45;0,398;Όχι
06/07/2023 19:00;0,238;Όχι
06/07/2023 19:15;0,527;Όχι
06/07/2023 19:30;0,477;Όχι
06/07/2023 19:45;0,62;Όχι
06/07/2023 20:00;0,673;Όχι
06/07/2023 20:15;0,412;Όχι
06/07/2023 20:30;0,321;Όχι
06/07/2023 20:45;0,325;Όχι
06/07/2023 21:00;0,338;Όχι
06/07/2023 21:15;0,349;Όχι
06/07/2023 21:30;0,492;Όχι
06/07/2023 21:45;0,572;Όχι
06/07/2023 22:00;0,58;Όχι
06/07/2023 22:15;0,618;Όχι
06/07/2023 22:30;0,641;Όχι
06/07/2023 22:45;0,606;Όχι
06/07/2023 23:00;0,583;Όχι
06/07/2023 23:15;0,592;Όχι
06/07/2023 23:30;0,607;Όχι
06/07/2023 23:45;0,607;Όχι
07/07/2023 00:00;0,572;Όχι
07/07/2023 00:15;0,602;Όχι
07/07/2023 00:30;0,648;Όχι
07/07/2023 00:45;0,61;Όχι
07/07/2023 01:00;0,582;Όχι
07/07/2023 01:15;0,624;Όχι
07/07/2023 01:30;0,581;Όχι
07/07/2023 01:45;0,599;Όχι
07/07/2023 02:00;0,611;Όχι
07/07/2023 02:15;0,599;Όχι
07/07/2023 02:30;0,594;Όχι
07/07/2023 02:45;0,661;Όχι
07/07/2023 03:00;0,608;Όχι
07/07/2023 03:15;0,596;Όχι
07/07/2023 03:30;0,607;Όχι
07/07/2023 03:45;0,605;Όχι
07/07/2023 04:00;0,594;Όχι
07/07/2023 04:15;0,607;Όχι
07/07/2023 04:30;0,585;Όχι
07/07/2023 04:45;0,592;Όχι
07/07/2023 05:00;0,603;Όχι
07/07/2023 05:15;0,653;Όχι
07/07/2023 05:30;0,569;Όχι
07/07/2023 05:45;0,596;Όχι
07/07/2023 06:00;0,51;Όχι
07/07/2023 06:15;0,349;Όχι
07/07/2023 06:30;0,311;Όχι
07/07/2023 06:45;0,32;Όχι
07/07/2023 07:00;0,279;Όχι
07/07/2023 07:15;1,054;Όχι
07/07/2023 07:30;1,57;Όχι
07/07/2023 07:45;2,894;Όχι
07/07/2023 08:00;1,498;Όχι
07/07/2023 08:15;1,213;Όχι
07/07/2023 08:30;0,581;Όχι
07/07/2023 08:45;0,675;Όχι
07/07/2023 09:00;0,684;Όχι
07/07/2023 09:15;0,392;Όχι
07/07/2023 09:30;0,153;Όχι
07/07/2023 09:45;0,188;Όχι
07/07/2023 10:00;0,196;Όχι
07/07/2023 10:15;0,096;Όχι
07/07/2023 10:30;0,12;Όχι
07/07/2023 10:45;0;Όχι
07/07/2023 11:00;0,079;Όχι
07/07/2023 11:15;0,098;Όχι
07/07/2023 11:30;0,038;Όχι
07/07/2023 11:45;0,008;Όχι
07/07/2023 12:00;0;Όχι
07/07/2023 12:15;0,013;Όχι
07/07/2023 12:30;0,017;Όχι
07/07/2023 12:45;0,019;Όχι
07/07/2023 13:00;0;Όχι
07/07/2023 13:15;0,001;Όχι
07/07/2023 13:30;0;Όχι
07/07/2023 13:45;0;Όχι
07/07/2023 14:00;0;Όχι
07/07/2023 14:15;0,021;Όχι
07/07/2023 14:30;0,044;Όχι
07/07/2023 14:45;0,007;Όχι
07/07/2023 15:00;0;Όχι
07/07/2023 15:15;0,093;Όχι
07/07/2023 15:30;0,105;Όχι
07/07/2023 15:45;0,002;Όχι
07/07/2023 16:00;0;Όχι
07/07/2023 16:15;0;Όχι
07/07/2023 16:30;0;Όχι
07/07/2023 16:45;0;Όχι
07/07/2023 17:00;0;Όχι
07/07/2023 17:15;0;Όχι
07/07/2023 17:30;0;Όχι
07/07/2023 17:45;0;Όχι
07/07/2023 18:00;0;Όχι
07/07/2023 18:15;0;Όχι
07/07/2023 18:30;0;Όχι
07/07/2023 18:45;0;Όχι
07/07/2023 19:00;0;Όχι
07/07/2023 19:15;0,018;Όχι
07/07/2023 19:30;0,046;Όχι
07/07/2023 19:45;0,153;Όχι
07/07/2023 20:00;0,192;Όχι
07/07/2023 20:15;0,245;Όχι
07/07/2023 20:30;0,272;Όχι
07/07/2023 20:45;0,288;Όχι
07/07/2023 21:00;0,304;Όχι
07/07/2023 21:15;0,296;Όχι
07/07/2023 21:30;0,503;Όχι
07/07/2023 21:45;0,611;Όχι
07/07/2023 22:00;0,54;Όχι
07/07/2023 22:15;0,548;Όχι
07/07/2023 22:30;0,567;Όχι
07/07/2023 22:45;0,545;Όχι
07/07/2023 23:00;0,552;Όχι
07/07/2023 23:15;0,56;Όχι
07/07/2023 23:30;0,526;Όχι
07/07/2023 23:45;0,609;Όχι
08/07/2023 00:00;0,562;Όχι
08/07/2023 00:15;0,553;Όχι
08/07/2023 00:30;0,544;Όχι
08/07/2023 00:45;0,556;Όχι
08/07/2023 01:00;0,536;Όχι
08/07/2023 01:15;0,548;Όχι
08/07/2023 01:30;0,566;Όχι
08/07/2023 01:45;0,55;Όχι
08/07/2023 02:00;0,582;Όχι
08/07/2023 02:15;0,561;Όχι
08/07/2023 02:30;0,555;Όχι
08/07/2023 02:45;0,542;Όχι
08/07/2023 03:00;0,539;Όχι
08/07/2023 03:15;0,554;Όχι
08/07/2023 03:30;0,55;Όχι
08/07/2023 03:45;0,55;Όχι
08/07/2023 04:00;0,535;Όχι
08/07/2023 04:15;0,547;Όχι
08/07/2023 04:30;0,604;Όχι
08/07/2023 04:45;0,559;Όχι
08/07/2023 05:00;0,517;Όχι
08/07/2023 05:15;0,547;Όχι
08/07/2023 05:30;0,56;Όχι
08/07/2023 05:45;0,541;Όχι
08/07/2023 06:00;0,458;Όχι
08/07/2023 06:15;0,31;Όχι
08/07/2023 06:30;0,284;Όχι
08/07/2023 06:45;0,254;Όχι
08/07/2023 07:00;0,284;Όχι
08/07/2023 07:15;0,223;Όχι
08/07/2023 07:30;0,163;Όχι
08/07/2023 07:45;0,189;Όχι
08/07/2023 08:00;0,639;Όχι
08/07/2023 08:15;0,165;Όχι
08/07/2023 08:30;0,141;Όχι
08/07/2023 08:45;0,101;Όχι
08/07/2023 09:00;0;Όχι
08/07/2023 09:15;0,063;Όχι
08/07/2023 09:30;0,036;Όχι
08/07/2023 09:45;0,009;Όχι
08/07/2023 10:00;0,004;Όχι
08/07/2023 10:15;0;Όχι
08/07/2023 10:30;0;Όχι
08/07/2023 10:45;0,001;Όχι
08/07/2023 11:00;0;Όχι
08/07/2023 11:15;0,001;Όχι
08/07/2023 11:30;0;Όχι
08/07/2023 11:45;0;Όχι
08/07/2023 12:00;0;Όχι
08/07/2023 12:15;0;Όχι
08/07/2023 12:30;0;Όχι
08/07/2023 12:45;0;Όχι
08/07/2023 13:00;0;Όχι
08/07/2023 13:15;0;Όχι
08/07/2023 13:30;0;Όχι
08/07/2023 13:45;0;Όχι
08/07/2023 14:00;0;Όχι
08/07/2023 14:15;0;Όχι
08/07/2023 14:30;0;Όχι
08/07/2023 14:45;0;Όχι
08/07/2023 15:00;0;Όχι
08/07/2023 15:15;0;Όχι
08/07/2023 15:30;0;Όχι
08/07/2023 15:45;0;Όχι
08/07/2023 16:00;0,001;Όχι
08/07/2023 16:15;0;Όχι
08/07/2023 16:30;0,002;Όχι
08/07/2023 16:45;0;Όχι
08/07/2023 17:00;0,001;Όχι
08/07/2023 17:15;0,001;Όχι
08/07/2023 17:30;0,006;Όχι
08/07/2023 17:45;0,017;Όχι
08/07/2023 18:00;0,003;Όχι
08/07/2023 18:15;0,059;Όχι
08/07/2023 18:30;0,083;Όχι
08/07/2023 18:45;0,127;Όχι
08/07/2023 19:00;0,161;Όχι
08/07/2023 19:15;0,007;Όχι
08/07/2023 19:30;0,291;Όχι
08/07/2023 19:45;0,328;Όχι
08/07/2023 20:00;0,413;Όχι
08/07/2023 20:15;0,483;Όχι
08/07/2023 20:30;0,321;Όχι
08/07/2023 20:45;0,5;Όχι
08/07/2023 21:00;0,558;Όχι
08/07/2023 21:15;0,56;Όχι
08/07/2023 21:30;0,738;Όχι
08/07/2023 21:45;0,801;Όχι
08/07/2023 22:00;0,643;Όχι
08/07/2023 22:15;0,742;Όχι
08/07/2023 22:30;0,803;Όχι
08/07/2023 22:45;0,812;Όχι
08/07/2023 23:00;0,799;Όχι
08/07/2023 23:15;0,782;Όχι
08/07/2023 23:30;0,725;Όχι
08/07/2023 23:45;0,739;Όχι
09/07/2023 00:00;0,796;Όχι
09/07/2023 00:15;0,79;Όχι
09/07/2023 00:30;0,797;Όχι
09/07/2023 00:45;0,799;Όχι
09/07/2023 01:00;0,804;Όχι
09/07/2023 01:15;0,679;Όχι
09/07/2023 01:30;0,695;Όχι
09/07/2023 01:45;0,814;Όχι
09/07/2023 02:00;0,797;Όχι
09/07/2023 02:15;0,816;Όχι
09/07/2023 02:30;0,81;Όχι
09/07/2023 02:45;0,801;Όχι
09/07/2023 03:00;0,754;Όχι
09/07/2023 03:15;0,326;Όχι
09/07/2023 03:30;0,804;Όχι
09/07/2023 03:45;0,801;Όχι
09/07/2023 04:00;0,814;Όχι
09/07/2023 04:15;0,779;Όχι
09/07/2023 04:30;0,849;Όχι
09/07/2023 04:45;0,811;Όχι
09/07/2023 05:00;0,754;Όχι
09/07/2023 05:15;0,633;Όχι
09/07/2023 05:30;0,8;Όχι
09/07/2023 05:45;0,807;Όχι
09/07/2023 06:00;0,731;Όχι
09/07/2023 06:15;0,546;Όχι
09/07/2023 06:30;0,538;Όχι
09/07/2023 06:45;0,509;Όχι
09/07/2023 07:00;0,42;Όχι
09/07/2023 07:15;0,342;Όχι
09/07/2023 07:30;0,409;Όχι
09/07/2023 07:45;0,297;Όχι
09/07/2023 08:00;0,231;Όχι
09/07/2023 08:15;0,162;Όχι
09/07/2023 08:30;0,126;Όχι
09/07/2023 08:45;0,129;Όχι
09/07/2023 09:00;0;Όχι
09/07/2023 09:15;0,064;Όχι
09/07/2023 09:30;0,033;Όχι
09/07/2023 09:45;0,043;Όχι
09/07/2023 10:00;0,004;Όχι
09/07/2023 10:15;0;Όχι
09/07/2023 10:30;0;Όχι
09/07/2023 10:45;0;Όχι
09/07/2023 11:00;0;Όχι
09/07/2023 11:15;0;Όχι
09/07/2023 11:30;0;Όχι
09/07/2023 11:45;0;Όχι
09/07/2023 12:00;0;Όχι
09/07/2023 12:15;0;Όχι
09/07/2023 12:30;0;Όχι
09/07/2023 12:45;0;Όχι
09/07/2023 13:00;0;Όχι
09/07/2023 13:15;0;Όχι
09/07/2023 13:30;0;Όχι
09/07/2023 13:45;0;Όχι
09/07/2023 14:00;0;Όχι
09/07/2023 14:15;0;Όχι
09/07/2023 14:30;0;Όχι
09/07/2023 14:45;0;Όχι
09/07/2023 15:00;0;Όχι
09/07/2023 15:15;0;Όχι
09/07/2023 15:30;0;Όχι
09/07/2023 15:45;0;Όχι
09/07/2023 16:00;0;Όχι
09/07/2023 16:15;0;Όχι
09/07/2023 16:30;0,001;Όχι
09/07/2023 16:45;0;Όχι
09/07/2023 17:00;0,008;Όχι
09/07/2023 17:15;0,004;Όχι
09/07/2023 17:30;0,009;Όχι
09/07/2023 17:45;0,025;Όχι
09/07/2023 18:00;0,035;Όχι
09/07/2023 18:15;0,067;Όχι
09/07/2023 18:30;0,104;Όχι
09/07/2023 18:45;0,09;Όχι
09/07/2023 19:00;0,061;Όχι
09/07/2023 19:15;0,087;Όχι
09/07/2023 19:30;0,148;Όχι
09/07/2023 19:45;0,257;Όχι
09/07/2023 20:00;0,276;Όχι
09/07/2023 20:15;0,364;Όχι
09/07/2023 20:30;0,371;Όχι
09/07/2023 20:45;0,398;Όχι
09/07/2023 21:00;0,408;Όχι
09/07/2023 21:15;0,318;Όχι
09/07/2023 21:30;0,501;Όχι
09/07/2023 21:45;0,629;Όχι
09/07/2023 22:00;0,639;Όχι
09/07/2023 22:15;0,58;Όχι
09/07/2023 22:30;0,61;Όχι
09/07/2023 22:45;0,596;Όχι
09/07/2023 23:00;0,606;Όχι
09/07/2023 23:15;0,601;Όχι
09/07/2023 23:30;0,601;Όχι
09/07/2023 23:45;0,593;Όχι
10/07/2023 00:00;0,614;Όχι
10/07/2023 00:15;0,654;Όχι
10/07/2023 00:30;0,608;Όχι
10/07/2023 00:45;0,61;Όχι
10/07/2023 01:00;0,601;Όχι
10/07/2023 01:15;0,604;Όχι
10/07/2023 01:30;0,619;Όχι
10/07/2023 01:45;0,598;Όχι
10/07/2023 02:00;0,606;Όχι
10/07/2023 02:15;0,611;Όχι
10/07/2023 02:30;0,594;Όχι
10/07/2023 02:45;0,62;Όχι
10/07/2023 03:00;0,63;Όχι
10/07/2023 03:15;0,602;Όχι
10/07/2023 03:30;0,596;Όχι
10/07/2023 03:45;0,603;Όχι
10/07/2023 04:00;0,584;Όχι
10/07/2023 04:15;0,6;Όχι
10/07/2023 04:30;0,61;Όχι
10/07/2023 04:45;0,601;Όχι
10/07/2023 05:00;0,704;Όχι
10/07/2023 05:15;0,611;Όχι
10/07/2023 05:30;0,655;Όχι
10/07/2023 05:45;0,573;Όχι
10/07/2023 06:00;0,546;Όχι
10/07/2023 06:15;0,354;Όχι
10/07/2023 06:30;0,319;Όχι
10/07/2023 06:45;0,292;Όχι
10/07/2023 07:00;0,279;Όχι
10/07/2023 07:15;2,11;Όχι
10/07/2023 07:30;1,715;Όχι
10/07/2023 07:45;0,739;Όχι
10/07/2023 08:00;1,198;Όχι
10/07/2023 08:15;0,976;Όχι
10/07/2023 08:30;0,752;Όχι
10/07/2023 08:45;0,593;Όχι
10/07/2023 09:00;1,142;Όχι
10/07/2023 09:15;0,547;Όχι
10/07/2023 09:30;0,676;Όχι
10/07/2023 09:45;0,771;Όχι
10/07/2023 10:00;0,446;Όχι
10/07/2023 10:15;0,21;Όχι
10/07/2023 10:30;0,136;Όχι
10/07/2023 10:45;0,096;Όχι
10/07/2023 11:00;0,071;Όχι
10/07/2023 11:15;0,109;Όχι
10/07/2023 11:30;0,087;Όχι
10/07/2023 11:45;0,146;Όχι
10/07/2023 12:00;0,111;Όχι
10/07/2023 12:15;0,007;Όχι
10/07/2023 12:30;0,005;Όχι
10/07/2023 12:45;0,004;Όχι
10/07/2023 13:00;0,001;Όχι
10/07/2023 13:15;0,009;Όχι
10/07/2023 13:30;0,066;Όχι
10/07/2023 13:45;0;Όχι
10/07/2023 14:00;0;Όχι
10/07/2023 14:15;0,025;Όχι
10/07/2023 14:30;0,05;Όχι
10/07/2023 14:45;0,008;Όχι
10/07/2023 15:00;0;Όχι
10/07/2023 15:15;0,069;Όχι
10/07/2023 15:30;0,036;Όχι
10/07/2023 15:45;0,001;Όχι
10/07/2023 16:00;0;Όχι
10/07/2023 16:15;0,056;Όχι
10/07/2023 16:30;0,027;Όχι
10/07/2023 16:45;0;Όχι
10/07/2023 17:00;0;Όχι
10/07/2023 17:15;0;Όχι
10/07/2023 17:30;0,006;Όχι
10/07/2023 17:45;0;Όχι
10/07/2023 18:00;0,014;Όχι
10/07/2023 18:15;0,006;Όχι
10/07/2023 18:30;0,039;Όχι
10/07/2023 18:45;0,128;Όχι
10/07/2023 19:00;0,172;Όχι
10/07/2023 19:15;0,246;Όχι
10/07/2023 19:30;0,403;Όχι
10/07/2023 19:45;0,496;Όχι
10/07/2023 20:00;0,601;Όχι
10/07/2023 20:15;0,609;Όχι
10/07/2023 20:30;0,644;Όχι
10/07/2023 20:45;0,681;Όχι
10/07/2023 21:00;0,743;Όχι
10/07/2023 21:15;0,728;Όχι
10/07/2023 21:30;0,935;Όχι
10/07/2023 21:45;0,955;Όχι
10/07/2023 22:00;0,985;Όχι
10/07/2023 22:15;0,989;Όχι
10/07/2023 22:30;1,011;Όχι
10/07/2023 22:45;0,949;Όχι
10/07/2023 23:00;0,966;Όχι
10/07/2023 23:15;0,979;Όχι
10/07/2023 23:30;0,963;Όχι
10/07/2023 23:45;0,932;Όχι
11/07/2023 00:00;0,983;Όχι
11/07/2023 00:15;1;Όχι
11/07/2023 00:30;0,978;Όχι
11/07/2023 00:45;0,956;Όχι
11/07/2023 01:00;0,979;Όχι
11/07/2023 01:15;0,982;Όχι
11/07/2023 01:30;0,987;Όχι
11/07/2023 01:45;0,928;Όχι
11/07/2023 02:00;0,9;Όχι
11/07/2023 02:15;0,963;Όχι
11/07/2023 02:30;1,002;Όχι
11/07/2023 02:45;0,473;Όχι
11/07/2023 03:00;0,958;Όχι
11/07/2023 03:15;0,986;Όχι
11/07/2023 03:30;0,951;Όχι
11/07/2023 03:45;0,958;Όχι
11/07/2023 04:00;0,967;Όχι
11/07/2023 04:15;0,972;Όχι
11/07/2023 04:30;0,909;Όχι
11/07/2023 04:45;0,938;Όχι
11/07/2023 05:00;0,974;Όχι
11/07/2023 05:15;0,949;Όχι
11/07/2023 05:30;0,991;Όχι
11/07/2023 05:45;0,941;Όχι
11/07/2023 06:00;0,926;Όχι
11/07/2023 06:15;0,723;Όχι
11/07/2023 06:30;0,69;Όχι
11/07/2023 06:45;0,671;Όχι
11/07/2023 07:00;0,655;Όχι
11/07/2023 07:15;1,58;Όχι
11/07/2023 07:30;1,06;Όχι
11/07/2023 07:45;1,132;Όχι
11/07/2023 08:00;0,881;Όχι
11/07/2023 08:15;0,76;Όχι
11/07/2023 08:30;0,63;Όχι
11/07/2023 08:45;0,479;Όχι
11/07/2023 09:00;0,281;Όχι
11/07/2023 09:15;0,398;Όχι
11/07/2023 09:30;0,072;Όχι
11/07/2023 09:45;0,126;Όχι
11/07/2023 10:00;0,175;Όχι
11/07/2023 10:15;0,156;Όχι
11/07/2023 10:30;0,062;Όχι
11/07/2023 10:45;0,021;Όχι
11/07/2023 11:00;0,136;Όχι
11/07/2023 11:15;0,103;Όχι
11/07/2023 11:30;0,066;Όχι
11/07/2023 11:45;0,027;Όχι
11/07/2023 12:00;0,009;Όχι
11/07/2023 12:15;0,004;Όχι
11/07/2023 12:30;0,023;Όχι
11/07/2023 12:45;0,029;Όχι
11/07/2023 13:00;0,079;Όχι
11/07/2023 13:15;0,054;Όχι
11/07/2023 13:30;0,005;Όχι
11/07/2023 13:45;0,035;Όχι
11/07/2023 14:00;0,076;Όχι
11/07/2023 14:15;0,032;Όχι
11/07/2023 14:30;0,04;Όχι
11/07/2023 14:45;0,018;Όχι
11/07/2023 15:00;0,144;Όχι
11/07/2023 15:15;0,041;Όχι
11/07/2023 15:30;0,053;Όχι
11/07/2023 15:45;0;Όχι
11/07/2023 16:00;0;Όχι
11/07/2023 16:15;0;Όχι
11/07/2023 16:30;0;Όχι
11/07/2023 16:45;0;Όχι
11/07/2023 17:00;0;Όχι
11/07/2023 17:15;0;Όχι
11/07/2023 17:30;0;Όχι
11/07/2023 17:45;0,02;Όχι
11/07/2023 18:00;0,009;Όχι
11/07/2023 18:15;0,035;Όχι
11/07/2023 18:30;0,123;Όχι
11/07/2023 18:45;0,194;Όχι
11/07/2023 19:00;0,299;Όχι
11/07/2023 19:15;0,429;Όχι
11/07/2023 19:30;0,517;Όχι
11/07/2023 19:45;0,651;Όχι
11/07/2023 20:00;0,69;Όχι
11/07/2023 20:15;0,737;Όχι
11/07/2023 20:30;0,893;Όχι
11/07/2023 20:45;0,961;Όχι
11/07/2023 21:00;0,954;Όχι
11/07/2023 21:15;0,8;Όχι
11/07/2023 21:30;0,593;Όχι
11/07/2023 21:45;0,528;Όχι
11/07/2023 22:00;0,564;Όχι
11/07/2023 22:15;0,572;Όχι
11/07/2023 22:30;0,566;Όχι
11/07/2023 22:45;0,56;Όχι
11/07/2023 23:00;0,56;Όχι
11/07/2023 23:15;0,563;Όχι
11/07/2023 23:30;0,57;Όχι
11/07/2023 23:45;0,63;Όχι
12/07/2023 00:00;0,544;Όχι
12/07/2023 00:15;0,558;Όχι
12/07/2023 00:30;0,578;Όχι
12/07/2023 00:45;0,57;Όχι
12/07/2023 01:00;0,547;Όχι
12/07/2023 01:15;0,571;Όχι
12/07/2023 01:30;0,564;Όχι
12/07/2023 01:45;0,604;Όχι
12/07/2023 02:00;0,585;Όχι
12/07/2023 02:15;0,555;Όχι
12/07/2023 02:30;0,331;Όχι
12/07/2023 02:45;0,577;Όχι
12/07/2023 03:00;0,575;Όχι
12/07/2023 03:15;0,563;Όχι
12/07/2023 03:30;0,577;Όχι
12/07/2023 03:45;0,572;Όχι
12/07/2023 04:00;0,577;Όχι
12/07/2023 04:15;0,612;Όχι
12/07/2023 04:30;0,571;Όχι
12/07/2023 04:45;0,548;Όχι
12/07/2023 05:00;0,564;Όχι
12/07/2023 05:15;0,574;Όχι
12/07/2023 05:30;0,561;Όχι
12/07/2023 05:45;0,551;Όχι
12/07/2023 06:00;0,552;Όχι
12/07/2023 06:15;0,342;Όχι
12/07/2023 06:30;0,309;Όχι
12/07/2023 06:45;0,311;Όχι
12/07/2023 07:00;0,224;Όχι
12/07/2023 07:15;0,966;Όχι
12/07/2023 07:30;1,703;Όχι
12/07/2023 07:45;1,086;Όχι
12/07/2023 08:00;1,422;Όχι
12/07/2023 08:15;1,062;Όχι
12/07/2023 08:30;0,638;Όχι
12/07/2023 08:45;0,511;Όχι
12/07/2023 09:00;0,426;Όχι
12/07/2023 09:15;0,524;Όχι
12/07/2023 09:30;0,376;Όχι
12/07/2023 09:45;0,348;Όχι
12/07/2023 10:00;0,368;Όχι
12/07/2023 10:15;0,064;Όχι
12/07/2023 10:30;0,594;Όχι
12/07/2023 10:45;0,199;Όχι
12/07/2023 11:00;0,044;Όχι
12/07/2023 11:15;0,057;Όχι
12/07/2023 11:30;0;Όχι
12/07/2023 11:45;0,001;Όχι
12/07/2023 12:00;0,003;Όχι
12/07/2023 12:15;0,099;Όχι
12/07/2023 12:30;0,093;Όχι
12/07/2023 12:45;0,017;Όχι
12/07/2023 13:00;0,04;Όχι
12/07/2023 13:15;0,006;Όχι
12/07/2023 13:30;0,058;Όχι
12/07/2023 13:45;0,037;Όχι
12/07/2023 14:00;0,117;Όχι
12/07/2023 14:15;0,136;Όχι
12/07/2023 14:30;0,049;Όχι
12/07/2023 14:45;0,043;Όχι
12/07/2023 15:00;0,069;Όχι
12/07/2023 15:15;0,136;Όχι
12/07/2023 15:30;0,016;Όχι
12/07/2023 15:45;0,005;Όχι
12/07/2023 16:00;0;Όχι
12/07/2023 16:15;0;Όχι
12/07/2023 16:30;0,007;Όχι
12/07/2023 16:45;0;Όχι
12/07/2023 17:00;0;Όχι
12/07/2023 17:15;0;Όχι
12/07/2023 17:30;0;Όχι
12/07/2023 17:45;0;Όχι
12/07/2023 18:00;0;Όχι
12/07/2023 18:15;0,007;Όχι
12/07/2023 18:30;0,103;Όχι
12/07/2023 18:45;0,081;Όχι
12/07/2023 19:00;0,185;Όχι
12/07/2023 19:15;0,306;Όχι
12/07/2023 19:30;0,399;Όχι
12/07/2023 19:45;0,471;Όχι
12/07/2023 20:00;0,572;Όχι
12/07/2023 20:15;0,664;Όχι
12/07/2023 20:30;0,753;Όχι
12/07/2023 20:45;0,711;Όχι
12/07/2023 21:00;0,776;Όχι
12/07/2023 21:15;0,745;Όχι
12/07/2023 21:30;0,939;Όχι
12/07/2023 21:45;0,986;Όχι
12/07/2023 22:00;0,988;Όχι
12/07/2023 22:15;1,022;Όχι
12/07/2023 22:30;0,98;Όχι
12/07/2023 22:45;0,996;Όχι
12/07/2023 23:00;0,988;Όχι
12/07/2023 23:15;1,001;Όχι
12/07/2023 23:30;0,995;Όχι
12/07/2023 23:45;0,983;Όχι
13/07/2023 00:00;0,985;Όχι
13/07/2023 00:15;1,022;Όχι
13/07/2023 00:30;1,002;Όχι
13/07/2023 00:45;1;Όχι
13/07/2023 01:00;0,985;Όχι
13/07/2023 01:15;0,97;Όχι
13/07/2023 01:30;1,003;Όχι
13/07/2023 01:45;1,008;Όχι
13/07/2023 02:00;0,992;Όχι
13/07/2023 02:15;0,936;Όχι
13/07/2023 02:30;1,042;Όχι
13/07/2023 02:45;1,043;Όχι
13/07/2023 03:00;0,957;Όχι
13/07/2023 03:15;1,021;Όχι
13/07/2023 03:30;0,937;Όχι
13/07/2023 03:45;0,974;Όχι
13/07/2023 04:00;0,998;Όχι
13/07/2023 04:15;0,951;Όχι
13/07/2023 04:30;0,99;Όχι
13/07/2023 04:45;0,994;Όχι
13/07/2023 05:00;1,02;Όχι
13/07/2023 05:15;1,085;Όχι
13/07/2023 05:30;1,169;Όχι
13/07/2023 05:45;1,107;Όχι
13/07/2023 06:00;1,055;Όχι
13/07/2023 06:15;0,886;Όχι
13/07/2023 06:30;0,853;Όχι
13/07/2023 06:45;0,8;Όχι
13/07/2023 07:00;0,762;Όχι
13/07/2023 07:15;1,792;Όχι
13/07/2023 07:30;2,337;Όχι
13/07/2023 07:45;2,146;Όχι
13/07/2023 08:00;1,464;Όχι
13/07/2023 08:15;1,046;Όχι
13/07/2023 08:30;1,19;Όχι
13/07/2023 08:45;0,861;Όχι
13/07/2023 09:00;0,726;Όχι
13/07/2023 09:15;0,646;Όχι
13/07/2023 09:30;0,507;Όχι
13/07/2023 09:45;0,278;Όχι
13/07/2023 10:00;0,128;Όχι
13/07/2023 10:15;0,138;Όχι
13/07/2023 10:30;0,155;Όχι
13/07/2023 10:45;0,156;Όχι
13/07/2023 11:00;0,143;Όχι
13/07/2023 11:15;0,085;Όχι
13/07/2023 11:30;0,047;Όχι
13/07/2023 11:45;0,041;Όχι
13/07/2023 12:00;0,004;Όχι
13/07/2023 12:15;0,007;Όχι
13/07/2023 12:30;0,012;Όχι
13/07/2023 12:45;0,005;Όχι
13/07/2023 13:00;0,029;Όχι
13/07/2023 13:15;0,013;Όχι
13/07/2023 13:30;0,008;Όχι
13/07/2023 13:45;0,007;Όχι
13/07/2023 14:00;0,004;Όχι
13/07/2023 14:15;0,001;Όχι
13/07/2023 14:30;0;Όχι
13/07/2023 14:45;0,002;Όχι
13/07/2023 15:00;0,076;Όχι
13/07/2023 15:15;0,085;Όχι
13/07/2023 15:30;0;Όχι
13/07/2023 15:45;0;Όχι
13/07/2023 16:00;0,007;Όχι
13/07/2023 16:15;0,005;Όχι
13/07/2023 16:30;0,001;Όχι
13/07/2023 16:45;0,016;Όχι
13/07/2023 17:00;0,004;Όχι
13/07/2023 17:15;0,016;Όχι
13/07/2023 17:30;0,001;Όχι
13/07/2023 17:45;0,004;Όχι
13/07/2023 18:00;0,051;Όχι
13/07/2023 18:15;0,061;Όχι
13/07/2023 18:30;0,082;Όχι
13/07/2023 18:45;0,091;Όχι
13/07/2023 19:00;0,161;Όχι
13/07/2023 19:15;0,31;Όχι
13/07/2023 19:30;0,41;Όχι
13/07/2023 19:45;0,487;Όχι
13/07/2023 20:00;0,609;Όχι
13/07/2023 20:15;0,648;Όχι
13/07/2023 20:30;0,671;Όχι
13/07/2023 20:45;0,719;Όχι
13/07/2023 21:00;0,752;Όχι
13/07/2023 21:15;0,703;Όχι
13/07/2023 21:30;0,958;Όχι
13/07/2023 21:45;1,081;Όχι
13/07/2023 22:00;0,983;Όχι
13/07/2023 22:15;0,995;Όχι
13/07/2023 22:30;1,003;Όχι
13/07/2023 22:45;0,991;Όχι
13/07/2023 23:00;0,941;Όχι
13/07/2023 23:15;1,034;Όχι
13/07/2023 23:30;0,978;Όχι
13/07/2023 23:45;1,059;Όχι
14/07/2023 00:00;1,014;Όχι
14/07/2023 00:15;1,009;Όχι
14/07/2023 00:30;1,008;Όχι
14/07/2023 00:45;0,992;Όχι
14/07/2023 01:00;0,989;Όχι
14/07/2023 01:15;0,99;Όχι
14/07/2023 01:30;0,989;Όχι
14/07/2023 01:45;1,063;Όχι
14/07/2023 02:00;0,943;Όχι
14/07/2023 02:15;0,991;Όχι
14/07/2023 02:30;1,002;Όχι
14/07/2023 02:45;0,981;Όχι
14/07/2023 03:00;1;Όχι
14/07/2023 03:15;0,958;Όχι
14/07/2023 03:30;0,99;Όχι
14/07/2023 03:45;0,91;Όχι
14/07/2023 04:00;1,064;Όχι
14/07/2023 04:15;0,961;Όχι
14/07/2023 04:30;0,987;Όχι
14/07/2023 04:45;1,009;Όχι
14/07/2023 05:00;0,964;Όχι
14/07/2023 05:15;1;Όχι
14/07/2023 05:30;1,079;Όχι
14/07/2023 05:45;1,093;Όχι
14/07/2023 06:00;1,045;Όχι
14/07/2023 06:15;0,919;Όχι
14/07/2023 06:30;0,848;Όχι
14/07/2023 06:45;0,796;Όχι
14/07/2023 07:00;0,818;Όχι
14/07/2023 07:15;1,39;Όχι
14/07/2023 07:30;1,025;Όχι
14/07/2023 07:45;0,88;Όχι
14/07/2023 08:00;0,64;Όχι
14/07/2023 08:15;0,624;Όχι
14/07/2023 08:30;0,566;Όχι
14/07/2023 08:45;0,445;Όχι
14/07/2023 09:00;0,298;Όχι
14/07/2023 09:15;0,069;Όχι
14/07/2023 09:30;0,162;Όχι
14/07/2023 09:45;0,094;Όχι
14/07/2023 10:00;0,034;Όχι
14/07/2023 10:15;0,099;Όχι
14/07/2023 10:30;0,044;Όχι
14/07/2023 10:45;0;Όχι
14/07/2023 11:00;0,039;Όχι
14/07/2023 11:15;0,038;Όχι
14/07/2023 11:30;0,009;Όχι
14/07/2023 11:45;0,011;Όχι
14/07/2023 12:00;0,021;Όχι
14/07/2023 12:15;0,012;Όχι
14/07/2023 12:30;0,016;Όχι
14/07/2023 12:45;0,032;Όχι
14/07/2023 13:00;0,006;Όχι
14/07/2023 13:15;0;Όχι
14/07/2023 13:30;0,001;Όχι
14/07/2023 13:45;0,007;Όχι
14/07/2023 14:00;0,002;Όχι
14/07/2023 14:15;0,017;Όχι
14/07/2023 14:30;0,007;Όχι
14/07/2023 14:45;0,032;Όχι
14/07/2023 15:00;0,02;Όχι
14/07/2023 15:15;0,023;Όχι
14/07/2023 15:30;0;Όχι
14/07/2023 15:45;0;Όχι
14/07/2023 16:00;0;Όχι
14/07/2023 16:15;0;Όχι
14/07/2023 16:30;0;Όχι
14/07/2023 16:45;0;Όχι
14/07/2023 17:00;0;Όχι
14/07/2023 17:15;0;Όχι
14/07/2023 17:30;0,013;Όχι
14/07/2023 17:45;0,009;Όχι
14/07/2023 18:00;0,051;Όχι
14/07/2023 18:15;0,096;Όχι
14/07/2023 18:30;0,174;Όχι
14/07/2023 18:45;0,247;Όχι
14/07/2023 19:00;0,394;Όχι
14/07/2023 19:15;0,473;Όχι
14/07/2023 19:30;0,533;Όχι
14/07/2023 19:45;0,61;Όχι
14/07/2023 20:00;0,675;Όχι
14/07/2023 20:15;0,532;Όχι
14/07/2023 20:30;0,276;Όχι
14/07/2023 20:45;0,366;Όχι
14/07/2023 21:00;0,348;Όχι
14/07/2023 21:15;0,33;Όχι
14/07/2023 21:30;0,545;Όχι
14/07/2023 21:45;0,57;Όχι
14/07/2023 22:00;0,571;Όχι
14/07/2023 22:15;0,576;Όχι
14/07/2023 22:30;0,625;Όχι
14/07/2023 22:45;0,566;Όχι
14/07/2023 23:00;0,579;Όχι
14/07/2023 23:15;0,571;Όχι
14/07/2023 23:30;0,566;Όχι
14/07/2023 23:45;0,577;Όχι
15/07/2023 00:00;0,579;Όχι
15/07/2023 00:15;0,623;Όχι
15/07/2023 00:30;0,562;Όχι
15/07/2023 00:45;0,594;Όχι
15/07/2023 01:00;0,542;Όχι
15/07/2023 01:15;0,577;Όχι
15/07/2023 01:30;0,584;Όχι
15/07/2023 01:45;0,565;Όχι
15/07/2023 02:00;0,604;Όχι
15/07/2023 02:15;0,607;Όχι
15/07/2023 02:30;0,569;Όχι
15/07/2023 02:45;0,572;Όχι
15/07/2023 03:00;0,576;Όχι
15/07/2023 03:15;0,569;Όχι
15/07/2023 03:30;0,571;Όχι
15/07/2023 03:45;0,579;Όχι
15/07/2023 04:00;0,621;Όχι
15/07/2023 04:15;0,571;Όχι
15/07/2023 04:30;0,575;Όχι
15/07/2023 04:45;0,567;Όχι
15/07/2023 05:00;0,569;Όχι
15/07/2023 05:15;0,599;Όχι
15/07/2023 05:30;0,983;Όχι
15/07/2023 05:45;1,071;Όχι
15/07/2023 06:00;0,838;Όχι
15/07/2023 06:15;0,673;Όχι
15/07/2023 06:30;0,589;Όχι
15/07/2023 06:45;0,361;Όχι
15/07/2023 07:00;0,54;Όχι
15/07/2023 07:15;0,499;Όχι
15/07/2023 07:30;0,444;Όχι
15/07/2023 07:45;0,354;Όχι
15/07/2023 08:00;0,268;Όχι
15/07/2023 08:15;0,053;Όχι
15/07/2023 08:30;0,194;Όχι
15/07/2023 08:45;0,142;Όχι
15/07/2023 09:00;0,115;Όχι
15/07/2023 09:15;0,087;Όχι
15/07/2023 09:30;0,054;Όχι
15/07/2023 09:45;0;Όχι
15/07/2023 10:00;0,034;Όχι
15/07/2023 10:15;0,01;Όχι
15/07/2023 10:30;0,006;Όχι
15/07/2023 10:45;0;Όχι
15/07/2023 11:00;0,001;Όχι
15/07/2023 11:15;0;Όχι
15/07/2023 11:30;0,001;Όχι
15/07/2023 11:45;0;Όχι
15/07/2023 12:00;0;Όχι
15/07/2023 12:15;0;Όχι
15/07/2023 12:30;0;Όχι
15/07/2023 12:45;0;Όχι
15/07/2023 13:00;0;Όχι
15/07/2023 13:15;0;Όχι
15/07/2023 13:30;0;Όχι
15/07/2023 13:45;0;Όχι
15/07/2023 14:00;0;Όχι
15/07/2023 14:15;0;Όχι
15/07/2023 14:30;0;Όχι
15/07/2023 14:45;0,001;Όχι
15/07/2023 15:00;0;Όχι
15/07/2023 15:15;0;Όχι
15/07/2023 15:30;0;Όχι
15/07/2023 15:45;0;Όχι
15/07/2023 16:00;0;Όχι
15/07/2023 16:15;0;Όχι
15/07/2023 16:30;0;Όχι
15/07/2023 16:45;0;Όχι
15/07/2023 17:00;0;Όχι
15/07/2023 17:15;0;Όχι
15/07/2023 17:30;0;Όχι
15/07/2023 17:45;0;Όχι
15/07/2023 18:00;0;Όχι
15/07/2023 18:15;0;Όχι
15/07/2023 18:30;0;Όχι
15/07/2023 18:45;0;Όχι
15/07/2023 19:00;0,003;Όχι
15/07/2023 19:15;0,038;Όχι
15/07/2023 19:30;0,086;Όχι
15/07/2023 19:45;0,228;Όχι
15/07/2023 20:00;0,232;Όχι
15/07/2023 20:15;0,306;Όχι
15/07/2023 20:30;0,329;Όχι
15/07/2023 20:45;0,364;Όχι
15/07/2023 21:00;0,391;Όχι
15/07/2023 21:15;0,395;Όχι
15/07/2023 21:30;0,653;Όχι
15/07/2023 21:45;0,631;Όχι
15/07/2023 22:00;0,639;Όχι
15/07/2023 22:15;0,618;Όχι
15/07/2023 22:30;0,624;Όχι
15/07/2023 22:45;0,634;Όχι
15/07/2023 23:00;0,628;Όχι
15/07/2023 23:15;0,619;Όχι
15/07/2023 23:30;0,704;Όχι
15/07/2023 23:45;0,622;Όχι
16/07/2023 00:00;0,624;Όχι
16/07/2023 00:15;0,634;Όχι
16/07/2023 00:30;0,639;Όχι
16/07/2023 00:45;0,632;Όχι
16/07/2023 01:00;0,624;Όχι
16/07/2023 01:15;0,677;Όχι
16/07/2023 01:30;0,661;Όχι
16/07/2023 01:45;0,622;Όχι
16/07/2023 02:00;0,642;Όχι
16/07/2023 02:15;0,638;Όχι
16/07/2023 02:30;0,614;Όχι
16/07/2023 02:45;0,63;Όχι
16/07/2023 03:00;0,647;Όχι
16/07/2023 03:15;0,63;Όχι
16/07/2023 03:30;0,659;Όχι
16/07/2023 03:45;0,663;Όχι
16/07/2023 04:00;0,641;Όχι
16/07/2023 04:15;0,628;Όχι
16/07/2023 04:30;0,63;Όχι
16/07/2023 04:45;0,627;Όχι
16/07/2023 05:00;0,63;Όχι
16/07/2023 05:15;0,63;Όχι
16/07/2023 05:30;0,635;Όχι
16/07/2023 05:45;0,679;Όχι
16/07/2023 06:00;0,619;Όχι
16/07/2023 06:15;0,433;Όχι
16/07/2023 06:30;0,384;Όχι
16/07/2023 06:45;0,342;Όχι
16/07/2023 07:00;0,429;Όχι
16/07/2023 07:15;0,357;Όχι
16/07/2023 07:30;0,277;Όχι
16/07/2023 07:45;0,146;Όχι
16/07/2023 08:00;0,08;Όχι
16/07/2023 08:15;0,048;Όχι
16/07/2023 08:30;0,001;Όχι
16/07/2023 08:45;0;Όχι
16/07/2023 09:00;0;Όχι
16/07/2023 09:15;0;Όχι
16/07/2023 09:30;0;Όχι
16/07/2023 09:45;0;Όχι
16/07/2023 10:00;0;Όχι
16/07/2023 10:15;0;Όχι
16/07/2023 10:30;0;Όχι
16/07/2023 10:45;0;Όχι
16/07/2023 11:00;0;Όχι
16/07/2023 11:15;0,171;Όχι
16/07/2023 11:30;0;Όχι
16/07/2023 11:45;0;Όχι
16/07/2023 12:00;0;Όχι
16/07/2023 12:15;0;Όχι
16/07/2023 12:30;0;Όχι
16/07/2023 12:45;0;Όχι
16/07/2023 13:00;0;Όχι
16/07/2023 13:15;0;Όχι
16/07/2023 13:30;0;Όχι
16/07/2023 13:45;0;Όχι
16/07/2023 14:00;0;Όχι
16/07/2023 14:15;0;Όχι
16/07/2023 14:30;0;Όχι
16/07/2023 14:45;0,082;Όχι
16/07/2023 15:00;0,03;Όχι
16/07/2023 15:15;0;Όχι
16/07/2023 15:30;0;Όχι
16/07/2023 15:45;0;Όχι
16/07/2023 16:00;0;Όχι
16/07/2023 16:15;0;Όχι
16/07/2023 16:30;0;Όχι
16/07/2023 16:45;0;Όχι
16/07/2023 17:00;0;Όχι
16/07/2023 17:15;0;Όχι
16/07/2023 17:30;0;Όχι
16/07/2023 17:45;0;Όχι
16/07/2023 18:00;0;Όχι
16/07/2023 18:15;0;Όχι
16/07/2023 18:30;0;Όχι
16/07/2023 18:45;0;Όχι
16/07/2023 19:00;0,01;Όχι
16/07/2023 19:15;0,098;Όχι
16/07/2023 19:30;0,11;Όχι
16/07/2023 19:45;0,193;Όχι
16/07/2023 20:00;0,285;Όχι
16/07/2023 20:15;0,337;Όχι
16/07/2023 20:30;0,367;Όχι
16/07/2023 20:45;0,478;Όχι
16/07/2023 21:00;0,427;Όχι
16/07/2023 21:15;0,416;Όχι
16/07/2023 21:30;0,622;Όχι
16/07/2023 21:45;0,662;Όχι
16/07/2023 22:00;0,667;Όχι
16/07/2023 22:15;0,654;Όχι
16/07/2023 22:30;0,662;Όχι
16/07/2023 22:45;0,731;Όχι
16/07/2023 23:00;0,658;Όχι
16/07/2023 23:15;0,654;Όχι
16/07/2023 23:30;0,668;Όχι
16/07/2023 23:45;0,666;Όχι
17/07/2023 00:00;0,658;Όχι
17/07/2023 00:15;0,662;Όχι
17/07/2023 00:30;0,727;Όχι
17/07/2023 00:45;0,653;Όχι
17/07/2023 01:00;0,681;Όχι
17/07/2023 01:15;0,655;Όχι
17/07/2023 01:30;0,66;Όχι
17/07/2023 01:45;0,65;Όχι
17/07/2023 02:00;0,671;Όχι
17/07/2023 02:15;0,674;Όχι
17/07/2023 02:30;0,661;Όχι
17/07/2023 02:45;0,722;Όχι
17/07/2023 03:00;0,675;Όχι
17/07/2023 03:15;0,66;Όχι
17/07/2023 03:30;0,652;Όχι
17/07/2023 03:45;0,664;Όχι
17/07/2023 04:00;0,662;Όχι
17/07/2023 04:15;0,652;Όχι
17/07/2023 04:30;0,662;Όχι
17/07/2023 04:45;0,696;Όχι
17/07/2023 05:00;0,685;Όχι
17/07/2023 05:15;0,656;Όχι
17/07/2023 05:30;0,878;Όχι
17/07/2023 05:45;0,848;Όχι
17/07/2023 06:00;0,774;Όχι
17/07/2023 06:15;0,583;Όχι
17/07/2023 06:30;1,054;Όχι
17/07/2023 06:45;1,038;Όχι
17/07/2023 07:00;0,991;Όχι
17/07/2023 07:15;2,749;Όχι
17/07/2023 07:30;2,253;Όχι
17/07/2023 07:45;1,734;Όχι
17/07/2023 08:00;1,294;Όχι
17/07/2023 08:15;1,337;Όχι
17/07/2023 08:30;0,941;Όχι
17/07/2023 08:45;0,519;Όχι
17/07/2023 09:00;0,666;Όχι
17/07/2023 09:15;0,572;Όχι
17/07/2023 09:30;0,404;Όχι
17/07/2023 09:45;0,345;Όχι
17/07/2023 10:00;0,283;Όχι
17/07/2023 10:15;0,063;Όχι
17/07/2023 10:30;0,11;Όχι
17/07/2023 10:45;0,099;Όχι
17/07/2023 11:00;0,157;Όχι
17/07/2023 11:15;0,089;Όχι
17/07/2023 11:30;0,064;Όχι
17/07/2023 11:45;0,001;Όχι
17/07/2023 12:00;0,054;Όχι
17/07/2023 12:15;0;Όχι
17/07/2023 12:30;0,023;Όχι
17/07/2023 12:45;0,002;Όχι
17/07/2023 13:00;0,001;Όχι
17/07/2023 13:15;0,044;Όχι
17/07/2023 13:30;0,04;Όχι
17/07/2023 13:45;0,029;Όχι
17/07/2023 14:00;0;Όχι
17/07/2023 14:15;0,026;Όχι
17/07/2023 14:30;0,036;Όχι
17/07/2023 14:45;0,047;Όχι
17/07/2023 15:00;0,041;Όχι
17/07/2023 15:15;0,007;Όχι
17/07/2023 15:30;0,002;Όχι
17/07/2023 15:45;0;Όχι
17/07/2023 16:00;0;Όχι
17/07/2023 16:15;0;Όχι
17/07/2023 16:30;0;Όχι
17/07/2023 16:45;0;Όχι
17/07/2023 17:00;0;Όχι
17/07/2023 17:15;0;Όχι
17/07/2023 17:30;0;Όχι
17/07/2023 17:45;0;Όχι
17/07/2023 18:00;0;Όχι
17/07/2023 18:15;0;Όχι
17/07/2023 18:30;0;Όχι
17/07/2023 18:45;0;Όχι
17/07/2023 19:00;0;Όχι
17/07/2023 19:15;0,025;Όχι
17/07/2023 19:30;0,084;Όχι
17/07/2023 19:45;0,138;Όχι
17/07/2023 20:00;0,222;Όχι
17/07/2023 20:15;0,279;Όχι
17/07/2023 20:30;0,28;Όχι
17/07/2023 20:45;0,293;Όχι
17/07/2023 21:00;0,375;Όχι
17/07/2023 21:15;0,327;Όχι
17/07/2023 21:30;0,53;Όχι
17/07/2023 21:45;0,583;Όχι
17/07/2023 22:00;0,604;Όχι
17/07/2023 22:15;0,561;Όχι
17/07/2023 22:30;0,556;Όχι
17/07/2023 22:45;0,575;Όχι
17/07/2023 23:00;0,567;Όχι
17/07/2023 23:15;0,556;Όχι
17/07/2023 23:30;0,563;Όχι
17/07/2023 23:45;0,631;Όχι
18/07/2023 00:00;0,563;Όχι
18/07/2023 00:15;0,556;Όχι
18/07/2023 00:30;0,576;Όχι
18/07/2023 00:45;0,564;Όχι
18/07/2023 01:00;0,562;Όχι
18/07/2023 01:15;0,567;Όχι
18/07/2023 01:30;0,575;Όχι
18/07/2023 01:45;0,62;Όχι
18/07/2023 02:00;0,566;Όχι
18/07/2023 02:15;0,575;Όχι
18/07/2023 02:30;0,557;Όχι
18/07/2023 02:45;0,567;Όχι
18/07/2023 03:00;0,565;Όχι
18/07/2023 03:15;0,563;Όχι
18/07/2023 03:30;0,568;Όχι
18/07/2023 03:45;0,631;Όχι
18/07/2023 04:00;0,578;Όχι
18/07/2023 04:15;0,563;Όχι
18/07/2023 04:30;0,594;Όχι
18/07/2023 04:45;0,729;Όχι
18/07/2023 05:00;0,562;Όχι
18/07/2023 05:15;0,56;Όχι
18/07/2023 05:30;0,567;Όχι
18/07/2023 05:45;0,564;Όχι
18/07/2023 06:00;0,597;Όχι
18/07/2023 06:15;0,376;Όχι
18/07/2023 06:30;0,322;Όχι
18/07/2023 06:45;0,279;Όχι
18/07/2023 07:00;0,252;Όχι
18/07/2023 07:15;1,882;Όχι
18/07/2023 07:30;1,836;Όχι
18/07/2023 07:45;1,292;Όχι
18/07/2023 08:00;1,192;Όχι
18/07/2023 08:15;1,048;Όχι
18/07/2023 08:30;0,974;Όχι
18/07/2023 08:45;0,55;Όχι
18/07/2023 09:00;0,625;Όχι
18/07/2023 09:15;0,556;Όχι
18/07/2023 09:30;0,468;Όχι
18/07/2023 09:45;0,358;Όχι
18/07/2023 10:00;0,2;Όχι
18/07/2023 10:15;0,056;Όχι
18/07/2023 10:30;0,148;Όχι
18/07/2023 10:45;0,142;Όχι
18/07/2023 11:00;0,065;Όχι
18/07/2023 11:15;0,052;Όχι
18/07/2023 11:30;0,064;Όχι
18/07/2023 11:45;0,008;Όχι
18/07/2023 12:00;0,079;Όχι
18/07/2023 12:15;0,034;Όχι
18/07/2023 12:30;0;Όχι
18/07/2023 12:45;0,005;Όχι
18/07/2023 13:00;0,035;Όχι
18/07/2023 13:15;0,04;Όχι
18/07/2023 13:30;0,005;Όχι
18/07/2023 13:45;0,067;Όχι
18/07/2023 14:00;0,276;Όχι
18/07/2023 14:15;0,045;Όχι
18/07/2023 14:30;0,193;Όχι
18/07/2023 14:45;0,503;Όχι
18/07/2023 15:00;0,428;Όχι
18/07/2023 15:15;0,308;Όχι
18/07/2023 15:30;0,121;Όχι
18/07/2023 15:45;0,113;Όχι
18/07/2023 16:00;0,016;Όχι
18/07/2023 16:15;0,101;Όχι
18/07/2023 16:30;0,003;Όχι
18/07/2023 16:45;0;Όχι
18/07/2023 17:00;0;Όχι
18/07/2023 17:15;0,004;Όχι
18/07/2023 17:30;0,03;Όχι
18/07/2023 17:45;0,062;Όχι
18/07/2023 18:00;0;Όχι
18/07/2023 18:15;0;Όχι
18/07/2023 18:30;0;Όχι
18/07/2023 18:45;0;Όχι
18/07/2023 19:00;0,007;Όχι
18/07/2023 19:15;0,058;Όχι
18/07/2023 19:30;0,075;Όχι
18/07/2023 19:45;0,155;Όχι
18/07/2023 20:00;0,156;Όχι
18/07/2023 20:15;0,214;Όχι
18/07/2023 20:30;0,252;Όχι
18/07/2023 20:45;0,332;Όχι
18/07/2023 21:00;0,35;Όχι
18/07/2023 21:15;0,349;Όχι
18/07/2023 21:30;0,64;Όχι
18/07/2023 21:45;0,591;Όχι
18/07/2023 22:00;0,585;Όχι
18/07/2023 22:15;0,577;Όχι
18/07/2023 22:30;0,586;Όχι
18/07/2023 22:45;0,596;Όχι
18/07/2023 23:00;0,579;Όχι
18/07/2023 23:15;0,651;Όχι
18/07/2023 23:30;0,603;Όχι
18/07/2023 23:45;0,595;Όχι
19/07/2023 00:00;0,588;Όχι
19/07/2023 00:15;0,593;Όχι
19/07/2023 00:30;0,6;Όχι
19/07/2023 00:45;0,587;Όχι
19/07/2023 01:00;0,652;Όχι
19/07/2023 01:15;0,601;Όχι
19/07/2023 01:30;0,592;Όχι
19/07/2023 01:45;0,588;Όχι
19/07/2023 02:00;0,599;Όχι
19/07/2023 02:15;0,597;Όχι
19/07/2023 02:30;0,587;Όχι
19/07/2023 02:45;0,591;Όχι
19/07/2023 03:00;0,666;Όχι
19/07/2023 03:15;0,587;Όχι
19/07/2023 03:30;0,569;Όχι
19/07/2023 03:45;0,613;Όχι
19/07/2023 04:00;0,575;Όχι
19/07/2023 04:15;0,585;Όχι
19/07/2023 04:30;0,621;Όχι
19/07/2023 04:45;0,735;Όχι
19/07/2023 05:00;0,668;Όχι
19/07/2023 05:15;0,589;Όχι
19/07/2023 05:30;0,604;Όχι
19/07/2023 05:45;0,593;Όχι
19/07/2023 06:00;0,577;Όχι
19/07/2023 06:15;0,397;Όχι
19/07/2023 06:30;0,35;Όχι
19/07/2023 06:45;0,306;Όχι
19/07/2023 07:00;0,669;Όχι
19/07/2023 07:15;1,896;Όχι
19/07/2023 07:30;1,71;Όχι
19/07/2023 07:45;1,387;Όχι
19/07/2023 08:00;1,311;Όχι
19/07/2023 08:15;1,508;Όχι
19/07/2023 08:30;1,094;Όχι
19/07/2023 08:45;1,072;Όχι
19/07/2023 09:00;0,678;Όχι
19/07/2023 09:15;0,54;Όχι
19/07/2023 09:30;0,609;Όχι
19/07/2023 09:45;0,462;Όχι
19/07/2023 10:00;0,249;Όχι
19/07/2023 10:15;0,272;Όχι
19/07/2023 10:30;0,327;Όχι
19/07/2023 10:45;0,173;Όχι
19/07/2023 11:00;0,178;Όχι
19/07/2023 11:15;0,261;Όχι
19/07/2023 11:30;0,139;Όχι
19/07/2023 11:45;0,066;Όχι
19/07/2023 12:00;0,077;Όχι
19/07/2023 12:15;0,118;Όχι
19/07/2023 12:30;0,122;Όχι
19/07/2023 12:45;0,058;Όχι
19/07/2023 13:00;0,091;Όχι
19/07/2023 13:15;0,148;Όχι
19/07/2023 13:30;0,049;Όχι
19/07/2023 13:45;0,093;Όχι
19/07/2023 14:00;0,012;Όχι
19/07/2023 14:15;0,107;Όχι
19/07/2023 14:30;0,005;Όχι
19/07/2023 14:45;0,046;Όχι
19/07/2023 15:00;0,07;Όχι
19/07/2023 15:15;0,08;Όχι
19/07/2023 15:30;0,079;Όχι
19/07/2023 15:45;0,012;Όχι
19/07/2023 16:00;0;Όχι
19/07/2023 16:15;0,001;Όχι
19/07/2023 16:30;0;Όχι
19/07/2023 16:45;0;Όχι
19/07/2023 17:00;0;Όχι
19/07/2023 17:15;0,001;Όχι
19/07/2023 17:30;0,019;Όχι
19/07/2023 17:45;0,012;Όχι
19/07/2023 18:00;0,003;Όχι
19/07/2023 18:15;0,027;Όχι
19/07/2023 18:30;0,087;Όχι
19/07/2023 18:45;0,168;Όχι
19/07/2023 19:00;0,259;Όχι
19/07/2023 19:15;0,465;Όχι
19/07/2023 19:30;0,516;Όχι
19/07/2023 19:45;0,601;Όχι
19/07/2023 20:00;0,698;Όχι
19/07/2023 20:15;0,764;Όχι
19/07/2023 20:30;0,757;Όχι
19/07/2023 20:45;0,829;Όχι
19/07/2023 21:00;0,881;Όχι
19/07/2023 21:15;0,878;Όχι
19/07/2023 21:30;1,076;Όχι
19/07/2023 21:45;1,132;Όχι
19/07/2023 22:00;1,096;Όχι
19/07/2023 22:15;1,09;Όχι
19/07/2023 22:30;1,108;Όχι
19/07/2023 22:45;1,168;Όχι
19/07/2023 23:00;1,11;Όχι
19/07/2023 23:15;1,095;Όχι
19/07/2023 23:30;1,103;Όχι
19/07/2023 23:45;1,094;Όχι
20/07/2023 00:00;1,093;Όχι
20/07/2023 00:15;1,122;Όχι
20/07/2023 00:30;1,153;Όχι
20/07/2023 00:45;1,096;Όχι
20/07/2023 01:00;1,125;Όχι
20/07/2023 01:15;1,117;Όχι
20/07/2023 01:30;1,107;Όχι
20/07/2023 01:45;1,113;Όχι
20/07/2023 02:00;1,105;Όχι
20/07/2023 02:15;1,207;Όχι
20/07/2023 02:30;1,089;Όχι
20/07/2023 02:45;1,111;Όχι
20/07/2023 03:00;1,079;Όχι
20/07/2023 03:15;1,104;Όχι
20/07/2023 03:30;1,122;Όχι
20/07/2023 03:45;1,098;Όχι
20/07/2023 04:00;1,106;Όχι
20/07/2023 04:15;1,164;Όχι
20/07/2023 04:30;1,134;Όχι
20/07/2023 04:45;1,316;Όχι
20/07/2023 05:00;1,309;Όχι
20/07/2023 05:15;1,313;Όχι
20/07/2023 05:30;1,213;Όχι
20/07/2023 05:45;1,087;Όχι
20/07/2023 06:00;1,115;Όχι
20/07/2023 06:15;0,963;Όχι
20/07/2023 06:30;0,89;Όχι
20/07/2023 06:45;0,826;Όχι
20/07/2023 07:00;0,774;Όχι
20/07/2023 07:15;0,881;Όχι
20/07/2023 07:30;1,091;Όχι
20/07/2023 07:45;1,268;Όχι
20/07/2023 08:00;1,902;Όχι
20/07/2023 08:15;1,297;Όχι
20/07/2023 08:30;1,085;Όχι
20/07/2023 08:45;1,018;Όχι
20/07/2023 09:00;0,584;Όχι
20/07/2023 09:15;0,502;Όχι
20/07/2023 09:30;0,405;Όχι
20/07/2023 09:45;0,236;Όχι
20/07/2023 10:00;0,197;Όχι
20/07/2023 10:15;0,121;Όχι
20/07/2023 10:30;0,152;Όχι
20/07/2023 10:45;0,117;Όχι
20/07/2023 11:00;0,101;Όχι
20/07/2023 11:15;0,045;Όχι
20/07/2023 11:30;0,082;Όχι
20/07/2023 11:45;0,008;Όχι
20/07/2023 12:00;0,034;Όχι
20/07/2023 12:15;0;Όχι
20/07/2023 12:30;0;Όχι
20/07/2023 12:45;0,002;Όχι
20/07/2023 13:00;0,019;Όχι
20/07/2023 13:15;0,09;Όχι
20/07/2023 13:30;0,005;Όχι
20/07/2023 13:45;0,025;Όχι
20/07/2023 14:00;0;Όχι
20/07/2023 14:15;0,015;Όχι
20/07/2023 14:30;0,038;Όχι
20/07/2023 14:45;0,101;Όχι
20/07/2023 15:00;0;Όχι
20/07/2023 15:15;0,004;Όχι
20/07/2023 15:30;0,089;Όχι
20/07/2023 15:45;0;Όχι
20/07/2023 16:00;0;Όχι
20/07/2023 16:15;0;Όχι
20/07/2023 16:30;0;Όχι
20/07/2023 16:45;0;Όχι
20/07/2023 17:00;0;Όχι
20/07/2023 17:15;0;Όχι
20/07/2023 17:30;0;Όχι
20/07/2023 17:45;0;Όχι
20/07/2023 18:00;0;Όχι
20/07/2023 18:15;0;Όχι
20/07/2023 18:30;0;Όχι
20/07/2023 18:45;0;Όχι
20/07/2023 19:00;0,002;Όχι
20/07/2023 19:15;0,032;Όχι
20/07/2023 19:30;0,118;Όχι
20/07/2023 19:45;0,144;Όχι
20/07/2023 20:00;0,183;Όχι
20/07/2023 20:15;0,231;Όχι
20/07/2023 20:30;0,282;Όχι
20/07/2023 20:45;0,305;Όχι
20/07/2023 21:00;0,322;Όχι
20/07/2023 21:15;0,432;Όχι
20/07/2023 21:30;0,566;Όχι
20/07/2023 21:45;0,554;Όχι
20/07/2023 22:00;0,567;Όχι
20/07/2023 22:15;0,562;Όχι
20/07/2023 22:30;0,582;Όχι
20/07/2023 22:45;0,556;Όχι
20/07/2023 23:00;0,654;Όχι
20/07/2023 23:15;0,577;Όχι
20/07/2023 23:30;0,57;Όχι
20/07/2023 23:45;0,58;Όχι
21/07/2023 00:00;0,577;Όχι
21/07/2023 00:15;0,567;Όχι
21/07/2023 00:30;0,573;Όχι
21/07/2023 00:45;0,587;Όχι
21/07/2023 01:00;0,634;Όχι
21/07/2023 01:15;0,57;Όχι
21/07/2023 01:30;0,581;Όχι
21/07/2023 01:45;0,578;Όχι
21/07/2023 02:00;0,569;Όχι
21/07/2023 02:15;0,574;Όχι
21/07/2023 02:30;0,579;Όχι
21/07/2023 02:45;0,58;Όχι
21/07/2023 03:00;0,622;Όχι
21/07/2023 03:15;0,583;Όχι
21/07/2023 03:30;0,573;Όχι
21/07/2023 03:45;0,568;Όχι
21/07/2023 04:00;0,578;Όχι
21/07/2023 04:15;0,58;Όχι
21/07/2023 04:30;0,566;Όχι
21/07/2023 04:45;0,742;Όχι
21/07/2023 05:00;0,855;Όχι
21/07/2023 05:15;0,599;Όχι
21/07/2023 05:30;0,572;Όχι
21/07/2023 05:45;0,586;Όχι
21/07/2023 06:00;0,573;Όχι
21/07/2023 06:15;0,425;Όχι
21/07/2023 06:30;0,331;Όχι
21/07/2023 06:45;0,298;Όχι
21/07/2023 07:00;0,271;Όχι
21/07/2023 07:15;1,663;Όχι
21/07/2023 07:30;1,589;Όχι
21/07/2023 07:45;1,418;Όχι
21/07/2023 08:00;1,344;Όχι
21/07/2023 08:15;1,219;Όχι
21/07/2023 08:30;1,177;Όχι
21/07/2023 08:45;1,02;Όχι
21/07/2023 09:00;0,641;Όχι
21/07/2023 09:15;0,645;Όχι
21/07/2023 09:30;0,467;Όχι
21/07/2023 09:45;0,349;Όχι
21/07/2023 10:00;0,272;Όχι
21/07/2023 10:15;0,15;Όχι
21/07/2023 10:30;0,101;Όχι
21/07/2023 10:45;0,092;Όχι
21/07/2023 11:00;0,119;Όχι
21/07/2023 11:15;0,175;Όχι
21/07/2023 11:30;0,114;Όχι
21/07/2023 11:45;0,077;Όχι
21/07/2023 12:00;0,008;Όχι
21/07/2023 12:15;0,069;Όχι
21/07/2023 12:30;0,017;Όχι
21/07/2023 12:45;0,004;Όχι
21/07/2023 13:00;0,008;Όχι
21/07/2023 13:15;0,05;Όχι
21/07/2023 13:30;0,049;Όχι
21/07/2023 13:45;0,017;Όχι
21/07/2023 14:00;0,048;Όχι
21/07/2023 14:15;0,031;Όχι
21/07/2023 14:30;0,05;Όχι
21/07/2023 14:45;0,025;Όχι
21/07/2023 15:00;0;Όχι
21/07/2023 15:15;0,065;Όχι
21/07/2023 15:30;0,029;Όχι
21/07/2023 15:45;0;Όχι
21/07/2023 16:00;0,001;Όχι
21/07/2023 16:15;0;Όχι
21/07/2023 16:30;0;Όχι
21/07/2023 16:45;0;Όχι
21/07/2023 17:00;0;Όχι
21/07/2023 17:15;0;Όχι
21/07/2023 17:30;0,002;Όχι
21/07/2023 17:45;0,008;Όχι
21/07/2023 18:00;0,021;Όχι
21/07/2023 18:15;0,043;Όχι
21/07/2023 18:30;0,063;Όχι
21/07/2023 18:45;0,141;Όχι
21/07/2023 19:00;0,192;Όχι
21/07/2023 19:15;0,412;Όχι
21/07/2023 19:30;0,439;Όχι
21/07/2023 19:45;0,552;Όχι
21/07/2023 20:00;0,624;Όχι
21/07/2023 20:15;0,677;Όχι
21/07/2023 20:30;0,723;Όχι
21/07/2023 20:45;0,689;Όχι
21/07/2023 21:00;0,768;Όχι
21/07/2023 21:15;0,906;Όχι
21/07/2023 21:30;0,973;Όχι
21/07/2023 21:45;0,995;Όχι
21/07/2023 22:00;0,991;Όχι
21/07/2023 22:15;0,981;Όχι
21/07/2023 22:30;0,99;Όχι
21/07/2023 22:45;1,026;Όχι
21/07/2023 23:00;1,047;Όχι
21/07/2023 23:15;1,001;Όχι
21/07/2023 23:30;1,02;Όχι
21/07/2023 23:45;0,987;Όχι
22/07/2023 00:00;0,98;Όχι
22/07/2023 00:15;1,007;Όχι
22/07/2023 00:30;0,974;Όχι
22/07/2023 00:45;1,049;Όχι
22/07/2023 01:00;0,993;Όχι
22/07/2023 01:15;0,994;Όχι
22/07/2023 01:30;1,028;Όχι
22/07/2023 01:45;0,979;Όχι
22/07/2023 02:00;0,955;Όχι
22/07/2023 02:15;0,472;Όχι
22/07/2023 02:30;0,989;Όχι
22/07/2023 02:45;1,083;Όχι
22/07/2023 03:00;0,997;Όχι
22/07/2023 03:15;0,94;Όχι
22/07/2023 03:30;0,977;Όχι
22/07/2023 03:45;0,996;Όχι
22/07/2023 04:00;1,013;Όχι
22/07/2023 04:15;0,981;Όχι
22/07/2023 04:30;0,94;Όχι
22/07/2023 04:45;1,08;Όχι
22/07/2023 05:00;0,939;Όχι
22/07/2023 05:15;0,945;Όχι
22/07/2023 05:30;0,996;Όχι
22/07/2023 05:45;0,981;Όχι
22/07/2023 06:00;0,962;Όχι
22/07/2023 06:15;0,853;Όχι
22/07/2023 06:30;0,707;Όχι
22/07/2023 06:45;0,773;Όχι
22/07/2023 07:00;0,685;Όχι
22/07/2023 07:15;0,623;Όχι
22/07/2023 07:30;0,596;Όχι
22/07/2023 07:45;0,534;Όχι
22/07/2023 08:00;0,429;Όχι
22/07/2023 08:15;0,343;Όχι
22/07/2023 08:30;0,206;Όχι
22/07/2023 08:45;0,156;Όχι
22/07/2023 09:00;0,097;Όχι
22/07/2023 09:15;0,02;Όχι
22/07/2023 09:30;0,008;Όχι
22/07/2023 09:45;0,004;Όχι
22/07/2023 10:00;0,002;Όχι
22/07/2023 10:15;0;Όχι
22/07/2023 10:30;0;Όχι
22/07/2023 10:45;0,001;Όχι
22/07/2023 11:00;0;Όχι
22/07/2023 11:15;0;Όχι
22/07/2023 11:30;0;Όχι
22/07/2023 11:45;0;Όχι
22/07/2023 12:00;0;Όχι
22/07/2023 12:15;0;Όχι
22/07/2023 12:30;0;Όχι
22/07/2023 12:45;0;Όχι
22/07/2023 13:00;0;Όχι
22/07/2023 13:15;0;Όχι
22/07/2023 13:30;0;Όχι
22/07/2023 13:45;0;Όχι
22/07/2023 14:00;0;Όχι
22/07/2023 14:15;0;Όχι
22/07/2023 14:30;0;Όχι
22/07/2023 14:45;0;Όχι
22/07/2023 15:00;0;Όχι
22/07/2023 15:15;0;Όχι
22/07/2023 15:30;0;Όχι
22/07/2023 15:45;0;Όχι
22/07/2023 16:00;0;Όχι
22/07/2023 16:15;0;Όχι
22/07/2023 16:30;0;Όχι
22/07/2023 16:45;0;Όχι
22/07/2023 17:00;0;Όχι
22/07/2023 17:15;0,004;Όχι
22/07/2023 17:30;0;Όχι
22/07/2023 17:45;0,011;Όχι
22/07/2023 18:00;0,021;Όχι
22/07/2023 18:15;0,079;Όχι
22/07/2023 18:30;0,157;Όχι
22/07/2023 18:45;0,275;Όχι
22/07/2023 19:00;0,397;Όχι
22/07/2023 19:15;0,496;Όχι
22/07/2023 19:30;0,609;Όχι
22/07/2023 19:45;0,648;Όχι
22/07/2023 20:00;0,751;Όχι
22/07/2023 20:15;0,819;Όχι
22/07/2023 20:30;0,921;Όχι
22/07/2023 20:45;0,506;Όχι
22/07/2023 21:00;0,384;Όχι
22/07/2023 21:15;0,46;Όχι
22/07/2023 21:30;0,604;Όχι
22/07/2023 21:45;0,604;Όχι
22/07/2023 22:00;0,616;Όχι
22/07/2023 22:15;0,624;Όχι
22/07/2023 22:30;0,678;Όχι
22/07/2023 22:45;0,619;Όχι
22/07/2023 23:00;0,626;Όχι
22/07/2023 23:15;0,614;Όχι
22/07/2023 23:30;0,611;Όχι
22/07/2023 23:45;0,625;Όχι
23/07/2023 00:00;0,624;Όχι
23/07/2023 00:15;0,673;Όχι
23/07/2023 00:30;0,623;Όχι
23/07/2023 00:45;0,638;Όχι
23/07/2023 01:00;0,622;Όχι
23/07/2023 01:15;0,616;Όχι
23/07/2023 01:30;0,614;Όχι
23/07/2023 01:45;0,638;Όχι
23/07/2023 02:00;0,592;Όχι
23/07/2023 02:15;0,62;Όχι
23/07/2023 02:30;0,633;Όχι
23/07/2023 02:45;0,628;Όχι
23/07/2023 03:00;0,614;Όχι
23/07/2023 03:15;0,627;Όχι
23/07/2023 03:30;0,628;Όχι
23/07/2023 03:45;0,614;Όχι
23/07/2023 04:00;0,616;Όχι
23/07/2023 04:15;0,645;Όχι
23/07/2023 04:30;0,66;Όχι
23/07/2023 04:45;0,615;Όχι
23/07/2023 05:00;0,626;Όχι
23/07/2023 05:15;0,636;Όχι
23/07/2023 05:30;0,612;Όχι
23/07/2023 05:45;0,613;Όχι
23/07/2023 06:00;0,624;Όχι
23/07/2023 06:15;0,501;Όχι
23/07/2023 06:30;0,408;Όχι
23/07/2023 06:45;0,35;Όχι
23/07/2023 07:00;0,319;Όχι
23/07/2023 07:15;0,262;Όχι
23/07/2023 07:30;0,2;Όχι
23/07/2023 07:45;0,134;Όχι
23/07/2023 08:00;0,075;Όχι
23/07/2023 08:15;0,029;Όχι
23/07/2023 08:30;0,006;Όχι
23/07/2023 08:45;0,003;Όχι
23/07/2023 09:00;0,003;Όχι
23/07/2023 09:15;0;Όχι
23/07/2023 09:30;0;Όχι
23/07/2023 09:45;0;Όχι
23/07/2023 10:00;0;Όχι
23/07/2023 10:15;0;Όχι
23/07/2023 10:30;0;Όχι
23/07/2023 10:45;0;Όχι
23/07/2023 11:00;0;Όχι
23/07/2023 11:15;0;Όχι
23/07/2023 11:30;0;Όχι
23/07/2023 11:45;0;Όχι
23/07/2023 12:00;0;Όχι
23/07/2023 12:15;0;Όχι
23/07/2023 12:30;0;Όχι
23/07/2023 12:45;0;Όχι
23/07/2023 13:00;0;Όχι
23/07/2023 13:15;0;Όχι
23/07/2023 13:30;0;Όχι
23/07/2023 13:45;0;Όχι
23/07/2023 14:00;0;Όχι
23/07/2023 14:15;0;Όχι
23/07/2023 14:30;0;Όχι
23/07/2023 14:45;0;Όχι
23/07/2023 15:00;0;Όχι
23/07/2023 15:15;0;Όχι
23/07/2023 15:30;0;Όχι
23/07/2023 15:45;0;Όχι
23/07/2023 16:00;0;Όχι
23/07/2023 16:15;0;Όχι
23/07/2023 16:30;0;Όχι
23/07/2023 16:45;0;Όχι
23/07/2023 17:00;0;Όχι
23/07/2023 17:15;0;Όχι
23/07/2023 17:30;0;Όχι
23/07/2023 17:45;0;Όχι
23/07/2023 18:00;0;Όχι
23/07/2023 18:15;0;Όχι
23/07/2023 18:30;0;Όχι
23/07/2023 18:45;0;Όχι
23/07/2023 19:00;0,214;Όχι
23/07/2023 19:15;0,112;Όχι
23/07/2023 19:30;0,187;Όχι
23/07/2023 19:45;0,263;Όχι
23/07/2023 20:00;0,306;Όχι
23/07/2023 20:15;0,375;Όχι
23/07/2023 20:30;0,403;Όχι
23/07/2023 20:45;1,12;Όχι
23/07/2023 21:00;1,101;Όχι
23/07/2023 21:15;1,357;Όχι
23/07/2023 21:30;1,443;Όχι
23/07/2023 21:45;1,279;Όχι
23/07/2023 22:00;1,271;Όχι
23/07/2023 22:15;1,381;Όχι
23/07/2023 22:30;1,339;Όχι
23/07/2023 22:45;1,266;Όχι
23/07/2023 23:00;1,273;Όχι
23/07/2023 23:15;1,291;Όχι
23/07/2023 23:30;1,304;Όχι
23/07/2023 23:45;1,261;Όχι
24/07/2023 00:00;1,234;Όχι
24/07/2023 00:15;1,269;Όχι
24/07/2023 00:30;1,314;Όχι
24/07/2023 00:45;1,272;Όχι
24/07/2023 01:00;1,287;Όχι
24/07/2023 01:15;1,277;Όχι
24/07/2023 01:30;1,217;Όχι
24/07/2023 01:45;1,253;Όχι
24/07/2023 02:00;0,695;Όχι
24/07/2023 02:15;1,247;Όχι
24/07/2023 02:30;1,251;Όχι
24/07/2023 02:45;1,308;Όχι
24/07/2023 03:00;1,254;Όχι
24/07/2023 03:15;1,241;Όχι
24/07/2023 03:30;1,061;Όχι
24/07/2023 03:45;1,039;Όχι
24/07/2023 04:00;1,095;Όχι
24/07/2023 04:15;1,172;Όχι
24/07/2023 04:30;1,068;Όχι
24/07/2023 04:45;1,208;Όχι
24/07/2023 05:00;1,189;Όχι
24/07/2023 05:15;1,197;Όχι
24/07/2023 05:30;1,207;Όχι
24/07/2023 05:45;1,185;Όχι
24/07/2023 06:00;1,165;Όχι
24/07/2023 06:15;1,064;Όχι
24/07/2023 06:30;1,036;Όχι
24/07/2023 06:45;0,883;Όχι
24/07/2023 07:00;0,891;Όχι
24/07/2023 07:15;1,847;Όχι
24/07/2023 07:30;2,471;Όχι
24/07/2023 07:45;1,94;Όχι
24/07/2023 08:00;1,072;Όχι
24/07/2023 08:15;0,954;Όχι
24/07/2023 08:30;0,85;Όχι
24/07/2023 08:45;0,663;Όχι
24/07/2023 09:00;0,393;Όχι
24/07/2023 09:15;0,347;Όχι
24/07/2023 09:30;0,296;Όχι
24/07/2023 09:45;0,245;Όχι
24/07/2023 10:00;0,07;Όχι
24/07/2023 10:15;0,103;Όχι
24/07/2023 10:30;0,152;Όχι
24/07/2023 10:45;0,058;Όχι
24/07/2023 11:00;0,005;Όχι
24/07/2023 11:15;0,027;Όχι
24/07/2023 11:30;0;Όχι
24/07/2023 11:45;0,025;Όχι
24/07/2023 12:00;0;Όχι
24/07/2023 12:15;0,001;Όχι
24/07/2023 12:30;0,011;Όχι
24/07/2023 12:45;0,033;Όχι
24/07/2023 13:00;0;Όχι
24/07/2023 13:15;0,038;Όχι
24/07/2023 13:30;0,023;Όχι
24/07/2023 13:45;0,011;Όχι
24/07/2023 14:00;0,021;Όχι
24/07/2023 14:15;0,009;Όχι
24/07/2023 14:30;0,004;Όχι
24/07/2023 14:45;0,012;Όχι
24/07/2023 15:00;0,011;Όχι
24/07/2023 15:15;0,022;Όχι
24/07/2023 15:30;0,043;Όχι
24/07/2023 15:45;0,045;Όχι
24/07/2023 16:00;0;Όχι
24/07/2023 16:15;0,002;Όχι
24/07/2023 16:30;0;Όχι
24/07/2023 16:45;0;Όχι
24/07/2023 17:00;0,004;Όχι
24/07/2023 17:15;0;Όχι
24/07/2023 17:30;0;Όχι
24/07/2023 17:45;0;Όχι
24/07/2023 18:00;0;Όχι
24/07/2023 18:15;0;Όχι
24/07/2023 18:30;0;Όχι
24/07/2023 18:45;0,001;Όχι
24/07/2023 19:00;0,021;Όχι
24/07/2023 19:15;0,063;Όχι
24/07/2023 19:30;0,135;Όχι
24/07/2023 19:45;0,173;Όχι
24/07/2023 20:00;0,225;Όχι
24/07/2023 20:15;0,26;Όχι
24/07/2023 20:30;0,294;Όχι
24/07/2023 20:45;0,337;Όχι
24/07/2023 21:00;0,339;Όχι
24/07/2023 21:15;0,486;Όχι
24/07/2023 21:30;0,583;Όχι
24/07/2023 21:45;0,586;Όχι
24/07/2023 22:00;0,588;Όχι
24/07/2023 22:15;0,564;Όχι
24/07/2023 22:30;0,597;Όχι
24/07/2023 22:45;0,591;Όχι
24/07/2023 23:00;0,64;Όχι
24/07/2023 23:15;0,592;Όχι
24/07/2023 23:30;1,119;Όχι
24/07/2023 23:45;1,225;Όχι
25/07/2023 00:00;1,149;Όχι
25/07/2023 00:15;1,197;Όχι
25/07/2023 00:30;1,168;Όχι
25/07/2023 00:45;1,181;Όχι
25/07/2023 01:00;1,237;Όχι
25/07/2023 01:15;1,184;Όχι
25/07/2023 01:30;1,173;Όχι
25/07/2023 01:45;1,172;Όχι
25/07/2023 02:00;0,856;Όχι
25/07/2023 02:15;1,17;Όχι
25/07/2023 02:30;1,137;Όχι
25/07/2023 02:45;1,154;Όχι
25/07/2023 03:00;1,211;Όχι
25/07/2023 03:15;1,132;Όχι
25/07/2023 03:30;1,136;Όχι
25/07/2023 03:45;1,147;Όχι
25/07/2023 04:00;1,141;Όχι
25/07/2023 04:15;1,116;Όχι
25/07/2023 04:30;1,094;Όχι
25/07/2023 04:45;1,132;Όχι
25/07/2023 05:00;1,124;Όχι
25/07/2023 05:15;1,035;Όχι
25/07/2023 05:30;1,057;Όχι
25/07/2023 05:45;0,989;Όχι
25/07/2023 06:00;0,979;Όχι
25/07/2023 06:15;0,966;Όχι
25/07/2023 06:30;0,783;Όχι
25/07/2023 06:45;0,776;Όχι
25/07/2023 07:00;0,769;Όχι
25/07/2023 07:15;0,922;Όχι
25/07/2023 07:30;0,967;Όχι
25/07/2023 07:45;0,854;Όχι
25/07/2023 08:00;0,701;Όχι
25/07/2023 08:15;0,599;Όχι
25/07/2023 08:30;0,477;Όχι
25/07/2023 08:45;0,293;Όχι
25/07/2023 09:00;0,21;Όχι
25/07/2023 09:15;0,131;Όχι
25/07/2023 09:30;0,107;Όχι
25/07/2023 09:45;0,025;Όχι
25/07/2023 10:00;0,026;Όχι
25/07/2023 10:15;0,001;Όχι
25/07/2023 10:30;0;Όχι
25/07/2023 10:45;0,001;Όχι
25/07/2023 11:00;0;Όχι
25/07/2023 11:15;0;Όχι
25/07/2023 11:30;0;Όχι
25/07/2023 11:45;0;Όχι
25/07/2023 12:00;0;Όχι
25/07/2023 12:15;0;Όχι
25/07/2023 12:30;0;Όχι
25/07/2023 12:45;0;Όχι
25/07/2023 13:00;0;Όχι
25/07/2023 13:15;0;Όχι
25/07/2023 13:30;0;Όχι
25/07/2023 13:45;0;Όχι
25/07/2023 14:00;0;Όχι
25/07/2023 14:15;0;Όχι
25/07/2023 14:30;0;Όχι
25/07/2023 14:45;0;Όχι
25/07/2023 15:00;0;Όχι
25/07/2023 15:15;0;Όχι
25/07/2023 15:30;0;Όχι
25/07/2023 15:45;0;Όχι
25/07/2023 16:00;0;Όχι
25/07/2023 16:15;0;Όχι
25/07/2023 16:30;0;Όχι
25/07/2023 16:45;0;Όχι
25/07/2023 17:00;0,002;Όχι
25/07/2023 17:15;0,004;Όχι
25/07/2023 17:30;0;Όχι
25/07/2023 17:45;0,002;Όχι
25/07/2023 18:00;0,085;Όχι
25/07/2023 18:15;0,091;Όχι
25/07/2023 18:30;0,048;Όχι
25/07/2023 18:45;0,001;Όχι
25/07/2023 19:00;0,038;Όχι
25/07/2023 19:15;0,114;Όχι
25/07/2023 19:30;0,197;Όχι
25/07/2023 19:45;0,319;Όχι
25/07/2023 20:00;0,311;Όχι
25/07/2023 20:15;0,361;Όχι
25/07/2023 20:30;0,403;Όχι
25/07/2023 20:45;0,439;Όχι
25/07/2023 21:00;0,418;Όχι
25/07/2023 21:15;0,593;Όχι
25/07/2023 21:30;0,7;Όχι
25/07/2023 21:45;0,707;Όχι
25/07/2023 22:00;0,674;Όχι
25/07/2023 22:15;0,655;Όχι
25/07/2023 22:30;0,682;Όχι
25/07/2023 22:45;0,676;Όχι
25/07/2023 23:00;0,668;Όχι
25/07/2023 23:15;0,692;Όχι
25/07/2023 23:30;0,716;Όχι
25/07/2023 23:45;0,663;Όχι
26/07/2023 00:00;0,684;Όχι
26/07/2023 00:15;0,677;Όχι
26/07/2023 00:30;0,661;Όχι
26/07/2023 00:45;0,652;Όχι
26/07/2023 01:00;0,675;Όχι
26/07/2023 01:15;0,674;Όχι
26/07/2023 01:30;0,72;Όχι
26/07/2023 01:45;0,659;Όχι
26/07/2023 02:00;0,663;Όχι
26/07/2023 02:15;0,661;Όχι
26/07/2023 02:30;0,656;Όχι
26/07/2023 02:45;0,649;Όχι
26/07/2023 03:00;0,67;Όχι
26/07/2023 03:15;0,654;Όχι
26/07/2023 03:30;0,716;Όχι
26/07/2023 03:45;0,674;Όχι
26/07/2023 04:00;0,631;Όχι
26/07/2023 04:15;0,649;Όχι
26/07/2023 04:30;0,674;Όχι
26/07/2023 04:45;0,762;Όχι
26/07/2023 05:00;0,674;Όχι
26/07/2023 05:15;0,647;Όχι
26/07/2023 05:30;0,64;Όχι
26/07/2023 05:45;0,688;Όχι
26/07/2023 06:00;0,63;Όχι
26/07/2023 06:15;0,594;Όχι
26/07/2023 06:30;0,404;Όχι
26/07/2023 06:45;0,338;Όχι
26/07/2023 07:00;0,349;Όχι
26/07/2023 07:15;1,442;Όχι
26/07/2023 07:30;1,321;Όχι
26/07/2023 07:45;1,161;Όχι
26/07/2023 08:00;1,174;Όχι
26/07/2023 08:15;0,995;Όχι
26/07/2023 08:30;0,707;Όχι
26/07/2023 08:45;0,445;Όχι
26/07/2023 09:00;0,448;Όχι
26/07/2023 09:15;0,622;Όχι
26/07/2023 09:30;0,09;Όχι
26/07/2023 09:45;0,162;Όχι
26/07/2023 10:00;0,102;Όχι
26/07/2023 10:15;0,065;Όχι
26/07/2023 10:30;0,108;Όχι
26/07/2023 10:45;0,068;Όχι
26/07/2023 11:00;0,052;Όχι
26/07/2023 11:15;0,004;Όχι
26/07/2023 11:30;0,043;Όχι
26/07/2023 11:45;0,03;Όχι
26/07/2023 12:00;0,006;Όχι
26/07/2023 12:15;0,032;Όχι
26/07/2023 12:30;0,05;Όχι
26/07/2023 12:45;0,016;Όχι
26/07/2023 13:00;0,001;Όχι
26/07/2023 13:15;0,046;Όχι
26/07/2023 13:30;0,041;Όχι
26/07/2023 13:45;0;Όχι
26/07/2023 14:00;0,011;Όχι
26/07/2023 14:15;0;Όχι
26/07/2023 14:30;0;Όχι
26/07/2023 14:45;0;Όχι
26/07/2023 15:00;0;Όχι
26/07/2023 15:15;0,004;Όχι
26/07/2023 15:30;0,009;Όχι
26/07/2023 15:45;0,003;Όχι
26/07/2023 16:00;0,006;Όχι
26/07/2023 16:15;0;Όχι
26/07/2023 16:30;0,001;Όχι
26/07/2023 16:45;0;Όχι
26/07/2023 17:00;0,001;Όχι
26/07/2023 17:15;0,134;Όχι
26/07/2023 17:30;0,172;Όχι
26/07/2023 17:45;0,076;Όχι
26/07/2023 18:00;0,182;Όχι
26/07/2023 18:15;0,172;Όχι
26/07/2023 18:30;0,077;Όχι
26/07/2023 18:45;0;Όχι
26/07/2023 19:00;0,024;Όχι
26/07/2023 19:15;0,099;Όχι
26/07/2023 19:30;0,11;Όχι
26/07/2023 19:45;0,126;Όχι
26/07/2023 20:00;0,181;Όχι
26/07/2023 20:15;0,233;Όχι
26/07/2023 20:30;0,247;Όχι
26/07/2023 20:45;0,335;Όχι
26/07/2023 21:00;0,401;Όχι
26/07/2023 21:15;0,5;Όχι
26/07/2023 21:30;0,581;Όχι
26/07/2023 21:45;0,598;Όχι
26/07/2023 22:00;0,605;Όχι
26/07/2023 22:15;0,591;Όχι
26/07/2023 22:30;0,601;Όχι
26/07/2023 22:45;0,645;Όχι
26/07/2023 23:00;0,606;Όχι
26/07/2023 23:15;0,579;Όχι
26/07/2023 23:30;0,567;Όχι
26/07/2023 23:45;0,6;Όχι
27/07/2023 00:00;0,59;Όχι
27/07/2023 00:15;0,6;Όχι
27/07/2023 00:30;0,651;Όχι
27/07/2023 00:45;0,625;Όχι
27/07/2023 01:00;0,575;Όχι
27/07/2023 01:15;0,591;Όχι
27/07/2023 01:30;0,62;Όχι
27/07/2023 01:45;0,601;Όχι
27/07/2023 02:00;0,594;Όχι
27/07/2023 02:15;0,6;Όχι
27/07/2023 02:30;0,629;Όχι
27/07/2023 02:45;0,633;Όχι
27/07/2023 03:00;0,602;Όχι
27/07/2023 03:15;0,609;Όχι
27/07/2023 03:30;0,601;Όχι
27/07/2023 03:45;0,59;Όχι
27/07/2023 04:00;0,6;Όχι
27/07/2023 04:15;0,612;Όχι
27/07/2023 04:30;0,591;Όχι
27/07/2023 04:45;0,637;Όχι
27/07/2023 05:00;0,65;Όχι
27/07/2023 05:15;0,882;Όχι
27/07/2023 05:30;1,375;Όχι
27/07/2023 05:45;1,217;Όχι
27/07/2023 06:00;1,138;Όχι
27/07/2023 06:15;1,019;Όχι
27/07/2023 06:30;0,896;Όχι
27/07/2023 06:45;1,007;Όχι
27/07/2023 07:00;0,954;Όχι
27/07/2023 07:15;1,678;Όχι
27/07/2023 07:30;1,052;Όχι
27/07/2023 07:45;1,116;Όχι
27/07/2023 08:00;1,02;Όχι
27/07/2023 08:15;0,873;Όχι
27/07/2023 08:30;0,713;Όχι
27/07/2023 08:45;0,508;Όχι
27/07/2023 09:00;0,167;Όχι
27/07/2023 09:15;0,144;Όχι
27/07/2023 09:30;0,181;Όχι
27/07/2023 09:45;0,082;Όχι
27/07/2023 10:00;0,054;Όχι
27/07/2023 10:15;0,063;Όχι
27/07/2023 10:30;0,015;Όχι
27/07/2023 10:45;0,023;Όχι
27/07/2023 11:00;0,007;Όχι
27/07/2023 11:15;0,017;Όχι
27/07/2023 11:30;0;Όχι
27/07/2023 11:45;0;Όχι
27/07/2023 12:00;0;Όχι
27/07/2023 12:15;0,032;Όχι
27/07/2023 12:30;0,001;Όχι
27/07/2023 12:45;0,021;Όχι
27/07/2023 13:00;0;Όχι
27/07/2023 13:15;0;Όχι
27/07/2023 13:30;0,033;Όχι
27/07/2023 13:45;0,054;Όχι
27/07/2023 14:00;0,009;Όχι
27/07/2023 14:15;0;Όχι
27/07/2023 14:30;0,023;Όχι
27/07/2023 14:45;0,03;Όχι
27/07/2023 15:00;0,052;Όχι
27/07/2023 15:15;0,003;Όχι
27/07/2023 15:30;0;Όχι
27/07/2023 15:45;0;Όχι
27/07/2023 16:00;0;Όχι
27/07/2023 16:15;0;Όχι
27/07/2023 16:30;0;Όχι
27/07/2023 16:45;0;Όχι
27/07/2023 17:00;0;Όχι
27/07/2023 17:15;0;Όχι
27/07/2023 17:30;0;Όχι
27/07/2023 17:45;0;Όχι
27/07/2023 18:00;0;Όχι
27/07/2023 18:15;0;Όχι
27/07/2023 18:30;0,003;Όχι
27/07/2023 18:45;0,001;Όχι
27/07/2023 19:00;0,004;Όχι
27/07/2023 19:15;0,036;Όχι
27/07/2023 19:30;0,104;Όχι
27/07/2023 19:45;0,171;Όχι
27/07/2023 20:00;0,222;Όχι
27/07/2023 20:15;0,276;Όχι
27/07/2023 20:30;0,311;Όχι
27/07/2023 20:45;0,38;Όχι
27/07/2023 21:00;0,33;Όχι
27/07/2023 21:15;0,443;Όχι
27/07/2023 21:30;0,577;Όχι
27/07/2023 21:45;0,561;Όχι
27/07/2023 22:00;0,577;Όχι
27/07/2023 22:15;0,59;Όχι
27/07/2023 22:30;0,577;Όχι
27/07/2023 22:45;0,579;Όχι
27/07/2023 23:00;0,628;Όχι
27/07/2023 23:15;0,578;Όχι
27/07/2023 23:30;0,558;Όχι
27/07/2023 23:45;0,59;Όχι
28/07/2023 00:00;0,589;Όχι
28/07/2023 00:15;0,567;Όχι
28/07/2023 00:30;0,564;Όχι
28/07/2023 00:45;0,593;Όχι
28/07/2023 01:00;0,581;Όχι
28/07/2023 01:15;0,563;Όχι
28/07/2023 01:30;0,636;Όχι
28/07/2023 01:45;0,588;Όχι
28/07/2023 02:00;0,023;Όχι
28/07/2023 02:15;0,559;Όχι
28/07/2023 02:30;0,59;Όχι
28/07/2023 02:45;0,576;Όχι
28/07/2023 03:00;0,567;Όχι
28/07/2023 03:15;0,57;Όχι
28/07/2023 03:30;0,592;Όχι
28/07/2023 03:45;0,577;Όχι
28/07/2023 04:00;0,612;Όχι
28/07/2023 04:15;0,572;Όχι
28/07/2023 04:30;0,574;Όχι
28/07/2023 04:45;0,573;Όχι
28/07/2023 05:00;0,567;Όχι
28/07/2023 05:15;0,563;Όχι
28/07/2023 05:30;0,571;Όχι
28/07/2023 05:45;0,58;Όχι
28/07/2023 06:00;0,558;Όχι
28/07/2023 06:15;0,482;Όχι
28/07/2023 06:30;0,323;Όχι
28/07/2023 06:45;0,367;Όχι
28/07/2023 07:00;0,266;Όχι
28/07/2023 07:15;0,542;Όχι
28/07/2023 07:30;0,695;Όχι
28/07/2023 07:45;0,725;Όχι
28/07/2023 08:00;0,555;Όχι
28/07/2023 08:15;0,894;Όχι
28/07/2023 08:30;0,536;Όχι
28/07/2023 08:45;0,319;Όχι
28/07/2023 09:00;0,242;Όχι
28/07/2023 09:15;0,207;Όχι
28/07/2023 09:30;0,175;Όχι
28/07/2023 09:45;0,355;Όχι
28/07/2023 10:00;0,078;Όχι
28/07/2023 10:15;0,127;Όχι
28/07/2023 10:30;0,004;Όχι
28/07/2023 10:45;0,035;Όχι
28/07/2023 11:00;0,062;Όχι
28/07/2023 11:15;0,085;Όχι
28/07/2023 11:30;0,03;Όχι
28/07/2023 11:45;0,011;Όχι
28/07/2023 12:00;0,008;Όχι
28/07/2023 12:15;0,006;Όχι
28/07/2023 12:30;0,092;Όχι
28/07/2023 12:45;0,002;Όχι
28/07/2023 13:00;0;Όχι
28/07/2023 13:15;0;Όχι
28/07/2023 13:30;0;Όχι
28/07/2023 13:45;0;Όχι
28/07/2023 14:00;0;Όχι
28/07/2023 14:15;0;Όχι
28/07/2023 14:30;0;Όχι
28/07/2023 14:45;0,002;Όχι
28/07/2023 15:00;0;Όχι
28/07/2023 15:15;0;Όχι
28/07/2023 15:30;0;Όχι
28/07/2023 15:45;0;Όχι
28/07/2023 16:00;0;Όχι
28/07/2023 16:15;0;Όχι
28/07/2023 16:30;0;Όχι
28/07/2023 16:45;0;Όχι
28/07/2023 17:00;0;Όχι
28/07/2023 17:15;0;Όχι
28/07/2023 17:30;0;Όχι
28/07/2023 17:45;0;Όχι
28/07/2023 18:00;0;Όχι
28/07/2023 18:15;0,001;Όχι
28/07/2023 18:30;0;Όχι
28/07/2023 18:45;0,002;Όχι
28/07/2023 19:00;0,011;Όχι
28/07/2023 19:15;0,053;Όχι
28/07/2023 19:30;0,113;Όχι
28/07/2023 19:45;0,201;Όχι
28/07/2023 20:00;0,291;Όχι
28/07/2023 20:15;0,411;Όχι
28/07/2023 20:30;0,389;Όχι
28/07/2023 20:45;0,397;Όχι
28/07/2023 21:00;0,4;Όχι
28/07/2023 21:15;0,528;Όχι
28/07/2023 21:30;0,633;Όχι
28/07/2023 21:45;0,641;Όχι
28/07/2023 22:00;0,634;Όχι
28/07/2023 22:15;0,633;Όχι
28/07/2023 22:30;0,693;Όχι
28/07/2023 22:45;0,644;Όχι
28/07/2023 23:00;0,629;Όχι
28/07/2023 23:15;0,635;Όχι
28/07/2023 23:30;0,636;Όχι
28/07/2023 23:45;0,63;Όχι
29/07/2023 00:00;0,632;Όχι
29/07/2023 00:15;0,646;Όχι
29/07/2023 00:30;0,638;Όχι
29/07/2023 00:45;0,691;Όχι
29/07/2023 01:00;0,633;Όχι
29/07/2023 01:15;0,644;Όχι
29/07/2023 01:30;0,622;Όχι
29/07/2023 01:45;0,623;Όχι
29/07/2023 02:00;0,651;Όχι
29/07/2023 02:15;0,633;Όχι
29/07/2023 02:30;0,623;Όχι
29/07/2023 02:45;0,621;Όχι
29/07/2023 03:00;0,64;Όχι
29/07/2023 03:15;0,641;Όχι
29/07/2023 03:30;0,667;Όχι
29/07/2023 03:45;0,634;Όχι
29/07/2023 04:00;0,625;Όχι
29/07/2023 04:15;0,634;Όχι
29/07/2023 04:30;0,619;Όχι
29/07/2023 04:45;0,636;Όχι
29/07/2023 05:00;0,628;Όχι
29/07/2023 05:15;0,652;Όχι
29/07/2023 05:30;0,678;Όχι
29/07/2023 05:45;0,627;Όχι
29/07/2023 06:00;0,658;Όχι
29/07/2023 06:15;0,59;Όχι
29/07/2023 06:30;0,395;Όχι
29/07/2023 06:45;0,363;Όχι
29/07/2023 07:00;0,361;Όχι
29/07/2023 07:15;0,331;Όχι
29/07/2023 07:30;0,267;Όχι
29/07/2023 07:45;0,164;Όχι
29/07/2023 08:00;0,093;Όχι
29/07/2023 08:15;0,043;Όχι
29/07/2023 08:30;0,009;Όχι
29/07/2023 08:45;0,005;Όχι
29/07/2023 09:00;0,001;Όχι
29/07/2023 09:15;0;Όχι
29/07/2023 09:30;0;Όχι
29/07/2023 09:45;0;Όχι
29/07/2023 10:00;0;Όχι
29/07/2023 10:15;0;Όχι
29/07/2023 10:30;0;Όχι
29/07/2023 10:45;0;Όχι
29/07/2023 11:00;0;Όχι
29/07/2023 11:15;0;Όχι
29/07/2023 11:30;0;Όχι
29/07/2023 11:45;0;Όχι
29/07/2023 12:00;0;Όχι
29/07/2023 12:15;0;Όχι
29/07/2023 12:30;0;Όχι
29/07/2023 12:45;0;Όχι
29/07/2023 13:00;0;Όχι
29/07/2023 13:15;0;Όχι
29/07/2023 13:30;0;Όχι
29/07/2023 13:45;0;Όχι
29/07/2023 14:00;0;Όχι
29/07/2023 14:15;0;Όχι
29/07/2023 14:30;0,107;Όχι
29/07/2023 14:45;0;Όχι
29/07/2023 15:00;0;Όχι
29/07/2023 15:15;0;Όχι
29/07/2023 15:30;0;Όχι
29/07/2023 15:45;0;Όχι
29/07/2023 16:00;0;Όχι
29/07/2023 16:15;0;Όχι
29/07/2023 16:30;0;Όχι
29/07/2023 16:45;0;Όχι
29/07/2023 17:00;0;Όχι
29/07/2023 17:15;0;Όχι
29/07/2023 17:30;0;Όχι
29/07/2023 17:45;0;Όχι
29/07/2023 18:00;0;Όχι
29/07/2023 18:15;0;Όχι
29/07/2023 18:30;0;Όχι
29/07/2023 18:45;0;Όχι
29/07/2023 19:00;0,003;Όχι
29/07/2023 19:15;0,041;Όχι
29/07/2023 19:30;0,104;Όχι
29/07/2023 19:45;0,217;Όχι
29/07/2023 20:00;0,313;Όχι
29/07/2023 20:15;0,33;Όχι
29/07/2023 20:30;0,372;Όχι
29/07/2023 20:45;0,358;Όχι
29/07/2023 21:00;0,373;Όχι
29/07/2023 21:15;0,531;Όχι
29/07/2023 21:30;0,613;Όχι
29/07/2023 21:45;0,622;Όχι
29/07/2023 22:00;0,621;Όχι
29/07/2023 22:15;0,666;Όχι
29/07/2023 22:30;0,625;Όχι
29/07/2023 22:45;0,62;Όχι
29/07/2023 23:00;0,622;Όχι
29/07/2023 23:15;0,623;Όχι
29/07/2023 23:30;0,626;Όχι
29/07/2023 23:45;0,622;Όχι
30/07/2023 00:00;0,662;Όχι
30/07/2023 00:15;0,64;Όχι
30/07/2023 00:30;0,623;Όχι
30/07/2023 00:45;0,629;Όχι
30/07/2023 01:00;0,611;Όχι
30/07/2023 01:15;0,622;Όχι
30/07/2023 01:30;0,625;Όχι
30/07/2023 01:45;0,62;Όχι
30/07/2023 02:00;0,631;Όχι
30/07/2023 02:15;0,69;Όχι
30/07/2023 02:30;0,62;Όχι
30/07/2023 02:45;0,639;Όχι
30/07/2023 03:00;0,628;Όχι
30/07/2023 03:15;0,609;Όχι
30/07/2023 03:30;0,641;Όχι
30/07/2023 03:45;0,63;Όχι
30/07/2023 04:00;0,609;Όχι
30/07/2023 04:15;0,639;Όχι
30/07/2023 04:30;0,635;Όχι
30/07/2023 04:45;0,655;Όχι
30/07/2023 05:00;0,635;Όχι
30/07/2023 05:15;0,644;Όχι
30/07/2023 05:30;0,61;Όχι
30/07/2023 05:45;0,625;Όχι
30/07/2023 06:00;0,644;Όχι
30/07/2023 06:15;0,583;Όχι
30/07/2023 06:30;0,388;Όχι
30/07/2023 06:45;0,381;Όχι
30/07/2023 07:00;0,334;Όχι
30/07/2023 07:15;0,34;Όχι
30/07/2023 07:30;0,249;Όχι
30/07/2023 07:45;0,168;Όχι
30/07/2023 08:00;0,063;Όχι
30/07/2023 08:15;0,023;Όχι
30/07/2023 08:30;0,002;Όχι
30/07/2023 08:45;0;Όχι
30/07/2023 09:00;0;Όχι
30/07/2023 09:15;0;Όχι
30/07/2023 09:30;0;Όχι
30/07/2023 09:45;0;Όχι
30/07/2023 10:00;0;Όχι
30/07/2023 10:15;0;Όχι
30/07/2023 10:30;0;Όχι
30/07/2023 10:45;0,105;Όχι
30/07/2023 11:00;0;Όχι
30/07/2023 11:15;0;Όχι
30/07/2023 11:30;0;Όχι
30/07/2023 11:45;0;Όχι
30/07/2023 12:00;0;Όχι
30/07/2023 12:15;0;Όχι
30/07/2023 12:30;0;Όχι
30/07/2023 12:45;0;Όχι
30/07/2023 13:00;0;Όχι
30/07/2023 13:15;0;Όχι
30/07/2023 13:30;0;Όχι
30/07/2023 13:45;0;Όχι
30/07/2023 14:00;0;Όχι
30/07/2023 14:15;0;Όχι
30/07/2023 14:30;0;Όχι
30/07/2023 14:45;0,1;Όχι
30/07/2023 15:00;0;Όχι
30/07/2023 15:15;0;Όχι
30/07/2023 15:30;0;Όχι
30/07/2023 15:45;0;Όχι
30/07/2023 16:00;0;Όχι
30/07/2023 16:15;0;Όχι
30/07/2023 16:30;0;Όχι
30/07/2023 16:45;0;Όχι
30/07/2023 17:00;0;Όχι
30/07/2023 17:15;0;Όχι
30/07/2023 17:30;0;Όχι
30/07/2023 17:45;0;Όχι
30/07/2023 18:00;0;Όχι
30/07/2023 18:15;0;Όχι
30/07/2023 18:30;0;Όχι
30/07/2023 18:45;0,002;Όχι
30/07/2023 19:00;0,008;Όχι
30/07/2023 19:15;0,042;Όχι
30/07/2023 19:30;0,083;Όχι
30/07/2023 19:45;0,181;Όχι
30/07/2023 20:00;0,254;Όχι
30/07/2023 20:15;0,311;Όχι
30/07/2023 20:30;0,364;Όχι
30/07/2023 20:45;0,428;Όχι
30/07/2023 21:00;0,389;Όχι
30/07/2023 21:15;0,549;Όχι
30/07/2023 21:30;0,621;Όχι
30/07/2023 21:45;0,633;Όχι
30/07/2023 22:00;0,61;Όχι
30/07/2023 22:15;0,608;Όχι
30/07/2023 22:30;0,633;Όχι
30/07/2023 22:45;0,623;Όχι
30/07/2023 23:00;0,66;Όχι
30/07/2023 23:15;0,632;Όχι
30/07/2023 23:30;0,635;Όχι
30/07/2023 23:45;0,602;Όχι
31/07/2023 00:00;0,624;Όχι
31/07/2023 00:15;0,641;Όχι
31/07/2023 00:30;0,607;Όχι
31/07/2023 00:45;0,622;Όχι
31/07/2023 01:00;0,652;Όχι
31/07/2023 01:15;0,661;Όχι
31/07/2023 01:30;0,614;Όχι
31/07/2023 01:45;0,633;Όχι
31/07/2023 02:00;0,633;Όχι
31/07/2023 02:15;0,612;Όχι
31/07/2023 02:30;0,628;Όχι
31/07/2023 02:45;0,645;Όχι
31/07/2023 03:00;0,61;Όχι
31/07/2023 03:15;0,688;Όχι
31/07/2023 03:30;0,641;Όχι
31/07/2023 03:45;0,617;Όχι
31/07/2023 04:00;0,628;Όχι
31/07/2023 04:15;0,637;Όχι
31/07/2023 04:30;0,624;Όχι
31/07/2023 04:45;0,628;Όχι
31/07/2023 05:00;0,628;Όχι
31/07/2023 05:15;0,632;Όχι
31/07/2023 05:30;0,62;Όχι
31/07/2023 05:45;0,689;Όχι
31/07/2023 06:00;0,632;Όχι
31/07/2023 06:15;0,586;Όχι
31/07/2023 06:30;0,416;Όχι
31/07/2023 06:45;0,478;Όχι
31/07/2023 07:00;0,326;Όχι
31/07/2023 07:15;0,817;Όχι
31/07/2023 07:30;1,714;Όχι
31/07/2023 07:45;1,687;Όχι
31/07/2023 08:00;1,617;Όχι
31/07/2023 08:15;1,157;Όχι
31/07/2023 08:30;1,052;Όχι
31/07/2023 08:45;0,54;Όχι
31/07/2023 09:00;0,258;Όχι
31/07/2023 09:15;0,387;Όχι
31/07/2023 09:30;0,208;Όχι
31/07/2023 09:45;0,098;Όχι
31/07/2023 10:00;0,551;Όχι
31/07/2023 10:15;0,173;Όχι
31/07/2023 10:30;0,17;Όχι
31/07/2023 10:45;0,278;Όχι
31/07/2023 11:00;0,075;Όχι
31/07/2023 11:15;0,008;Όχι
31/07/2023 11:30;0,013;Όχι
31/07/2023 11:45;0,016;Όχι
31/07/2023 12:00;0,012;Όχι
31/07/2023 12:15;0;Όχι
31/07/2023 12:30;0,003;Όχι
31/07/2023 12:45;0;Όχι
31/07/2023 13:00;0;Όχι
31/07/2023 13:15;0;Όχι
31/07/2023 13:30;0,003;Όχι
31/07/2023 13:45;0;Όχι
31/07/2023 14:00;0,001;Όχι
31/07/2023 14:15;0;Όχι
31/07/2023 14:30;0;Όχι
31/07/2023 14:45;0;Όχι
31/07/2023 15:00;0,002;Όχι
31/07/2023 15:15;0,015;Όχι
31/07/2023 15:30;0,003;Όχι
31/07/2023 15:45;0,002;Όχι
31/07/2023 16:00;0;Όχι
31/07/2023 16:15;0;Όχι
31/07/2023 16:30;0;Όχι
31/07/2023 16:45;0;Όχι
31/07/2023 17:00;0;Όχι
31/07/2023 17:15;0;Όχι
31/07/2023 17:30;0;Όχι
31/07/2023 17:45;0;Όχι
31/07/2023 18:00;0;Όχι
31/07/2023 18:15;0;Όχι
31/07/2023 18:30;0,042;Όχι
31/07/2023 18:45;0,11;Όχι
31/07/2023 19:00;0,003;Όχι
31/07/2023 19:15;0,02;Όχι
31/07/2023 19:30;0,103;Όχι
31/07/2023 19:45;0,221;Όχι
31/07/2023 20:00;0,193;Όχι
31/07/2023 20:15;0,235;Όχι
31/07/2023 20:30;0,307;Όχι
31/07/2023 20:45;0,321;Όχι
31/07/2023 21:00;0,326;Όχι
31/07/2023 21:15;0,564;Όχι
31/07/2023 21:30;0,638;Όχι
31/07/2023 21:45;0,57;Όχι
31/07/2023 22:00;0,572;Όχι
31/07/2023 22:15;0,585;Όχι
31/07/2023 22:30;0,572;Όχι
31/07/2023 22:45;0,563;Όχι
31/07/2023 23:00;0,577;Όχι
31/07/2023 23:15;0,574;Όχι
31/07/2023 23:30;0,61;Όχι
31/07/2023 23:45;0,564;Όχι
01/08/2023 00:00;0,584;Όχι
01/08/2023 00:15;0,562;Όχι
01/08/2023 00:30;0,554;Όχι
01/08/2023 00:45;0,575;Όχι
01/08/2023 01:00;0,58;Όχι
01/08/2023 01:15;0,17;Όχι
01/08/2023 01:30;0,621;Όχι
01/08/2023 01:45;0,588;Όχι
01/08/2023 02:00;0,573;Όχι
01/08/2023 02:15;0,557;Όχι
01/08/2023 02:30;0,581;Όχι
01/08/2023 02:45;0,585;Όχι
01/08/2023 03:00;0,552;Όχι
01/08/2023 03:15;0,567;Όχι
01/08/2023 03:30;0,646;Όχι
01/08/2023 03:45;0,57;Όχι
01/08/2023 04:00;0,551;Όχι
01/08/2023 04:15;0,577;Όχι
01/08/2023 04:30;0,585;Όχι
01/08/2023 04:45;0,55;Όχι
01/08/2023 05:00;0,569;Όχι
01/08/2023 05:15;0,587;Όχι
01/08/2023 05:30;0,563;Όχι
01/08/2023 05:45;0,588;Όχι
01/08/2023 06:00;0,608;Όχι
01/08/2023 06:15;0,574;Όχι
01/08/2023 06:30;0,357;Όχι
01/08/2023 06:45;0,322;Όχι
01/08/2023 07:00;0,362;Όχι
01/08/2023 07:15;0,451;Όχι
01/08/2023 07:30;1,794;Όχι
01/08/2023 07:45;1,216;Όχι
01/08/2023 08:00;1,175;Όχι
01/08/2023 08:15;0,99;Όχι
01/08/2023 08:30;1,256;Όχι
01/08/2023 08:45;1,062;Όχι
01/08/2023 09:00;0,944;Όχι
01/08/2023 09:15;0,472;Όχι
01/08/2023 09:30;0,664;Όχι
01/08/2023 09:45;0,466;Όχι
01/08/2023 10:00;0,154;Όχι
01/08/2023 10:15;0,146;Όχι
01/08/2023 10:30;0,05;Όχι
01/08/2023 10:45;0,024;Όχι
01/08/2023 11:00;0,078;Όχι
01/08/2023 11:15;0,019;Όχι
01/08/2023 11:30;0,015;Όχι
01/08/2023 11:45;0,027;Όχι
01/08/2023 12:00;0,006;Όχι
01/08/2023 12:15;0,018;Όχι
01/08/2023 12:30;0,007;Όχι
01/08/2023 12:45;0;Όχι
01/08/2023 13:00;0,003;Όχι
01/08/2023 13:15;0,017;Όχι
01/08/2023 13:30;0,004;Όχι
01/08/2023 13:45;0;Όχι
01/08/2023 14:00;0;Όχι
01/08/2023 14:15;0,016;Όχι
01/08/2023 14:30;0,007;Όχι
01/08/2023 14:45;0,035;Όχι
01/08/2023 15:00;0,015;Όχι
01/08/2023 15:15;0,019;Όχι
01/08/2023 15:30;0,03;Όχι
01/08/2023 15:45;0,009;Όχι
01/08/2023 16:00;0,006;Όχι
01/08/2023 16:15;0;Όχι
01/08/2023 16:30;0;Όχι
01/08/2023 16:45;0;Όχι
01/08/2023 17:00;0;Όχι
01/08/2023 17:15;0;Όχι
01/08/2023 17:30;0;Όχι
01/08/2023 17:45;0;Όχι
01/08/2023 18:00;0;Όχι
01/08/2023 18:15;0;Όχι
01/08/2023 18:30;0;Όχι
01/08/2023 18:45;0,003;Όχι
01/08/2023 19:00;0,015;Όχι
01/08/2023 19:15;0,067;Όχι
01/08/2023 19:30;0,125;Όχι
01/08/2023 19:45;0,179;Όχι
01/08/2023 20:00;0,228;Όχι
01/08/2023 20:15;0,266;Όχι
01/08/2023 20:30;0,321;Όχι
01/08/2023 20:45;0,344;Όχι
01/08/2023 21:00;0,383;Όχι
01/08/2023 21:15;0,617;Όχι
01/08/2023 21:30;0,588;Όχι
01/08/2023 21:45;0,555;Όχι
01/08/2023 22:00;0,571;Όχι
01/08/2023 22:15;0,586;Όχι
01/08/2023 22:30;0,587;Όχι
01/08/2023 22:45;0,555;Όχι
01/08/2023 23:00;0,59;Όχι
01/08/2023 23:15;0,631;Όχι
01/08/2023 23:30;0,579;Όχι
01/08/2023 23:45;0,571;Όχι
02/08/2023 00:00;0,567;Όχι
02/08/2023 00:15;0,581;Όχι
02/08/2023 00:30;0,568;Όχι
02/08/2023 00:45;0,575;Όχι
02/08/2023 01:00;0,607;Όχι
02/08/2023 01:15;0,594;Όχι
02/08/2023 01:30;0,567;Όχι
02/08/2023 01:45;0,587;Όχι
02/08/2023 02:00;0,572;Όχι
02/08/2023 02:15;0,578;Όχι
02/08/2023 02:30;0,583;Όχι
02/08/2023 02:45;0,594;Όχι
02/08/2023 03:00;0,572;Όχι
02/08/2023 03:15;0,637;Όχι
02/08/2023 03:30;0,59;Όχι
02/08/2023 03:45;0,585;Όχι
02/08/2023 04:00;0,576;Όχι
02/08/2023 04:15;0,583;Όχι
02/08/2023 04:30;0,592;Όχι
02/08/2023 04:45;0,577;Όχι
02/08/2023 05:00;0,574;Όχι
02/08/2023 05:15;0,582;Όχι
02/08/2023 05:30;0,642;Όχι
02/08/2023 05:45;0,557;Όχι
02/08/2023 06:00;0,582;Όχι
02/08/2023 06:15;0,586;Όχι
02/08/2023 06:30;0,416;Όχι
02/08/2023 06:45;0,304;Όχι
02/08/2023 07:00;0,3;Όχι
02/08/2023 07:15;0,927;Όχι
02/08/2023 07:30;0,728;Όχι
02/08/2023 07:45;0,776;Όχι
02/08/2023 08:00;0,781;Όχι
02/08/2023 08:15;0,604;Όχι
02/08/2023 08:30;0,634;Όχι
02/08/2023 08:45;0,388;Όχι
02/08/2023 09:00;0,09;Όχι
02/08/2023 09:15;0,169;Όχι
02/08/2023 09:30;0,146;Όχι
02/08/2023 09:45;0,113;Όχι
02/08/2023 10:00;0,061;Όχι
02/08/2023 10:15;0,06;Όχι
02/08/2023 10:30;0,006;Όχι
02/08/2023 10:45;0,016;Όχι
02/08/2023 11:00;0,176;Όχι
02/08/2023 11:15;0,001;Όχι
02/08/2023 11:30;0;Όχι
02/08/2023 11:45;0,027;Όχι
02/08/2023 12:00;0;Όχι
02/08/2023 12:15;0,007;Όχι
02/08/2023 12:30;0;Όχι
02/08/2023 12:45;0,01;Όχι
02/08/2023 13:00;0;Όχι
02/08/2023 13:15;0,001;Όχι
02/08/2023 13:30;0;Όχι
02/08/2023 13:45;0,02;Όχι
02/08/2023 14:00;0;Όχι
02/08/2023 14:15;0;Όχι
02/08/2023 14:30;0,012;Όχι
02/08/2023 14:45;0,021;Όχι
02/08/2023 15:00;0;Όχι
02/08/2023 15:15;0;Όχι
02/08/2023 15:30;0;Όχι
02/08/2023 15:45;0,012;Όχι
02/08/2023 16:00;0;Όχι
02/08/2023 16:15;0;Όχι
02/08/2023 16:30;0;Όχι
02/08/2023 16:45;0;Όχι
02/08/2023 17:00;0,025;Όχι
02/08/2023 17:15;0;Όχι
02/08/2023 17:30;0;Όχι
02/08/2023 17:45;0;Όχι
02/08/2023 18:00;0,026;Όχι
02/08/2023 18:15;0;Όχι
02/08/2023 18:30;0;Όχι
02/08/2023 18:45;0,003;Όχι
02/08/2023 19:00;0,04;Όχι
02/08/2023 19:15;0,066;Όχι
02/08/2023 19:30;0,107;Όχι
02/08/2023 19:45;0,184;Όχι
02/08/2023 20:00;0,266;Όχι
02/08/2023 20:15;0,27;Όχι
02/08/2023 20:30;0,314;Όχι
02/08/2023 20:45;0,334;Όχι
02/08/2023 21:00;0,382;Όχι
02/08/2023 21:15;0,578;Όχι
02/08/2023 21:30;0,584;Όχι
02/08/2023 21:45;0,57;Όχι
02/08/2023 22:00;0,616;Όχι
02/08/2023 22:15;0,587;Όχι
02/08/2023 22:30;0,573;Όχι
02/08/2023 22:45;0,567;Όχι
02/08/2023 23:00;0,672;Όχι
02/08/2023 23:15;0,588;Όχι
02/08/2023 23:30;0,565;Όχι
02/08/2023 23:45;0,569;Όχι
03/08/2023 00:00;0,625;Όχι
03/08/2023 00:15;0,572;Όχι
03/08/2023 00:30;0,567;Όχι
03/08/2023 00:45;0,58;Όχι
03/08/2023 01:00;0,644;Όχι
03/08/2023 01:15;0,609;Όχι
03/08/2023 01:30;0,582;Όχι
03/08/2023 01:45;0,597;Όχι
03/08/2023 02:00;0,581;Όχι
03/08/2023 02:15;0,59;Όχι
03/08/2023 02:30;0,59;Όχι
03/08/2023 02:45;0,589;Όχι
03/08/2023 03:00;0,626;Όχι
03/08/2023 03:15;0,613;Όχι
03/08/2023 03:30;0,584;Όχι
03/08/2023 03:45;0,575;Όχι
03/08/2023 04:00;0,576;Όχι
03/08/2023 04:15;0,628;Όχι
03/08/2023 04:30;0,566;Όχι
03/08/2023 04:45;0,575;Όχι
03/08/2023 05:00;0,64;Όχι
03/08/2023 05:15;0,632;Όχι
03/08/2023 05:30;0,552;Όχι
03/08/2023 05:45;0,575;Όχι
03/08/2023 06:00;0,597;Όχι
03/08/2023 06:15;0,605;Όχι
03/08/2023 06:30;0,341;Όχι
03/08/2023 06:45;0,336;Όχι
03/08/2023 07:00;0,295;Όχι
03/08/2023 07:15;0,927;Όχι
03/08/2023 07:30;0,838;Όχι
03/08/2023 07:45;0,82;Όχι
03/08/2023 08:00;0,754;Όχι
03/08/2023 08:15;0,693;Όχι
03/08/2023 08:30;0,48;Όχι
03/08/2023 08:45;0,264;Όχι
03/08/2023 09:00;0,173;Όχι
03/08/2023 09:15;0,17;Όχι
03/08/2023 09:30;0,125;Όχι
03/08/2023 09:45;0,11;Όχι
03/08/2023 10:00;0,054;Όχι
03/08/2023 10:15;0,089;Όχι
03/08/2023 10:30;0,008;Όχι
03/08/2023 10:45;0,049;Όχι
03/08/2023 11:00;0,008;Όχι
03/08/2023 11:15;0,001;Όχι
03/08/2023 11:30;0,001;Όχι
03/08/2023 11:45;0;Όχι
03/08/2023 12:00;0;Όχι
03/08/2023 12:15;0;Όχι
03/08/2023 12:30;0;Όχι
03/08/2023 12:45;0;Όχι
03/08/2023 13:00;0;Όχι
03/08/2023 13:15;0;Όχι
03/08/2023 13:30;0,001;Όχι
03/08/2023 13:45;0;Όχι
03/08/2023 14:00;0;Όχι
03/08/2023 14:15;0;Όχι
03/08/2023 14:30;0;Όχι
03/08/2023 14:45;0;Όχι
03/08/2023 15:00;0,001;Όχι
03/08/2023 15:15;0;Όχι
03/08/2023 15:30;0;Όχι
03/08/2023 15:45;0;Όχι
03/08/2023 16:00;0;Όχι
03/08/2023 16:15;0;Όχι
03/08/2023 16:30;0;Όχι
03/08/2023 16:45;0;Όχι
03/08/2023 17:00;0;Όχι
03/08/2023 17:15;0;Όχι
03/08/2023 17:30;0;Όχι
03/08/2023 17:45;0;Όχι
03/08/2023 18:00;0;Όχι
03/08/2023 18:15;0;Όχι
03/08/2023 18:30;0,004;Όχι
03/08/2023 18:45;0,005;Όχι
03/08/2023 19:00;0,012;Όχι
03/08/2023 19:15;0,054;Όχι
03/08/2023 19:30;0,112;Όχι
03/08/2023 19:45;0,189;Όχι
03/08/2023 20:00;0,234;Όχι
03/08/2023 20:15;0,269;Όχι
03/08/2023 20:30;0,375;Όχι
03/08/2023 20:45;0,323;Όχι
03/08/2023 21:00;0,319;Όχι
03/08/2023 21:15;0,56;Όχι
03/08/2023 21:30;0,576;Όχι
03/08/2023 21:45;0,565;Όχι
03/08/2023 22:00;0,552;Όχι
03/08/2023 22:15;0,634;Όχι
03/08/2023 22:30;0,575;Όχι
03/08/2023 22:45;0,562;Όχι
03/08/2023 23:00;0,555;Όχι
03/08/2023 23:15;0,577;Όχι
03/08/2023 23:30;0,565;Όχι
03/08/2023 23:45;0,557;Όχι
04/08/2023 00:00;0,604;Όχι
04/08/2023 00:15;0,592;Όχι
04/08/2023 00:30;0,568;Όχι
04/08/2023 00:45;0,547;Όχι
04/08/2023 01:00;0,597;Όχι
04/08/2023 01:15;0,555;Όχι
04/08/2023 01:30;0,557;Όχι
04/08/2023 01:45;0,58;Όχι
04/08/2023 02:00;0,64;Όχι
04/08/2023 02:15;0,566;Όχι
04/08/2023 02:30;0,566;Όχι
04/08/2023 02:45;0,582;Όχι
04/08/2023 03:00;0,572;Όχι
04/08/2023 03:15;0,558;Όχι
04/08/2023 03:30;0,578;Όχι
04/08/2023 03:45;0,577;Όχι
04/08/2023 04:00;0,608;Όχι
04/08/2023 04:15;0,571;Όχι
04/08/2023 04:30;0,575;Όχι
04/08/2023 04:45;0,565;Όχι
04/08/2023 05:00;0,575;Όχι
04/08/2023 05:15;0,574;Όχι
04/08/2023 05:30;0,574;Όχι
04/08/2023 05:45;0,582;Όχι
04/08/2023 06:00;0,588;Όχι
04/08/2023 06:15;0,553;Όχι
04/08/2023 06:30;0,36;Όχι
04/08/2023 06:45;0,301;Όχι
04/08/2023 07:00;0,291;Όχι
04/08/2023 07:15;0,629;Όχι
04/08/2023 07:30;1,036;Όχι
04/08/2023 07:45;0,893;Όχι
04/08/2023 08:00;0,686;Όχι
04/08/2023 08:15;0,58;Όχι
04/08/2023 08:30;0,382;Όχι
04/08/2023 08:45;0,078;Όχι
04/08/2023 09:00;0,177;Όχι
04/08/2023 09:15;0,144;Όχι
04/08/2023 09:30;0,099;Όχι
04/08/2023 09:45;0,042;Όχι
04/08/2023 10:00;0,023;Όχι
04/08/2023 10:15;0,003;Όχι
04/08/2023 10:30;0,005;Όχι
04/08/2023 10:45;0,003;Όχι
04/08/2023 11:00;0;Όχι
04/08/2023 11:15;0,003;Όχι
04/08/2023 11:30;0,383;Όχι
04/08/2023 11:45;0;Όχι
04/08/2023 12:00;0;Όχι
04/08/2023 12:15;0;Όχι
04/08/2023 12:30;0;Όχι
04/08/2023 12:45;0;Όχι
04/08/2023 13:00;0;Όχι
04/08/2023 13:15;0;Όχι
04/08/2023 13:30;0,017;Όχι
04/08/2023 13:45;0,003;Όχι
04/08/2023 14:00;0,008;Όχι
04/08/2023 14:15;0,052;Όχι
04/08/2023 14:30;0,021;Όχι
04/08/2023 14:45;0,001;Όχι
04/08/2023 15:00;0;Όχι
04/08/2023 15:15;0,035;Όχι
04/08/2023 15:30;0,003;Όχι
04/08/2023 15:45;0,002;Όχι
04/08/2023 16:00;0;Όχι
04/08/2023 16:15;0;Όχι
04/08/2023 16:30;0;Όχι
04/08/2023 16:45;0;Όχι
04/08/2023 17:00;0;Όχι
04/08/2023 17:15;0;Όχι
04/08/2023 17:30;0;Όχι
04/08/2023 17:45;0;Όχι
04/08/2023 18:00;0;Όχι
04/08/2023 18:15;0;Όχι
04/08/2023 18:30;0,001;Όχι
04/08/2023 18:45;0,005;Όχι
04/08/2023 19:00;0,012;Όχι
04/08/2023 19:15;0,067;Όχι
04/08/2023 19:30;0,173;Όχι
04/08/2023 19:45;0,215;Όχι
04/08/2023 20:00;0,248;Όχι
04/08/2023 20:15;0,313;Όχι
04/08/2023 20:30;0,335;Όχι
04/08/2023 20:45;0,326;Όχι
04/08/2023 21:00;0,342;Όχι
04/08/2023 21:15;0,585;Όχι
04/08/2023 21:30;0,604;Όχι
04/08/2023 21:45;0,563;Όχι
04/08/2023 22:00;0,589;Όχι
04/08/2023 22:15;0,584;Όχι
04/08/2023 22:30;0,579;Όχι
04/08/2023 22:45;0,579;Όχι
04/08/2023 23:00;0,584;Όχι
04/08/2023 23:15;0,638;Όχι
04/08/2023 23:30;0,574;Όχι
04/08/2023 23:45;0,588;Όχι
05/08/2023 00:00;0,569;Όχι
05/08/2023 00:15;0,571;Όχι
05/08/2023 00:30;0,581;Όχι
05/08/2023 00:45;0,582;Όχι
05/08/2023 01:00;0,57;Όχι
05/08/2023 01:15;0,617;Όχι
05/08/2023 01:30;0,59;Όχι
05/08/2023 01:45;0,575;Όχι
05/08/2023 02:00;0,559;Όχι
05/08/2023 02:15;0,58;Όχι
05/08/2023 02:30;0,572;Όχι
05/08/2023 02:45;0,546;Όχι
05/08/2023 03:00;0,629;Όχι
05/08/2023 03:15;0,584;Όχι
05/08/2023 03:30;0,558;Όχι
05/08/2023 03:45;0,551;Όχι
05/08/2023 04:00;0,577;Όχι
05/08/2023 04:15;0,578;Όχι
05/08/2023 04:30;0,54;Όχι
05/08/2023 04:45;0,566;Όχι
05/08/2023 05:00;0,582;Όχι
05/08/2023 05:15;0,618;Όχι
05/08/2023 05:30;0,545;Όχι
05/08/2023 05:45;0,573;Όχι
05/08/2023 06:00;0,572;Όχι
05/08/2023 06:15;0,554;Όχι
05/08/2023 06:30;0,358;Όχι
05/08/2023 06:45;0,327;Όχι
05/08/2023 07:00;0,309;Όχι
05/08/2023 07:15;0,267;Όχι
05/08/2023 07:30;0,274;Όχι
05/08/2023 07:45;0,199;Όχι
05/08/2023 08:00;0,1;Όχι
05/08/2023 08:15;0,05;Όχι
05/08/2023 08:30;0,012;Όχι
05/08/2023 08:45;0,001;Όχι
05/08/2023 09:00;0;Όχι
05/08/2023 09:15;0;Όχι
05/08/2023 09:30;0;Όχι
05/08/2023 09:45;0;Όχι
05/08/2023 10:00;0;Όχι
05/08/2023 10:15;0;Όχι
05/08/2023 10:30;0;Όχι
05/08/2023 10:45;0;Όχι
05/08/2023 11:00;0;Όχι
05/08/2023 11:15;0;Όχι
05/08/2023 11:30;0;Όχι
05/08/2023 11:45;0;Όχι
05/08/2023 12:00;0;Όχι
05/08/2023 12:15;0;Όχι
05/08/2023 12:30;0;Όχι
05/08/2023 12:45;0;Όχι
05/08/2023 13:00;0;Όχι
05/08/2023 13:15;0;Όχι
05/08/2023 13:30;0;Όχι
05/08/2023 13:45;0;Όχι
05/08/2023 14:00;0;Όχι
05/08/2023 14:15;0;Όχι
05/08/2023 14:30;0;Όχι
05/08/2023 14:45;0;Όχι
05/08/2023 15:00;0;Όχι
05/08/2023 15:15;0;Όχι
05/08/2023 15:30;0;Όχι
05/08/2023 15:45;0;Όχι
05/08/2023 16:00;0,072;Όχι
05/08/2023 16:15;0;Όχι
05/08/2023 16:30;0;Όχι
05/08/2023 16:45;0;Όχι
05/08/2023 17:00;0;Όχι
05/08/2023 17:15;0;Όχι
05/08/2023 17:30;0;Όχι
05/08/2023 17:45;0,009;Όχι
05/08/2023 18:00;0,012;Όχι
05/08/2023 18:15;0,022;Όχι
05/08/2023 18:30;0;Όχι
05/08/2023 18:45;0,003;Όχι
05/08/2023 19:00;0,036;Όχι
05/08/2023 19:15;0,143;Όχι
05/08/2023 19:30;0,211;Όχι
05/08/2023 19:45;0,251;Όχι
05/08/2023 20:00;0,307;Όχι
05/08/2023 20:15;0,382;Όχι
05/08/2023 20:30;0,319;Όχι
05/08/2023 20:45;0,502;Όχι
05/08/2023 21:00;0,574;Όχι
05/08/2023 21:15;0,565;Όχι
05/08/2023 21:30;0,568;Όχι
05/08/2023 21:45;0,576;Όχι
05/08/2023 22:00;0,575;Όχι
05/08/2023 22:15;0,6;Όχι
05/08/2023 22:30;0,552;Όχι
05/08/2023 22:45;0,573;Όχι
05/08/2023 23:00;0,557;Όχι
05/08/2023 23:15;0,558;Όχι
05/08/2023 23:30;0,556;Όχι
05/08/2023 23:45;0,568;Όχι
06/08/2023 00:00;0,564;Όχι
06/08/2023 00:15;0,624;Όχι
06/08/2023 00:30;0,556;Όχι
06/08/2023 00:45;0,563;Όχι
06/08/2023 01:00;0,564;Όχι
06/08/2023 01:15;0,568;Όχι
06/08/2023 01:30;0,561;Όχι
06/08/2023 01:45;0,564;Όχι
06/08/2023 02:00;0,576;Όχι
06/08/2023 02:15;0,611;Όχι
06/08/2023 02:30;0,567;Όχι
06/08/2023 02:45;0,565;Όχι
06/08/2023 03:00;0,579;Όχι
06/08/2023 03:15;0,548;Όχι
06/08/2023 03:30;0,564;Όχι
06/08/2023 03:45;0,575;Όχι
06/08/2023 04:00;0,579;Όχι
06/08/2023 04:15;0,543;Όχι
06/08/2023 04:30;0,564;Όχι
06/08/2023 04:45;0,632;Όχι
06/08/2023 05:00;0,562;Όχι
06/08/2023 05:15;0,549;Όχι
06/08/2023 05:30;0,575;Όχι
06/08/2023 05:45;0,576;Όχι
06/08/2023 06:00;0,552;Όχι
06/08/2023 06:15;0,549;Όχι
06/08/2023 06:30;0,427;Όχι
06/08/2023 06:45;0,303;Όχι
06/08/2023 07:00;0,216;Όχι
06/08/2023 07:15;0,253;Όχι
06/08/2023 07:30;0,227;Όχι
06/08/2023 07:45;0,16;Όχι
06/08/2023 08:00;0,12;Όχι
06/08/2023 08:15;0,096;Όχι
06/08/2023 08:30;0,001;Όχι
06/08/2023 08:45;0,014;Όχι
06/08/2023 09:00;0,001;Όχι
06/08/2023 09:15;0;Όχι
06/08/2023 09:30;0;Όχι
06/08/2023 09:45;0;Όχι
06/08/2023 10:00;0;Όχι
06/08/2023 10:15;0;Όχι
06/08/2023 10:30;0;Όχι
06/08/2023 10:45;0;Όχι
06/08/2023 11:00;0;Όχι
06/08/2023 11:15;0;Όχι
06/08/2023 11:30;0;Όχι
06/08/2023 11:45;0;Όχι
06/08/2023 12:00;0;Όχι
06/08/2023 12:15;0;Όχι
06/08/2023 12:30;0;Όχι
06/08/2023 12:45;0;Όχι
06/08/2023 13:00;0;Όχι
06/08/2023 13:15;0;Όχι
06/08/2023 13:30;0;Όχι
06/08/2023 13:45;0;Όχι
06/08/2023 14:00;0;Όχι
06/08/2023 14:15;0;Όχι
06/08/2023 14:30;0;Όχι
06/08/2023 14:45;0;Όχι
06/08/2023 15:00;0;Όχι
06/08/2023 15:15;0;Όχι
06/08/2023 15:30;0;Όχι
06/08/2023 15:45;0;Όχι
06/08/2023 16:00;0;Όχι
06/08/2023 16:15;0;Όχι
06/08/2023 16:30;0;Όχι
06/08/2023 16:45;0;Όχι
06/08/2023 17:00;0;Όχι
06/08/2023 17:15;0;Όχι
06/08/2023 17:30;0;Όχι
06/08/2023 17:45;0;Όχι
06/08/2023 18:00;0;Όχι
06/08/2023 18:15;0;Όχι
06/08/2023 18:30;0;Όχι
06/08/2023 18:45;0;Όχι
06/08/2023 19:00;0,004;Όχι
06/08/2023 19:15;0,054;Όχι
06/08/2023 19:30;0,118;Όχι
06/08/2023 19:45;0,171;Όχι
06/08/2023 20:00;0,229;Όχι
06/08/2023 20:15;0,332;Όχι
06/08/2023 20:30;0,302;Όχι
06/08/2023 20:45;0,282;Όχι
06/08/2023 21:00;0,357;Όχι
06/08/2023 21:15;0,567;Όχι
06/08/2023 21:30;0,552;Όχι
06/08/2023 21:45;0,549;Όχι
06/08/2023 22:00;0,571;Όχι
06/08/2023 22:15;0,605;Όχι
06/08/2023 22:30;0,558;Όχι
06/08/2023 22:45;0,558;Όχι
06/08/2023 23:00;0,558;Όχι
06/08/2023 23:15;0,56;Όχι
06/08/2023 23:30;0,56;Όχι
06/08/2023 23:45;0,558;Όχι
07/08/2023 00:00;0,562;Όχι
07/08/2023 00:15;0,614;Όχι
07/08/2023 00:30;0,566;Όχι
07/08/2023 00:45;0,553;Όχι
07/08/2023 01:00;0,559;Όχι
07/08/2023 01:15;0,559;Όχι
07/08/2023 01:30;0,575;Όχι
07/08/2023 01:45;0,549;Όχι
07/08/2023 02:00;0,562;Όχι
07/08/2023 02:15;0,159;Όχι
07/08/2023 02:30;0,611;Όχι
07/08/2023 02:45;0,547;Όχι
07/08/2023 03:00;0,56;Όχι
07/08/2023 03:15;0,576;Όχι
07/08/2023 03:30;0,544;Όχι
07/08/2023 03:45;0,558;Όχι
07/08/2023 04:00;0,571;Όχι
07/08/2023 04:15;0,699;Όχι
07/08/2023 04:30;0,542;Όχι
07/08/2023 04:45;0,56;Όχι
07/08/2023 05:00;0,732;Όχι
07/08/2023 05:15;0,708;Όχι
07/08/2023 05:30;0,633;Όχι
07/08/2023 05:45;0,656;Όχι
07/08/2023 06:00;0,653;Όχι
07/08/2023 06:15;0,612;Όχι
07/08/2023 06:30;0,47;Όχι
07/08/2023 06:45;0,406;Όχι
07/08/2023 07:00;0,372;Όχι
07/08/2023 07:15;0,402;Όχι
07/08/2023 07:30;0,866;Όχι
07/08/2023 07:45;0,822;Όχι
07/08/2023 08:00;0,634;Όχι
07/08/2023 08:15;0,719;Όχι
07/08/2023 08:30;0,426;Όχι
07/08/2023 08:45;0,293;Όχι
07/08/2023 09:00;0,156;Όχι
07/08/2023 09:15;0,069;Όχι
07/08/2023 09:30;0,024;Όχι
07/08/2023 09:45;0,005;Όχι
07/08/2023 10:00;0,004;Όχι
07/08/2023 10:15;0,001;Όχι
07/08/2023 10:30;0,004;Όχι
07/08/2023 10:45;0,002;Όχι
07/08/2023 11:00;0;Όχι
07/08/2023 11:15;0;Όχι
07/08/2023 11:30;0;Όχι
07/08/2023 11:45;0,001;Όχι
07/08/2023 12:00;0;Όχι
07/08/2023 12:15;0;Όχι
07/08/2023 12:30;0;Όχι
07/08/2023 12:45;0;Όχι
07/08/2023 13:00;0;Όχι
07/08/2023 13:15;0,026;Όχι
07/08/2023 13:30;0;Όχι
07/08/2023 13:45;0,002;Όχι
07/08/2023 14:00;0,001;Όχι
07/08/2023 14:15;0;Όχι
07/08/2023 14:30;0;Όχι
07/08/2023 14:45;0;Όχι
07/08/2023 15:00;0,061;Όχι
07/08/2023 15:15;0,03;Όχι
07/08/2023 15:30;0;Όχι
07/08/2023 15:45;0;Όχι
07/08/2023 16:00;0;Όχι
07/08/2023 16:15;0;Όχι
07/08/2023 16:30;0;Όχι
07/08/2023 16:45;0;Όχι
07/08/2023 17:00;0,003;Όχι
07/08/2023 17:15;0;Όχι
07/08/2023 17:30;0,012;Όχι
07/08/2023 17:45;0;Όχι
07/08/2023 18:00;0;Όχι
07/08/2023 18:15;0;Όχι
07/08/2023 18:30;0;Όχι
07/08/2023 18:45;0,005;Όχι
07/08/2023 19:00;0,032;Όχι
07/08/2023 19:15;0,094;Όχι
07/08/2023 19:30;0,159;Όχι
07/08/2023 19:45;0,237;Όχι
07/08/2023 20:00;0,289;Όχι
07/08/2023 20:15;0,323;Όχι
07/08/2023 20:30;0,345;Όχι
07/08/2023 20:45;0,354;Όχι
07/08/2023 21:00;0,51;Όχι
07/08/2023 21:15;0,592;Όχι
07/08/2023 21:30;0,609;Όχι
07/08/2023 21:45;0,585;Όχι
07/08/2023 22:00;0,594;Όχι
07/08/2023 22:15;0,612;Όχι
07/08/2023 22:30;0,589;Όχι
07/08/2023 22:45;0,597;Όχι
07/08/2023 23:00;0,653;Όχι
07/08/2023 23:15;0,59;Όχι
07/08/2023 23:30;0,56;Όχι
07/08/2023 23:45;0,6;Όχι
08/08/2023 00:00;0,6;Όχι
08/08/2023 00:15;0,589;Όχι
08/08/2023 00:30;0,581;Όχι
08/08/2023 00:45;0,612;Όχι
08/08/2023 01:00;0,635;Όχι
08/08/2023 01:15;0,587;Όχι
08/08/2023 01:30;0,595;Όχι
08/08/2023 01:45;0,598;Όχι
08/08/2023 02:00;0,588;Όχι
08/08/2023 02:15;0,588;Όχι
08/08/2023 02:30;0,606;Όχι
08/08/2023 02:45;0,594;Όχι
08/08/2023 03:00;0,64;Όχι
08/08/2023 03:15;0,609;Όχι
08/08/2023 03:30;0,591;Όχι
08/08/2023 03:45;0,567;Όχι
08/08/2023 04:00;0,586;Όχι
08/08/2023 04:15;0,607;Όχι
08/08/2023 04:30;0,578;Όχι
08/08/2023 04:45;0,635;Όχι
08/08/2023 05:00;0,768;Όχι
08/08/2023 05:15;0,651;Όχι
08/08/2023 05:30;0,576;Όχι
08/08/2023 05:45;0,579;Όχι
08/08/2023 06:00;0,607;Όχι
08/08/2023 06:15;0,584;Όχι
08/08/2023 06:30;0,435;Όχι
08/08/2023 06:45;0,341;Όχι
08/08/2023 07:00;0,327;Όχι
08/08/2023 07:15;0,302;Όχι
08/08/2023 07:30;0,973;Όχι
08/08/2023 07:45;0,706;Όχι
08/08/2023 08:00;0,524;Όχι
08/08/2023 08:15;0,396;Όχι
08/08/2023 08:30;0,345;Όχι
08/08/2023 08:45;0,172;Όχι
08/08/2023 09:00;0,112;Όχι
08/08/2023 09:15;0,383;Όχι
08/08/2023 09:30;0,047;Όχι
08/08/2023 09:45;0,004;Όχι
08/08/2023 10:00;0,002;Όχι
08/08/2023 10:15;0,005;Όχι
08/08/2023 10:30;0;Όχι
08/08/2023 10:45;0;Όχι
08/08/2023 11:00;0;Όχι
08/08/2023 11:15;0;Όχι
08/08/2023 11:30;0;Όχι
08/08/2023 11:45;0;Όχι
08/08/2023 12:00;0;Όχι
08/08/2023 12:15;0;Όχι
08/08/2023 12:30;0;Όχι
08/08/2023 12:45;0;Όχι
08/08/2023 13:00;0;Όχι
08/08/2023 13:15;0;Όχι
08/08/2023 13:30;0;Όχι
08/08/2023 13:45;0;Όχι
08/08/2023 14:00;0;Όχι
08/08/2023 14:15;0;Όχι
08/08/2023 14:30;0;Όχι
08/08/2023 14:45;0;Όχι
08/08/2023 15:00;0;Όχι
08/08/2023 15:15;0;Όχι
08/08/2023 15:30;0;Όχι
08/08/2023 15:45;0;Όχι
08/08/2023 16:00;0;Όχι
08/08/2023 16:15;0;Όχι
08/08/2023 16:30;0;Όχι
08/08/2023 16:45;0;Όχι
08/08/2023 17:00;0;Όχι
08/08/2023 17:15;0;Όχι
08/08/2023 17:30;0,022;Όχι
08/08/2023 17:45;0;Όχι
08/08/2023 18:00;0;Όχι
08/08/2023 18:15;0;Όχι
08/08/2023 18:30;0;Όχι
08/08/2023 18:45;0,003;Όχι
08/08/2023 19:00;0,027;Όχι
08/08/2023 19:15;0,09;Όχι
08/08/2023 19:30;0,267;Όχι
08/08/2023 19:45;0,348;Όχι
08/08/2023 20:00;0,276;Όχι
08/08/2023 20:15;0,273;Όχι
08/08/2023 20:30;0,307;Όχι
08/08/2023 20:45;0,334;Όχι
08/08/2023 21:00;0,414;Όχι
08/08/2023 21:15;0,6;Όχι
08/08/2023 21:30;0,584;Όχι
08/08/2023 21:45;0,592;Όχι
08/08/2023 22:00;0,658;Όχι
08/08/2023 22:15;0,599;Όχι
08/08/2023 22:30;0,601;Όχι
08/08/2023 22:45;0,591;Όχι
08/08/2023 23:00;0,595;Όχι
08/08/2023 23:15;0,615;Όχι
08/08/2023 23:30;0,593;Όχι
08/08/2023 23:45;0,591;Όχι
09/08/2023 00:00;0,606;Όχι
09/08/2023 00:15;0,614;Όχι
09/08/2023 00:30;0,627;Όχι
09/08/2023 00:45;0,598;Όχι
09/08/2023 01:00;0,618;Όχι
09/08/2023 01:15;0,593;Όχι
09/08/2023 01:30;0,594;Όχι
09/08/2023 01:45;0,616;Όχι
09/08/2023 02:00;0,599;Όχι
09/08/2023 02:15;0,594;Όχι
09/08/2023 02:30;0,662;Όχι
09/08/2023 02:45;0,607;Όχι
09/08/2023 03:00;0,591;Όχι
09/08/2023 03:15;0,6;Όχι
09/08/2023 03:30;0,609;Όχι
09/08/2023 03:45;0,595;Όχι
09/08/2023 04:00;0,593;Όχι
09/08/2023 04:15;0,609;Όχι
09/08/2023 04:30;0,603;Όχι
09/08/2023 04:45;0,597;Όχι
09/08/2023 05:00;0,795;Όχι
09/08/2023 05:15;0,672;Όχι
09/08/2023 05:30;0,577;Όχι
09/08/2023 05:45;0,607;Όχι
09/08/2023 06:00;0,584;Όχι
09/08/2023 06:15;0,605;Όχι
09/08/2023 06:30;0,584;Όχι
09/08/2023 06:45;0,386;Όχι
09/08/2023 07:00;0,346;Όχι
09/08/2023 07:15;0,549;Όχι
09/08/2023 07:30;0,989;Όχι
09/08/2023 07:45;0,812;Όχι
09/08/2023 08:00;0,704;Όχι
09/08/2023 08:15;0,61;Όχι
09/08/2023 08:30;0,489;Όχι
09/08/2023 08:45;0,617;Όχι
09/08/2023 09:00;1,014;Όχι
09/08/2023 09:15;0,208;Όχι
09/08/2023 09:30;0,26;Όχι
09/08/2023 09:45;0,239;Όχι
09/08/2023 10:00;0,173;Όχι
09/08/2023 10:15;0,131;Όχι
09/08/2023 10:30;0,016;Όχι
09/08/2023 10:45;0,004;Όχι
09/08/2023 11:00;0,13;Όχι
09/08/2023 11:15;0,259;Όχι
09/08/2023 11:30;0,22;Όχι
09/08/2023 11:45;0,031;Όχι
09/08/2023 12:00;0,008;Όχι
09/08/2023 12:15;0;Όχι
09/08/2023 12:30;0,005;Όχι
09/08/2023 12:45;0,01;Όχι
09/08/2023 13:00;0,013;Όχι
09/08/2023 13:15;0,008;Όχι
09/08/2023 13:30;0;Όχι
09/08/2023 13:45;0;Όχι
09/08/2023 14:00;0;Όχι
09/08/2023 14:15;0;Όχι
09/08/2023 14:30;0,01;Όχι
09/08/2023 14:45;0,017;Όχι
09/08/2023 15:00;0,006;Όχι
09/08/2023 15:15;0;Όχι
09/08/2023 15:30;0,004;Όχι
09/08/2023 15:45;0;Όχι
09/08/2023 16:00;0;Όχι
09/08/2023 16:15;0;Όχι
09/08/2023 16:30;0;Όχι
09/08/2023 16:45;0;Όχι
09/08/2023 17:00;0;Όχι
09/08/2023 17:15;0;Όχι
09/08/2023 17:30;0;Όχι
09/08/2023 17:45;0;Όχι
09/08/2023 18:00;0,001;Όχι
09/08/2023 18:15;0;Όχι
09/08/2023 18:30;0;Όχι
09/08/2023 18:45;0,02;Όχι
09/08/2023 19:00;0,112;Όχι
09/08/2023 19:15;0,08;Όχι
09/08/2023 19:30;0,191;Όχι
09/08/2023 19:45;0,203;Όχι
09/08/2023 20:00;0,31;Όχι
09/08/2023 20:15;0,274;Όχι
09/08/2023 20:30;0,311;Όχι
09/08/2023 20:45;0,359;Όχι
09/08/2023 21:00;0,511;Όχι
09/08/2023 21:15;0,576;Όχι
09/08/2023 21:30;0,595;Όχι
09/08/2023 21:45;0,592;Όχι
09/08/2023 22:00;0,585;Όχι
09/08/2023 22:15;0,633;Όχι
09/08/2023 22:30;0,585;Όχι
09/08/2023 22:45;0,592;Όχι
09/08/2023 23:00;0,576;Όχι
09/08/2023 23:15;0,587;Όχι
09/08/2023 23:30;0,593;Όχι
09/08/2023 23:45;0,581;Όχι
10/08/2023 00:00;0,583;Όχι
10/08/2023 00:15;0,598;Όχι
10/08/2023 00:30;0,639;Όχι
10/08/2023 00:45;0,581;Όχι
10/08/2023 01:00;0,589;Όχι
10/08/2023 01:15;0,59;Όχι
10/08/2023 01:30;0,581;Όχι
10/08/2023 01:45;0,583;Όχι
10/08/2023 02:00;0,593;Όχι
10/08/2023 02:15;0,581;Όχι
10/08/2023 02:30;0,596;Όχι
10/08/2023 02:45;0,636;Όχι
10/08/2023 03:00;0,59;Όχι
10/08/2023 03:15;0,583;Όχι
10/08/2023 03:30;0,588;Όχι
10/08/2023 03:45;0,599;Όχι
10/08/2023 04:00;0,58;Όχι
10/08/2023 04:15;0,578;Όχι
10/08/2023 04:30;0,592;Όχι
10/08/2023 04:45;0,588;Όχι
10/08/2023 05:00;0,776;Όχι
10/08/2023 05:15;0,644;Όχι
10/08/2023 05:30;0,593;Όχι
10/08/2023 05:45;0,595;Όχι
10/08/2023 06:00;0,575;Όχι
10/08/2023 06:15;0,583;Όχι
10/08/2023 06:30;0,557;Όχι
10/08/2023 06:45;0,344;Όχι
10/08/2023 07:00;0,736;Όχι
10/08/2023 07:15;0,941;Όχι
10/08/2023 07:30;0,884;Όχι
10/08/2023 07:45;1,637;Όχι
10/08/2023 08:00;1,133;Όχι
10/08/2023 08:15;0,886;Όχι
10/08/2023 08:30;0,954;Όχι
10/08/2023 08:45;0,853;Όχι
10/08/2023 09:00;0,995;Όχι
10/08/2023 09:15;0,782;Όχι
10/08/2023 09:30;0,724;Όχι
10/08/2023 09:45;0,822;Όχι
10/08/2023 10:00;0,975;Όχι
10/08/2023 10:15;0,894;Όχι
10/08/2023 10:30;1,007;Όχι
10/08/2023 10:45;0,905;Όχι
10/08/2023 11:00;0,818;Όχι
10/08/2023 11:15;0,833;Όχι
10/08/2023 11:30;1,085;Όχι
10/08/2023 11:45;0,91;Όχι
10/08/2023 12:00;0,962;Όχι
10/08/2023 12:15;0,865;Όχι
10/08/2023 12:30;0,633;Όχι
10/08/2023 12:45;0,755;Όχι
10/08/2023 13:00;1,305;Όχι
10/08/2023 13:15;0,909;Όχι
10/08/2023 13:30;0,58;Όχι
10/08/2023 13:45;0,645;Όχι
10/08/2023 14:00;0,926;Όχι
10/08/2023 14:15;0,731;Όχι
10/08/2023 14:30;0,57;Όχι
10/08/2023 14:45;0,759;Όχι
10/08/2023 15:00;0,917;Όχι
10/08/2023 15:15;0,194;Όχι
10/08/2023 15:30;0,109;Όχι
10/08/2023 15:45;0,266;Όχι
10/08/2023 16:00;0,149;Όχι
10/08/2023 16:15;0,02;Όχι
10/08/2023 16:30;0,05;Όχι
10/08/2023 16:45;0;Όχι
10/08/2023 17:00;0,018;Όχι
10/08/2023 17:15;0,032;Όχι
10/08/2023 17:30;0,122;Όχι
10/08/2023 17:45;0,401;Όχι
10/08/2023 18:00;0,191;Όχι
10/08/2023 18:15;0,168;Όχι
10/08/2023 18:30;0;Όχι
10/08/2023 18:45;0,003;Όχι
10/08/2023 19:00;0,014;Όχι
10/08/2023 19:15;0,099;Όχι
10/08/2023 19:30;0,188;Όχι
10/08/2023 19:45;0,251;Όχι
10/08/2023 20:00;0,31;Όχι
10/08/2023 20:15;0,362;Όχι
10/08/2023 20:30;0,415;Όχι
10/08/2023 20:45;0,384;Όχι
10/08/2023 21:00;0,524;Όχι
10/08/2023 21:15;0,629;Όχι
10/08/2023 21:30;0,624;Όχι
10/08/2023 21:45;0,631;Όχι
10/08/2023 22:00;0,641;Όχι
10/08/2023 22:15;0,629;Όχι
10/08/2023 22:30;0,633;Όχι
10/08/2023 22:45;0,658;Όχι
10/08/2023 23:00;0,643;Όχι
10/08/2023 23:15;0,667;Όχι
10/08/2023 23:30;0,654;Όχι
10/08/2023 23:45;0,646;Όχι
11/08/2023 00:00;0,632;Όχι
11/08/2023 00:15;0,624;Όχι
11/08/2023 00:30;0,657;Όχι
11/08/2023 00:45;0,632;Όχι
11/08/2023 01:00;0,64;Όχι
11/08/2023 01:15;0,645;Όχι
11/08/2023 01:30;0,648;Όχι
11/08/2023 01:45;0,64;Όχι
11/08/2023 02:00;0,639;Όχι
11/08/2023 02:15;0,699;Όχι
11/08/2023 02:30;0,644;Όχι
11/08/2023 02:45;0,641;Όχι
11/08/2023 03:00;0,654;Όχι
11/08/2023 03:15;0,65;Όχι
11/08/2023 03:30;0,641;Όχι
11/08/2023 03:45;0,644;Όχι
11/08/2023 04:00;0,631;Όχι
11/08/2023 04:15;0,64;Όχι
11/08/2023 04:30;0,641;Όχι
11/08/2023 04:45;0,835;Όχι
11/08/2023 05:00;0,758;Όχι
11/08/2023 05:15;0,727;Όχι
11/08/2023 05:30;0,772;Όχι
11/08/2023 05:45;0,739;Όχι
11/08/2023 06:00;0,725;Όχι
11/08/2023 06:15;0,721;Όχι
11/08/2023 06:30;0,648;Όχι
11/08/2023 06:45;0,475;Όχι
11/08/2023 07:00;0,451;Όχι
11/08/2023 07:15;0,432;Όχι
11/08/2023 07:30;0,434;Όχι
11/08/2023 07:45;0,409;Όχι
11/08/2023 08:00;0,202;Όχι
11/08/2023 08:15;0,09;Όχι
11/08/2023 08:30;0,013;Όχι
11/08/2023 08:45;0,001;Όχι
11/08/2023 09:00;0,003;Όχι
11/08/2023 09:15;0;Όχι
11/08/2023 09:30;0;Όχι
11/08/2023 09:45;0;Όχι
11/08/2023 10:00;0,009;Όχι
11/08/2023 10:15;0,002;Όχι
11/08/2023 10:30;0;Όχι
11/08/2023 10:45;0;Όχι
11/08/2023 11:00;0;Όχι
11/08/2023 11:15;0;Όχι
11/08/2023 11:30;0;Όχι
11/08/2023 11:45;0;Όχι
11/08/2023 12:00;0;Όχι
11/08/2023 12:15;0;Όχι
11/08/2023 12:30;0;Όχι
11/08/2023 12:45;0;Όχι
11/08/2023 13:00;0;Όχι
11/08/2023 13:15;0;Όχι
11/08/2023 13:30;0;Όχι
11/08/2023 13:45;0;Όχι
11/08/2023 14:00;0;Όχι
11/08/2023 14:15;0,002;Όχι
11/08/2023 14:30;0,003;Όχι
11/08/2023 14:45;0,025;Όχι
11/08/2023 15:00;0,075;Όχι
11/08/2023 15:15;0,012;Όχι
11/08/2023 15:30;0;Όχι
11/08/2023 15:45;0;Όχι
11/08/2023 16:00;0;Όχι
11/08/2023 16:15;0;Όχι
11/08/2023 16:30;0;Όχι
11/08/2023 16:45;0;Όχι
11/08/2023 17:00;0,005;Όχι
11/08/2023 17:15;0;Όχι
11/08/2023 17:30;0,011;Όχι
11/08/2023 17:45;0,015;Όχι
11/08/2023 18:00;0,013;Όχι
11/08/2023 18:15;0;Όχι
11/08/2023 18:30;0;Όχι
11/08/2023 18:45;0,003;Όχι
11/08/2023 19:00;0,014;Όχι
11/08/2023 19:15;0,094;Όχι
11/08/2023 19:30;0,155;Όχι
11/08/2023 19:45;0,254;Όχι
11/08/2023 20:00;0,32;Όχι
11/08/2023 20:15;0,367;Όχι
11/08/2023 20:30;0,407;Όχι
11/08/2023 20:45;0,39;Όχι
11/08/2023 21:00;0,595;Όχι
11/08/2023 21:15;0,653;Όχι
11/08/2023 21:30;0,685;Όχι
11/08/2023 21:45;0,629;Όχι
11/08/2023 22:00;0,644;Όχι
11/08/2023 22:15;0,648;Όχι
11/08/2023 22:30;0,643;Όχι
11/08/2023 22:45;0,649;Όχι
11/08/2023 23:00;0,652;Όχι
11/08/2023 23:15;0,641;Όχι
11/08/2023 23:30;0,639;Όχι
11/08/2023 23:45;0,667;Όχι
12/08/2023 00:00;0,674;Όχι
12/08/2023 00:15;0,626;Όχι
12/08/2023 00:30;0,653;Όχι
12/08/2023 00:45;0,636;Όχι
12/08/2023 01:00;0,645;Όχι
12/08/2023 01:15;0,629;Όχι
12/08/2023 01:30;0,048;Όχι
12/08/2023 01:45;0,638;Όχι
12/08/2023 02:00;0,629;Όχι
12/08/2023 02:15;0,673;Όχι
12/08/2023 02:30;0,663;Όχι
12/08/2023 02:45;0,641;Όχι
12/08/2023 03:00;0,648;Όχι
12/08/2023 03:15;0,648;Όχι
12/08/2023 03:30;0,647;Όχι
12/08/2023 03:45;0,646;Όχι
12/08/2023 04:00;0,658;Όχι
12/08/2023 04:15;0,64;Όχι
12/08/2023 04:30;0,649;Όχι
12/08/2023 04:45;0,65;Όχι
12/08/2023 05:00;0,671;Όχι
12/08/2023 05:15;0,69;Όχι
12/08/2023 05:30;0,757;Όχι
12/08/2023 05:45;0,638;Όχι
12/08/2023 06:00;0,644;Όχι
12/08/2023 06:15;0,622;Όχι
12/08/2023 06:30;0,6;Όχι
12/08/2023 06:45;0,415;Όχι
12/08/2023 07:00;0,377;Όχι
12/08/2023 07:15;0,306;Όχι
12/08/2023 07:30;0,255;Όχι
12/08/2023 07:45;0,194;Όχι
12/08/2023 08:00;0,155;Όχι
12/08/2023 08:15;0,059;Όχι
12/08/2023 08:30;0,022;Όχι
12/08/2023 08:45;0;Όχι
12/08/2023 09:00;0,007;Όχι
12/08/2023 09:15;0,002;Όχι
12/08/2023 09:30;0;Όχι
12/08/2023 09:45;0;Όχι
12/08/2023 10:00;0,001;Όχι
12/08/2023 10:15;0;Όχι
12/08/2023 10:30;0;Όχι
12/08/2023 10:45;0;Όχι
12/08/2023 11:00;0;Όχι
12/08/2023 11:15;0;Όχι
12/08/2023 11:30;0;Όχι
12/08/2023 11:45;0;Όχι
12/08/2023 12:00;0;Όχι
12/08/2023 12:15;0;Όχι
12/08/2023 12:30;0;Όχι
12/08/2023 12:45;0;Όχι
12/08/2023 13:00;0;Όχι
12/08/2023 13:15;0,002;Όχι
12/08/2023 13:30;0,003;Όχι
12/08/2023 13:45;0,001;Όχι
12/08/2023 14:00;0;Όχι
12/08/2023 14:15;0;Όχι
12/08/2023 14:30;0;Όχι
12/08/2023 14:45;0;Όχι
12/08/2023 15:00;0;Όχι
12/08/2023 15:15;0;Όχι
12/08/2023 15:30;0;Όχι
12/08/2023 15:45;0;Όχι
12/08/2023 16:00;0;Όχι
12/08/2023 16:15;0,036;Όχι
12/08/2023 16:30;0,028;Όχι
12/08/2023 16:45;0,005;Όχι
12/08/2023 17:00;0,002;Όχι
12/08/2023 17:15;0;Όχι
12/08/2023 17:30;0;Όχι
12/08/2023 17:45;0;Όχι
12/08/2023 18:00;0;Όχι
12/08/2023 18:15;0,006;Όχι
12/08/2023 18:30;0,02;Όχι
12/08/2023 18:45;0,003;Όχι
12/08/2023 19:00;0,119;Όχι
12/08/2023 19:15;0,054;Όχι
12/08/2023 19:30;0,169;Όχι
12/08/2023 19:45;0,263;Όχι
12/08/2023 20:00;0,305;Όχι
12/08/2023 20:15;0,369;Όχι
12/08/2023 20:30;0,349;Όχι
12/08/2023 20:45;0,386;Όχι
12/08/2023 21:00;0,575;Όχι
12/08/2023 21:15;0,615;Όχι
12/08/2023 21:30;0,659;Όχι
12/08/2023 21:45;0,616;Όχι
12/08/2023 22:00;0,632;Όχι
12/08/2023 22:15;0,692;Όχι
12/08/2023 22:30;0,651;Όχι
12/08/2023 22:45;0,633;Όχι
12/08/2023 23:00;0,635;Όχι
12/08/2023 23:15;0,655;Όχι
12/08/2023 23:30;0,645;Όχι
12/08/2023 23:45;0,638;Όχι
13/08/2023 00:00;0,646;Όχι
13/08/2023 00:15;0,65;Όχι
13/08/2023 00:30;0,638;Όχι
13/08/2023 00:45;0,677;Όχι
13/08/2023 01:00;0,648;Όχι
13/08/2023 01:15;0,641;Όχι
13/08/2023 01:30;0,639;Όχι
13/08/2023 01:45;0,625;Όχι
13/08/2023 02:00;0,651;Όχι
13/08/2023 02:15;0,635;Όχι
13/08/2023 02:30;0,63;Όχι
13/08/2023 02:45;0,639;Όχι
13/08/2023 03:00;0,65;Όχι
13/08/2023 03:15;0,686;Όχι
13/08/2023 03:30;0,636;Όχι
13/08/2023 03:45;0,639;Όχι
13/08/2023 04:00;0,641;Όχι
13/08/2023 04:15;0,638;Όχι
13/08/2023 04:30;0,633;Όχι
13/08/2023 04:45;0,625;Όχι
13/08/2023 05:00;0,631;Όχι
13/08/2023 05:15;0,648;Όχι
13/08/2023 05:30;0,625;Όχι
13/08/2023 05:45;0,622;Όχι
13/08/2023 06:00;0,688;Όχι
13/08/2023 06:15;0,653;Όχι
13/08/2023 06:30;0,612;Όχι
13/08/2023 06:45;0,414;Όχι
13/08/2023 07:00;0,388;Όχι
13/08/2023 07:15;0,349;Όχι
13/08/2023 07:30;0,389;Όχι
13/08/2023 07:45;0,394;Όχι
13/08/2023 08:00;0,256;Όχι
13/08/2023 08:15;0,121;Όχι
13/08/2023 08:30;0,044;Όχι
13/08/2023 08:45;0,15;Όχι
13/08/2023 09:00;0,167;Όχι
13/08/2023 09:15;0,156;Όχι
13/08/2023 09:30;0,098;Όχι
13/08/2023 09:45;0,011;Όχι
13/08/2023 10:00;0,007;Όχι
13/08/2023 10:15;0,003;Όχι
13/08/2023 10:30;0,002;Όχι
13/08/2023 10:45;0;Όχι
13/08/2023 11:00;0;Όχι
13/08/2023 11:15;0;Όχι
13/08/2023 11:30;0;Όχι
13/08/2023 11:45;0;Όχι
13/08/2023 12:00;0;Όχι
13/08/2023 12:15;0;Όχι
13/08/2023 12:30;0;Όχι
13/08/2023 12:45;0;Όχι
13/08/2023 13:00;0;Όχι
13/08/2023 13:15;0;Όχι
13/08/2023 13:30;0;Όχι
13/08/2023 13:45;0,005;Όχι
13/08/2023 14:00;0;Όχι
13/08/2023 14:15;0;Όχι
13/08/2023 14:30;0;Όχι
13/08/2023 14:45;0,007;Όχι
13/08/2023 15:00;0;Όχι
13/08/2023 15:15;0;Όχι
13/08/2023 15:30;0,001;Όχι
13/08/2023 15:45;0,083;Όχι
13/08/2023 16:00;0,031;Όχι
13/08/2023 16:15;0,008;Όχι
13/08/2023 16:30;0,027;Όχι
13/08/2023 16:45;0,018;Όχι
13/08/2023 17:00;0,093;Όχι
13/08/2023 17:15;0,215;Όχι
13/08/2023 17:30;0,249;Όχι
13/08/2023 17:45;0,037;Όχι
13/08/2023 18:00;0,44;Όχι
13/08/2023 18:15;0,373;Όχι
13/08/2023 18:30;0,459;Όχι
13/08/2023 18:45;0,684;Όχι
13/08/2023 19:00;0,781;Όχι
13/08/2023 19:15;0,793;Όχι
13/08/2023 19:30;0,858;Όχι
13/08/2023 19:45;0,869;Όχι
13/08/2023 20:00;0,901;Όχι
13/08/2023 20:15;0,904;Όχι
13/08/2023 20:30;0,841;Όχι
13/08/2023 20:45;0,807;Όχι
13/08/2023 21:00;0,695;Όχι
13/08/2023 21:15;0,666;Όχι
13/08/2023 21:30;0,674;Όχι
13/08/2023 21:45;0,691;Όχι
13/08/2023 22:00;0,694;Όχι
13/08/2023 22:15;0,677;Όχι
13/08/2023 22:30;0,678;Όχι
13/08/2023 22:45;0,757;Όχι
13/08/2023 23:00;0,693;Όχι
13/08/2023 23:15;0,671;Όχι
13/08/2023 23:30;0,7;Όχι
13/08/2023 23:45;0,696;Όχι
14/08/2023 00:00;0,691;Όχι
14/08/2023 00:15;0,685;Όχι
14/08/2023 00:30;0,693;Όχι
14/08/2023 00:45;0,695;Όχι
14/08/2023 01:00;0,739;Όχι
14/08/2023 01:15;0,693;Όχι
14/08/2023 01:30;0,383;Όχι
14/08/2023 01:45;0,685;Όχι
14/08/2023 02:00;0,702;Όχι
14/08/2023 02:15;0,675;Όχι
14/08/2023 02:30;0,688;Όχι
14/08/2023 02:45;0,671;Όχι
14/08/2023 03:00;0,722;Όχι
14/08/2023 03:15;0,678;Όχι
14/08/2023 03:30;0,729;Όχι
14/08/2023 03:45;0,717;Όχι
14/08/2023 04:00;0,712;Όχι
14/08/2023 04:15;0,691;Όχι
14/08/2023 04:30;0,697;Όχι
14/08/2023 04:45;0,698;Όχι
14/08/2023 05:00;0,694;Όχι
14/08/2023 05:15;0,682;Όχι
14/08/2023 05:30;0,689;Όχι
14/08/2023 05:45;0,703;Όχι
14/08/2023 06:00;0,682;Όχι
14/08/2023 06:15;0,717;Όχι
14/08/2023 06:30;0,691;Όχι
14/08/2023 06:45;0,623;Όχι
14/08/2023 07:00;0,431;Όχι
14/08/2023 07:15;1,207;Όχι
14/08/2023 07:30;1,112;Όχι
14/08/2023 07:45;1,122;Όχι
14/08/2023 08:00;1,011;Όχι
14/08/2023 08:15;0,71;Όχι
14/08/2023 08:30;0,543;Όχι
14/08/2023 08:45;0,497;Όχι
14/08/2023 09:00;0,408;Όχι
14/08/2023 09:15;0,815;Όχι
14/08/2023 09:30;0,037;Όχι
14/08/2023 09:45;0,176;Όχι
14/08/2023 10:00;0,18;Όχι
14/08/2023 10:15;0,084;Όχι
14/08/2023 10:30;0,015;Όχι
14/08/2023 10:45;0,027;Όχι
14/08/2023 11:00;0,035;Όχι
14/08/2023 11:15;0;Όχι
14/08/2023 11:30;0;Όχι
14/08/2023 11:45;0,012;Όχι
14/08/2023 12:00;0;Όχι
14/08/2023 12:15;0,001;Όχι
14/08/2023 12:30;0,002;Όχι
14/08/2023 12:45;0;Όχι
14/08/2023 13:00;0,015;Όχι
14/08/2023 13:15;0,05;Όχι
14/08/2023 13:30;0,167;Όχι
14/08/2023 13:45;0,032;Όχι
14/08/2023 14:00;0,001;Όχι
14/08/2023 14:15;0,001;Όχι
14/08/2023 14:30;0,007;Όχι
14/08/2023 14:45;0,007;Όχι
14/08/2023 15:00;0,007;Όχι
14/08/2023 15:15;0,035;Όχι
14/08/2023 15:30;0,082;Όχι
14/08/2023 15:45;0,155;Όχι
14/08/2023 16:00;0,044;Όχι
14/08/2023 16:15;0,144;Όχι
14/08/2023 16:30;0,271;Όχι
14/08/2023 16:45;0;Όχι
14/08/2023 17:00;0;Όχι
14/08/2023 17:15;0,028;Όχι
14/08/2023 17:30;0,045;Όχι
14/08/2023 17:45;0,032;Όχι
14/08/2023 18:00;0;Όχι
14/08/2023 18:15;0;Όχι
14/08/2023 18:30;0;Όχι
14/08/2023 18:45;0;Όχι
14/08/2023 19:00;0,013;Όχι
14/08/2023 19:15;0,055;Όχι
14/08/2023 19:30;0,129;Όχι
14/08/2023 19:45;0,242;Όχι
14/08/2023 20:00;0,244;Όχι
14/08/2023 20:15;0,304;Όχι
14/08/2023 20:30;0,314;Όχι
14/08/2023 20:45;0,302;Όχι
14/08/2023 21:00;0,535;Όχι
14/08/2023 21:15;0,557;Όχι
14/08/2023 21:30;0,546;Όχι
14/08/2023 21:45;0,591;Όχι
14/08/2023 22:00;0,551;Όχι
14/08/2023 22:15;0,542;Όχι
14/08/2023 22:30;0,538;Όχι
14/08/2023 22:45;0,546;Όχι
14/08/2023 23:00;0,563;Όχι
14/08/2023 23:15;0,541;Όχι
14/08/2023 23:30;0,534;Όχι
14/08/2023 23:45;0,617;Όχι
15/08/2023 00:00;0,561;Όχι
15/08/2023 00:15;0,539;Όχι
15/08/2023 00:30;0,535;Όχι
15/08/2023 00:45;0,563;Όχι
15/08/2023 01:00;0,553;Όχι
15/08/2023 01:15;0,534;Όχι
15/08/2023 01:30;0,551;Όχι
15/08/2023 01:45;0,56;Όχι
15/08/2023 02:00;0,578;Όχι
15/08/2023 02:15;0,559;Όχι
15/08/2023 02:30;0,551;Όχι
15/08/2023 02:45;0,552;Όχι
15/08/2023 03:00;0,55;Όχι
15/08/2023 03:15;0,543;Όχι
15/08/2023 03:30;0,546;Όχι
15/08/2023 03:45;0,548;Όχι
15/08/2023 04:00;0,552;Όχι
15/08/2023 04:15;0,546;Όχι
15/08/2023 04:30;0,586;Όχι
15/08/2023 04:45;0,549;Όχι
15/08/2023 05:00;0,564;Όχι
15/08/2023 05:15;0,54;Όχι
15/08/2023 05:30;0,538;Όχι
15/08/2023 05:45;0,552;Όχι
15/08/2023 06:00;0,562;Όχι
15/08/2023 06:15;0,53;Όχι
15/08/2023 06:30;0,526;Όχι
15/08/2023 06:45;0,332;Όχι
15/08/2023 07:00;0,346;Όχι
15/08/2023 07:15;0,313;Όχι
15/08/2023 07:30;0,437;Όχι
15/08/2023 07:45;0,371;Όχι
15/08/2023 08:00;0,311;Όχι
15/08/2023 08:15;0,056;Όχι
15/08/2023 08:30;0,003;Όχι
15/08/2023 08:45;0,001;Όχι
15/08/2023 09:00;0;Όχι
15/08/2023 09:15;0,006;Όχι
15/08/2023 09:30;0;Όχι
15/08/2023 09:45;0;Όχι
15/08/2023 10:00;0,002;Όχι
15/08/2023 10:15;0;Όχι
15/08/2023 10:30;0;Όχι
15/08/2023 10:45;0;Όχι
15/08/2023 11:00;0;Όχι
15/08/2023 11:15;0;Όχι
15/08/2023 11:30;0;Όχι
15/08/2023 11:45;0;Όχι
15/08/2023 12:00;0;Όχι
15/08/2023 12:15;0;Όχι
15/08/2023 12:30;0;Όχι
15/08/2023 12:45;0;Όχι
15/08/2023 13:00;0;Όχι
15/08/2023 13:15;0;Όχι
15/08/2023 13:30;0;Όχι
15/08/2023 13:45;0;Όχι
15/08/2023 14:00;0;Όχι
15/08/2023 14:15;0;Όχι
15/08/2023 14:30;0;Όχι
15/08/2023 14:45;0;Όχι
15/08/2023 15:00;0;Όχι
15/08/2023 15:15;0;Όχι
15/08/2023 15:30;0;Όχι
15/08/2023 15:45;0;Όχι
15/08/2023 16:00;0;Όχι
15/08/2023 16:15;0;Όχι
15/08/2023 16:30;0;Όχι
15/08/2023 16:45;0;Όχι
15/08/2023 17:00;0;Όχι
15/08/2023 17:15;0;Όχι
15/08/2023 17:30;0;Όχι
15/08/2023 17:45;0;Όχι
15/08/2023 18:00;0;Όχι
15/08/2023 18:15;0;Όχι
15/08/2023 18:30;0,001;Όχι
15/08/2023 18:45;0,008;Όχι
15/08/2023 19:00;0,035;Όχι
15/08/2023 19:15;0,092;Όχι
15/08/2023 19:30;0,158;Όχι
15/08/2023 19:45;0,225;Όχι
15/08/2023 20:00;0,291;Όχι
15/08/2023 20:15;0,314;Όχι
15/08/2023 20:30;0,339;Όχι
15/08/2023 20:45;0,434;Όχι
15/08/2023 21:00;0,596;Όχι
15/08/2023 21:15;0,585;Όχι
15/08/2023 21:30;0,593;Όχι
15/08/2023 21:45;0,601;Όχι
15/08/2023 22:00;0,585;Όχι
15/08/2023 22:15;0,586;Όχι
15/08/2023 22:30;0,598;Όχι
15/08/2023 22:45;0,648;Όχι
15/08/2023 23:00;0,586;Όχι
15/08/2023 23:15;0,592;Όχι
15/08/2023 23:30;0,603;Όχι
15/08/2023 23:45;0,585;Όχι
16/08/2023 00:00;0,589;Όχι
16/08/2023 00:15;0,599;Όχι
16/08/2023 00:30;0,598;Όχι
16/08/2023 00:45;0,607;Όχι
16/08/2023 01:00;0,632;Όχι
16/08/2023 01:15;0,606;Όχι
16/08/2023 01:30;0,255;Όχι
16/08/2023 01:45;0,581;Όχι
16/08/2023 02:00;0,611;Όχι
16/08/2023 02:15;0,585;Όχι
16/08/2023 02:30;0,586;Όχι
16/08/2023 02:45;0,6;Όχι
16/08/2023 03:00;0,606;Όχι
16/08/2023 03:15;0,65;Όχι
16/08/2023 03:30;0,597;Όχι
16/08/2023 03:45;0,613;Όχι
16/08/2023 04:00;0,604;Όχι
16/08/2023 04:15;0,601;Όχι
16/08/2023 04:30;0,602;Όχι
16/08/2023 04:45;0,607;Όχι
16/08/2023 05:00;0,592;Όχι
16/08/2023 05:15;0,597;Όχι
16/08/2023 05:30;0,663;Όχι
16/08/2023 05:45;0,599;Όχι
16/08/2023 06:00;0,593;Όχι
16/08/2023 06:15;0,6;Όχι
16/08/2023 06:30;0,592;Όχι
16/08/2023 06:45;0,368;Όχι
16/08/2023 07:00;0,334;Όχι
16/08/2023 07:15;1,716;Όχι
16/08/2023 07:30;1,066;Όχι
16/08/2023 07:45;1,116;Όχι
16/08/2023 08:00;1,097;Όχι
16/08/2023 08:15;0,995;Όχι
16/08/2023 08:30;0,602;Όχι
16/08/2023 08:45;0,364;Όχι
16/08/2023 09:00;0,229;Όχι
16/08/2023 09:15;0,238;Όχι
16/08/2023 09:30;0,146;Όχι
16/08/2023 09:45;0,133;Όχι
16/08/2023 10:00;0,039;Όχι
16/08/2023 10:15;0,024;Όχι
16/08/2023 10:30;0,01;Όχι
16/08/2023 10:45;0;Όχι
16/08/2023 11:00;0,005;Όχι
16/08/2023 11:15;0,001;Όχι
16/08/2023 11:30;0;Όχι
16/08/2023 11:45;0;Όχι
16/08/2023 12:00;0;Όχι
16/08/2023 12:15;0;Όχι
16/08/2023 12:30;0;Όχι
16/08/2023 12:45;0;Όχι
16/08/2023 13:00;0,023;Όχι
16/08/2023 13:15;0,001;Όχι
16/08/2023 13:30;0,003;Όχι
16/08/2023 13:45;0;Όχι
16/08/2023 14:00;0,003;Όχι
16/08/2023 14:15;0,02;Όχι
16/08/2023 14:30;0,017;Όχι
16/08/2023 14:45;0,022;Όχι
16/08/2023 15:00;0,016;Όχι
16/08/2023 15:15;0;Όχι
16/08/2023 15:30;0,02;Όχι
16/08/2023 15:45;0,017;Όχι
16/08/2023 16:00;0,009;Όχι
16/08/2023 16:15;0,061;Όχι
16/08/2023 16:30;0,003;Όχι
16/08/2023 16:45;0;Όχι
16/08/2023 17:00;0;Όχι
16/08/2023 17:15;0;Όχι
16/08/2023 17:30;0;Όχι
16/08/2023 17:45;0;Όχι
16/08/2023 18:00;0;Όχι
16/08/2023 18:15;0;Όχι
16/08/2023 18:30;0,005;Όχι
16/08/2023 18:45;0,004;Όχι
16/08/2023 19:00;0,032;Όχι
16/08/2023 19:15;0,102;Όχι
16/08/2023 19:30;0,196;Όχι
16/08/2023 19:45;0,267;Όχι
16/08/2023 20:00;0,307;Όχι
16/08/2023 20:15;0,424;Όχι
16/08/2023 20:30;0,371;Όχι
16/08/2023 20:45;0,393;Όχι
16/08/2023 21:00;0,592;Όχι
16/08/2023 21:15;0,616;Όχι
16/08/2023 21:30;0,608;Όχι
16/08/2023 21:45;0,597;Όχι
16/08/2023 22:00;0,678;Όχι
16/08/2023 22:15;0,622;Όχι
16/08/2023 22:30;0,618;Όχι
16/08/2023 22:45;0,607;Όχι
16/08/2023 23:00;0,619;Όχι
16/08/2023 23:15;0,628;Όχι
16/08/2023 23:30;0,605;Όχι
16/08/2023 23:45;0,626;Όχι
17/08/2023 00:00;0,669;Όχι
17/08/2023 00:15;0,612;Όχι
17/08/2023 00:30;0,614;Όχι
17/08/2023 00:45;0,617;Όχι
17/08/2023 01:00;0,621;Όχι
17/08/2023 01:15;0,612;Όχι
17/08/2023 01:30;0,043;Όχι
17/08/2023 01:45;0,661;Όχι
17/08/2023 02:00;0,626;Όχι
17/08/2023 02:15;0,603;Όχι
17/08/2023 02:30;0,604;Όχι
17/08/2023 02:45;0,62;Όχι
17/08/2023 03:00;0,613;Όχι
17/08/2023 03:15;0,609;Όχι
17/08/2023 03:30;0,633;Όχι
17/08/2023 03:45;0,623;Όχι
17/08/2023 04:00;0,647;Όχι
17/08/2023 04:15;0,615;Όχι
17/08/2023 04:30;0,626;Όχι
17/08/2023 04:45;0,605;Όχι
17/08/2023 05:00;0,605;Όχι
17/08/2023 05:15;0,622;Όχι
17/08/2023 05:30;0,614;Όχι
17/08/2023 05:45;0,602;Όχι
17/08/2023 06:00;0,669;Όχι
17/08/2023 06:15;0,617;Όχι
17/08/2023 06:30;0,606;Όχι
17/08/2023 06:45;0,412;Όχι
17/08/2023 07:00;0,391;Όχι
17/08/2023 07:15;1,234;Όχι
17/08/2023 07:30;1,133;Όχι
17/08/2023 07:45;0,983;Όχι
17/08/2023 08:00;1,542;Όχι
17/08/2023 08:15;0,824;Όχι
17/08/2023 08:30;0,842;Όχι
17/08/2023 08:45;0,916;Όχι
17/08/2023 09:00;0,551;Όχι
17/08/2023 09:15;0,409;Όχι
17/08/2023 09:30;0,37;Όχι
17/08/2023 09:45;0,154;Όχι
17/08/2023 10:00;0,017;Όχι
17/08/2023 10:15;0,134;Όχι
17/08/2023 10:30;0,065;Όχι
17/08/2023 10:45;0,049;Όχι
17/08/2023 11:00;0,065;Όχι
17/08/2023 11:15;0,013;Όχι
17/08/2023 11:30;0;Όχι
17/08/2023 11:45;0,031;Όχι
17/08/2023 12:00;0,021;Όχι
17/08/2023 12:15;0,002;Όχι
17/08/2023 12:30;0,03;Όχι
17/08/2023 12:45;0,029;Όχι
17/08/2023 13:00;0;Όχι
17/08/2023 13:15;0,041;Όχι
17/08/2023 13:30;0,025;Όχι
17/08/2023 13:45;0,054;Όχι
17/08/2023 14:00;0,04;Όχι
17/08/2023 14:15;0,025;Όχι
17/08/2023 14:30;0,155;Όχι
17/08/2023 14:45;0,387;Όχι
17/08/2023 15:00;0,493;Όχι
17/08/2023 15:15;0;Όχι
17/08/2023 15:30;0,008;Όχι
17/08/2023 15:45;0;Όχι
17/08/2023 16:00;0;Όχι
17/08/2023 16:15;0;Όχι
17/08/2023 16:30;0;Όχι
17/08/2023 16:45;0;Όχι
17/08/2023 17:00;0;Όχι
17/08/2023 17:15;0;Όχι
17/08/2023 17:30;0,01;Όχι
17/08/2023 17:45;0,085;Όχι
17/08/2023 18:00;0;Όχι
17/08/2023 18:15;0;Όχι
17/08/2023 18:30;0,001;Όχι
17/08/2023 18:45;0,013;Όχι
17/08/2023 19:00;0,048;Όχι
17/08/2023 19:15;0,096;Όχι
17/08/2023 19:30;0,186;Όχι
17/08/2023 19:45;0,258;Όχι
17/08/2023 20:00;0,381;Όχι
17/08/2023 20:15;0,347;Όχι
17/08/2023 20:30;0,375;Όχι
17/08/2023 20:45;0,421;Όχι
17/08/2023 21:00;0,589;Όχι
17/08/2023 21:15;0,6;Όχι
17/08/2023 21:30;0,605;Όχι
17/08/2023 21:45;0,617;Όχι
17/08/2023 22:00;0,648;Όχι
17/08/2023 22:15;0,605;Όχι
17/08/2023 22:30;0,616;Όχι
17/08/2023 22:45;0,597;Όχι
17/08/2023 23:00;0,599;Όχι
17/08/2023 23:15;0,621;Όχι
17/08/2023 23:30;0,602;Όχι
17/08/2023 23:45;0,663;Όχι
18/08/2023 00:00;0,612;Όχι
18/08/2023 00:15;0,606;Όχι
18/08/2023 00:30;0,591;Όχι
18/08/2023 00:45;0,601;Όχι
18/08/2023 01:00;0,608;Όχι
18/08/2023 01:15;0,604;Όχι
18/08/2023 01:30;0,6;Όχι
18/08/2023 01:45;0,637;Όχι
18/08/2023 02:00;0,634;Όχι
18/08/2023 02:15;0,605;Όχι
18/08/2023 02:30;0,595;Όχι
18/08/2023 02:45;0,608;Όχι
18/08/2023 03:00;0,612;Όχι
18/08/2023 03:15;0,593;Όχι
18/08/2023 03:30;0,579;Όχι
18/08/2023 03:45;0,625;Όχι
18/08/2023 04:00;0,645;Όχι
18/08/2023 04:15;0,597;Όχι
18/08/2023 04:30;0,608;Όχι
18/08/2023 04:45;0,61;Όχι
18/08/2023 05:00;0,603;Όχι
18/08/2023 05:15;0,591;Όχι
18/08/2023 05:30;0,607;Όχι
18/08/2023 05:45;0,598;Όχι
18/08/2023 06:00;0,654;Όχι
18/08/2023 06:15;0,625;Όχι
18/08/2023 06:30;0,811;Όχι
18/08/2023 06:45;0,632;Όχι
18/08/2023 07:00;0,684;Όχι
18/08/2023 07:15;1,925;Όχι
18/08/2023 07:30;1,383;Όχι
18/08/2023 07:45;1,075;Όχι
18/08/2023 08:00;0,824;Όχι
18/08/2023 08:15;0,971;Όχι
18/08/2023 08:30;0,851;Όχι
18/08/2023 08:45;0,639;Όχι
18/08/2023 09:00;0,44;Όχι
18/08/2023 09:15;0,374;Όχι
18/08/2023 09:30;0,333;Όχι
18/08/2023 09:45;0,215;Όχι
18/08/2023 10:00;0,095;Όχι
18/08/2023 10:15;0,117;Όχι
18/08/2023 10:30;0,106;Όχι
18/08/2023 10:45;0,003;Όχι
18/08/2023 11:00;0,062;Όχι
18/08/2023 11:15;0,059;Όχι
18/08/2023 11:30;0,032;Όχι
18/08/2023 11:45;0,003;Όχι
18/08/2023 12:00;0,033;Όχι
18/08/2023 12:15;0,012;Όχι
18/08/2023 12:30;0,004;Όχι
18/08/2023 12:45;0,001;Όχι
18/08/2023 13:00;0,025;Όχι
18/08/2023 13:15;0,01;Όχι
18/08/2023 13:30;0,005;Όχι
18/08/2023 13:45;0,012;Όχι
18/08/2023 14:00;0,004;Όχι
18/08/2023 14:15;0;Όχι
18/08/2023 14:30;0,005;Όχι
18/08/2023 14:45;0,004;Όχι
18/08/2023 15:00;0;Όχι
18/08/2023 15:15;0,038;Όχι
18/08/2023 15:30;0,073;Όχι
18/08/2023 15:45;0,031;Όχι
18/08/2023 16:00;0,018;Όχι
18/08/2023 16:15;0,014;Όχι
18/08/2023 16:30;0,012;Όχι
18/08/2023 16:45;0,068;Όχι
18/08/2023 17:00;0,122;Όχι
18/08/2023 17:15;0,038;Όχι
18/08/2023 17:30;0,089;Όχι
18/08/2023 17:45;0,186;Όχι
18/08/2023 18:00;0,24;Όχι
18/08/2023 18:15;0,116;Όχι
18/08/2023 18:30;0,132;Όχι
18/08/2023 18:45;0,009;Όχι
18/08/2023 19:00;0,044;Όχι
18/08/2023 19:15;0,106;Όχι
18/08/2023 19:30;0,185;Όχι
18/08/2023 19:45;0,363;Όχι
18/08/2023 20:00;0,339;Όχι
18/08/2023 20:15;0,401;Όχι
18/08/2023 20:30;0,419;Όχι
18/08/2023 20:45;0,489;Όχι
18/08/2023 21:00;0,642;Όχι
18/08/2023 21:15;0,641;Όχι
18/08/2023 21:30;0,717;Όχι
18/08/2023 21:45;0,647;Όχι
18/08/2023 22:00;0,645;Όχι
18/08/2023 22:15;0,659;Όχι
18/08/2023 22:30;0,657;Όχι
18/08/2023 22:45;0,647;Όχι
18/08/2023 23:00;0,656;Όχι
18/08/2023 23:15;0,716;Όχι
18/08/2023 23:30;0,651;Όχι
18/08/2023 23:45;0,642;Όχι
19/08/2023 00:00;0,652;Όχι
19/08/2023 00:15;0,664;Όχι
19/08/2023 00:30;0,642;Όχι
19/08/2023 00:45;0,644;Όχι
19/08/2023 01:00;0,659;Όχι
19/08/2023 01:15;0,711;Όχι
19/08/2023 01:30;0,641;Όχι
19/08/2023 01:45;0,652;Όχι
19/08/2023 02:00;0,654;Όχι
19/08/2023 02:15;0,641;Όχι
19/08/2023 02:30;0,635;Όχι
19/08/2023 02:45;0,653;Όχι
19/08/2023 03:00;0,651;Όχι
19/08/2023 03:15;0,699;Όχι
19/08/2023 03:30;0,644;Όχι
19/08/2023 03:45;0,639;Όχι
19/08/2023 04:00;0,665;Όχι
19/08/2023 04:15;0,622;Όχι
19/08/2023 04:30;0,652;Όχι
19/08/2023 04:45;0,662;Όχι
19/08/2023 05:00;0,645;Όχι
19/08/2023 05:15;0,702;Όχι
19/08/2023 05:30;0,668;Όχι
19/08/2023 05:45;0,652;Όχι
19/08/2023 06:00;0,644;Όχι
19/08/2023 06:15;0,652;Όχι
19/08/2023 06:30;0,654;Όχι
19/08/2023 06:45;0,474;Όχι
19/08/2023 07:00;0,427;Όχι
19/08/2023 07:15;1,085;Όχι
19/08/2023 07:30;0,846;Όχι
19/08/2023 07:45;0,791;Όχι
19/08/2023 08:00;0,555;Όχι
19/08/2023 08:15;0,491;Όχι
19/08/2023 08:30;0,377;Όχι
19/08/2023 08:45;0,212;Όχι
19/08/2023 09:00;0,12;Όχι
19/08/2023 09:15;0,055;Όχι
19/08/2023 09:30;0,02;Όχι
19/08/2023 09:45;0,015;Όχι
19/08/2023 10:00;0;Όχι
19/08/2023 10:15;0,002;Όχι
19/08/2023 10:30;0;Όχι
19/08/2023 10:45;0;Όχι
19/08/2023 11:00;0;Όχι
19/08/2023 11:15;0;Όχι
19/08/2023 11:30;0;Όχι
19/08/2023 11:45;0;Όχι
19/08/2023 12:00;0,385;Όχι
19/08/2023 12:15;0,403;Όχι
19/08/2023 12:30;0,203;Όχι
19/08/2023 12:45;0,004;Όχι
19/08/2023 13:00;0;Όχι
19/08/2023 13:15;0;Όχι
19/08/2023 13:30;0;Όχι
19/08/2023 13:45;0;Όχι
19/08/2023 14:00;0;Όχι
19/08/2023 14:15;0;Όχι
19/08/2023 14:30;0;Όχι
19/08/2023 14:45;0;Όχι
19/08/2023 15:00;0;Όχι
19/08/2023 15:15;0;Όχι
19/08/2023 15:30;0;Όχι
19/08/2023 15:45;0;Όχι
19/08/2023 16:00;0;Όχι
19/08/2023 16:15;0;Όχι
19/08/2023 16:30;0;Όχι
19/08/2023 16:45;0;Όχι
19/08/2023 17:00;0;Όχι
19/08/2023 17:15;0;Όχι
19/08/2023 17:30;0;Όχι
19/08/2023 17:45;0;Όχι
19/08/2023 18:00;0,004;Όχι
19/08/2023 18:15;0;Όχι
19/08/2023 18:30;0,005;Όχι
19/08/2023 18:45;0,012;Όχι
19/08/2023 19:00;0,052;Όχι
19/08/2023 19:15;0,094;Όχι
19/08/2023 19:30;0,231;Όχι
19/08/2023 19:45;0,904;Όχι
19/08/2023 20:00;0,484;Όχι
19/08/2023 20:15;0,39;Όχι
19/08/2023 20:30;0,412;Όχι
19/08/2023 20:45;0,543;Όχι
19/08/2023 21:00;0,645;Όχι
19/08/2023 21:15;0,662;Όχι
19/08/2023 21:30;0,653;Όχι
19/08/2023 21:45;0,711;Όχι
19/08/2023 22:00;0,658;Όχι
19/08/2023 22:15;0,67;Όχι
19/08/2023 22:30;0,661;Όχι
19/08/2023 22:45;0,663;Όχι
19/08/2023 23:00;0,662;Όχι
19/08/2023 23:15;0,677;Όχι
19/08/2023 23:30;0,665;Όχι
19/08/2023 23:45;0,71;Όχι
20/08/2023 00:00;0,671;Όχι
20/08/2023 00:15;0,674;Όχι
20/08/2023 00:30;0,659;Όχι
20/08/2023 00:45;0,661;Όχι
20/08/2023 01:00;0,671;Όχι
20/08/2023 01:15;0,668;Όχι
20/08/2023 01:30;0,654;Όχι
20/08/2023 01:45;0,629;Όχι
20/08/2023 02:00;0,654;Όχι
20/08/2023 02:15;0,658;Όχι
20/08/2023 02:30;0,659;Όχι
20/08/2023 02:45;0,676;Όχι
20/08/2023 03:00;0,663;Όχι
20/08/2023 03:15;0,639;Όχι
20/08/2023 03:30;0,666;Όχι
20/08/2023 03:45;0,726;Όχι
20/08/2023 04:00;0,665;Όχι
20/08/2023 04:15;0,641;Όχι
20/08/2023 04:30;0,669;Όχι
20/08/2023 04:45;0,669;Όχι
20/08/2023 05:00;0,658;Όχι
20/08/2023 05:15;0,64;Όχι
20/08/2023 05:30;0,674;Όχι
20/08/2023 05:45;0,666;Όχι
20/08/2023 06:00;0,702;Όχι
20/08/2023 06:15;0,648;Όχι
20/08/2023 06:30;0,662;Όχι
20/08/2023 06:45;0,489;Όχι
20/08/2023 07:00;0,394;Όχι
20/08/2023 07:15;0,372;Όχι
20/08/2023 07:30;0,377;Όχι
20/08/2023 07:45;0,362;Όχι
20/08/2023 08:00;0,333;Όχι
20/08/2023 08:15;0,186;Όχι
20/08/2023 08:30;0,026;Όχι
20/08/2023 08:45;0;Όχι
20/08/2023 09:00;0;Όχι
20/08/2023 09:15;0;Όχι
20/08/2023 09:30;0;Όχι
20/08/2023 09:45;0;Όχι
20/08/2023 10:00;0;Όχι
20/08/2023 10:15;0;Όχι
20/08/2023 10:30;0;Όχι
20/08/2023 10:45;0;Όχι
20/08/2023 11:00;0;Όχι
20/08/2023 11:15;0;Όχι
20/08/2023 11:30;0,147;Όχι
20/08/2023 11:45;0,494;Όχι
20/08/2023 12:00;0;Όχι
20/08/2023 12:15;0;Όχι
20/08/2023 12:30;0;Όχι
20/08/2023 12:45;0;Όχι
20/08/2023 13:00;0;Όχι
20/08/2023 13:15;0;Όχι
20/08/2023 13:30;0;Όχι
20/08/2023 13:45;0;Όχι
20/08/2023 14:00;0;Όχι
20/08/2023 14:15;0;Όχι
20/08/2023 14:30;0;Όχι
20/08/2023 14:45;0;Όχι
20/08/2023 15:00;0;Όχι
20/08/2023 15:15;0;Όχι
20/08/2023 15:30;0;Όχι
20/08/2023 15:45;0;Όχι
20/08/2023 16:00;0;Όχι
20/08/2023 16:15;0;Όχι
20/08/2023 16:30;0;Όχι
20/08/2023 16:45;0,001;Όχι
20/08/2023 17:00;0;Όχι
20/08/2023 17:15;0;Όχι
20/08/2023 17:30;0;Όχι
20/08/2023 17:45;0;Όχι
20/08/2023 18:00;0;Όχι
20/08/2023 18:15;0;Όχι
20/08/2023 18:30;0;Όχι
20/08/2023 18:45;0,009;Όχι
20/08/2023 19:00;0,062;Όχι
20/08/2023 19:15;0,16;Όχι
20/08/2023 19:30;0,293;Όχι
20/08/2023 19:45;0,296;Όχι
20/08/2023 20:00;0,393;Όχι
20/08/2023 20:15;0,396;Όχι
20/08/2023 20:30;0,39;Όχι
20/08/2023 20:45;0,558;Όχι
20/08/2023 21:00;0,656;Όχι
20/08/2023 21:15;0,679;Όχι
20/08/2023 21:30;0,659;Όχι
20/08/2023 21:45;0,648;Όχι
20/08/2023 22:00;0,647;Όχι
20/08/2023 22:15;0,65;Όχι
20/08/2023 22:30;0,648;Όχι
20/08/2023 22:45;0,662;Όχι
20/08/2023 23:00;0,653;Όχι
20/08/2023 23:15;0,705;Όχι
20/08/2023 23:30;0,655;Όχι
20/08/2023 23:45;0,663;Όχι
21/08/2023 00:00;0,649;Όχι
21/08/2023 00:15;0,646;Όχι
21/08/2023 00:30;0,657;Όχι
21/08/2023 00:45;0,658;Όχι
21/08/2023 01:00;0,646;Όχι
21/08/2023 01:15;0,688;Όχι
21/08/2023 01:30;0,669;Όχι
21/08/2023 01:45;0,466;Όχι
21/08/2023 02:00;0,63;Όχι
21/08/2023 02:15;0,651;Όχι
21/08/2023 02:30;0,659;Όχι
21/08/2023 02:45;0,644;Όχι
21/08/2023 03:00;0,626;Όχι
21/08/2023 03:15;0,69;Όχι
21/08/2023 03:30;0,689;Όχι
21/08/2023 03:45;0,638;Όχι
21/08/2023 04:00;0,627;Όχι
21/08/2023 04:15;0,656;Όχι
21/08/2023 04:30;0,648;Όχι
21/08/2023 04:45;0,634;Όχι
21/08/2023 05:00;1,391;Όχι
21/08/2023 05:15;0,651;Όχι
21/08/2023 05:30;0,655;Όχι
21/08/2023 05:45;0,67;Όχι
21/08/2023 06:00;0,63;Όχι
21/08/2023 06:15;0,645;Όχι
21/08/2023 06:30;0,63;Όχι
21/08/2023 06:45;0,475;Όχι
21/08/2023 07:00;0,377;Όχι
21/08/2023 07:15;1,556;Όχι
21/08/2023 07:30;1,76;Όχι
21/08/2023 07:45;1,314;Όχι
21/08/2023 08:00;1,149;Όχι
21/08/2023 08:15;1,118;Όχι
21/08/2023 08:30;1,085;Όχι
21/08/2023 08:45;0,961;Όχι
21/08/2023 09:00;0,738;Όχι
21/08/2023 09:15;0,424;Όχι
21/08/2023 09:30;0,122;Όχι
21/08/2023 09:45;0,249;Όχι
21/08/2023 10:00;0,301;Όχι
21/08/2023 10:15;0,145;Όχι
21/08/2023 10:30;0,085;Όχι
21/08/2023 10:45;0,066;Όχι
21/08/2023 11:00;0,002;Όχι
21/08/2023 11:15;0,086;Όχι
21/08/2023 11:30;0,003;Όχι
21/08/2023 11:45;0,039;Όχι
21/08/2023 12:00;0,039;Όχι
21/08/2023 12:15;0,029;Όχι
21/08/2023 12:30;0,013;Όχι
21/08/2023 12:45;0,044;Όχι
21/08/2023 13:00;0,077;Όχι
21/08/2023 13:15;0,011;Όχι
21/08/2023 13:30;0;Όχι
21/08/2023 13:45;0,06;Όχι
21/08/2023 14:00;0,066;Όχι
21/08/2023 14:15;0,017;Όχι
21/08/2023 14:30;0,004;Όχι
21/08/2023 14:45;0,014;Όχι
21/08/2023 15:00;0,561;Όχι
21/08/2023 15:15;0,005;Όχι
21/08/2023 15:30;0,093;Όχι
21/08/2023 15:45;0,005;Όχι
21/08/2023 16:00;0;Όχι
21/08/2023 16:15;0,036;Όχι
21/08/2023 16:30;0,274;Όχι
21/08/2023 16:45;0,121;Όχι
21/08/2023 17:00;0,001;Όχι
21/08/2023 17:15;0,082;Όχι
21/08/2023 17:30;0,061;Όχι
21/08/2023 17:45;0,186;Όχι
21/08/2023 18:00;0,02;Όχι
21/08/2023 18:15;0,017;Όχι
21/08/2023 18:30;0,134;Όχι
21/08/2023 18:45;0,201;Όχι
21/08/2023 19:00;0,108;Όχι
21/08/2023 19:15;0,138;Όχι
21/08/2023 19:30;0,17;Όχι
21/08/2023 19:45;0,292;Όχι
21/08/2023 20:00;0,335;Όχι
21/08/2023 20:15;0,336;Όχι
21/08/2023 20:30;0,422;Όχι
21/08/2023 20:45;0,565;Όχι
21/08/2023 21:00;0,566;Όχι
21/08/2023 21:15;0,55;Όχι
21/08/2023 21:30;0,569;Όχι
21/08/2023 21:45;0,571;Όχι
21/08/2023 22:00;0,556;Όχι
21/08/2023 22:15;0,635;Όχι
21/08/2023 22:30;0,58;Όχι
21/08/2023 22:45;0,567;Όχι
21/08/2023 23:00;0,568;Όχι
21/08/2023 23:15;0,57;Όχι
21/08/2023 23:30;0,579;Όχι
21/08/2023 23:45;0,574;Όχι
22/08/2023 00:00;0,583;Όχι
22/08/2023 00:15;0,614;Όχι
22/08/2023 00:30;0,571;Όχι
22/08/2023 00:45;0,569;Όχι
22/08/2023 01:00;0,555;Όχι
22/08/2023 01:15;0,593;Όχι
22/08/2023 01:30;0,576;Όχι
22/08/2023 01:45;0,567;Όχι
22/08/2023 02:00;0,632;Όχι
22/08/2023 02:15;0,586;Όχι
22/08/2023 02:30;0,56;Όχι
22/08/2023 02:45;0,561;Όχι
22/08/2023 03:00;0,577;Όχι
22/08/2023 03:15;0,575;Όχι
22/08/2023 03:30;0,561;Όχι
22/08/2023 03:45;0,568;Όχι
22/08/2023 04:00;0,64;Όχι
22/08/2023 04:15;0,563;Όχι
22/08/2023 04:30;0,561;Όχι
22/08/2023 04:45;0,575;Όχι
22/08/2023 05:00;0,578;Όχι
22/08/2023 05:15;0,562;Όχι
22/08/2023 05:30;0,567;Όχι
22/08/2023 05:45;0,578;Όχι
22/08/2023 06:00;0,607;Όχι
22/08/2023 06:15;0,58;Όχι
22/08/2023 06:30;0,595;Όχι
22/08/2023 06:45;0,587;Όχι
22/08/2023 07:00;0,384;Όχι
22/08/2023 07:15;1,302;Όχι
22/08/2023 07:30;1,281;Όχι
22/08/2023 07:45;1,354;Όχι
22/08/2023 08:00;1,229;Όχι
22/08/2023 08:15;1,134;Όχι
22/08/2023 08:30;0,799;Όχι
22/08/2023 08:45;0,43;Όχι
22/08/2023 09:00;0,468;Όχι
22/08/2023 09:15;0,341;Όχι
22/08/2023 09:30;0,225;Όχι
22/08/2023 09:45;0,209;Όχι
22/08/2023 10:00;0,041;Όχι
22/08/2023 10:15;0,051;Όχι
22/08/2023 10:30;0,113;Όχι
22/08/2023 10:45;0,082;Όχι
22/08/2023 11:00;0,098;Όχι
22/08/2023 11:15;0,082;Όχι
22/08/2023 11:30;0,02;Όχι
22/08/2023 11:45;0,064;Όχι
22/08/2023 12:00;0,046;Όχι
22/08/2023 12:15;0,006;Όχι
22/08/2023 12:30;0,001;Όχι
22/08/2023 12:45;0,012;Όχι
22/08/2023 13:00;0,011;Όχι
22/08/2023 13:15;0,006;Όχι
22/08/2023 13:30;0,012;Όχι
22/08/2023 13:45;0,015;Όχι
22/08/2023 14:00;0,042;Όχι
22/08/2023 14:15;0,116;Όχι
22/08/2023 14:30;0,278;Όχι
22/08/2023 14:45;0,008;Όχι
22/08/2023 15:00;0,047;Όχι
22/08/2023 15:15;0,055;Όχι
22/08/2023 15:30;0,004;Όχι
22/08/2023 15:45;0,007;Όχι
22/08/2023 16:00;0;Όχι
22/08/2023 16:15;0,001;Όχι
22/08/2023 16:30;0,003;Όχι
22/08/2023 16:45;0,012;Όχι
22/08/2023 17:00;0,008;Όχι
22/08/2023 17:15;0,019;Όχι
22/08/2023 17:30;0,038;Όχι
22/08/2023 17:45;0,043;Όχι
22/08/2023 18:00;0,08;Όχι
22/08/2023 18:15;0,162;Όχι
22/08/2023 18:30;0,02;Όχι
22/08/2023 18:45;0,062;Όχι
22/08/2023 19:00;0,204;Όχι
22/08/2023 19:15;0,262;Όχι
22/08/2023 19:30;0,273;Όχι
22/08/2023 19:45;0,328;Όχι
22/08/2023 20:00;0,386;Όχι
22/08/2023 20:15;0,378;Όχι
22/08/2023 20:30;0,399;Όχι
22/08/2023 20:45;0,633;Όχι
22/08/2023 21:00;0,678;Όχι
22/08/2023 21:15;0,609;Όχι
22/08/2023 21:30;0,616;Όχι
22/08/2023 21:45;0,615;Όχι
22/08/2023 22:00;0,605;Όχι
22/08/2023 22:15;0,607;Όχι
22/08/2023 22:30;0,624;Όχι
22/08/2023 22:45;0,68;Όχι
22/08/2023 23:00;0,608;Όχι
22/08/2023 23:15;0,613;Όχι
22/08/2023 23:30;0,621;Όχι
22/08/2023 23:45;0,61;Όχι
23/08/2023 00:00;0,588;Όχι
23/08/2023 00:15;0,628;Όχι
23/08/2023 00:30;0,628;Όχι
23/08/2023 00:45;0,633;Όχι
23/08/2023 01:00;0,615;Όχι
23/08/2023 01:15;0,621;Όχι
23/08/2023 01:30;0,61;Όχι
23/08/2023 01:45;0,604;Όχι
23/08/2023 02:00;0,618;Όχι
23/08/2023 02:15;0,616;Όχι
23/08/2023 02:30;0,658;Όχι
23/08/2023 02:45;0,612;Όχι
23/08/2023 03:00;0,618;Όχι
23/08/2023 03:15;0,611;Όχι
23/08/2023 03:30;0,601;Όχι
23/08/2023 03:45;0,613;Όχι
23/08/2023 04:00;0,617;Όχι
23/08/2023 04:15;0,621;Όχι
23/08/2023 04:30;0,629;Όχι
23/08/2023 04:45;0,617;Όχι
23/08/2023 05:00;0,605;Όχι
23/08/2023 05:15;0,601;Όχι
23/08/2023 05:30;0,611;Όχι
23/08/2023 05:45;0,589;Όχι
23/08/2023 06:00;0,594;Όχι
23/08/2023 06:15;0,65;Όχι
23/08/2023 06:30;0,622;Όχι
23/08/2023 06:45;0,663;Όχι
23/08/2023 07:00;0,376;Όχι
23/08/2023 07:15;0,739;Όχι
23/08/2023 07:30;1,916;Όχι
23/08/2023 07:45;2,367;Όχι
23/08/2023 08:00;1,761;Όχι
23/08/2023 08:15;1,827;Όχι
23/08/2023 08:30;1,749;Όχι
23/08/2023 08:45;1,664;Όχι
23/08/2023 09:00;1,649;Όχι
23/08/2023 09:15;1,422;Όχι
23/08/2023 09:30;1,12;Όχι
23/08/2023 09:45;1,245;Όχι
23/08/2023 10:00;1,139;Όχι
23/08/2023 10:15;0,899;Όχι
23/08/2023 10:30;0,794;Όχι
23/08/2023 10:45;0,652;Όχι
23/08/2023 11:00;0,543;Όχι
23/08/2023 11:15;0,307;Όχι
23/08/2023 11:30;0,352;Όχι
23/08/2023 11:45;0,269;Όχι
23/08/2023 12:00;0,268;Όχι
23/08/2023 12:15;0,138;Όχι
23/08/2023 12:30;0,162;Όχι
23/08/2023 12:45;0,013;Όχι
23/08/2023 13:00;0,164;Όχι
23/08/2023 13:15;0,077;Όχι
23/08/2023 13:30;0,138;Όχι
23/08/2023 13:45;0,177;Όχι
23/08/2023 14:00;0,154;Όχι
23/08/2023 14:15;0,074;Όχι
23/08/2023 14:30;0,066;Όχι
23/08/2023 14:45;0,183;Όχι
23/08/2023 15:00;0,058;Όχι
23/08/2023 15:15;0,07;Όχι
23/08/2023 15:30;0,023;Όχι
23/08/2023 15:45;0;Όχι
23/08/2023 16:00;0;Όχι
23/08/2023 16:15;0;Όχι
23/08/2023 16:30;0;Όχι
23/08/2023 16:45;0;Όχι
23/08/2023 17:00;0;Όχι
23/08/2023 17:15;0;Όχι
23/08/2023 17:30;0,001;Όχι
23/08/2023 17:45;0,001;Όχι
23/08/2023 18:00;0,003;Όχι
23/08/2023 18:15;0,005;Όχι
23/08/2023 18:30;0,01;Όχι
23/08/2023 18:45;0,062;Όχι
23/08/2023 19:00;0,108;Όχι
23/08/2023 19:15;0,219;Όχι
23/08/2023 19:30;0,27;Όχι
23/08/2023 19:45;0,272;Όχι
23/08/2023 20:00;0,325;Όχι
23/08/2023 20:15;0,317;Όχι
23/08/2023 20:30;0,405;Όχι
23/08/2023 20:45;0,574;Όχι
23/08/2023 21:00;0,581;Όχι
23/08/2023 21:15;0,634;Όχι
23/08/2023 21:30;0,604;Όχι
23/08/2023 21:45;0,586;Όχι
23/08/2023 22:00;0,584;Όχι
23/08/2023 22:15;0,593;Όχι
23/08/2023 22:30;0,589;Όχι
23/08/2023 22:45;0,582;Όχι
23/08/2023 23:00;0,617;Όχι
23/08/2023 23:15;0,631;Όχι
23/08/2023 23:30;0,586;Όχι
23/08/2023 23:45;0,585;Όχι
24/08/2023 00:00;0,595;Όχι
24/08/2023 00:15;0,596;Όχι
24/08/2023 00:30;0,581;Όχι
24/08/2023 00:45;0,588;Όχι
24/08/2023 01:00;0,651;Όχι
24/08/2023 01:15;0,585;Όχι
24/08/2023 01:30;0,13;Όχι
24/08/2023 01:45;0,595;Όχι
24/08/2023 02:00;0,595;Όχι
24/08/2023 02:15;0,586;Όχι
24/08/2023 02:30;0,588;Όχι
24/08/2023 02:45;0,6;Όχι
24/08/2023 03:00;0,636;Όχι
24/08/2023 03:15;0,584;Όχι
24/08/2023 03:30;0,599;Όχι
24/08/2023 03:45;0,59;Όχι
24/08/2023 04:00;0,585;Όχι
24/08/2023 04:15;0,589;Όχι
24/08/2023 04:30;0,599;Όχι
24/08/2023 04:45;0,578;Όχι
24/08/2023 05:00;0,607;Όχι
24/08/2023 05:15;0,599;Όχι
24/08/2023 05:30;0,583;Όχι
24/08/2023 05:45;0,58;Όχι
24/08/2023 06:00;0,588;Όχι
24/08/2023 06:15;0,564;Όχι
24/08/2023 06:30;0,603;Όχι
24/08/2023 06:45;0,598;Όχι
24/08/2023 07:00;0,414;Όχι
24/08/2023 07:15;1,189;Όχι
24/08/2023 07:30;1,254;Όχι
24/08/2023 07:45;1,504;Όχι
24/08/2023 08:00;1,428;Όχι
24/08/2023 08:15;1,593;Όχι
24/08/2023 08:30;1,521;Όχι
24/08/2023 08:45;1,359;Όχι
24/08/2023 09:00;1,157;Όχι
24/08/2023 09:15;0,589;Όχι
24/08/2023 09:30;0,353;Όχι
24/08/2023 09:45;0,462;Όχι
24/08/2023 10:00;0,387;Όχι
24/08/2023 10:15;0,363;Όχι
24/08/2023 10:30;0,192;Όχι
24/08/2023 10:45;0,191;Όχι
24/08/2023 11:00;0,017;Όχι
24/08/2023 11:15;0,103;Όχι
24/08/2023 11:30;0,437;Όχι
24/08/2023 11:45;0,515;Όχι
24/08/2023 12:00;0,069;Όχι
24/08/2023 12:15;0,037;Όχι
24/08/2023 12:30;0,001;Όχι
24/08/2023 12:45;0,008;Όχι
24/08/2023 13:00;0,048;Όχι
24/08/2023 13:15;0,039;Όχι
24/08/2023 13:30;0,006;Όχι
24/08/2023 13:45;0,022;Όχι
24/08/2023 14:00;0,046;Όχι
24/08/2023 14:15;0;Όχι
24/08/2023 14:30;0,05;Όχι
24/08/2023 14:45;0,008;Όχι
24/08/2023 15:00;0,048;Όχι
24/08/2023 15:15;0,097;Όχι
24/08/2023 15:30;0,894;Όχι
24/08/2023 15:45;1,312;Όχι
24/08/2023 16:00;0,59;Όχι
24/08/2023 16:15;0,352;Όχι
24/08/2023 16:30;0,346;Όχι
24/08/2023 16:45;0,316;Όχι
24/08/2023 17:00;0,239;Όχι
24/08/2023 17:15;0,141;Όχι
24/08/2023 17:30;0,066;Όχι
24/08/2023 17:45;0,023;Όχι
24/08/2023 18:00;0,009;Όχι
24/08/2023 18:15;0,004;Όχι
24/08/2023 18:30;0,036;Όχι
24/08/2023 18:45;0,097;Όχι
24/08/2023 19:00;0,116;Όχι
24/08/2023 19:15;0,117;Όχι
24/08/2023 19:30;0,144;Όχι
24/08/2023 19:45;0,227;Όχι
24/08/2023 20:00;0,404;Όχι
24/08/2023 20:15;0,349;Όχι
24/08/2023 20:30;0,391;Όχι
24/08/2023 20:45;0,588;Όχι
24/08/2023 21:00;0,597;Όχι
24/08/2023 21:15;0,576;Όχι
24/08/2023 21:30;0,583;Όχι
24/08/2023 21:45;0,636;Όχι
24/08/2023 22:00;0,599;Όχι
24/08/2023 22:15;0,585;Όχι
24/08/2023 22:30;0,585;Όχι
24/08/2023 22:45;0,598;Όχι
24/08/2023 23:00;0,588;Όχι
24/08/2023 23:15;0,583;Όχι
24/08/2023 23:30;0,592;Όχι
24/08/2023 23:45;0,599;Όχι
25/08/2023 00:00;0,641;Όχι
25/08/2023 00:15;0,582;Όχι
25/08/2023 00:30;0,599;Όχι
25/08/2023 00:45;0,589;Όχι
25/08/2023 01:00;0,585;Όχι
25/08/2023 01:15;0,593;Όχι
25/08/2023 01:30;0,231;Όχι
25/08/2023 01:45;0,587;Όχι
25/08/2023 02:00;0,605;Όχι
25/08/2023 02:15;0,626;Όχι
25/08/2023 02:30;0,595;Όχι
25/08/2023 02:45;0,585;Όχι
25/08/2023 03:00;0,589;Όχι
25/08/2023 03:15;0,597;Όχι
25/08/2023 03:30;0,583;Όχι
25/08/2023 03:45;0,577;Όχι
25/08/2023 04:00;0,576;Όχι
25/08/2023 04:15;0,644;Όχι
25/08/2023 04:30;0,581;Όχι
25/08/2023 04:45;0,585;Όχι
25/08/2023 05:00;0,598;Όχι
25/08/2023 05:15;0,563;Όχι
25/08/2023 05:30;0,586;Όχι
25/08/2023 05:45;0,593;Όχι
25/08/2023 06:00;0,594;Όχι
25/08/2023 06:15;0,567;Όχι
25/08/2023 06:30;0,619;Όχι
25/08/2023 06:45;0,516;Όχι
25/08/2023 07:00;0,94;Όχι
25/08/2023 07:15;1,035;Όχι
25/08/2023 07:30;1,261;Όχι
25/08/2023 07:45;1,803;Όχι
25/08/2023 08:00;1,201;Όχι
25/08/2023 08:15;1,062;Όχι
25/08/2023 08:30;0,862;Όχι
25/08/2023 08:45;0,747;Όχι
25/08/2023 09:00;0,681;Όχι
25/08/2023 09:15;0,511;Όχι
25/08/2023 09:30;0,346;Όχι
25/08/2023 09:45;0,306;Όχι
25/08/2023 10:00;0,111;Όχι
25/08/2023 10:15;0,16;Όχι
25/08/2023 10:30;0,116;Όχι
25/08/2023 10:45;0,132;Όχι
25/08/2023 11:00;0,078;Όχι
25/08/2023 11:15;0,037;Όχι
25/08/2023 11:30;0,033;Όχι
25/08/2023 11:45;0,043;Όχι
25/08/2023 12:00;0,068;Όχι
25/08/2023 12:15;0,002;Όχι
25/08/2023 12:30;0,07;Όχι
25/08/2023 12:45;0,032;Όχι
25/08/2023 13:00;0,001;Όχι
25/08/2023 13:15;0;Όχι
25/08/2023 13:30;0,002;Όχι
25/08/2023 13:45;0;Όχι
25/08/2023 14:00;0,001;Όχι
25/08/2023 14:15;0,008;Όχι
25/08/2023 14:30;0,01;Όχι
25/08/2023 14:45;0,093;Όχι
25/08/2023 15:00;0;Όχι
25/08/2023 15:15;0,028;Όχι
25/08/2023 15:30;0,007;Όχι
25/08/2023 15:45;0;Όχι
25/08/2023 16:00;0;Όχι
25/08/2023 16:15;0;Όχι
25/08/2023 16:30;0;Όχι
25/08/2023 16:45;0;Όχι
25/08/2023 17:00;0;Όχι
25/08/2023 17:15;0;Όχι
25/08/2023 17:30;0;Όχι
25/08/2023 17:45;0;Όχι
25/08/2023 18:00;0,002;Όχι
25/08/2023 18:15;0,005;Όχι
25/08/2023 18:30;0,005;Όχι
25/08/2023 18:45;0,051;Όχι
25/08/2023 19:00;0,096;Όχι
25/08/2023 19:15;0,153;Όχι
25/08/2023 19:30;0,209;Όχι
25/08/2023 19:45;0,281;Όχι
25/08/2023 20:00;0,301;Όχι
25/08/2023 20:15;0,341;Όχι
25/08/2023 20:30;0,401;Όχι
25/08/2023 20:45;0,592;Όχι
25/08/2023 21:00;0,584;Όχι
25/08/2023 21:15;0,584;Όχι
25/08/2023 21:30;0,636;Όχι
25/08/2023 21:45;0,622;Όχι
25/08/2023 22:00;0,585;Όχι
25/08/2023 22:15;0,595;Όχι
25/08/2023 22:30;0,608;Όχι
25/08/2023 22:45;0,587;Όχι
25/08/2023 23:00;0,583;Όχι
25/08/2023 23:15;0,595;Όχι
25/08/2023 23:30;0,659;Όχι
25/08/2023 23:45;0,582;Όχι
26/08/2023 00:00;0,586;Όχι
26/08/2023 00:15;0,602;Όχι
26/08/2023 00:30;0,588;Όχι
26/08/2023 00:45;0,583;Όχι
26/08/2023 01:00;0,585;Όχι
26/08/2023 01:15;0,606;Όχι
26/08/2023 01:30;0,627;Όχι
26/08/2023 01:45;0,586;Όχι
26/08/2023 02:00;0,599;Όχι
26/08/2023 02:15;0,591;Όχι
26/08/2023 02:30;0,582;Όχι
26/08/2023 02:45;0,594;Όχι
26/08/2023 03:00;0,596;Όχι
26/08/2023 03:15;0,587;Όχι
26/08/2023 03:30;0,638;Όχι
26/08/2023 03:45;0,597;Όχι
26/08/2023 04:00;0,595;Όχι
26/08/2023 04:15;0,586;Όχι
26/08/2023 04:30;0,595;Όχι
26/08/2023 04:45;0,604;Όχι
26/08/2023 05:00;0,584;Όχι
26/08/2023 05:15;0,584;Όχι
26/08/2023 05:30;0,655;Όχι
26/08/2023 05:45;0,59;Όχι
26/08/2023 06:00;0,584;Όχι
26/08/2023 06:15;0,593;Όχι
26/08/2023 06:30;0,594;Όχι
26/08/2023 06:45;0,516;Όχι
26/08/2023 07:00;0,361;Όχι
26/08/2023 07:15;0,456;Όχι
26/08/2023 07:30;0,497;Όχι
26/08/2023 07:45;0,454;Όχι
26/08/2023 08:00;0,382;Όχι
26/08/2023 08:15;0,287;Όχι
26/08/2023 08:30;0,049;Όχι
26/08/2023 08:45;0,009;Όχι
26/08/2023 09:00;0,002;Όχι
26/08/2023 09:15;0;Όχι
26/08/2023 09:30;0;Όχι
26/08/2023 09:45;0;Όχι
26/08/2023 10:00;0;Όχι
26/08/2023 10:15;0;Όχι
26/08/2023 10:30;0;Όχι
26/08/2023 10:45;0;Όχι
26/08/2023 11:00;0;Όχι
26/08/2023 11:15;0;Όχι
26/08/2023 11:30;0;Όχι
26/08/2023 11:45;0;Όχι
26/08/2023 12:00;0;Όχι
26/08/2023 12:15;0;Όχι
26/08/2023 12:30;0;Όχι
26/08/2023 12:45;0;Όχι
26/08/2023 13:00;0;Όχι
26/08/2023 13:15;0,014;Όχι
26/08/2023 13:30;0,076;Όχι
26/08/2023 13:45;0;Όχι
26/08/2023 14:00;0;Όχι
26/08/2023 14:15;0;Όχι
26/08/2023 14:30;0;Όχι
26/08/2023 14:45;0;Όχι
26/08/2023 15:00;0;Όχι
26/08/2023 15:15;0;Όχι
26/08/2023 15:30;0;Όχι
26/08/2023 15:45;0;Όχι
26/08/2023 16:00;0;Όχι
26/08/2023 16:15;0;Όχι
26/08/2023 16:30;0;Όχι
26/08/2023 16:45;0;Όχι
26/08/2023 17:00;0;Όχι
26/08/2023 17:15;0,002;Όχι
26/08/2023 17:30;0,057;Όχι
26/08/2023 17:45;0,172;Όχι
26/08/2023 18:00;0,343;Όχι
26/08/2023 18:15;0,322;Όχι
26/08/2023 18:30;0,326;Όχι
26/08/2023 18:45;0,346;Όχι
26/08/2023 19:00;0,34;Όχι
26/08/2023 19:15;0,331;Όχι
26/08/2023 19:30;0,339;Όχι
26/08/2023 19:45;0,41;Όχι
26/08/2023 20:00;0,33;Όχι
26/08/2023 20:15;0,33;Όχι
26/08/2023 20:30;0,473;Όχι
26/08/2023 20:45;0,589;Όχι
26/08/2023 21:00;0,581;Όχι
26/08/2023 21:15;0,587;Όχι
26/08/2023 21:30;0,597;Όχι
26/08/2023 21:45;0,639;Όχι
26/08/2023 22:00;0,582;Όχι
26/08/2023 22:15;0,593;Όχι
26/08/2023 22:30;0,587;Όχι
26/08/2023 22:45;0,574;Όχι
26/08/2023 23:00;0,585;Όχι
26/08/2023 23:15;0,584;Όχι
26/08/2023 23:30;0,568;Όχι
26/08/2023 23:45;0,633;Όχι
27/08/2023 00:00;0,591;Όχι
27/08/2023 00:15;0,588;Όχι
27/08/2023 00:30;0,584;Όχι
27/08/2023 00:45;0,586;Όχι
27/08/2023 01:00;0,597;Όχι
27/08/2023 01:15;0,581;Όχι
27/08/2023 01:30;0,581;Όχι
27/08/2023 01:45;0,638;Όχι
27/08/2023 02:00;0,604;Όχι
27/08/2023 02:15;0,58;Όχι
27/08/2023 02:30;0,59;Όχι
27/08/2023 02:45;0,595;Όχι
27/08/2023 03:00;0,561;Όχι
27/08/2023 03:15;0,582;Όχι
27/08/2023 03:30;0,599;Όχι
27/08/2023 03:45;0,588;Όχι
27/08/2023 04:00;0,608;Όχι
27/08/2023 04:15;0,588;Όχι
27/08/2023 04:30;0,595;Όχι
27/08/2023 04:45;0,57;Όχι
27/08/2023 05:00;0,574;Όχι
27/08/2023 05:15;0,6;Όχι
27/08/2023 05:30;0,591;Όχι
27/08/2023 05:45;0,564;Όχι
27/08/2023 06:00;0,586;Όχι
27/08/2023 06:15;0,651;Όχι
27/08/2023 06:30;0,557;Όχι
27/08/2023 06:45;0,548;Όχι
27/08/2023 07:00;0,358;Όχι
27/08/2023 07:15;0,464;Όχι
27/08/2023 07:30;0,455;Όχι
27/08/2023 07:45;0,543;Όχι
27/08/2023 08:00;0,253;Όχι
27/08/2023 08:15;0,175;Όχι
27/08/2023 08:30;0,098;Όχι
27/08/2023 08:45;0,075;Όχι
27/08/2023 09:00;0,008;Όχι
27/08/2023 09:15;0;Όχι
27/08/2023 09:30;0;Όχι
27/08/2023 09:45;0;Όχι
27/08/2023 10:00;0;Όχι
27/08/2023 10:15;0;Όχι
27/08/2023 10:30;0;Όχι
27/08/2023 10:45;0;Όχι
27/08/2023 11:00;0;Όχι
27/08/2023 11:15;0;Όχι
27/08/2023 11:30;0;Όχι
27/08/2023 11:45;0;Όχι
27/08/2023 12:00;0;Όχι
27/08/2023 12:15;0;Όχι
27/08/2023 12:30;0;Όχι
27/08/2023 12:45;0;Όχι
27/08/2023 13:00;0;Όχι
27/08/2023 13:15;0;Όχι
27/08/2023 13:30;0;Όχι
27/08/2023 13:45;0;Όχι
27/08/2023 14:00;0;Όχι
27/08/2023 14:15;0;Όχι
27/08/2023 14:30;0;Όχι
27/08/2023 14:45;0;Όχι
27/08/2023 15:00;0;Όχι
27/08/2023 15:15;0;Όχι
27/08/2023 15:30;0;Όχι
27/08/2023 15:45;0;Όχι
27/08/2023 16:00;0;Όχι
27/08/2023 16:15;0,001;Όχι
27/08/2023 16:30;0,015;Όχι
27/08/2023 16:45;0,001;Όχι
27/08/2023 17:00;0,006;Όχι
27/08/2023 17:15;0,061;Όχι
27/08/2023 17:30;0,032;Όχι
27/08/2023 17:45;0,081;Όχι
27/08/2023 18:00;0,131;Όχι
27/08/2023 18:15;0,217;Όχι
27/08/2023 18:30;0,001;Όχι
27/08/2023 18:45;0,014;Όχι
27/08/2023 19:00;0,084;Όχι
27/08/2023 19:15;0,163;Όχι
27/08/2023 19:30;0,201;Όχι
27/08/2023 19:45;0,262;Όχι
27/08/2023 20:00;0,327;Όχι
27/08/2023 20:15;0,345;Όχι
27/08/2023 20:30;0,426;Όχι
27/08/2023 20:45;0,587;Όχι
27/08/2023 21:00;0,657;Όχι
27/08/2023 21:15;0,583;Όχι
27/08/2023 21:30;0,579;Όχι
27/08/2023 21:45;0,594;Όχι
27/08/2023 22:00;0,586;Όχι
27/08/2023 22:15;0,562;Όχι
27/08/2023 22:30;0,585;Όχι
27/08/2023 22:45;0,597;Όχι
27/08/2023 23:00;0,627;Όχι
27/08/2023 23:15;0,564;Όχι
27/08/2023 23:30;0,587;Όχι
27/08/2023 23:45;0,587;Όχι
28/08/2023 00:00;0,555;Όχι
28/08/2023 00:15;0,582;Όχι
28/08/2023 00:30;0,593;Όχι
28/08/2023 00:45;0,58;Όχι
28/08/2023 01:00;0,618;Όχι
28/08/2023 01:15;0,588;Όχι
28/08/2023 01:30;0,025;Όχι
28/08/2023 01:45;0,576;Όχι
28/08/2023 02:00;0,565;Όχι
28/08/2023 02:15;0,595;Όχι
28/08/2023 02:30;0,585;Όχι
28/08/2023 02:45;0,563;Όχι
28/08/2023 03:00;0,6;Όχι
28/08/2023 03:15;0,63;Όχι
28/08/2023 03:30;0,579;Όχι
28/08/2023 03:45;0,571;Όχι
28/08/2023 04:00;0,594;Όχι
28/08/2023 04:15;0,582;Όχι
28/08/2023 04:30;0,559;Όχι
28/08/2023 04:45;0,594;Όχι
28/08/2023 05:00;0,589;Όχι
28/08/2023 05:15;0,618;Όχι
28/08/2023 05:30;0,583;Όχι
28/08/2023 05:45;0,597;Όχι
28/08/2023 06:00;0,573;Όχι
28/08/2023 06:15;0,565;Όχι
28/08/2023 06:30;0,592;Όχι
28/08/2023 06:45;0,54;Όχι
28/08/2023 07:00;0,332;Όχι
28/08/2023 07:15;1,521;Όχι
28/08/2023 07:30;0,926;Όχι
28/08/2023 07:45;0,677;Όχι
28/08/2023 08:00;0,914;Όχι
28/08/2023 08:15;0,888;Όχι
28/08/2023 08:30;0,812;Όχι
28/08/2023 08:45;1,214;Όχι
28/08/2023 09:00;0,782;Όχι
28/08/2023 09:15;0,835;Όχι
28/08/2023 09:30;0,648;Όχι
28/08/2023 09:45;0,497;Όχι
28/08/2023 10:00;0,53;Όχι
28/08/2023 10:15;0,125;Όχι
28/08/2023 10:30;0,686;Όχι
28/08/2023 10:45;0,611;Όχι
28/08/2023 11:00;0,101;Όχι
28/08/2023 11:15;0,065;Όχι
28/08/2023 11:30;0,003;Όχι
28/08/2023 11:45;0,025;Όχι
28/08/2023 12:00;0,049;Όχι
28/08/2023 12:15;0,053;Όχι
28/08/2023 12:30;0,012;Όχι
28/08/2023 12:45;0,036;Όχι
28/08/2023 13:00;0,004;Όχι
28/08/2023 13:15;0,006;Όχι
28/08/2023 13:30;0,02;Όχι
28/08/2023 13:45;0,054;Όχι
28/08/2023 14:00;0,033;Όχι
28/08/2023 14:15;0,032;Όχι
28/08/2023 14:30;0,321;Όχι
28/08/2023 14:45;1,557;Όχι
28/08/2023 15:00;2,123;Όχι
28/08/2023 15:15;1,564;Όχι
28/08/2023 15:30;1,798;Όχι
28/08/2023 15:45;0,568;Όχι
28/08/2023 16:00;0,001;Όχι
28/08/2023 16:15;0,004;Όχι
28/08/2023 16:30;0,015;Όχι
28/08/2023 16:45;0,01;Όχι
28/08/2023 17:00;0,004;Όχι
28/08/2023 17:15;0,012;Όχι
28/08/2023 17:30;0,05;Όχι
28/08/2023 17:45;0,057;Όχι
28/08/2023 18:00;0,083;Όχι
28/08/2023 18:15;0,171;Όχι
28/08/2023 18:30;0,324;Όχι
28/08/2023 18:45;0,463;Όχι
28/08/2023 19:00;0,601;Όχι
28/08/2023 19:15;0,698;Όχι
28/08/2023 19:30;0,384;Όχι
28/08/2023 19:45;0,298;Όχι
28/08/2023 20:00;0,347;Όχι
28/08/2023 20:15;0,345;Όχι
28/08/2023 20:30;0,48;Όχι
28/08/2023 20:45;0,588;Όχι
28/08/2023 21:00;0,578;Όχι
28/08/2023 21:15;0,635;Όχι
28/08/2023 21:30;0,59;Όχι
28/08/2023 21:45;0,589;Όχι
28/08/2023 22:00;0,575;Όχι
28/08/2023 22:15;0,582;Όχι
28/08/2023 22:30;0,593;Όχι
28/08/2023 22:45;0,578;Όχι
28/08/2023 23:00;0,578;Όχι
28/08/2023 23:15;0,646;Όχι
28/08/2023 23:30;0,584;Όχι
28/08/2023 23:45;0,581;Όχι
29/08/2023 00:00;0,582;Όχι
29/08/2023 00:15;0,616;Όχι
29/08/2023 00:30;0,572;Όχι
29/08/2023 00:45;0,574;Όχι
29/08/2023 01:00;0,595;Όχι
29/08/2023 01:15;0,646;Όχι
29/08/2023 01:30;0,581;Όχι
29/08/2023 01:45;0,591;Όχι
29/08/2023 02:00;0,593;Όχι
29/08/2023 02:15;0,578;Όχι
29/08/2023 02:30;0,584;Όχι
29/08/2023 02:45;0,594;Όχι
29/08/2023 03:00;0,587;Όχι
29/08/2023 03:15;0,583;Όχι
29/08/2023 03:30;0,637;Όχι
29/08/2023 03:45;0,593;Όχι
29/08/2023 04:00;0,576;Όχι
29/08/2023 04:15;0,586;Όχι
29/08/2023 04:30;0,597;Όχι
29/08/2023 04:45;0,584;Όχι
29/08/2023 05:00;0,582;Όχι
29/08/2023 05:15;0,591;Όχι
29/08/2023 05:30;0,642;Όχι
29/08/2023 05:45;0,581;Όχι
29/08/2023 06:00;0,585;Όχι
29/08/2023 06:15;0,593;Όχι
29/08/2023 06:30;0,584;Όχι
29/08/2023 06:45;0,526;Όχι
29/08/2023 07:00;0,598;Όχι
29/08/2023 07:15;1,858;Όχι
29/08/2023 07:30;1,287;Όχι
29/08/2023 07:45;1,419;Όχι
29/08/2023 08:00;1,697;Όχι
29/08/2023 08:15;1,741;Όχι
29/08/2023 08:30;1,596;Όχι
29/08/2023 08:45;1,292;Όχι
29/08/2023 09:00;1,318;Όχι
29/08/2023 09:15;1,663;Όχι
29/08/2023 09:30;1,754;Όχι
29/08/2023 09:45;1,221;Όχι
29/08/2023 10:00;0,971;Όχι
29/08/2023 10:15;1,153;Όχι
29/08/2023 10:30;0,867;Όχι
29/08/2023 10:45;0,642;Όχι
29/08/2023 11:00;0,518;Όχι
29/08/2023 11:15;0,693;Όχι
29/08/2023 11:30;0,778;Όχι
29/08/2023 11:45;0,354;Όχι
29/08/2023 12:00;0,509;Όχι
29/08/2023 12:15;0,058;Όχι
29/08/2023 12:30;0,033;Όχι
29/08/2023 12:45;0,225;Όχι
29/08/2023 13:00;0,244;Όχι
29/08/2023 13:15;0,005;Όχι
29/08/2023 13:30;0,008;Όχι
29/08/2023 13:45;0,172;Όχι
29/08/2023 14:00;0,004;Όχι
29/08/2023 14:15;0,115;Όχι
29/08/2023 14:30;0,006;Όχι
29/08/2023 14:45;0,009;Όχι
29/08/2023 15:00;0,016;Όχι
29/08/2023 15:15;0,069;Όχι
29/08/2023 15:30;0,003;Όχι
29/08/2023 15:45;0;Όχι
29/08/2023 16:00;0;Όχι
29/08/2023 16:15;0;Όχι
29/08/2023 16:30;0;Όχι
29/08/2023 16:45;0;Όχι
29/08/2023 17:00;0;Όχι
29/08/2023 17:15;0;Όχι
29/08/2023 17:30;0;Όχι
29/08/2023 17:45;0;Όχι
29/08/2023 18:00;0;Όχι
29/08/2023 18:15;0,016;Όχι
29/08/2023 18:30;0,012;Όχι
29/08/2023 18:45;0,153;Όχι
29/08/2023 19:00;0,218;Όχι
29/08/2023 19:15;0,216;Όχι
29/08/2023 19:30;0,342;Όχι
29/08/2023 19:45;0,339;Όχι
29/08/2023 20:00;0,341;Όχι
29/08/2023 20:15;0,408;Όχι
29/08/2023 20:30;0,508;Όχι
29/08/2023 20:45;0,587;Όχι
29/08/2023 21:00;0,589;Όχι
29/08/2023 21:15;0,605;Όχι
29/08/2023 21:30;0,591;Όχι
29/08/2023 21:45;0,59;Όχι
29/08/2023 22:00;0,649;Όχι
29/08/2023 22:15;0,587;Όχι
29/08/2023 22:30;0,589;Όχι
29/08/2023 22:45;0,592;Όχι
29/08/2023 23:00;0,601;Όχι
29/08/2023 23:15;0,58;Όχι
29/08/2023 23:30;0,588;Όχι
29/08/2023 23:45;0,595;Όχι
30/08/2023 00:00;0,582;Όχι
30/08/2023 00:15;0,645;Όχι
30/08/2023 00:30;0,59;Όχι
30/08/2023 00:45;0,58;Όχι
30/08/2023 01:00;0,6;Όχι
30/08/2023 01:15;0,589;Όχι
30/08/2023 01:30;0,029;Όχι
30/08/2023 01:45;0,607;Όχι
30/08/2023 02:00;0,592;Όχι
30/08/2023 02:15;0,585;Όχι
30/08/2023 02:30;0,656;Όχι
30/08/2023 02:45;0,586;Όχι
30/08/2023 03:00;0,593;Όχι
30/08/2023 03:15;0,603;Όχι
30/08/2023 03:30;0,608;Όχι
30/08/2023 03:45;0,593;Όχι
30/08/2023 04:00;0,588;Όχι
30/08/2023 04:15;0,607;Όχι
30/08/2023 04:30;0,61;Όχι
30/08/2023 04:45;0,632;Όχι
30/08/2023 05:00;0,593;Όχι
30/08/2023 05:15;0,608;Όχι
30/08/2023 05:30;0,573;Όχι
30/08/2023 05:45;0,589;Όχι
30/08/2023 06:00;0,605;Όχι
30/08/2023 06:15;0,582;Όχι
30/08/2023 06:30;0,587;Όχι
30/08/2023 06:45;0,578;Όχι
30/08/2023 07:00;0,364;Όχι
30/08/2023 07:15;1,865;Όχι
30/08/2023 07:30;1,34;Όχι
30/08/2023 07:45;1,316;Όχι
30/08/2023 08:00;1,545;Όχι
30/08/2023 08:15;1,297;Όχι
30/08/2023 08:30;1,046;Όχι
30/08/2023 08:45;0,995;Όχι
30/08/2023 09:00;0,829;Όχι
30/08/2023 09:15;0,694;Όχι
30/08/2023 09:30;0,504;Όχι
30/08/2023 09:45;0,357;Όχι
30/08/2023 10:00;0,149;Όχι
30/08/2023 10:15;0,156;Όχι
30/08/2023 10:30;0,071;Όχι
30/08/2023 10:45;0,05;Όχι
30/08/2023 11:00;0,037;Όχι
30/08/2023 11:15;0,018;Όχι
30/08/2023 11:30;0,084;Όχι
30/08/2023 11:45;0,004;Όχι
30/08/2023 12:00;0,009;Όχι
30/08/2023 12:15;0,024;Όχι
30/08/2023 12:30;0,005;Όχι
30/08/2023 12:45;0,013;Όχι
30/08/2023 13:00;0,02;Όχι
30/08/2023 13:15;0,016;Όχι
30/08/2023 13:30;0,02;Όχι
30/08/2023 13:45;0,02;Όχι
30/08/2023 14:00;0;Όχι
30/08/2023 14:15;0,001;Όχι
30/08/2023 14:30;0,004;Όχι
30/08/2023 14:45;0,018;Όχι
30/08/2023 15:00;0,043;Όχι
30/08/2023 15:15;0,026;Όχι
30/08/2023 15:30;0,001;Όχι
30/08/2023 15:45;0,027;Όχι
30/08/2023 16:00;0;Όχι
30/08/2023 16:15;0;Όχι
30/08/2023 16:30;0;Όχι
30/08/2023 16:45;0;Όχι
30/08/2023 17:00;0;Όχι
30/08/2023 17:15;0;Όχι
30/08/2023 17:30;0;Όχι
30/08/2023 17:45;0,115;Όχι
30/08/2023 18:00;0;Όχι
30/08/2023 18:15;0;Όχι
30/08/2023 18:30;0,004;Όχι
30/08/2023 18:45;0,03;Όχι
30/08/2023 19:00;0,091;Όχι
30/08/2023 19:15;0,166;Όχι
30/08/2023 19:30;0,287;Όχι
30/08/2023 19:45;0,367;Όχι
30/08/2023 20:00;0,36;Όχι
30/08/2023 20:15;0,369;Όχι
30/08/2023 20:30;0,558;Όχι
30/08/2023 20:45;0,613;Όχι
30/08/2023 21:00;0,61;Όχι
30/08/2023 21:15;0,617;Όχι
30/08/2023 21:30;0,626;Όχι
30/08/2023 21:45;0,655;Όχι
30/08/2023 22:00;0,609;Όχι
30/08/2023 22:15;0,622;Όχι
30/08/2023 22:30;0,618;Όχι
30/08/2023 22:45;0,613;Όχι
30/08/2023 23:00;0,617;Όχι
30/08/2023 23:15;0,628;Όχι
30/08/2023 23:30;0,637;Όχι
30/08/2023 23:45;0,638;Όχι
31/08/2023 00:00;0,625;Όχι
31/08/2023 00:15;0,619;Όχι
31/08/2023 00:30;0,609;Όχι
31/08/2023 00:45;0,618;Όχι
31/08/2023 01:00;0,627;Όχι
31/08/2023 01:15;0,612;Όχι
31/08/2023 01:30;0,625;Όχι
31/08/2023 01:45;0,665;Όχι
31/08/2023 02:00;0,621;Όχι
31/08/2023 02:15;0,613;Όχι
31/08/2023 02:30;0,619;Όχι
31/08/2023 02:45;0,628;Όχι
31/08/2023 03:00;0,606;Όχι
31/08/2023 03:15;0,611;Όχι
31/08/2023 03:30;0,623;Όχι
31/08/2023 03:45;0,642;Όχι
31/08/2023 04:00;0,634;Όχι
31/08/2023 04:15;0,603;Όχι
31/08/2023 04:30;0,624;Όχι
31/08/2023 04:45;0,612;Όχι
31/08/2023 05:00;0,611;Όχι
31/08/2023 05:15;0,626;Όχι
31/08/2023 05:30;0,615;Όχι
31/08/2023 05:45;0,609;Όχι
31/08/2023 06:00;0,614;Όχι
31/08/2023 06:15;0,617;Όχι
31/08/2023 06:30;0,656;Όχι
31/08/2023 06:45;0,579;Όχι
31/08/2023 07:00;0,408;Όχι
31/08/2023 07:15;1,5;Όχι
31/08/2023 07:30;1,587;Όχι
31/08/2023 07:45;1,3;Όχι
31/08/2023 08:00;1,241;Όχι
31/08/2023 08:15;1,145;Όχι
31/08/2023 08:30;0,799;Όχι
31/08/2023 08:45;0,653;Όχι
31/08/2023 09:00;0,649;Όχι
31/08/2023 09:15;0,425;Όχι
31/08/2023 09:30;0,35;Όχι
31/08/2023 09:45;0,451;Όχι
31/08/2023 10:00;0,18;Όχι
31/08/2023 10:15;0,055;Όχι
31/08/2023 10:30;0,133;Όχι
31/08/2023 10:45;0,144;Όχι
31/08/2023 11:00;0,163;Όχι
31/08/2023 11:15;0,127;Όχι
31/08/2023 11:30;0,061;Όχι
31/08/2023 11:45;0,042;Όχι
31/08/2023 12:00;0,001;Όχι
31/08/2023 12:15;0,078;Όχι
31/08/2023 12:30;0,121;Όχι
31/08/2023 12:45;0,879;Όχι
31/08/2023 13:00;1,859;Όχι
31/08/2023 13:15;1,421;Όχι
31/08/2023 13:30;0,004;Όχι
31/08/2023 13:45;0,002;Όχι
31/08/2023 14:00;0,019;Όχι
31/08/2023 14:15;0,074;Όχι
31/08/2023 14:30;0,277;Όχι
31/08/2023 14:45;0,031;Όχι
31/08/2023 15:00;0,032;Όχι
31/08/2023 15:15;0,14;Όχι
31/08/2023 15:30;0,019;Όχι
31/08/2023 15:45;0,001;Όχι
31/08/2023 16:00;0;Όχι
31/08/2023 16:15;0,002;Όχι
31/08/2023 16:30;0,004;Όχι
31/08/2023 16:45;0,007;Όχι
31/08/2023 17:00;0,015;Όχι
31/08/2023 17:15;0,044;Όχι
31/08/2023 17:30;0,055;Όχι
31/08/2023 17:45;0,185;Όχι
31/08/2023 18:00;0,356;Όχι
31/08/2023 18:15;0,37;Όχι
31/08/2023 18:30;0,343;Όχι
31/08/2023 18:45;0,327;Όχι
31/08/2023 19:00;0,45;Όχι
31/08/2023 19:15;0,284;Όχι
31/08/2023 19:30;0,27;Όχι
31/08/2023 19:45;0,362;Όχι
31/08/2023 20:00;0,357;Όχι
31/08/2023 20:15;0,392;Όχι
31/08/2023 20:30;0,583;Όχι
31/08/2023 20:45;0,626;Όχι
31/08/2023 21:00;0,687;Όχι
31/08/2023 21:15;0,651;Όχι
31/08/2023 21:30;0,632;Όχι
31/08/2023 21:45;0,632;Όχι
31/08/2023 22:00;0,644;Όχι
31/08/2023 22:15;0,642;Όχι
31/08/2023 22:30;0,635;Όχι
31/08/2023 22:45;0,634;Όχι
31/08/2023 23:00;0,649;Όχι
31/08/2023 23:15;0,686;Όχι
31/08/2023 23:30;0,629;Όχι
31/08/2023 23:45;0,643;Όχι
01/09/2023 00:00;0,645;Όχι
01/09/2023 00:15;0,634;Όχι
01/09/2023 00:30;0,634;Όχι
01/09/2023 00:45;0,649;Όχι
01/09/2023 01:00;0,638;Όχι
01/09/2023 01:15;0,631;Όχι
01/09/2023 01:30;0,688;Όχι
01/09/2023 01:45;0,645;Όχι
01/09/2023 02:00;0,623;Όχι
01/09/2023 02:15;0,617;Όχι
01/09/2023 02:30;0,644;Όχι
01/09/2023 02:45;0,636;Όχι
01/09/2023 03:00;0,616;Όχι
01/09/2023 03:15;0,629;Όχι
01/09/2023 03:30;0,643;Όχι
01/09/2023 03:45;0,629;Όχι
01/09/2023 04:00;0,657;Όχι
01/09/2023 04:15;0,645;Όχι
01/09/2023 04:30;0,636;Όχι
01/09/2023 04:45;0,606;Όχι
01/09/2023 05:00;0,636;Όχι
01/09/2023 05:15;0,645;Όχι
01/09/2023 05:30;0,601;Όχι
01/09/2023 05:45;0,62;Όχι
01/09/2023 06:00;0,639;Όχι
01/09/2023 06:15;0,609;Όχι
01/09/2023 06:30;0,614;Όχι
01/09/2023 06:45;0,66;Όχι
01/09/2023 07:00;0,424;Όχι
01/09/2023 07:15;0,87;Όχι
01/09/2023 07:30;1,842;Όχι
01/09/2023 07:45;1,384;Όχι
01/09/2023 08:00;1,264;Όχι
01/09/2023 08:15;1,182;Όχι
01/09/2023 08:30;0,911;Όχι
01/09/2023 08:45;0,877;Όχι
01/09/2023 09:00;0,893;Όχι
01/09/2023 09:15;0,275;Όχι
01/09/2023 09:30;0,877;Όχι
01/09/2023 09:45;0,621;Όχι
01/09/2023 10:00;0,35;Όχι
01/09/2023 10:15;0,325;Όχι
01/09/2023 10:30;0,402;Όχι
01/09/2023 10:45;0,111;Όχι
01/09/2023 11:00;0,115;Όχι
01/09/2023 11:15;0,135;Όχι
01/09/2023 11:30;0,211;Όχι
01/09/2023 11:45;0,027;Όχι
01/09/2023 12:00;0,093;Όχι
01/09/2023 12:15;0,077;Όχι
01/09/2023 12:30;0,025;Όχι
01/09/2023 12:45;0;Όχι
01/09/2023 13:00;0,016;Όχι
01/09/2023 13:15;0,043;Όχι
01/09/2023 13:30;0,007;Όχι
01/09/2023 13:45;0;Όχι
01/09/2023 14:00;0;Όχι
01/09/2023 14:15;0;Όχι
01/09/2023 14:30;0;Όχι
01/09/2023 14:45;0,013;Όχι
01/09/2023 15:00;0,002;Όχι
01/09/2023 15:15;0,008;Όχι
01/09/2023 15:30;0;Όχι
01/09/2023 15:45;0;Όχι
01/09/2023 16:00;0;Όχι
01/09/2023 16:15;0;Όχι
01/09/2023 16:30;0;Όχι
01/09/2023 16:45;0;Όχι
01/09/2023 17:00;0;Όχι
01/09/2023 17:15;0;Όχι
01/09/2023 17:30;0;Όχι
01/09/2023 17:45;0;Όχι
01/09/2023 18:00;0;Όχι
01/09/2023 18:15;0;Όχι
01/09/2023 18:30;0,003;Όχι
01/09/2023 18:45;0,014;Όχι
01/09/2023 19:00;0,106;Όχι
01/09/2023 19:15;0,171;Όχι
01/09/2023 19:30;0,229;Όχι
01/09/2023 19:45;0,304;Όχι
01/09/2023 20:00;0,374;Όχι
01/09/2023 20:15;0,384;Όχι
01/09/2023 20:30;0,57;Όχι
01/09/2023 20:45;0,614;Όχι
01/09/2023 21:00;0,648;Όχι
01/09/2023 21:15;0,643;Όχι
01/09/2023 21:30;0,612;Όχι
01/09/2023 21:45;0,625;Όχι
01/09/2023 22:00;0,622;Όχι
01/09/2023 22:15;0,616;Όχι
01/09/2023 22:30;0,622;Όχι
01/09/2023 22:45;0,629;Όχι
01/09/2023 23:00;0,596;Όχι
01/09/2023 23:15;0,658;Όχι
01/09/2023 23:30;0,62;Όχι
01/09/2023 23:45;0,623;Όχι
02/09/2023 00:00;0,613;Όχι
